2.2200E+3	1.4418E+3	1.0863E+3	7.1631E+2	4.3490E+2	3.6447E+2	2.9388E+2	2.3554E+2	1.8835E+2	1.4803E+2	1.1114E+2	8.3592E+1	6.1768E+1	4.7043E+1	3.4832E+1	2.6386E+1	2.0542E+1	1.5256E+1	1.1638E+1	8.9133E+0	6.7791E+0	5.2174E+0	4.0119E+0	3.1003E+0
2.2612E+3	1.4774E+3	1.0794E+3	7.2040E+2	4.3454E+2	3.6608E+2	2.9404E+2	2.3521E+2	1.8929E+2	1.4849E+2	1.1169E+2	8.4019E+1	6.2015E+1	4.7246E+1	3.4961E+1	2.6491E+1	2.0619E+1	1.5313E+1	1.1682E+1	8.9451E+0	6.8026E+0	5.2350E+0	4.0249E+0	3.1103E+0
2.3975E+3	1.5002E+3	1.0772E+3	7.1927E+2	4.3789E+2	3.6971E+2	2.9771E+2	2.3659E+2	1.8997E+2	1.4910E+2	1.1211E+2	8.4279E+1	6.2257E+1	4.7441E+1	3.5110E+1	2.6602E+1	2.0698E+1	1.5369E+1	1.1721E+1	8.9770E+0	6.8249E+0	5.2516E+0	4.0377E+0	3.1197E+0
2.2867E+3	1.4742E+3	1.0941E+3	7.2160E+2	4.4259E+2	3.6736E+2	2.9788E+2	2.3718E+2	1.9051E+2	1.4959E+2	1.1237E+2	8.4580E+1	6.2485E+1	4.7593E+1	3.5214E+1	2.6685E+1	2.0767E+1	1.5421E+1	1.1764E+1	9.0055E+0	6.8478E+0	5.2684E+0	4.0499E+0	3.1284E+0
2.3178E+3	1.5085E+3	1.1070E+3	7.2285E+2	4.4667E+2	3.7049E+2	2.9890E+2	2.3890E+2	1.9090E+2	1.5028E+2	1.1277E+2	8.4920E+1	6.2710E+1	4.7766E+1	3.5348E+1	2.6779E+1	2.0840E+1	1.5472E+1	1.1801E+1	9.0343E+0	6.8688E+0	5.2846E+0	4.0619E+0	3.1373E+0
2.3038E+3	1.4854E+3	1.0998E+3	7.3140E+2	4.4170E+2	3.6992E+2	2.9939E+2	2.3869E+2	1.9169E+2	1.5087E+2	1.1328E+2	8.5254E+1	6.2908E+1	4.7927E+1	3.5462E+1	2.6862E+1	2.0909E+1	1.5523E+1	1.1838E+1	9.0620E+0	6.8897E+0	5.2998E+0	4.0731E+0	3.1456E+0
2.3057E+3	1.4855E+3	1.1089E+3	7.3729E+2	4.3834E+2	3.7294E+2	2.9975E+2	2.4070E+2	1.9244E+2	1.5134E+2	1.1365E+2	8.5558E+1	6.3112E+1	4.8067E+1	3.5567E+1	2.6949E+1	2.0970E+1	1.5568E+1	1.1875E+1	9.0897E+0	6.9094E+0	5.3144E+0	4.0838E+0	3.1541E+0
2.4141E+3	1.5118E+3	1.0951E+3	7.3194E+2	4.4635E+2	3.7674E+2	3.0262E+2	2.4154E+2	1.9354E+2	1.5181E+2	1.1397E+2	8.5730E+1	6.3288E+1	4.8262E+1	3.5701E+1	2.7040E+1	2.1029E+1	1.5620E+1	1.1908E+1	9.1139E+0	6.9291E+0	5.3282E+0	4.0947E+0	3.1613E+0
2.4372E+3	1.4768E+3	1.1072E+3	7.3743E+2	4.4862E+2	3.7469E+2	3.0173E+2	2.4206E+2	1.9360E+2	1.5243E+2	1.1437E+2	8.5991E+1	6.3504E+1	4.8372E+1	3.5791E+1	2.7114E+1	2.1096E+1	1.5660E+1	1.1943E+1	9.1402E+0	6.9474E+0	5.3430E+0	4.1049E+0	3.1693E+0
2.4402E+3	1.4934E+3	1.1142E+3	7.3343E+2	4.4679E+2	3.7628E+2	3.0442E+2	2.4220E+2	1.9430E+2	1.5264E+2	1.1478E+2	8.6289E+1	6.3675E+1	4.8523E+1	3.5895E+1	2.7194E+1	2.1158E+1	1.5705E+1	1.1975E+1	9.1652E+0	6.9650E+0	5.3563E+0	4.1151E+0	3.1771E+0
2.3702E+3	1.5147E+3	1.1191E+3	7.4172E+2	4.5559E+2	3.7712E+2	3.0494E+2	2.4420E+2	1.9491E+2	1.5305E+2	1.1500E+2	8.6574E+1	6.3886E+1	4.8666E+1	3.6006E+1	2.7269E+1	2.1212E+1	1.5747E+1	1.2008E+1	9.1891E+0	6.9830E+0	5.3696E+0	4.1248E+0	3.1842E+0
2.4037E+3	1.5043E+3	1.1319E+3	7.4668E+2	4.4729E+2	3.7722E+2	3.0557E+2	2.4527E+2	1.9511E+2	1.5320E+2	1.1544E+2	8.6770E+1	6.4045E+1	4.8773E+1	3.6090E+1	2.7341E+1	2.1273E+1	1.5790E+1	1.2038E+1	9.2107E+0	7.0005E+0	5.3820E+0	4.1342E+0	3.1913E+0
2.5129E+3	1.5225E+3	1.1071E+3	7.4842E+2	4.5931E+2	3.8018E+2	3.0630E+2	2.4505E+2	1.9653E+2	1.5416E+2	1.1550E+2	8.7025E+1	6.4216E+1	4.8957E+1	3.6194E+1	2.7415E+1	2.1318E+1	1.5829E+1	1.2070E+1	9.2355E+0	7.0165E+0	5.3953E+0	4.1436E+0	3.1982E+0
2.3893E+3	1.5105E+3	1.1218E+3	7.5000E+2	4.5058E+2	3.8176E+2	3.0587E+2	2.4428E+2	1.9652E+2	1.5437E+2	1.1596E+2	8.7237E+1	6.4392E+1	4.9046E+1	3.6288E+1	2.7486E+1	2.1380E+1	1.5870E+1	1.2098E+1	9.2569E+0	7.0337E+0	5.4074E+0	4.1530E+0	3.2052E+0
2.5018E+3	1.5252E+3	1.1307E+3	7.4488E+2	4.5267E+2	3.8108E+2	3.0834E+2	2.4632E+2	1.9702E+2	1.5485E+2	1.1640E+2	8.7484E+1	6.4557E+1	4.9189E+1	3.6374E+1	2.7555E+1	2.1431E+1	1.5909E+1	1.2128E+1	9.2785E+0	7.0499E+0	5.4191E+0	4.1616E+0	3.2117E+0
2.3567E+3	1.5162E+3	1.1359E+3	7.5260E+2	4.5348E+2	3.8241E+2	3.0817E+2	2.4522E+2	1.9760E+2	1.5505E+2	1.1667E+2	8.7681E+1	6.4724E+1	4.9282E+1	3.6464E+1	2.7621E+1	2.1489E+1	1.5948E+1	1.2155E+1	9.2994E+0	7.0656E+0	5.4308E+0	4.1705E+0	3.2181E+0
2.4551E+3	1.5396E+3	1.1256E+3	7.4623E+2	4.6260E+2	3.8096E+2	3.0973E+2	2.4715E+2	1.9819E+2	1.5550E+2	1.1688E+2	8.7931E+1	6.4882E+1	4.9417E+1	3.6557E+1	2.7685E+1	2.1536E+1	1.5981E+1	1.2183E+1	9.3203E+0	7.0807E+0	5.4429E+0	4.1790E+0	3.2245E+0
2.5577E+3	1.5479E+3	1.1220E+3	7.4694E+2	4.6659E+2	3.8636E+2	3.1004E+2	2.4721E+2	1.9860E+2	1.5582E+2	1.1701E+2	8.8156E+1	6.4965E+1	4.9582E+1	3.6626E+1	2.7736E+1	2.1584E+1	1.6012E+1	1.2208E+1	9.3388E+0	7.0947E+0	5.4547E+0	4.1870E+0	3.2308E+0
2.3829E+3	1.5369E+3	1.1330E+3	7.5459E+2	4.5571E+2	3.8481E+2	3.1171E+2	2.4789E+2	1.9912E+2	1.5622E+2	1.1733E+2	8.8372E+1	6.5211E+1	4.9657E+1	3.6726E+1	2.7812E+1	2.1637E+1	1.6053E+1	1.2236E+1	9.3608E+0	7.1108E+0	5.4648E+0	4.1959E+0	3.2368E+0
2.4972E+3	1.5344E+3	1.1475E+3	7.5593E+2	4.6144E+2	3.8431E+2	3.1374E+2	2.4854E+2	1.9933E+2	1.5641E+2	1.1769E+2	8.8558E+1	6.5316E+1	4.9767E+1	3.6805E+1	2.7877E+1	2.1681E+1	1.6087E+1	1.2264E+1	9.3807E+0	7.1252E+0	5.4763E+0	4.2039E+0	3.2430E+0
2.4280E+3	1.5729E+3	1.1456E+3	7.5776E+2	4.5917E+2	3.8573E+2	3.1162E+2	2.5044E+2	2.0006E+2	1.5712E+2	1.1791E+2	8.8734E+1	6.5461E+1	4.9881E+1	3.6884E+1	2.7929E+1	2.1729E+1	1.6125E+1	1.2289E+1	9.4001E+0	7.1396E+0	5.4867E+0	4.2120E+0	3.2487E+0
2.3576E+3	1.5314E+3	1.1495E+3	7.5743E+2	4.6067E+2	3.8821E+2	3.1269E+2	2.4961E+2	2.0056E+2	1.5721E+2	1.1822E+2	8.8948E+1	6.5638E+1	4.9984E+1	3.6969E+1	2.7995E+1	2.1772E+1	1.6158E+1	1.2314E+1	9.4185E+0	7.1534E+0	5.4971E+0	4.2195E+0	3.2545E+0
2.4601E+3	1.5751E+3	1.1338E+3	7.5743E+2	4.5982E+2	3.8860E+2	3.1500E+2	2.5029E+2	2.0073E+2	1.5761E+2	1.1833E+2	8.9124E+1	6.5682E+1	5.0116E+1	3.7026E+1	2.8038E+1	2.1824E+1	1.6190E+1	1.2340E+1	9.4383E+0	7.1677E+0	5.5076E+0	4.2267E+0	3.2603E+0
2.4539E+3	1.5256E+3	1.1568E+3	7.7193E+2	4.6845E+2	3.8776E+2	3.1429E+2	2.5057E+2	2.0081E+2	1.5780E+2	1.1879E+2	8.9264E+1	6.5928E+1	5.0173E+1	3.7130E+1	2.8117E+1	2.1864E+1	1.6224E+1	1.2363E+1	9.4560E+0	7.1810E+0	5.5173E+0	4.2349E+0	3.2660E+0
2.4332E+3	1.5565E+3	1.1689E+3	7.7428E+2	4.6021E+2	3.8977E+2	3.1366E+2	2.5166E+2	2.0134E+2	1.5826E+2	1.1910E+2	8.9471E+1	6.6077E+1	5.0283E+1	3.7214E+1	2.8174E+1	2.1908E+1	1.6256E+1	1.2388E+1	9.4739E+0	7.1945E+0	5.5278E+0	4.2423E+0	3.2718E+0
2.4800E+3	1.5440E+3	1.1642E+3	7.6495E+2	4.6371E+2	3.8852E+2	3.1651E+2	2.5220E+2	2.0185E+2	1.5858E+2	1.1939E+2	8.9626E+1	6.6221E+1	5.0390E+1	3.7283E+1	2.8229E+1	2.1951E+1	1.6287E+1	1.2410E+1	9.4915E+0	7.2085E+0	5.5374E+0	4.2499E+0	3.2769E+0
2.4557E+3	1.5529E+3	1.1590E+3	7.6058E+2	4.6293E+2	3.9383E+2	3.1676E+2	2.5244E+2	2.0224E+2	1.5919E+2	1.1938E+2	8.9945E+1	6.6275E+1	5.0516E+1	3.7343E+1	2.8276E+1	2.1999E+1	1.6323E+1	1.2435E+1	9.5093E+0	7.2203E+0	5.5472E+0	4.2567E+0	3.2821E+0
2.5339E+3	1.6334E+3	1.1299E+3	7.7750E+2	4.7289E+2	3.9563E+2	3.1720E+2	2.5391E+2	2.0298E+2	1.5905E+2	1.1953E+2	9.0143E+1	6.6372E+1	5.0620E+1	3.7404E+1	2.8332E+1	2.2041E+1	1.6356E+1	1.2459E+1	9.5252E+0	7.2330E+0	5.5569E+0	4.2643E+0	3.2880E+0
2.3838E+3	1.5703E+3	1.1592E+3	7.7870E+2	4.6695E+2	3.9174E+2	3.1774E+2	2.5384E+2	2.0333E+2	1.5954E+2	1.1999E+2	9.0185E+1	6.6605E+1	5.0694E+1	3.7504E+1	2.8393E+1	2.2081E+1	1.6380E+1	1.2482E+1	9.5449E+0	7.2468E+0	5.5668E+0	4.2715E+0	3.2929E+0
2.4971E+3	1.5781E+3	1.1856E+3	7.7149E+2	4.7151E+2	3.9333E+2	3.1695E+2	2.5433E+2	2.0366E+2	1.5988E+2	1.2033E+2	9.0361E+1	6.6715E+1	5.0792E+1	3.7571E+1	2.8441E+1	2.2120E+1	1.6408E+1	1.2503E+1	9.5617E+0	7.2595E+0	5.5764E+0	4.2782E+0	3.2984E+0
2.5610E+3	1.5912E+3	1.1767E+3	7.7214E+2	4.6454E+2	3.9410E+2	3.1940E+2	2.5491E+2	2.0404E+2	1.5991E+2	1.2038E+2	9.0520E+1	6.6843E+1	5.0893E+1	3.7633E+1	2.8499E+1	2.2162E+1	1.6440E+1	1.2526E+1	9.5784E+0	7.2712E+0	5.5855E+0	4.2853E+0	3.3032E+0
2.4244E+3	1.5801E+3	1.1652E+3	7.7211E+2	4.7499E+2	3.9503E+2	3.2051E+2	2.5531E+2	2.0436E+2	1.6044E+2	1.2061E+2	9.0682E+1	6.6961E+1	5.0971E+1	3.7708E+1	2.8541E+1	2.2197E+1	1.6469E+1	1.2548E+1	9.5940E+0	7.2838E+0	5.5944E+0	4.2917E+0	3.3082E+0
2.6499E+3	1.6104E+3	1.1481E+3	7.8128E+2	4.7339E+2	3.9802E+2	3.2185E+2	2.5525E+2	2.0496E+2	1.6068E+2	1.2069E+2	9.1004E+1	6.6985E+1	5.1066E+1	3.7753E+1	2.8603E+1	2.2242E+1	1.6499E+1	1.2568E+1	9.6119E+0	7.2965E+0	5.6031E+0	4.2992E+0	3.3131E+0
2.5226E+3	1.5663E+3	1.1937E+3	7.8220E+2	4.7867E+2	3.9620E+2	3.2049E+2	2.5489E+2	2.0525E+2	1.6122E+2	1.2110E+2	9.1046E+1	6.7188E+1	5.1166E+1	3.7843E+1	2.8646E+1	2.2279E+1	1.6529E+1	1.2592E+1	9.6271E+0	7.3083E+0	5.6127E+0	4.3056E+0	3.3185E+0
2.5338E+3	1.5725E+3	1.1691E+3	7.8252E+2	4.7624E+2	4.0045E+2	3.2011E+2	2.5559E+2	2.0581E+2	1.6156E+2	1.2131E+2	9.1232E+1	6.7316E+1	5.1262E+1	3.7905E+1	2.8699E+1	2.2320E+1	1.6556E+1	1.2613E+1	9.6430E+0	7.3205E+0	5.6222E+0	4.3121E+0	3.3233E+0
2.4998E+3	1.5727E+3	1.1940E+3	7.8506E+2	4.7318E+2	3.9715E+2	3.2102E+2	2.5631E+2	2.0611E+2	1.6154E+2	1.2152E+2	9.1405E+1	6.7424E+1	5.1351E+1	3.7964E+1	2.8751E+1	2.2358E+1	1.6582E+1	1.2633E+1	9.6591E+0	7.3321E+0	5.6304E+0	4.3190E+0	3.3284E+0
2.5234E+3	1.6001E+3	1.1754E+3	7.8363E+2	4.7256E+2	3.9885E+2	3.2315E+2	2.5763E+2	2.0628E+2	1.6193E+2	1.2158E+2	9.1483E+1	6.7530E+1	5.1425E+1	3.8032E+1	2.8805E+1	2.2392E+1	1.6609E+1	1.2655E+1	9.6748E+0	7.3431E+0	5.6390E+0	4.3251E+0	3.3327E+0
2.5540E+3	1.5954E+3	1.1699E+3	7.7896E+2	4.7851E+2	4.0180E+2	3.2608E+2	2.5769E+2	2.0633E+2	1.6216E+2	1.2178E+2	9.1782E+1	6.7612E+1	5.1498E+1	3.8101E+1	2.8855E+1	2.2426E+1	1.6633E+1	1.2675E+1	9.6891E+0	7.3552E+0	5.6473E+0	4.3320E+0	3.3378E+0
2.5390E+3	1.5785E+3	1.1912E+3	7.9320E+2	4.8135E+2	3.9978E+2	3.2459E+2	2.5751E+2	2.0685E+2	1.6222E+2	1.2235E+2	9.1884E+1	6.7780E+1	5.1601E+1	3.8171E+1	2.8898E+1	2.2470E+1	1.6664E+1	1.2696E+1	9.7056E+0	7.3663E+0	5.6562E+0	4.3379E+0	3.3426E+0
2.4324E+3	1.5880E+3	1.1755E+3	7.8445E+2	4.7499E+2	4.0117E+2	3.2462E+2	2.5953E+2	2.0696E+2	1.6275E+2	1.2239E+2	9.2063E+1	6.7877E+1	5.1692E+1	3.8238E+1	2.8945E+1	2.2503E+1	1.6692E+1	1.2716E+1	9.7204E+0	7.3778E+0	5.6647E+0	4.3450E+0	3.3473E+0
2.4831E+3	1.5974E+3	1.1907E+3	7.9232E+2	4.7642E+2	4.0036E+2	3.2371E+2	2.5765E+2	2.0780E+2	1.6303E+2	1.2262E+2	9.2148E+1	6.8024E+1	5.1777E+1	3.8288E+1	2.8992E+1	2.2539E+1	1.6719E+1	1.2736E+1	9.7363E+0	7.3886E+0	5.6734E+0	4.3507E+0	3.3521E+0
2.5592E+3	1.6097E+3	1.1813E+3	7.9402E+2	4.8388E+2	4.0427E+2	3.2550E+2	2.6029E+2	2.0808E+2	1.6301E+2	1.2254E+2	9.2375E+1	6.8099E+1	5.1838E+1	3.8360E+1	2.9044E+1	2.2574E+1	1.6745E+1	1.2757E+1	9.7498E+0	7.3995E+0	5.6821E+0	4.3570E+0	3.3567E+0
2.5775E+3	1.5909E+3	1.1921E+3	7.8413E+2	4.7228E+2	4.0400E+2	3.2570E+2	2.5907E+2	2.0803E+2	1.6354E+2	1.2305E+2	9.2441E+1	6.8233E+1	5.1948E+1	3.8413E+1	2.9083E+1	2.2613E+1	1.6772E+1	1.2775E+1	9.7660E+0	7.4106E+0	5.6899E+0	4.3630E+0	3.3610E+0
2.5838E+3	1.6101E+3	1.1980E+3	7.9073E+2	4.8058E+2	4.0200E+2	3.2572E+2	2.5990E+2	2.0849E+2	1.6342E+2	1.2299E+2	9.2607E+1	6.8333E+1	5.2025E+1	3.8470E+1	2.9130E+1	2.2650E+1	1.6797E+1	1.2796E+1	9.7797E+0	7.4218E+0	5.6978E+0	4.3690E+0	3.3657E+0
2.5634E+3	1.6152E+3	1.1921E+3	7.9264E+2	4.9272E+2	4.0661E+2	3.2608E+2	2.6115E+2	2.0884E+2	1.6443E+2	1.2332E+2	9.2777E+1	6.8455E+1	5.2116E+1	3.8542E+1	2.9179E+1	2.2685E+1	1.6824E+1	1.2813E+1	9.7955E+0	7.4332E+0	5.7064E+0	4.3750E+0	3.3704E+0
2.6765E+3	1.6157E+3	1.2153E+3	8.0006E+2	4.8241E+2	4.0439E+2	3.2635E+2	2.6089E+2	2.0930E+2	1.6421E+2	1.2352E+2	9.2850E+1	6.8557E+1	5.2195E+1	3.8597E+1	2.9218E+1	2.2718E+1	1.6848E+1	1.2832E+1	9.8090E+0	7.4433E+0	5.7143E+0	4.3808E+0	3.3747E+0
2.5758E+3	1.6150E+3	1.1766E+3	7.9061E+2	4.8247E+2	4.0580E+2	3.2880E+2	2.6183E+2	2.0936E+2	1.6418E+2	1.2352E+2	9.3137E+1	6.8647E+1	5.2235E+1	3.8671E+1	2.9265E+1	2.2751E+1	1.6876E+1	1.2851E+1	9.8246E+0	7.4543E+0	5.7226E+0	4.3871E+0	3.3789E+0
2.5281E+3	1.6159E+3	1.2119E+3	7.9687E+2	4.7998E+2	4.0353E+2	3.2638E+2	2.6140E+2	2.0957E+2	1.6513E+2	1.2385E+2	9.3088E+1	6.8775E+1	5.2356E+1	3.8709E+1	2.9304E+1	2.2786E+1	1.6898E+1	1.2873E+1	9.8375E+0	7.4643E+0	5.7297E+0	4.3931E+0	3.3834E+0
2.6264E+3	1.6189E+3	1.2068E+3	7.9590E+2	4.9353E+2	4.0675E+2	3.2826E+2	2.6416E+2	2.1031E+2	1.6508E+2	1.2397E+2	9.3327E+1	6.8869E+1	5.2428E+1	3.8774E+1	2.9351E+1	2.2823E+1	1.6924E+1	1.2888E+1	9.8513E+0	7.4756E+0	5.7379E+0	4.3988E+0	3.3876E+0
2.5534E+3	1.6030E+3	1.2155E+3	7.9722E+2	4.8598E+2	4.0713E+2	3.2954E+2	2.6351E+2	2.1039E+2	1.6532E+2	1.2422E+2	9.3502E+1	6.8981E+1	5.2499E+1	3.8841E+1	2.9396E+1	2.2855E+1	1.6950E+1	1.2907E+1	9.8655E+0	7.4856E+0	5.7455E+0	4.4046E+0	3.3921E+0
2.5887E+3	1.6086E+3	1.2002E+3	8.0081E+2	4.8670E+2	4.0672E+2	3.2962E+2	2.6311E+2	2.1063E+2	1.6562E+2	1.2451E+2	9.3562E+1	6.9075E+1	5.2578E+1	3.8894E+1	2.9440E+1	2.2888E+1	1.6972E+1	1.2927E+1	9.8790E+0	7.4957E+0	5.7535E+0	4.4103E+0	3.3963E+0
2.6110E+3	1.6439E+3	1.1950E+3	8.0602E+2	4.9355E+2	4.1186E+2	3.3123E+2	2.6402E+2	2.1110E+2	1.6530E+2	1.2455E+2	9.3841E+1	6.9163E+1	5.2622E+1	3.8966E+1	2.9470E+1	2.2925E+1	1.6999E+1	1.2944E+1	9.8914E+0	7.5047E+0	5.7603E+0	4.4162E+0	3.4007E+0
2.5609E+3	1.6096E+3	1.2026E+3	8.0450E+2	4.8899E+2	4.1038E+2	3.3100E+2	2.6417E+2	2.1128E+2	1.6582E+2	1.2481E+2	9.3934E+1	6.9255E+1	5.2737E+1	3.9010E+1	2.9520E+1	2.2954E+1	1.7021E+1	1.2962E+1	9.9064E+0	7.5159E+0	5.7685E+0	4.4215E+0	3.4048E+0
2.6207E+3	1.6091E+3	1.2218E+3	8.0387E+2	4.8543E+2	4.0831E+2	3.2987E+2	2.6359E+2	2.1131E+2	1.6623E+2	1.2500E+2	9.4016E+1	6.9357E+1	5.2824E+1	3.9052E+1	2.9567E+1	2.2982E+1	1.7043E+1	1.2980E+1	9.9194E+0	7.5261E+0	5.7759E+0	4.4275E+0	3.4088E+0
2.5397E+3	1.6103E+3	1.2122E+3	8.0979E+2	4.8433E+2	4.0903E+2	3.3175E+2	2.6401E+2	2.1194E+2	1.6626E+2	1.2526E+2	9.4059E+1	6.9448E+1	5.2905E+1	3.9103E+1	2.9613E+1	2.3015E+1	1.7069E+1	1.2998E+1	9.9339E+0	7.5365E+0	5.7838E+0	4.4328E+0	3.4133E+0
2.5825E+3	1.6248E+3	1.2253E+3	8.1728E+2	4.9048E+2	4.0889E+2	3.3289E+2	2.6552E+2	2.1287E+2	1.6684E+2	1.2533E+2	9.4282E+1	6.9568E+1	5.2965E+1	3.9161E+1	2.9650E+1	2.3047E+1	1.7092E+1	1.3016E+1	9.9463E+0	7.5459E+0	5.7911E+0	4.4382E+0	3.4172E+0
2.7369E+3	1.6743E+3	1.2034E+3	8.0303E+2	4.9263E+2	4.1318E+2	3.3235E+2	2.6772E+2	2.1247E+2	1.6655E+2	1.2535E+2	9.4565E+1	6.9703E+1	5.2996E+1	3.9237E+1	2.9674E+1	2.3086E+1	1.7111E+1	1.3036E+1	9.9611E+0	7.5560E+0	5.7978E+0	4.4434E+0	3.4213E+0
2.5389E+3	1.6596E+3	1.2184E+3	8.1097E+2	4.9549E+2	4.1102E+2	3.3295E+2	2.6657E+2	2.1265E+2	1.6716E+2	1.2575E+2	9.4540E+1	6.9756E+1	5.3106E+1	3.9276E+1	2.9727E+1	2.3113E+1	1.7138E+1	1.3050E+1	9.9735E+0	7.5658E+0	5.8058E+0	4.4494E+0	3.4256E+0
2.6566E+3	1.6423E+3	1.2195E+3	8.0738E+2	4.9659E+2	4.1237E+2	3.3500E+2	2.6481E+2	2.1313E+2	1.6750E+2	1.2580E+2	9.4699E+1	6.9855E+1	5.3182E+1	3.9328E+1	2.9768E+1	2.3148E+1	1.7162E+1	1.3069E+1	9.9869E+0	7.5758E+0	5.8132E+0	4.4551E+0	3.4295E+0
2.6317E+3	1.6309E+3	1.2165E+3	8.1169E+2	4.9936E+2	4.1203E+2	3.3120E+2	2.6595E+2	2.1301E+2	1.6761E+2	1.2604E+2	9.4774E+1	6.9978E+1	5.3257E+1	3.9379E+1	2.9813E+1	2.3174E+1	1.7184E+1	1.3086E+1	9.9995E+0	7.5851E+0	5.8203E+0	4.4599E+0	3.4337E+0
2.6330E+3	1.6348E+3	1.2356E+3	8.1728E+2	4.9000E+2	4.1412E+2	3.3483E+2	2.6564E+2	2.1336E+2	1.6775E+2	1.2599E+2	9.4916E+1	7.0051E+1	5.3341E+1	3.9430E+1	2.9850E+1	2.3205E+1	1.7206E+1	1.3103E+1	1.0012E+1	7.5946E+0	5.8276E+0	4.4655E+0	3.4374E+0
2.7126E+3	1.6662E+3	1.1920E+3	8.0893E+2	4.9970E+2	4.1715E+2	3.3565E+2	2.6855E+2	2.1367E+2	1.6764E+2	1.2625E+2	9.5171E+1	7.0208E+1	5.3367E+1	3.9491E+1	2.9865E+1	2.3234E+1	1.7224E+1	1.3115E+1	1.0022E+1	7.6045E+0	5.8343E+0	4.4702E+0	3.4413E+0
2.6625E+3	1.6085E+3	1.2153E+3	8.1568E+2	4.9048E+2	4.1455E+2	3.3777E+2	2.6748E+2	2.1386E+2	1.6840E+2	1.2646E+2	9.5175E+1	7.0240E+1	5.3463E+1	3.9534E+1	2.9921E+1	2.3264E+1	1.7250E+1	1.3135E+1	1.0038E+1	7.6142E+0	5.8410E+0	4.4766E+0	3.4454E+0
2.5810E+3	1.6386E+3	1.2394E+3	8.1203E+2	4.8822E+2	4.1486E+2	3.3476E+2	2.6689E+2	2.1503E+2	1.6860E+2	1.2676E+2	9.5347E+1	7.0301E+1	5.3553E+1	3.9585E+1	2.9963E+1	2.3297E+1	1.7273E+1	1.3154E+1	1.0050E+1	7.6226E+0	5.8490E+0	4.4811E+0	3.4494E+0
2.5287E+3	1.6444E+3	1.2356E+3	8.0906E+2	5.0679E+2	4.1608E+2	3.3562E+2	2.6774E+2	2.1505E+2	1.6892E+2	1.2681E+2	9.5407E+1	7.0417E+1	5.3606E+1	3.9644E+1	3.0006E+1	2.3325E+1	1.7295E+1	1.3169E+1	1.0063E+1	7.6325E+0	5.8560E+0	4.4866E+0	3.4532E+0
2.5605E+3	1.6373E+3	1.2348E+3	8.1076E+2	4.9767E+2	4.1690E+2	3.3754E+2	2.6772E+2	2.1537E+2	1.6903E+2	1.2693E+2	9.5558E+1	7.0510E+1	5.3675E+1	3.9700E+1	3.0044E+1	2.3356E+1	1.7316E+1	1.3186E+1	1.0075E+1	7.6413E+0	5.8629E+0	4.4921E+0	3.4567E+0
2.7041E+3	1.6916E+3	1.2075E+3	8.1475E+2	4.9332E+2	4.1822E+2	3.3773E+2	2.7091E+2	2.1513E+2	1.6861E+2	1.2709E+2	9.5647E+1	7.0673E+1	5.3731E+1	3.9738E+1	3.0079E+1	2.3377E+1	1.7342E+1	1.3202E+1	1.0088E+1	7.6494E+0	5.8699E+0	4.4966E+0	3.4608E+0
2.6514E+3	1.6430E+3	1.2435E+3	8.1952E+2	4.9600E+2	4.1724E+2	3.3738E+2	2.6882E+2	2.1528E+2	1.6942E+2	1.2738E+2	9.5803E+1	7.0658E+1	5.3814E+1	3.9792E+1	3.0117E+1	2.3415E+1	1.7360E+1	1.3218E+1	1.0099E+1	7.6598E+0	5.8763E+0	4.5020E+0	3.4647E+0
2.6699E+3	1.6480E+3	1.2396E+3	8.2110E+2	4.9993E+2	4.1707E+2	3.3713E+2	2.6927E+2	2.1588E+2	1.6962E+2	1.2751E+2	9.5880E+1	7.0800E+1	5.3876E+1	3.9836E+1	3.0155E+1	2.3443E+1	1.7382E+1	1.3234E+1	1.0112E+1	7.6691E+0	5.8831E+0	4.5071E+0	3.4683E+0
2.6365E+3	1.6627E+3	1.2494E+3	8.2039E+2	4.8417E+2	4.1715E+2	3.3810E+2	2.7198E+2	2.1654E+2	1.6977E+2	1.2754E+2	9.6026E+1	7.0846E+1	5.3953E+1	3.9892E+1	3.0192E+1	2.3476E+1	1.7402E+1	1.3250E+1	1.0123E+1	7.6776E+0	5.8901E+0	4.5122E+0	3.4720E+0
2.6356E+3	1.6507E+3	1.2397E+3	8.3496E+2	5.0194E+2	4.1987E+2	3.3698E+2	2.6998E+2	2.1673E+2	1.7023E+2	1.2780E+2	9.6157E+1	7.0938E+1	5.4020E+1	3.9951E+1	3.0228E+1	2.3501E+1	1.7423E+1	1.3267E+1	1.0136E+1	7.6865E+0	5.8971E+0	4.5173E+0	3.4758E+0
2.7772E+3	1.7059E+3	1.2096E+3	8.2338E+2	4.9966E+2	4.2165E+2	3.4060E+2	2.7146E+2	2.1618E+2	1.6969E+2	1.2777E+2	9.6247E+1	7.1085E+1	5.4108E+1	3.9966E+1	3.0273E+1	2.3528E+1	1.7446E+1	1.3285E+1	1.0146E+1	7.6967E+0	5.9040E+0	4.5222E+0	3.4797E+0
2.6243E+3	1.6312E+3	1.2447E+3	8.2014E+2	5.0155E+2	4.2017E+2	3.3866E+2	2.7014E+2	2.1692E+2	1.7076E+2	1.2816E+2	9.6327E+1	7.1119E+1	5.4137E+1	4.0042E+1	3.0303E+1	2.3557E+1	1.7466E+1	1.3298E+1	1.0160E+1	7.7047E+0	5.9102E+0	4.5270E+0	3.4837E+0
2.6242E+3	1.6814E+3	1.2641E+3	8.2387E+2	5.0066E+2	4.2240E+2	3.3971E+2	2.7129E+2	2.1679E+2	1.7091E+2	1.2836E+2	9.6522E+1	7.1237E+1	5.4207E+1	4.0081E+1	3.0343E+1	2.3584E+1	1.7488E+1	1.3314E+1	1.0171E+1	7.7137E+0	5.9167E+0	4.5321E+0	3.4873E+0
2.6063E+3	1.6800E+3	1.2418E+3	8.3062E+2	4.9300E+2	4.2220E+2	3.3974E+2	2.7248E+2	2.1718E+2	1.7079E+2	1.2850E+2	9.6613E+1	7.1321E+1	5.4292E+1	4.0121E+1	3.0379E+1	2.3616E+1	1.7505E+1	1.3328E+1	1.0183E+1	7.7218E+0	5.9229E+0	4.5371E+0	3.4903E+0
2.6315E+3	1.6865E+3	1.2465E+3	8.2996E+2	5.0538E+2	4.2132E+2	3.4012E+2	2.7307E+2	2.1790E+2	1.7095E+2	1.2852E+2	9.6704E+1	7.1417E+1	5.4360E+1	4.0166E+1	3.0421E+1	2.3641E+1	1.7526E+1	1.3344E+1	1.0195E+1	7.7304E+0	5.9298E+0	4.5417E+0	3.4939E+0
2.7779E+3	1.6769E+3	1.2272E+3	8.2358E+2	4.9640E+2	4.2448E+2	3.4103E+2	2.7260E+2	2.1755E+2	1.7105E+2	1.2882E+2	9.6812E+1	7.1502E+1	5.4418E+1	4.0211E+1	3.0457E+1	2.3669E+1	1.7544E+1	1.3358E+1	1.0207E+1	7.7390E+0	5.9363E+0	4.5470E+0	3.4981E+0
2.6509E+3	1.6470E+3	1.2551E+3	8.3045E+2	5.0075E+2	4.2264E+2	3.4194E+2	2.7122E+2	2.1789E+2	1.7153E+2	1.2890E+2	9.6991E+1	7.1536E+1	5.4459E+1	4.0281E+1	3.0482E+1	2.3696E+1	1.7567E+1	1.3375E+1	1.0218E+1	7.7477E+0	5.9426E+0	4.5518E+0	3.5016E+0
2.6090E+3	1.6699E+3	1.2392E+3	8.2834E+2	5.0677E+2	4.2235E+2	3.4272E+2	2.7186E+2	2.1822E+2	1.7118E+2	1.2902E+2	9.7037E+1	7.1638E+1	5.4535E+1	4.0318E+1	3.0519E+1	2.3726E+1	1.7588E+1	1.3389E+1	1.0229E+1	7.7566E+0	5.9494E+0	4.5563E+0	3.5051E+0
2.4980E+3	1.6815E+3	1.2529E+3	8.4708E+2	5.0807E+2	4.2162E+2	3.4104E+2	2.7294E+2	2.1837E+2	1.7202E+2	1.2940E+2	9.7198E+1	7.1732E+1	5.4588E+1	4.0370E+1	3.0555E+1	2.3752E+1	1.7608E+1	1.3406E+1	1.0241E+1	7.7649E+0	5.9554E+0	4.5610E+0	3.5087E+0
2.5548E+3	1.6582E+3	1.2490E+3	8.2541E+2	5.0207E+2	4.2228E+2	3.4176E+2	2.7228E+2	2.1876E+2	1.7188E+2	1.2927E+2	9.7304E+1	7.1775E+1	5.4638E+1	4.0417E+1	3.0587E+1	2.3778E+1	1.7628E+1	1.3420E+1	1.0252E+1	7.7734E+0	5.9619E+0	4.5659E+0	3.5121E+0
2.7279E+3	1.7221E+3	1.2297E+3	8.3253E+2	5.0517E+2	4.2494E+2	3.4408E+2	2.7431E+2	2.1875E+2	1.7161E+2	1.2948E+2	9.7287E+1	7.1919E+1	5.4762E+1	4.0440E+1	3.0629E+1	2.3810E+1	1.7643E+1	1.3433E+1	1.0262E+1	7.7818E+0	5.9680E+0	4.5708E+0	3.5152E+0
2.6507E+3	1.6585E+3	1.2621E+3	8.3383E+2	5.0121E+2	4.2425E+2	3.4042E+2	2.7344E+2	2.1948E+2	1.7232E+2	1.2955E+2	9.7461E+1	7.1953E+1	5.4769E+1	4.0506E+1	3.0654E+1	2.3828E+1	1.7668E+1	1.3450E+1	1.0274E+1	7.7903E+0	5.9748E+0	4.5750E+0	3.5195E+0
2.6686E+3	1.6530E+3	1.2516E+3	8.2767E+2	5.0167E+2	4.2357E+2	3.4188E+2	2.7309E+2	2.1980E+2	1.7259E+2	1.2996E+2	9.7565E+1	7.2044E+1	5.4846E+1	4.0553E+1	3.0691E+1	2.3858E+1	1.7687E+1	1.3465E+1	1.0285E+1	7.7987E+0	5.9810E+0	4.5796E+0	3.5227E+0
2.6668E+3	1.6927E+3	1.2419E+3	8.4063E+2	5.1266E+2	4.2565E+2	3.4286E+2	2.7584E+2	2.2005E+2	1.7219E+2	1.3011E+2	9.7759E+1	7.2127E+1	5.4905E+1	4.0593E+1	3.0725E+1	2.3887E+1	1.7707E+1	1.3481E+1	1.0297E+1	7.8067E+0	5.9869E+0	4.5849E+0	3.5265E+0
2.7400E+3	1.7095E+3	1.2337E+3	8.3958E+2	5.0179E+2	4.2480E+2	3.4492E+2	2.7567E+2	2.1960E+2	1.7248E+2	1.3009E+2	9.7763E+1	7.2220E+1	5.4991E+1	4.0635E+1	3.0761E+1	2.3912E+1	1.7727E+1	1.3495E+1	1.0308E+1	7.8155E+0	5.9930E+0	4.5893E+0	3.5298E+0
2.6317E+3	1.6920E+3	1.2694E+3	8.2688E+2	5.0328E+2	4.2517E+2	3.4386E+2	2.7470E+2	2.2083E+2	1.7347E+2	1.3021E+2	9.7974E+1	7.2226E+1	5.5005E+1	4.0688E+1	3.0792E+1	2.3936E+1	1.7742E+1	1.3507E+1	1.0319E+1	7.8225E+0	5.9996E+0	4.5934E+0	3.5329E+0
2.7184E+3	1.6686E+3	1.2656E+3	8.3920E+2	5.0244E+2	4.2661E+2	3.4485E+2	2.7546E+2	2.2021E+2	1.7349E+2	1.3027E+2	9.8008E+1	7.2315E+1	5.5091E+1	4.0726E+1	3.0827E+1	2.3964E+1	1.7762E+1	1.3522E+1	1.0329E+1	7.8314E+0	6.0054E+0	4.5984E+0	3.5366E+0
2.6067E+3	1.6602E+3	1.2622E+3	8.3951E+2	5.1061E+2	4.2521E+2	3.4446E+2	2.7434E+2	2.2118E+2	1.7342E+2	1.3028E+2	9.8177E+1	7.2416E+1	5.5126E+1	4.0769E+1	3.0863E+1	2.3990E+1	1.7781E+1	1.3538E+1	1.0340E+1	7.8397E+0	6.0111E+0	4.6029E+0	3.5400E+0
2.7669E+3	1.6829E+3	1.2678E+3	8.3433E+2	5.0517E+2	4.2603E+2	3.4557E+2	2.7518E+2	2.2162E+2	1.7380E+2	1.3061E+2	9.8248E+1	7.2513E+1	5.5202E+1	4.0812E+1	3.0894E+1	2.4012E+1	1.7799E+1	1.3551E+1	1.0351E+1	7.8479E+0	6.0176E+0	4.6071E+0	3.5434E+0
2.7821E+3	1.7014E+3	1.2417E+3	8.3815E+2	5.1271E+2	4.3240E+2	3.4786E+2	2.7790E+2	2.1992E+2	1.7335E+2	1.3094E+2	9.8261E+1	7.2618E+1	5.5318E+1	4.0874E+1	3.0907E+1	2.4031E+1	1.7824E+1	1.3562E+1	1.0362E+1	7.8542E+0	6.0230E+0	4.6116E+0	3.5460E+0
2.7029E+3	1.7052E+3	1.2538E+3	8.4113E+2	5.0927E+2	4.2899E+2	3.4699E+2	2.7644E+2	2.2137E+2	1.7389E+2	1.3085E+2	9.8447E+1	7.2639E+1	5.5334E+1	4.0901E+1	3.0953E+1	2.4063E+1	1.7840E+1	1.3578E+1	1.0371E+1	7.8627E+0	6.0293E+0	4.6160E+0	3.5494E+0
2.6918E+3	1.6955E+3	1.2632E+3	8.4042E+2	5.0157E+2	4.2938E+2	3.4606E+2	2.7741E+2	2.2181E+2	1.7411E+2	1.3126E+2	9.8544E+1	7.2725E+1	5.5388E+1	4.0955E+1	3.0985E+1	2.4090E+1	1.7858E+1	1.3592E+1	1.0382E+1	7.8711E+0	6.0356E+0	4.6206E+0	3.5532E+0
2.6139E+3	1.6748E+3	1.2631E+3	8.4168E+2	5.0464E+2	4.3009E+2	3.4708E+2	2.7608E+2	2.2138E+2	1.7429E+2	1.3120E+2	9.8618E+1	7.2795E+1	5.5428E+1	4.0990E+1	3.1020E+1	2.4115E+1	1.7875E+1	1.3607E+1	1.0392E+1	7.8791E+0	6.0412E+0	4.6250E+0	3.5564E+0
2.7806E+3	1.6865E+3	1.2810E+3	8.4121E+2	5.0758E+2	4.2769E+2	3.4706E+2	2.7548E+2	2.2263E+2	1.7456E+2	1.3124E+2	9.8783E+1	7.2891E+1	5.5489E+1	4.1023E+1	3.1057E+1	2.4141E+1	1.7893E+1	1.3622E+1	1.0404E+1	7.8866E+0	6.0473E+0	4.6294E+0	3.5597E+0
2.7979E+3	1.7228E+3	1.2519E+3	8.5328E+2	5.1669E+2	4.3079E+2	3.5060E+2	2.7707E+2	2.2172E+2	1.7447E+2	1.3155E+2	9.8741E+1	7.2932E+1	5.5557E+1	4.1094E+1	3.1070E+1	2.4158E+1	1.7908E+1	1.3634E+1	1.0412E+1	7.8951E+0	6.0529E+0	4.6338E+0	3.5632E+0
2.7222E+3	1.7044E+3	1.2779E+3	8.4636E+2	5.2084E+2	4.3098E+2	3.4857E+2	2.7829E+2	2.2317E+2	1.7501E+2	1.3152E+2	9.8977E+1	7.3016E+1	5.5610E+1	4.1115E+1	3.1118E+1	2.4185E+1	1.7929E+1	1.3649E+1	1.0423E+1	7.9020E+0	6.0588E+0	4.6384E+0	3.5662E+0
2.8148E+3	1.7140E+3	1.2702E+3	8.4542E+2	5.2368E+2	4.3161E+2	3.4869E+2	2.8003E+2	2.2240E+2	1.7521E+2	1.3178E+2	9.9049E+1	7.3102E+1	5.5658E+1	4.1161E+1	3.1144E+1	2.4211E+1	1.7946E+1	1.3661E+1	1.0434E+1	7.9097E+0	6.0642E+0	4.6424E+0	3.5693E+0
2.6178E+3	1.6808E+3	1.2829E+3	8.5153E+2	5.1076E+2	4.3272E+2	3.4937E+2	2.7861E+2	2.2302E+2	1.7511E+2	1.3167E+2	9.9134E+1	7.3173E+1	5.5713E+1	4.1194E+1	3.1183E+1	2.4240E+1	1.7967E+1	1.3676E+1	1.0444E+1	7.9178E+0	6.0705E+0	4.6468E+0	3.5727E+0
2.7678E+3	1.7243E+3	1.2774E+3	8.4401E+2	5.0973E+2	4.3200E+2	3.4931E+2	2.7896E+2	2.2373E+2	1.7552E+2	1.3192E+2	9.9244E+1	7.3257E+1	5.5769E+1	4.1241E+1	3.1214E+1	2.4260E+1	1.7985E+1	1.3689E+1	1.0455E+1	7.9256E+0	6.0761E+0	4.6512E+0	3.5762E+0
2.7026E+3	1.7214E+3	1.2522E+3	8.4555E+2	5.1094E+2	4.3577E+2	3.5241E+2	2.7999E+2	2.2294E+2	1.7551E+2	1.3221E+2	9.9197E+1	7.3272E+1	5.5821E+1	4.1302E+1	3.1236E+1	2.4280E+1	1.8000E+1	1.3705E+1	1.0467E+1	7.9324E+0	6.0825E+0	4.6550E+0	3.5790E+0
2.8068E+3	1.7530E+3	1.2719E+3	8.4325E+2	5.1312E+2	4.3191E+2	3.4958E+2	2.7996E+2	2.2384E+2	1.7586E+2	1.3226E+2	9.9411E+1	7.3432E+1	5.5891E+1	4.1325E+1	3.1273E+1	2.4306E+1	1.8018E+1	1.3715E+1	1.0474E+1	7.9402E+0	6.0875E+0	4.6599E+0	3.5821E+0
2.6522E+3	1.6986E+3	1.2814E+3	8.5076E+2	4.9972E+2	4.3432E+2	3.4959E+2	2.8157E+2	2.2438E+2	1.7588E+2	1.3214E+2	9.9581E+1	7.3480E+1	5.5945E+1	4.1353E+1	3.1308E+1	2.4333E+1	1.8035E+1	1.3729E+1	1.0485E+1	7.9478E+0	6.0936E+0	4.6639E+0	3.5854E+0
2.6935E+3	1.7343E+3	1.2680E+3	8.5178E+2	5.1352E+2	4.3160E+2	3.5138E+2	2.7878E+2	2.2457E+2	1.7592E+2	1.3247E+2	9.9625E+1	7.3546E+1	5.6012E+1	4.1404E+1	3.1337E+1	2.4358E+1	1.8055E+1	1.3742E+1	1.0495E+1	7.9558E+0	6.0988E+0	4.6683E+0	3.5885E+0
2.7755E+3	1.7410E+3	1.2822E+3	8.4913E+2	5.1531E+2	4.3385E+2	3.5044E+2	2.7989E+2	2.2424E+2	1.7635E+2	1.3256E+2	9.9736E+1	7.3600E+1	5.6047E+1	4.1446E+1	3.1367E+1	2.4384E+1	1.8073E+1	1.3757E+1	1.0505E+1	7.9625E+0	6.1045E+0	4.6725E+0	3.5918E+0
2.7614E+3	1.7427E+3	1.2609E+3	8.5348E+2	5.2439E+2	4.3615E+2	3.5294E+2	2.7988E+2	2.2381E+2	1.7624E+2	1.3303E+2	9.9715E+1	7.3630E+1	5.6070E+1	4.1496E+1	3.1400E+1	2.4411E+1	1.8093E+1	1.3766E+1	1.0514E+1	7.9690E+0	6.1105E+0	4.6763E+0	3.5948E+0
2.8721E+3	1.7449E+3	1.2803E+3	8.4538E+2	5.1141E+2	4.3696E+2	3.5091E+2	2.7990E+2	2.2499E+2	1.7676E+2	1.3293E+2	9.9907E+1	7.3753E+1	5.6157E+1	4.1514E+1	3.1423E+1	2.4427E+1	1.8105E+1	1.3782E+1	1.0525E+1	7.9777E+0	6.1155E+0	4.6804E+0	3.5980E+0
2.6507E+3	1.7060E+3	1.2738E+3	8.5380E+2	5.1267E+2	4.3669E+2	3.5224E+2	2.8154E+2	2.2460E+2	1.7645E+2	1.3297E+2	1.0002E+2	7.3815E+1	5.6205E+1	4.1561E+1	3.1455E+1	2.4450E+1	1.8123E+1	1.3793E+1	1.0534E+1	7.9847E+0	6.1210E+0	4.6848E+0	3.6013E+0
2.6974E+3	1.7321E+3	1.2945E+3	8.5697E+2	5.2022E+2	4.3333E+2	3.5220E+2	2.8040E+2	2.2543E+2	1.7702E+2	1.3311E+2	1.0010E+2	7.3897E+1	5.6263E+1	4.1594E+1	3.1481E+1	2.4473E+1	1.8138E+1	1.3809E+1	1.0545E+1	7.9920E+0	6.1272E+0	4.6889E+0	3.6041E+0
2.8437E+3	1.7048E+3	1.2831E+3	8.4623E+2	5.2361E+2	4.3424E+2	3.5307E+2	2.8362E+2	2.2505E+2	1.7744E+2	1.3335E+2	1.0013E+2	7.3936E+1	5.6322E+1	4.1643E+1	3.1516E+1	2.4500E+1	1.8158E+1	1.3819E+1	1.0555E+1	7.9999E+0	6.1318E+0	4.6931E+0	3.6071E+0
2.8623E+3	1.7299E+3	1.2642E+3	8.5390E+2	5.2256E+2	4.3960E+2	3.5453E+2	2.8127E+2	2.2537E+2	1.7709E+2	1.3373E+2	1.0020E+2	7.3991E+1	5.6319E+1	4.1681E+1	3.1554E+1	2.4526E+1	1.8174E+1	1.3833E+1	1.0565E+1	8.0068E+0	6.1379E+0	4.6971E+0	3.6102E+0
2.7997E+3	1.7419E+3	1.2933E+3	8.5000E+2	5.2037E+2	4.3498E+2	3.5205E+2	2.8127E+2	2.2576E+2	1.7706E+2	1.3333E+2	1.0044E+2	7.4123E+1	5.6431E+1	4.1707E+1	3.1569E+1	2.4538E+1	1.8189E+1	1.3846E+1	1.0573E+1	8.0131E+0	6.1429E+0	4.7013E+0	3.6134E+0
2.5990E+3	1.7249E+3	1.2915E+3	8.6298E+2	5.1170E+2	4.3688E+2	3.5283E+2	2.8120E+2	2.2718E+2	1.7848E+2	1.3341E+2	1.0055E+2	7.4203E+1	5.6486E+1	4.1753E+1	3.1597E+1	2.4561E+1	1.8207E+1	1.3858E+1	1.0583E+1	8.0210E+0	6.1478E+0	4.7049E+0	3.6164E+0
2.6972E+3	1.7121E+3	1.2881E+3	8.4570E+2	5.2737E+2	4.3731E+2	3.5226E+2	2.8103E+2	2.2615E+2	1.7774E+2	1.3368E+2	1.0053E+2	7.4207E+1	5.6528E+1	4.1791E+1	3.1631E+1	2.4593E+1	1.8224E+1	1.3872E+1	1.0593E+1	8.0277E+0	6.1543E+0	4.7092E+0	3.6192E+0
2.7792E+3	1.7400E+3	1.2923E+3	8.5897E+2	5.3270E+2	4.3769E+2	3.5212E+2	2.8409E+2	2.2642E+2	1.7818E+2	1.3391E+2	1.0066E+2	7.4292E+1	5.6585E+1	4.1843E+1	3.1671E+1	2.4608E+1	1.8241E+1	1.3886E+1	1.0602E+1	8.0352E+0	6.1594E+0	4.7132E+0	3.6224E+0
2.7749E+3	1.6943E+3	1.2624E+3	8.6310E+2	5.2088E+2	4.4234E+2	3.5619E+2	2.8326E+2	2.2563E+2	1.7792E+2	1.3429E+2	1.0065E+2	7.4268E+1	5.6577E+1	4.1873E+1	3.1700E+1	2.4630E+1	1.8250E+1	1.3899E+1	1.0610E+1	8.0417E+0	6.1637E+0	4.7175E+0	3.6252E+0
2.7746E+3	1.7572E+3	1.2871E+3	8.4859E+2	5.1980E+2	4.3832E+2	3.5388E+2	2.8158E+2	2.2688E+2	1.7843E+2	1.3415E+2	1.0083E+2	7.4422E+1	5.6677E+1	4.1909E+1	3.1722E+1	2.4654E+1	1.8274E+1	1.3909E+1	1.0620E+1	8.0490E+0	6.1694E+0	4.7211E+0	3.6282E+0
2.7480E+3	1.7079E+3	1.2904E+3	8.6185E+2	5.1766E+2	4.3929E+2	3.5504E+2	2.8446E+2	2.2712E+2	1.7856E+2	1.3431E+2	1.0090E+2	7.4513E+1	5.6721E+1	4.1937E+1	3.1749E+1	2.4677E+1	1.8288E+1	1.3921E+1	1.0631E+1	8.0566E+0	6.1753E+0	4.7251E+0	3.6313E+0
2.7594E+3	1.7342E+3	1.2979E+3	8.5997E+2	5.2428E+2	4.3869E+2	3.5469E+2	2.8388E+2	2.2755E+2	1.7852E+2	1.3430E+2	1.0105E+2	7.4585E+1	5.6791E+1	4.1987E+1	3.1780E+1	2.4700E+1	1.8307E+1	1.3934E+1	1.0640E+1	8.0633E+0	6.1803E+0	4.7295E+0	3.6343E+0
2.7408E+3	1.7537E+3	1.2953E+3	8.6372E+2	5.2906E+2	4.3987E+2	3.5454E+2	2.8317E+2	2.2721E+2	1.7875E+2	1.3461E+2	1.0111E+2	7.4609E+1	5.6836E+1	4.2022E+1	3.1805E+1	2.4723E+1	1.8323E+1	1.3946E+1	1.0649E+1	8.0706E+0	6.1856E+0	4.7334E+0	3.6373E+0
2.7710E+3	1.7346E+3	1.2856E+3	8.5374E+2	5.2223E+2	4.4259E+2	3.5542E+2	2.8580E+2	2.2692E+2	1.7874E+2	1.3472E+2	1.0112E+2	7.4617E+1	5.6818E+1	4.2036E+1	3.1832E+1	2.4734E+1	1.8336E+1	1.3955E+1	1.0660E+1	8.0774E+0	6.1900E+0	4.7374E+0	3.6401E+0
2.8036E+3	1.7499E+3	1.2976E+3	8.6206E+2	5.3780E+2	4.4393E+2	3.5557E+2	2.8531E+2	2.2786E+2	1.7929E+2	1.3490E+2	1.0130E+2	7.4745E+1	5.6926E+1	4.2089E+1	3.1863E+1	2.4763E+1	1.8352E+1	1.3969E+1	1.0668E+1	8.0835E+0	6.1960E+0	4.7410E+0	3.6431E+0
2.8258E+3	1.7637E+3	1.2887E+3	8.6792E+2	5.3541E+2	4.4178E+2	3.5723E+2	2.8468E+2	2.2830E+2	1.7888E+2	1.3489E+2	1.0142E+2	7.4799E+1	5.6960E+1	4.2121E+1	3.1891E+1	2.4785E+1	1.8370E+1	1.3981E+1	1.0678E+1	8.0912E+0	6.2011E+0	4.7451E+0	3.6461E+0
2.6162E+3	1.7253E+3	1.3103E+3	8.5743E+2	5.2790E+2	4.4202E+2	3.5641E+2	2.8519E+2	2.2761E+2	1.7897E+2	1.3498E+2	1.0148E+2	7.4865E+1	5.7006E+1	4.2161E+1	3.1917E+1	2.4806E+1	1.8390E+1	1.3994E+1	1.0686E+1	8.0978E+0	6.2066E+0	4.7490E+0	3.6491E+0
2.9723E+3	1.7800E+3	1.2997E+3	8.6605E+2	5.2640E+2	4.4484E+2	3.5782E+2	2.8508E+2	2.2842E+2	1.7975E+2	1.3528E+2	1.0153E+2	7.4918E+1	5.7063E+1	4.2185E+1	3.1938E+1	2.4826E+1	1.8407E+1	1.4007E+1	1.0695E+1	8.1053E+0	6.2120E+0	4.7531E+0	3.6520E+0
2.7565E+3	1.7226E+3	1.2980E+3	8.7415E+2	5.2508E+2	4.4205E+2	3.5502E+2	2.8488E+2	2.2788E+2	1.7963E+2	1.3504E+2	1.0159E+2	7.5007E+1	5.7126E+1	4.2243E+1	3.1968E+1	2.4847E+1	1.8418E+1	1.4017E+1	1.0703E+1	8.1115E+0	6.2165E+0	4.7564E+0	3.6546E+0
2.9016E+3	1.7529E+3	1.2899E+3	8.5427E+2	5.2709E+2	4.4170E+2	3.5583E+2	2.8481E+2	2.2940E+2	1.7937E+2	1.3525E+2	1.0172E+2	7.5069E+1	5.7153E+1	4.2268E+1	3.1993E+1	2.4871E+1	1.8436E+1	1.4030E+1	1.0713E+1	8.1182E+0	6.2217E+0	4.7601E+0	3.6579E+0
2.6596E+3	1.6982E+3	1.2956E+3	8.7184E+2	5.2433E+2	4.4305E+2	3.5782E+2	2.8564E+2	2.2917E+2	1.8007E+2	1.3531E+2	1.0180E+2	7.5126E+1	5.7232E+1	4.2304E+1	3.2023E+1	2.4896E+1	1.8451E+1	1.4042E+1	1.0722E+1	8.1256E+0	6.2272E+0	4.7642E+0	3.6605E+0
2.8301E+3	1.7415E+3	1.3073E+3	8.6518E+2	5.2915E+2	4.4178E+2	3.5735E+2	2.8727E+2	2.2934E+2	1.8015E+2	1.3551E+2	1.0196E+2	7.5234E+1	5.7301E+1	4.2359E+1	3.2055E+1	2.4916E+1	1.8465E+1	1.4054E+1	1.0732E+1	8.1319E+0	6.2324E+0	4.7684E+0	3.6633E+0
2.8062E+3	1.7597E+3	1.2890E+3	8.6899E+2	5.3212E+2	4.4407E+2	3.5944E+2	2.8758E+2	2.2922E+2	1.8031E+2	1.3571E+2	1.0196E+2	7.5234E+1	5.7305E+1	4.2370E+1	3.2065E+1	2.4940E+1	1.8487E+1	1.4070E+1	1.0741E+1	8.1384E+0	6.2375E+0	4.7718E+0	3.6659E+0
2.7457E+3	1.7380E+3	1.3165E+3	8.6568E+2	5.2186E+2	4.4157E+2	3.5893E+2	2.8490E+2	2.3036E+2	1.8029E+2	1.3548E+2	1.0206E+2	7.5343E+1	5.7382E+1	4.2426E+1	3.2106E+1	2.4956E+1	1.8496E+1	1.4076E+1	1.0748E+1	8.1451E+0	6.2420E+0	4.7754E+0	3.6688E+0
2.8618E+3	1.7770E+3	1.2982E+3	8.5841E+2	5.3548E+2	4.4264E+2	3.6005E+2	2.8784E+2	2.2941E+2	1.8056E+2	1.3573E+2	1.0213E+2	7.5392E+1	5.7417E+1	4.2449E+1	3.2132E+1	2.4978E+1	1.8512E+1	1.4090E+1	1.0758E+1	8.1518E+0	6.2470E+0	4.7792E+0	3.6718E+0
2.7566E+3	1.7282E+3	1.3032E+3	8.6985E+2	5.2545E+2	4.4411E+2	3.5874E+2	2.8645E+2	2.2973E+2	1.8052E+2	1.3600E+2	1.0228E+2	7.5458E+1	5.7475E+1	4.2494E+1	3.2158E+1	2.4999E+1	1.8529E+1	1.4102E+1	1.0767E+1	8.1585E+0	6.2525E+0	4.7834E+0	3.6748E+0
2.8744E+3	1.7670E+3	1.2960E+3	8.7245E+2	5.3168E+2	4.4482E+2	3.5800E+2	2.8579E+2	2.3057E+2	1.8062E+2	1.3617E+2	1.0235E+2	7.5545E+1	5.7508E+1	4.2533E+1	3.2195E+1	2.5019E+1	1.8546E+1	1.4112E+1	1.0776E+1	8.1661E+0	6.2575E+0	4.7873E+0	3.6777E+0
2.7462E+3	1.7467E+3	1.2995E+3	8.6596E+2	5.3384E+2	4.4616E+2	3.6113E+2	2.8878E+2	2.2959E+2	1.8111E+2	1.3635E+2	1.0240E+2	7.5559E+1	5.7571E+1	4.2553E+1	3.2205E+1	2.5047E+1	1.8557E+1	1.4124E+1	1.0784E+1	8.1724E+0	6.2621E+0	4.7907E+0	3.6804E+0
2.7876E+3	1.7435E+3	1.3052E+3	8.7303E+2	5.2034E+2	4.4391E+2	3.5926E+2	2.8783E+2	2.3038E+2	1.8106E+2	1.3626E+2	1.0252E+2	7.5657E+1	5.7600E+1	4.2587E+1	3.2234E+1	2.5060E+1	1.8570E+1	1.4134E+1	1.0793E+1	8.1777E+0	6.2670E+0	4.7940E+0	3.6828E+0
2.7585E+3	1.7394E+3	1.3205E+3	8.7752E+2	5.3597E+2	4.4552E+2	3.6086E+2	2.8796E+2	2.3106E+2	1.8122E+2	1.3647E+2	1.0256E+2	7.5719E+1	5.7640E+1	4.2632E+1	3.2267E+1	2.5080E+1	1.8589E+1	1.4147E+1	1.0802E+1	8.1853E+0	6.2721E+0	4.7979E+0	3.6858E+0
2.7582E+3	1.7437E+3	1.3204E+3	8.7763E+2	5.1880E+2	4.4606E+2	3.6219E+2	2.8687E+2	2.3098E+2	1.8135E+2	1.3652E+2	1.0267E+2	7.5773E+1	5.7706E+1	4.2669E+1	3.2290E+1	2.5102E+1	1.8605E+1	1.4159E+1	1.0811E+1	8.1912E+0	6.2769E+0	4.8018E+0	3.6886E+0
2.8085E+3	1.7670E+3	1.3072E+3	8.8075E+2	5.3152E+2	4.4469E+2	3.6024E+2	2.8697E+2	2.3137E+2	1.8154E+2	1.3655E+2	1.0277E+2	7.5844E+1	5.7741E+1	4.2715E+1	3.2325E+1	2.5125E+1	1.8619E+1	1.4170E+1	1.0820E+1	8.1982E+0	6.2822E+0	4.8055E+0	3.6914E+0
3.0297E+3	1.7743E+3	1.3006E+3	8.8297E+2	5.4215E+2	4.4957E+2	3.6251E+2	2.8870E+2	2.3048E+2	1.8175E+2	1.3702E+2	1.0282E+2	7.5866E+1	5.7821E+1	4.2747E+1	3.2349E+1	2.5154E+1	1.8629E+1	1.4180E+1	1.0827E+1	8.2035E+0	6.2860E+0	4.8087E+0	3.6936E+0
2.6946E+3	1.7618E+3	1.3222E+3	8.7699E+2	5.3577E+2	4.4780E+2	3.6188E+2	2.8968E+2	2.3174E+2	1.8196E+2	1.3668E+2	1.0290E+2	7.5961E+1	5.7838E+1	4.2769E+1	3.2369E+1	2.5161E+1	1.8649E+1	1.4192E+1	1.0835E+1	8.2108E+0	6.2915E+0	4.8125E+0	3.6966E+0
2.8606E+3	1.7606E+3	1.3127E+3	8.8583E+2	5.3951E+2	4.4608E+2	3.6511E+2	2.8952E+2	2.3237E+2	1.8181E+2	1.3662E+2	1.0296E+2	7.6032E+1	5.7890E+1	4.2798E+1	3.2397E+1	2.5181E+1	1.8665E+1	1.4204E+1	1.0844E+1	8.2168E+0	6.2965E+0	4.8165E+0	3.6996E+0
2.7276E+3	1.7269E+3	1.3338E+3	8.7656E+2	5.3140E+2	4.4884E+2	3.5994E+2	2.8848E+2	2.3205E+2	1.8192E+2	1.3686E+2	1.0310E+2	7.6072E+1	5.7927E+1	4.2845E+1	3.2429E+1	2.5203E+1	1.8680E+1	1.4215E+1	1.0853E+1	8.2234E+0	6.3011E+0	4.8202E+0	3.7023E+0
2.7814E+3	1.7373E+3	1.3310E+3	8.7578E+2	5.2861E+2	4.4783E+2	3.6254E+2	2.8899E+2	2.3214E+2	1.8157E+2	1.3696E+2	1.0311E+2	7.6120E+1	5.7961E+1	4.2866E+1	3.2446E+1	2.5226E+1	1.8695E+1	1.4226E+1	1.0862E+1	8.2305E+0	6.3061E+0	4.8239E+0	3.7053E+0
2.8793E+3	1.8132E+3	1.3011E+3	8.7524E+2	5.3827E+2	4.5001E+2	3.6156E+2	2.9039E+2	2.3145E+2	1.8253E+2	1.3742E+2	1.0320E+2	7.6213E+1	5.8067E+1	4.2921E+1	3.2481E+1	2.5240E+1	1.8710E+1	1.4241E+1	1.0871E+1	8.2363E+0	6.3109E+0	4.8268E+0	3.7079E+0
2.7964E+3	1.7698E+3	1.3247E+3	8.8146E+2	5.3922E+2	4.4741E+2	3.6252E+2	2.9028E+2	2.3197E+2	1.8238E+2	1.3732E+2	1.0331E+2	7.6250E+1	5.8067E+1	4.2936E+1	3.2499E+1	2.5261E+1	1.8723E+1	1.4249E+1	1.0879E+1	8.2423E+0	6.3155E+0	4.8306E+0	3.7103E+0
2.8504E+3	1.7878E+3	1.3479E+3	8.7682E+2	5.4171E+2	4.4852E+2	3.6255E+2	2.9074E+2	2.3288E+2	1.8214E+2	1.3738E+2	1.0332E+2	7.6311E+1	5.8093E+1	4.2957E+1	3.2521E+1	2.5283E+1	1.8736E+1	1.4259E+1	1.0887E+1	8.2492E+0	6.3208E+0	4.8343E+0	3.7129E+0
2.7231E+3	1.7579E+3	1.3257E+3	8.8569E+2	5.1988E+2	4.4682E+2	3.6352E+2	2.9107E+2	2.3270E+2	1.8296E+2	1.3742E+2	1.0347E+2	7.6391E+1	5.8140E+1	4.2996E+1	3.2546E+1	2.5306E+1	1.8750E+1	1.4271E+1	1.0896E+1	8.2556E+0	6.3257E+0	4.8379E+0	3.7156E+0
2.8095E+3	1.7333E+3	1.3291E+3	8.7783E+2	5.4090E+2	4.4880E+2	3.6396E+2	2.9046E+2	2.3264E+2	1.8281E+2	1.3772E+2	1.0354E+2	7.6460E+1	5.8210E+1	4.3043E+1	3.2578E+1	2.5324E+1	1.8768E+1	1.4283E+1	1.0904E+1	8.2619E+0	6.3305E+0	4.8418E+0	3.7186E+0
2.8646E+3	1.7884E+3	1.3152E+3	8.8194E+2	5.2420E+2	4.5222E+2	3.6315E+2	2.9186E+2	2.3196E+2	1.8320E+2	1.3791E+2	1.0372E+2	7.6537E+1	5.8304E+1	4.3099E+1	3.2614E+1	2.5333E+1	1.8786E+1	1.4289E+1	1.0910E+1	8.2684E+0	6.3346E+0	4.8449E+0	3.7210E+0
2.6596E+3	1.7345E+3	1.3387E+3	8.8354E+2	5.3584E+2	4.5185E+2	3.6364E+2	2.9041E+2	2.3304E+2	1.8287E+2	1.3790E+2	1.0362E+2	7.6531E+1	5.8252E+1	4.3091E+1	3.2620E+1	2.5358E+1	1.8793E+1	1.4304E+1	1.0920E+1	8.2730E+0	6.3396E+0	4.8483E+0	3.7238E+0
2.8551E+3	1.7632E+3	1.3269E+3	8.6797E+2	5.3199E+2	4.5052E+2	3.6413E+2	2.9153E+2	2.3286E+2	1.8342E+2	1.3788E+2	1.0376E+2	7.6592E+1	5.8333E+1	4.3139E+1	3.2651E+1	2.5376E+1	1.8808E+1	1.4313E+1	1.0928E+1	8.2802E+0	6.3440E+0	4.8517E+0	3.7264E+0
2.9060E+3	1.7883E+3	1.3179E+3	8.8413E+2	5.3662E+2	4.4921E+2	3.6260E+2	2.9024E+2	2.3359E+2	1.8330E+2	1.3819E+2	1.0383E+2	7.6664E+1	5.8389E+1	4.3170E+1	3.2673E+1	2.5401E+1	1.8823E+1	1.4327E+1	1.0937E+1	8.2867E+0	6.3490E+0	4.8556E+0	3.7293E+0
2.8357E+3	1.7329E+3	1.3416E+3	8.8871E+2	5.4318E+2	4.4886E+2	3.6376E+2	2.9122E+2	2.3366E+2	1.8344E+2	1.3824E+2	1.0394E+2	7.6716E+1	5.8425E+1	4.3206E+1	3.2699E+1	2.5420E+1	1.8840E+1	1.4337E+1	1.0945E+1	8.2930E+0	6.3535E+0	4.8595E+0	3.7318E+0
2.9665E+3	1.7882E+3	1.3141E+3	8.8747E+2	5.3107E+2	4.5307E+2	3.6312E+2	2.9048E+2	2.3275E+2	1.8399E+2	1.3841E+2	1.0413E+2	7.6802E+1	5.8510E+1	4.3246E+1	3.2726E+1	2.5430E+1	1.8849E+1	1.4346E+1	1.0954E+1	8.2973E+0	6.3584E+0	4.8625E+0	3.7344E+0
2.8279E+3	1.7494E+3	1.3308E+3	8.8057E+2	5.3157E+2	4.5300E+2	3.6470E+2	2.8967E+2	2.3386E+2	1.8360E+2	1.3823E+2	1.0409E+2	7.6844E+1	5.8495E+1	4.3257E+1	3.2746E+1	2.5453E+1	1.8866E+1	1.4357E+1	1.0961E+1	8.3045E+0	6.3625E+0	4.8659E+0	3.7367E+0
2.8237E+3	1.7767E+3	1.3316E+3	8.8220E+2	5.3809E+2	4.5098E+2	3.6454E+2	2.9111E+2	2.3383E+2	1.8417E+2	1.3834E+2	1.0413E+2	7.6875E+1	5.8560E+1	4.3297E+1	3.2772E+1	2.5474E+1	1.8879E+1	1.4367E+1	1.0969E+1	8.3108E+0	6.3675E+0	4.8699E+0	3.7392E+0
2.7964E+3	1.7873E+3	1.3169E+3	8.9180E+2	5.6170E+2	4.5299E+2	3.6583E+2	2.9259E+2	2.3366E+2	1.8439E+2	1.3853E+2	1.0427E+2	7.6945E+1	5.8603E+1	4.3333E+1	3.2795E+1	2.5494E+1	1.8895E+1	1.4379E+1	1.0978E+1	8.3177E+0	6.3721E+0	4.8730E+0	3.7421E+0
2.8696E+3	1.7609E+3	1.3381E+3	8.7230E+2	5.3510E+2	4.4960E+2	3.6720E+2	2.9187E+2	2.3494E+2	1.8415E+2	1.3856E+2	1.0435E+2	7.7027E+1	5.8656E+1	4.3373E+1	3.2821E+1	2.5513E+1	1.8908E+1	1.4391E+1	1.0986E+1	8.3230E+0	6.3766E+0	4.8766E+0	3.7447E+0
2.8066E+3	1.7860E+3	1.3217E+3	8.8161E+2	5.2981E+2	4.5250E+2	3.6739E+2	2.9035E+2	2.3411E+2	1.8456E+2	1.3863E+2	1.0442E+2	7.7103E+1	5.8692E+1	4.3403E+1	3.2836E+1	2.5532E+1	1.8918E+1	1.4399E+1	1.0991E+1	8.3292E+0	6.3811E+0	4.8799E+0	3.7472E+0
2.8716E+3	1.7484E+3	1.3443E+3	8.9032E+2	5.4072E+2	4.5427E+2	3.6710E+2	2.9213E+2	2.3460E+2	1.8449E+2	1.3871E+2	1.0441E+2	7.7064E+1	5.8712E+1	4.3417E+1	3.2869E+1	2.5546E+1	1.8936E+1	1.4409E+1	1.1001E+1	8.3348E+0	6.3853E+0	4.8833E+0	3.7499E+0
2.7848E+3	1.7802E+3	1.3335E+3	8.9116E+2	5.4309E+2	4.5642E+2	3.6773E+2	2.9231E+2	2.3437E+2	1.8452E+2	1.3892E+2	1.0459E+2	7.7156E+1	5.8782E+1	4.3454E+1	3.2892E+1	2.5570E+1	1.8945E+1	1.4422E+1	1.1009E+1	8.3406E+0	6.3898E+0	4.8866E+0	3.7522E+0
2.9424E+3	1.7899E+3	1.3219E+3	8.8246E+2	5.4925E+2	4.5288E+2	3.6718E+2	2.9472E+2	2.3502E+2	1.8446E+2	1.3896E+2	1.0454E+2	7.7219E+1	5.8815E+1	4.3488E+1	3.2913E+1	2.5588E+1	1.8963E+1	1.4432E+1	1.1018E+1	8.3472E+0	6.3947E+0	4.8902E+0	3.7550E+0
2.7531E+3	1.7590E+3	1.3359E+3	8.8837E+2	5.3308E+2	4.5282E+2	3.6793E+2	2.9232E+2	2.3501E+2	1.8537E+2	1.3913E+2	1.0465E+2	7.7263E+1	5.8859E+1	4.3516E+1	3.2942E+1	2.5607E+1	1.8976E+1	1.4443E+1	1.1026E+1	8.3538E+0	6.3996E+0	4.8936E+0	3.7578E+0
2.8812E+3	1.7865E+3	1.3104E+3	8.9740E+2	5.3361E+2	4.5499E+2	3.6694E+2	2.9197E+2	2.3451E+2	1.8532E+2	1.3921E+2	1.0486E+2	7.7393E+1	5.8886E+1	4.3539E+1	3.2945E+1	2.5626E+1	1.8992E+1	1.4449E+1	1.1033E+1	8.3579E+0	6.4033E+0	4.8969E+0	3.7594E+0
2.8076E+3	1.7669E+3	1.3299E+3	8.8840E+2	5.4639E+2	4.5388E+2	3.6732E+2	2.9160E+2	2.3604E+2	1.8475E+2	1.3930E+2	1.0476E+2	7.7341E+1	5.8931E+1	4.3580E+1	3.2991E+1	2.5640E+1	1.9003E+1	1.4462E+1	1.1040E+1	8.3638E+0	6.4079E+0	4.8999E+0	3.7625E+0
2.8745E+3	1.7725E+3	1.3333E+3	8.9051E+2	5.3884E+2	4.5348E+2	3.6610E+2	2.9369E+2	2.3560E+2	1.8502E+2	1.3952E+2	1.0484E+2	7.7407E+1	5.8971E+1	4.3616E+1	3.3015E+1	2.5656E+1	1.9017E+1	1.4473E+1	1.1048E+1	8.3700E+0	6.4123E+0	4.9036E+0	3.7650E+0
2.9096E+3	1.8072E+3	1.3599E+3	8.9513E+2	5.2782E+2	4.5540E+2	3.6660E+2	2.9544E+2	2.3695E+2	1.8546E+2	1.3944E+2	1.0504E+2	7.7507E+1	5.9023E+1	4.3638E+1	3.3036E+1	2.5681E+1	1.9031E+1	1.4483E+1	1.1056E+1	8.3773E+0	6.4173E+0	4.9073E+0	3.7672E+0
2.7898E+3	1.7817E+3	1.3031E+3	8.9982E+2	5.4018E+2	4.5694E+2	3.7049E+2	2.9382E+2	2.3697E+2	1.8561E+2	1.3965E+2	1.0520E+2	7.7649E+1	5.9064E+1	4.3652E+1	3.3046E+1	2.5701E+1	1.9051E+1	1.4491E+1	1.1065E+1	8.3821E+0	6.4210E+0	4.9110E+0	3.7700E+0
2.8612E+3	1.8064E+3	1.3519E+3	8.9135E+2	5.4025E+2	4.5501E+2	3.6504E+2	2.9407E+2	2.3695E+2	1.8581E+2	1.3959E+2	1.0505E+2	7.7567E+1	5.9086E+1	4.3706E+1	3.3074E+1	2.5710E+1	1.9054E+1	1.4502E+1	1.1071E+1	8.3872E+0	6.4250E+0	4.9131E+0	3.7723E+0
2.9825E+3	1.7750E+3	1.3426E+3	8.9231E+2	5.3603E+2	4.5736E+2	3.6861E+2	2.9290E+2	2.3650E+2	1.8562E+2	1.3950E+2	1.0519E+2	7.7709E+1	5.9124E+1	4.3723E+1	3.3103E+1	2.5729E+1	1.9071E+1	1.4513E+1	1.1079E+1	8.3932E+0	6.4300E+0	4.9162E+0	3.7751E+0
2.9838E+3	1.8008E+3	1.3574E+3	8.8817E+2	5.4225E+2	4.5635E+2	3.6899E+2	2.9328E+2	2.3678E+2	1.8549E+2	1.3978E+2	1.0528E+2	7.7722E+1	5.9174E+1	4.3768E+1	3.3128E+1	2.5748E+1	1.9085E+1	1.4525E+1	1.1088E+1	8.4003E+0	6.4347E+0	4.9200E+0	3.7777E+0
2.8422E+3	1.8169E+3	1.3436E+3	8.9109E+2	5.2738E+2	4.5496E+2	3.6867E+2	2.9356E+2	2.3637E+2	1.8623E+2	1.4003E+2	1.0533E+2	7.7737E+1	5.9227E+1	4.3806E+1	3.3156E+1	2.5771E+1	1.9098E+1	1.4533E+1	1.1096E+1	8.4064E+0	6.4389E+0	4.9236E+0	3.7801E+0
2.8996E+3	1.7942E+3	1.3259E+3	8.9295E+2	5.3046E+2	4.5668E+2	3.6836E+2	2.9609E+2	2.3660E+2	1.8612E+2	1.3984E+2	1.0546E+2	7.7856E+1	5.9246E+1	4.3810E+1	3.3168E+1	2.5784E+1	1.9112E+1	1.4547E+1	1.1104E+1	8.4117E+0	6.4443E+0	4.9271E+0	3.7828E+0
2.7492E+3	1.7752E+3	1.3337E+3	8.9408E+2	5.4557E+2	4.5695E+2	3.7031E+2	2.9463E+2	2.3680E+2	1.8595E+2	1.4006E+2	1.0544E+2	7.7838E+1	5.9279E+1	4.3835E+1	3.3184E+1	2.5796E+1	1.9122E+1	1.4555E+1	1.1109E+1	8.4166E+0	6.4471E+0	4.9296E+0	3.7848E+0
2.9073E+3	1.8153E+3	1.3573E+3	9.0131E+2	5.4891E+2	4.5763E+2	3.6985E+2	2.9423E+2	2.3713E+2	1.8651E+2	1.4029E+2	1.0553E+2	7.7908E+1	5.9334E+1	4.3881E+1	3.3219E+1	2.5822E+1	1.9135E+1	1.4564E+1	1.1117E+1	8.4220E+0	6.4517E+0	4.9333E+0	3.7874E+0
2.7051E+3	1.7546E+3	1.3613E+3	8.9292E+2	5.3378E+2	4.5686E+2	3.7018E+2	2.9546E+2	2.3733E+2	1.8630E+2	1.4032E+2	1.0553E+2	7.7925E+1	5.9398E+1	4.3928E+1	3.3237E+1	2.5842E+1	1.9150E+1	1.4574E+1	1.1126E+1	8.4286E+0	6.4564E+0	4.9364E+0	3.7902E+0
2.8978E+3	1.8314E+3	1.3498E+3	8.9516E+2	5.3719E+2	4.5587E+2	3.7103E+2	2.9689E+2	2.3785E+2	1.8607E+2	1.4041E+2	1.0566E+2	7.8027E+1	5.9393E+1	4.3947E+1	3.3270E+1	2.5854E+1	1.9165E+1	1.4585E+1	1.1134E+1	8.4345E+0	6.4613E+0	4.9399E+0	3.7924E+0
2.7842E+3	1.8022E+3	1.3151E+3	9.0482E+2	5.4868E+2	4.6218E+2	3.7029E+2	2.9585E+2	2.3740E+2	1.8716E+2	1.4033E+2	1.0589E+2	7.8142E+1	5.9417E+1	4.3944E+1	3.3291E+1	2.5863E+1	1.9171E+1	1.4593E+1	1.1142E+1	8.4394E+0	6.4657E+0	4.9434E+0	3.7947E+0
2.8361E+3	1.7948E+3	1.3415E+3	8.8827E+2	5.3693E+2	4.5793E+2	3.7000E+2	2.9492E+2	2.3847E+2	1.8709E+2	1.4053E+2	1.0583E+2	7.8089E+1	5.9466E+1	4.3988E+1	3.3300E+1	2.5886E+1	1.9185E+1	1.4602E+1	1.1148E+1	8.4449E+0	6.4686E+0	4.9461E+0	3.7970E+0
2.8544E+3	1.8028E+3	1.3337E+3	8.9660E+2	5.4451E+2	4.5864E+2	3.7108E+2	2.9572E+2	2.3766E+2	1.8739E+2	1.4057E+2	1.0595E+2	7.8181E+1	5.9498E+1	4.4019E+1	3.3328E+1	2.5905E+1	1.9201E+1	1.4612E+1	1.1155E+1	8.4507E+0	6.4728E+0	4.9494E+0	3.7995E+0
2.7246E+3	1.8004E+3	1.3622E+3	9.0368E+2	5.4071E+2	4.5723E+2	3.6984E+2	2.9672E+2	2.3811E+2	1.8740E+2	1.4067E+2	1.0598E+2	7.8205E+1	5.9578E+1	4.4066E+1	3.3354E+1	2.5926E+1	1.9217E+1	1.4623E+1	1.1164E+1	8.4579E+0	6.4777E+0	4.9530E+0	3.8023E+0
2.7850E+3	1.7859E+3	1.3558E+3	8.9120E+2	5.5418E+2	4.6300E+2	3.7288E+2	2.9662E+2	2.3845E+2	1.8735E+2	1.4103E+2	1.0599E+2	7.8290E+1	5.9626E+1	4.4096E+1	3.3375E+1	2.5946E+1	1.9230E+1	1.4635E+1	1.1172E+1	8.4628E+0	6.4822E+0	4.9562E+0	3.8044E+0
2.8648E+3	1.7647E+3	1.3407E+3	9.0360E+2	5.4582E+2	4.6082E+2	3.7198E+2	2.9698E+2	2.3841E+2	1.8805E+2	1.4073E+2	1.0626E+2	7.8356E+1	5.9587E+1	4.4104E+1	3.3416E+1	2.5961E+1	1.9245E+1	1.4642E+1	1.1178E+1	8.4688E+0	6.4869E+0	4.9588E+0	3.8065E+0
2.8201E+3	1.7820E+3	1.3459E+3	8.9782E+2	5.4891E+2	4.6101E+2	3.7117E+2	2.9664E+2	2.3879E+2	1.8729E+2	1.4105E+2	1.0611E+2	7.8364E+1	5.9674E+1	4.4143E+1	3.3414E+1	2.5973E+1	1.9252E+1	1.4652E+1	1.1185E+1	8.4733E+0	6.4902E+0	4.9621E+0	3.8089E+0
2.9239E+3	1.7956E+3	1.3661E+3	9.0298E+2	5.3985E+2	4.5720E+2	3.7300E+2	2.9656E+2	2.3853E+2	1.8724E+2	1.4106E+2	1.0621E+2	7.8423E+1	5.9751E+1	4.4178E+1	3.3428E+1	2.5993E+1	1.9263E+1	1.4661E+1	1.1192E+1	8.4790E+0	6.4948E+0	4.9652E+0	3.8115E+0
2.8932E+3	1.8004E+3	1.3528E+3	9.0620E+2	5.3833E+2	4.5766E+2	3.7076E+2	2.9923E+2	2.3893E+2	1.8785E+2	1.4132E+2	1.0631E+2	7.8468E+1	5.9786E+1	4.4214E+1	3.3462E+1	2.6013E+1	1.9277E+1	1.4672E+1	1.1200E+1	8.4851E+0	6.4999E+0	4.9683E+0	3.8146E+0
2.9227E+3	1.8266E+3	1.3563E+3	8.9468E+2	5.5176E+2	4.6102E+2	3.7368E+2	2.9859E+2	2.3880E+2	1.8791E+2	1.4133E+2	1.0638E+2	7.8537E+1	5.9832E+1	4.4240E+1	3.3490E+1	2.6028E+1	1.9292E+1	1.4682E+1	1.1208E+1	8.4915E+0	6.5039E+0	4.9721E+0	3.8166E+0
2.9156E+3	1.8321E+3	1.3368E+3	9.1241E+2	5.3871E+2	4.6167E+2	3.7235E+2	2.9864E+2	2.3852E+2	1.8796E+2	1.4092E+2	1.0646E+2	7.8526E+1	5.9833E+1	4.4253E+1	3.3512E+1	2.6041E+1	1.9303E+1	1.4691E+1	1.1215E+1	8.4954E+0	6.5075E+0	4.9744E+0	3.8189E+0
2.6783E+3	1.7841E+3	1.3746E+3	8.9122E+2	5.4935E+2	4.5813E+2	3.7028E+2	2.9689E+2	2.3867E+2	1.8765E+2	1.4159E+2	1.0639E+2	7.8622E+1	5.9891E+1	4.4289E+1	3.3520E+1	2.6056E+1	1.9312E+1	1.4697E+1	1.1221E+1	8.5004E+0	6.5102E+0	4.9778E+0	3.8208E+0
2.9257E+3	1.8083E+3	1.3606E+3	9.0842E+2	5.4201E+2	4.6203E+2	3.7198E+2	2.9996E+2	2.3938E+2	1.8826E+2	1.4151E+2	1.0657E+2	7.8700E+1	5.9934E+1	4.4312E+1	3.3542E+1	2.6076E+1	1.9330E+1	1.4710E+1	1.1229E+1	8.5064E+0	6.5149E+0	4.9807E+0	3.8234E+0
2.8907E+3	1.7869E+3	1.3635E+3	8.9948E+2	5.4828E+2	4.6261E+2	3.7168E+2	2.9741E+2	2.3917E+2	1.8819E+2	1.4147E+2	1.0663E+2	7.8728E+1	5.9973E+1	4.4351E+1	3.3568E+1	2.6097E+1	1.9342E+1	1.4720E+1	1.1236E+1	8.5126E+0	6.5197E+0	4.9846E+0	3.8256E+0
2.8187E+3	1.8107E+3	1.3646E+3	9.0615E+2	5.4193E+2	4.6419E+2	3.7329E+2	2.9875E+2	2.3935E+2	1.8832E+2	1.4165E+2	1.0673E+2	7.8777E+1	5.9983E+1	4.4395E+1	3.3597E+1	2.6114E+1	1.9358E+1	1.4730E+1	1.1244E+1	8.5180E+0	6.5238E+0	4.9874E+0	3.8285E+0
2.9533E+3	1.8361E+3	1.3263E+3	9.0394E+2	5.5430E+2	4.6344E+2	3.7282E+2	2.9801E+2	2.3973E+2	1.8882E+2	1.4142E+2	1.0670E+2	7.8784E+1	5.9981E+1	4.4425E+1	3.3613E+1	2.6138E+1	1.9361E+1	1.4735E+1	1.1249E+1	8.5212E+0	6.5272E+0	4.9907E+0	3.8299E+0
2.7698E+3	1.7971E+3	1.3577E+3	9.0442E+2	5.4945E+2	4.6083E+2	3.7472E+2	2.9778E+2	2.4002E+2	1.8861E+2	1.4189E+2	1.0686E+2	7.8797E+1	6.0057E+1	4.4425E+1	3.3629E+1	2.6144E+1	1.9378E+1	1.4745E+1	1.1257E+1	8.5271E+0	6.5317E+0	4.9931E+0	3.8325E+0
2.8805E+3	1.8252E+3	1.3684E+3	8.9060E+2	5.6077E+2	4.6331E+2	3.7280E+2	2.9770E+2	2.3969E+2	1.8834E+2	1.4216E+2	1.0681E+2	7.8914E+1	6.0107E+1	4.4446E+1	3.3654E+1	2.6156E+1	1.9393E+1	1.4757E+1	1.1265E+1	8.5333E+0	6.5361E+0	4.9960E+0	3.8351E+0
2.8172E+3	1.8008E+3	1.3546E+3	9.0549E+2	5.6309E+2	4.6307E+2	3.7414E+2	2.9977E+2	2.3982E+2	1.8892E+2	1.4204E+2	1.0695E+2	7.8933E+1	6.0147E+1	4.4492E+1	3.3668E+1	2.6183E+1	1.9402E+1	1.4766E+1	1.1273E+1	8.5388E+0	6.5405E+0	4.9996E+0	3.8375E+0
2.8218E+3	1.8184E+3	1.3526E+3	9.0024E+2	5.5426E+2	4.6322E+2	3.7211E+2	3.0011E+2	2.4063E+2	1.8868E+2	1.4203E+2	1.0699E+2	7.9040E+1	6.0199E+1	4.4528E+1	3.3699E+1	2.6200E+1	1.9420E+1	1.4777E+1	1.1280E+1	8.5455E+0	6.5450E+0	5.0032E+0	3.8400E+0
2.8825E+3	1.8458E+3	1.3764E+3	9.0983E+2	5.5799E+2	4.5998E+2	3.7548E+2	3.0027E+2	2.4070E+2	1.8962E+2	1.4179E+2	1.0710E+2	7.8988E+1	6.0188E+1	4.4552E+1	3.3708E+1	2.6210E+1	1.9423E+1	1.4782E+1	1.1286E+1	8.5499E+0	6.5477E+0	5.0058E+0	3.8418E+0
2.7756E+3	1.7679E+3	1.3649E+3	9.0352E+2	5.4819E+2	4.6156E+2	3.7393E+2	3.0079E+2	2.4011E+2	1.8865E+2	1.4226E+2	1.0708E+2	7.9083E+1	6.0247E+1	4.4559E+1	3.3739E+1	2.6223E+1	1.9437E+1	1.4793E+1	1.1292E+1	8.5544E+0	6.5518E+0	5.0087E+0	3.8443E+0
2.9097E+3	1.8337E+3	1.3602E+3	9.1192E+2	5.5283E+2	4.6481E+2	3.7461E+2	2.9955E+2	2.4023E+2	1.8919E+2	1.4245E+2	1.0722E+2	7.9131E+1	6.0274E+1	4.4606E+1	3.3755E+1	2.6245E+1	1.9453E+1	1.4803E+1	1.1300E+1	8.5592E+0	6.5559E+0	5.0115E+0	3.8467E+0
2.7770E+3	1.7951E+3	1.3626E+3	9.1734E+2	5.5981E+2	4.6418E+2	3.7584E+2	3.0197E+2	2.4054E+2	1.8934E+2	1.4244E+2	1.0727E+2	7.9178E+1	6.0340E+1	4.4617E+1	3.3782E+1	2.6261E+1	1.9463E+1	1.4813E+1	1.1308E+1	8.5652E+0	6.5604E+0	5.0150E+0	3.8488E+0
2.8457E+3	1.8148E+3	1.3587E+3	9.1104E+2	5.5344E+2	4.6409E+2	3.7570E+2	3.0118E+2	2.4144E+2	1.8910E+2	1.4265E+2	1.0729E+2	7.9234E+1	6.0370E+1	4.4655E+1	3.3802E+1	2.6277E+1	1.9479E+1	1.4823E+1	1.1316E+1	8.5712E+0	6.5650E+0	5.0184E+0	3.8514E+0
2.8853E+3	1.8371E+3	1.3271E+3	9.1467E+2	5.5892E+2	4.6341E+2	3.7397E+2	3.0004E+2	2.4125E+2	1.9033E+2	1.4222E+2	1.0736E+2	7.9166E+1	6.0393E+1	4.4692E+1	3.3792E+1	2.6276E+1	1.9487E+1	1.4831E+1	1.1319E+1	8.5740E+0	6.5667E+0	5.0205E+0	3.8528E+0
2.7726E+3	1.7910E+3	1.3775E+3	9.0824E+2	5.5453E+2	4.6468E+2	3.7631E+2	2.9920E+2	2.4137E+2	1.8973E+2	1.4257E+2	1.0737E+2	7.9302E+1	6.0429E+1	4.4695E+1	3.3829E+1	2.6301E+1	1.9497E+1	1.4838E+1	1.1327E+1	8.5806E+0	6.5714E+0	5.0236E+0	3.8555E+0
2.9030E+3	1.8232E+3	1.3695E+3	9.0986E+2	5.5785E+2	4.6572E+2	3.7805E+2	3.0090E+2	2.4122E+2	1.8974E+2	1.4279E+2	1.0753E+2	7.9355E+1	6.0459E+1	4.4728E+1	3.3856E+1	2.6320E+1	1.9511E+1	1.4847E+1	1.1335E+1	8.5854E+0	6.5761E+0	5.0266E+0	3.8577E+0
2.8889E+3	1.8150E+3	1.3736E+3	9.1502E+2	5.5347E+2	4.6523E+2	3.7642E+2	3.0036E+2	2.4164E+2	1.8955E+2	1.4290E+2	1.0758E+2	7.9450E+1	6.0510E+1	4.4761E+1	3.3876E+1	2.6341E+1	1.9524E+1	1.4857E+1	1.1343E+1	8.5915E+0	6.5805E+0	5.0299E+0	3.8604E+0
2.8559E+3	1.8288E+3	1.3382E+3	9.1558E+2	5.4989E+2	4.6504E+2	3.7475E+2	3.0131E+2	2.4182E+2	1.9026E+2	1.4279E+2	1.0758E+2	7.9417E+1	6.0587E+1	4.4796E+1	3.3903E+1	2.6355E+1	1.9539E+1	1.4868E+1	1.1350E+1	8.5982E+0	6.5852E+0	5.0332E+0	3.8627E+0
2.9146E+3	1.8508E+3	1.3588E+3	9.1493E+2	5.5365E+2	4.6451E+2	3.7691E+2	3.0120E+2	2.4196E+2	1.9014E+2	1.4281E+2	1.0763E+2	7.9467E+1	6.0562E+1	4.4801E+1	3.3913E+1	2.6366E+1	1.9545E+1	1.4871E+1	1.1354E+1	8.6007E+0	6.5870E+0	5.0352E+0	3.8643E+0
2.8189E+3	1.8159E+3	1.3589E+3	9.1692E+2	5.6090E+2	4.6640E+2	3.7690E+2	3.0228E+2	2.4196E+2	1.9000E+2	1.4319E+2	1.0771E+2	7.9557E+1	6.0608E+1	4.4824E+1	3.3933E+1	2.6385E+1	1.9558E+1	1.4884E+1	1.1363E+1	8.6063E+0	6.5915E+0	5.0382E+0	3.8668E+0
2.9932E+3	1.8378E+3	1.3653E+3	9.1507E+2	5.5663E+2	4.6648E+2	3.7633E+2	3.0257E+2	2.4197E+2	1.9057E+2	1.4304E+2	1.0780E+2	7.9588E+1	6.0674E+1	4.4857E+1	3.3952E+1	2.6398E+1	1.9574E+1	1.4892E+1	1.1370E+1	8.6114E+0	6.5955E+0	5.0410E+0	3.8689E+0
2.7872E+3	1.7870E+3	1.3863E+3	9.1847E+2	5.4172E+2	4.6593E+2	3.7707E+2	3.0277E+2	2.4195E+2	1.8997E+2	1.4359E+2	1.0780E+2	7.9679E+1	6.0680E+1	4.4896E+1	3.3987E+1	2.6418E+1	1.9584E+1	1.4903E+1	1.1376E+1	8.6175E+0	6.5996E+0	5.0448E+0	3.8712E+0
2.9349E+3	1.8286E+3	1.3293E+3	9.0587E+2	5.5593E+2	4.6758E+2	3.7617E+2	3.0222E+2	2.4293E+2	1.9099E+2	1.4315E+2	1.0781E+2	7.9625E+1	6.0760E+1	4.4917E+1	3.4001E+1	2.6434E+1	1.9593E+1	1.4912E+1	1.1382E+1	8.6231E+0	6.6050E+0	5.0483E+0	3.8732E+0
2.9359E+3	1.8361E+3	1.3785E+3	9.1549E+2	5.6343E+2	4.6600E+2	3.7663E+2	3.0114E+2	2.4226E+2	1.9067E+2	1.4325E+2	1.0798E+2	7.9706E+1	6.0736E+1	4.4939E+1	3.4017E+1	2.6446E+1	1.9596E+1	1.4918E+1	1.1388E+1	8.6253E+0	6.6070E+0	5.0500E+0	3.8753E+0
2.9159E+3	1.8026E+3	1.3693E+3	9.0827E+2	5.6011E+2	4.6765E+2	3.7796E+2	3.0221E+2	2.4264E+2	1.9078E+2	1.4339E+2	1.0807E+2	7.9753E+1	6.0771E+1	4.4959E+1	3.4041E+1	2.6465E+1	1.9614E+1	1.4927E+1	1.1395E+1	8.6318E+0	6.6104E+0	5.0535E+0	3.8776E+0
2.8898E+3	1.8295E+3	1.3654E+3	9.0882E+2	5.5305E+2	4.6591E+2	3.7780E+2	3.0169E+2	2.4293E+2	1.9109E+2	1.4365E+2	1.0810E+2	7.9827E+1	6.0820E+1	4.4996E+1	3.4060E+1	2.6480E+1	1.9629E+1	1.4937E+1	1.1402E+1	8.6377E+0	6.6153E+0	5.0562E+0	3.8799E+0
2.8642E+3	1.8303E+3	1.3889E+3	9.1590E+2	5.5329E+2	4.6798E+2	3.7779E+2	3.0380E+2	2.4259E+2	1.9106E+2	1.4362E+2	1.0816E+2	7.9882E+1	6.0879E+1	4.5018E+1	3.4081E+1	2.6497E+1	1.9641E+1	1.4949E+1	1.1410E+1	8.6432E+0	6.6194E+0	5.0595E+0	3.8823E+0
2.8817E+3	1.8522E+3	1.3516E+3	9.0406E+2	5.4815E+2	4.6606E+2	3.7673E+2	3.0078E+2	2.4333E+2	1.9111E+2	1.4357E+2	1.0811E+2	7.9853E+1	6.0923E+1	4.5026E+1	3.4112E+1	2.6518E+1	1.9647E+1	1.4957E+1	1.1417E+1	8.6474E+0	6.6233E+0	5.0621E+0	3.8845E+0
2.9291E+3	1.8519E+3	1.3742E+3	9.1454E+2	5.5203E+2	4.6927E+2	3.7947E+2	3.0383E+2	2.4317E+2	1.9106E+2	1.4373E+2	1.0822E+2	7.9913E+1	6.0906E+1	4.5048E+1	3.4111E+1	2.6517E+1	1.9658E+1	1.4961E+1	1.1421E+1	8.6509E+0	6.6255E+0	5.0640E+0	3.8859E+0
2.8111E+3	1.8254E+3	1.3783E+3	9.1574E+2	5.6268E+2	4.6714E+2	3.7984E+2	3.0291E+2	2.4239E+2	1.9112E+2	1.4389E+2	1.0828E+2	8.0004E+1	6.0928E+1	4.5094E+1	3.4136E+1	2.6538E+1	1.9672E+1	1.4971E+1	1.1429E+1	8.6570E+0	6.6300E+0	5.0677E+0	3.8885E+0
2.9157E+3	1.8174E+3	1.3573E+3	9.1249E+2	5.5079E+2	4.6780E+2	3.7893E+2	3.0503E+2	2.4352E+2	1.9117E+2	1.4397E+2	1.0840E+2	8.0046E+1	6.0973E+1	4.5126E+1	3.4157E+1	2.6550E+1	1.9687E+1	1.4981E+1	1.1435E+1	8.6622E+0	6.6344E+0	5.0707E+0	3.8911E+0
2.8714E+3	1.7622E+3	1.3982E+3	9.0736E+2	5.5216E+2	4.6722E+2	3.7973E+2	3.0095E+2	2.4338E+2	1.9096E+2	1.4413E+2	1.0847E+2	8.0096E+1	6.1025E+1	4.5153E+1	3.4182E+1	2.6572E+1	1.9699E+1	1.4989E+1	1.1443E+1	8.6686E+0	6.6389E+0	5.0736E+0	3.8930E+0
3.0182E+3	1.8219E+3	1.3393E+3	9.2644E+2	5.6451E+2	4.7221E+2	3.7959E+2	3.0203E+2	2.4359E+2	1.9185E+2	1.4384E+2	1.0832E+2	8.0064E+1	6.1139E+1	4.5135E+1	3.4218E+1	2.6599E+1	1.9709E+1	1.4997E+1	1.1450E+1	8.6738E+0	6.6409E+0	5.0757E+0	3.8945E+0
3.0632E+3	1.8241E+3	1.3824E+3	9.0675E+2	5.5233E+2	4.6954E+2	3.7978E+2	3.0557E+2	2.4373E+2	1.9165E+2	1.4414E+2	1.0855E+2	8.0160E+1	6.1065E+1	4.5187E+1	3.4204E+1	2.6596E+1	1.9714E+1	1.5003E+1	1.1454E+1	8.6753E+0	6.6443E+0	5.0787E+0	3.8968E+0
2.9214E+3	1.7855E+3	1.3908E+3	9.1477E+2	5.5689E+2	4.6847E+2	3.7900E+2	3.0175E+2	2.4349E+2	1.9203E+2	1.4434E+2	1.0863E+2	8.0221E+1	6.1109E+1	4.5222E+1	3.4238E+1	2.6610E+1	1.9726E+1	1.5014E+1	1.1462E+1	8.6814E+0	6.6489E+0	5.0816E+0	3.8989E+0
2.7848E+3	1.8265E+3	1.3792E+3	9.0664E+2	5.5558E+2	4.6733E+2	3.7965E+2	3.0342E+2	2.4379E+2	1.9156E+2	1.4433E+2	1.0869E+2	8.0280E+1	6.1137E+1	4.5253E+1	3.4253E+1	2.6632E+1	1.9741E+1	1.5024E+1	1.1470E+1	8.6872E+0	6.6530E+0	5.0848E+0	3.9017E+0
2.9038E+3	1.8494E+3	1.3879E+3	9.1416E+2	5.4689E+2	4.6991E+2	3.7997E+2	3.0514E+2	2.4388E+2	1.9203E+2	1.4445E+2	1.0877E+2	8.0305E+1	6.1207E+1	4.5259E+1	3.4276E+1	2.6653E+1	1.9753E+1	1.5033E+1	1.1475E+1	8.6921E+0	6.6574E+0	5.0878E+0	3.9036E+0
2.9244E+3	1.8343E+3	1.3379E+3	9.2915E+2	5.5766E+2	4.7125E+2	3.8174E+2	3.0325E+2	2.4472E+2	1.9200E+2	1.4430E+2	1.0865E+2	8.0304E+1	6.1267E+1	4.5254E+1	3.4291E+1	2.6658E+1	1.9766E+1	1.5037E+1	1.1480E+1	8.6954E+0	6.6596E+0	5.0897E+0	3.9060E+0
2.9316E+3	1.8340E+3	1.3916E+3	9.1997E+2	5.5934E+2	4.7194E+2	3.7955E+2	3.0283E+2	2.4362E+2	1.9206E+2	1.4441E+2	1.0880E+2	8.0398E+1	6.1237E+1	4.5301E+1	3.4300E+1	2.6670E+1	1.9771E+1	1.5046E+1	1.1486E+1	8.6999E+0	6.6632E+0	5.0924E+0	3.9078E+0
2.8941E+3	1.8043E+3	1.3927E+3	9.1336E+2	5.5043E+2	4.6860E+2	3.8375E+2	3.0575E+2	2.4410E+2	1.9178E+2	1.4458E+2	1.0893E+2	8.0436E+1	6.1263E+1	4.5347E+1	3.4323E+1	2.6685E+1	1.9780E+1	1.5054E+1	1.1493E+1	8.7055E+0	6.6669E+0	5.0957E+0	3.9098E+0
2.9260E+3	1.8523E+3	1.3928E+3	9.1652E+2	5.5105E+2	4.6935E+2	3.8114E+2	3.0366E+2	2.4423E+2	1.9197E+2	1.4470E+2	1.0900E+2	8.0494E+1	6.1312E+1	4.5374E+1	3.4343E+1	2.6708E+1	1.9792E+1	1.5064E+1	1.1500E+1	8.7108E+0	6.6713E+0	5.0985E+0	3.9120E+0
2.8231E+3	1.8130E+3	1.4007E+3	9.2692E+2	5.5121E+2	4.7085E+2	3.8219E+2	3.0562E+2	2.4467E+2	1.9188E+2	1.4469E+2	1.0905E+2	8.0512E+1	6.1355E+1	4.5400E+1	3.4367E+1	2.6720E+1	1.9809E+1	1.5073E+1	1.1508E+1	8.7165E+0	6.6755E+0	5.1020E+0	3.9145E+0
2.9180E+3	1.8405E+3	1.3472E+3	9.2305E+2	5.5387E+2	4.7112E+2	3.7869E+2	3.0547E+2	2.4528E+2	1.9235E+2	1.4436E+2	1.0881E+2	8.0539E+1	6.1394E+1	4.5381E+1	3.4378E+1	2.6714E+1	1.9813E+1	1.5084E+1	1.1513E+1	8.7206E+0	6.6777E+0	5.1038E+0	3.9156E+0
3.0179E+3	1.8566E+3	1.3812E+3	9.1480E+2	5.7021E+2	4.6885E+2	3.7974E+2	3.0750E+2	2.4489E+2	1.9273E+2	1.4512E+2	1.0910E+2	8.0601E+1	6.1400E+1	4.5418E+1	3.4402E+1	2.6743E+1	1.9822E+1	1.5085E+1	1.1518E+1	8.7251E+0	6.6813E+0	5.1062E+0	3.9178E+0
2.8588E+3	1.8440E+3	1.3757E+3	9.1935E+2	5.5894E+2	4.7168E+2	3.8026E+2	3.0401E+2	2.4542E+2	1.9239E+2	1.4487E+2	1.0912E+2	8.0636E+1	6.1443E+1	4.5447E+1	3.4410E+1	2.6751E+1	1.9834E+1	1.5096E+1	1.1525E+1	8.7291E+0	6.6854E+0	5.1096E+0	3.9202E+0
2.9128E+3	1.8431E+3	1.3777E+3	9.1337E+2	5.5068E+2	4.7173E+2	3.8089E+2	3.0467E+2	2.4587E+2	1.9284E+2	1.4493E+2	1.0919E+2	8.0693E+1	6.1487E+1	4.5491E+1	3.4433E+1	2.6773E+1	1.9845E+1	1.5106E+1	1.1532E+1	8.7347E+0	6.6898E+0	5.1125E+0	3.9226E+0
2.8546E+3	1.8053E+3	1.3882E+3	9.2535E+2	5.6565E+2	4.7168E+2	3.8016E+2	3.0444E+2	2.4531E+2	1.9263E+2	1.4506E+2	1.0930E+2	8.0744E+1	6.1514E+1	4.5508E+1	3.4457E+1	2.6791E+1	1.9864E+1	1.5118E+1	1.1539E+1	8.7405E+0	6.6938E+0	5.1157E+0	3.9248E+0
2.9548E+3	1.8537E+3	1.3468E+3	9.2738E+2	5.6428E+2	4.6816E+2	3.8103E+2	3.0371E+2	2.4582E+2	1.9260E+2	1.4497E+2	1.0914E+2	8.0770E+1	6.1520E+1	4.5524E+1	3.4458E+1	2.6796E+1	1.9863E+1	1.5117E+1	1.1543E+1	8.7439E+0	6.6961E+0	5.1177E+0	3.9265E+0
3.0479E+3	1.8456E+3	1.3727E+3	9.3076E+2	5.6829E+2	4.7187E+2	3.8159E+2	3.0449E+2	2.4530E+2	1.9339E+2	1.4504E+2	1.0932E+2	8.0781E+1	6.1551E+1	4.5548E+1	3.4486E+1	2.6812E+1	1.9876E+1	1.5127E+1	1.1549E+1	8.7480E+0	6.6991E+0	5.1199E+0	3.9282E+0
2.8370E+3	1.8503E+3	1.3893E+3	9.1244E+2	5.5026E+2	4.7330E+2	3.8111E+2	3.0762E+2	2.4526E+2	1.9289E+2	1.4525E+2	1.0944E+2	8.0830E+1	6.1598E+1	4.5581E+1	3.4500E+1	2.6828E+1	1.9889E+1	1.5137E+1	1.1556E+1	8.7531E+0	6.7030E+0	5.1230E+0	3.9305E+0
3.0185E+3	1.8777E+3	1.3668E+3	9.1787E+2	5.6414E+2	4.7215E+2	3.8210E+2	3.0728E+2	2.4579E+2	1.9313E+2	1.4535E+2	1.0950E+2	8.0909E+1	6.1653E+1	4.5605E+1	3.4527E+1	2.6846E+1	1.9900E+1	1.5147E+1	1.1564E+1	8.7594E+0	6.7074E+0	5.1263E+0	3.9328E+0
2.8491E+3	1.8357E+3	1.3884E+3	9.1960E+2	5.5731E+2	4.7152E+2	3.8260E+2	3.0561E+2	2.4577E+2	1.9314E+2	1.4552E+2	1.0960E+2	8.0940E+1	6.1676E+1	4.5636E+1	3.4547E+1	2.6864E+1	1.9915E+1	1.5157E+1	1.1570E+1	8.7644E+0	6.7112E+0	5.1291E+0	3.9345E+0
2.8726E+3	1.8767E+3	1.3498E+3	9.3874E+2	5.6701E+2	4.7024E+2	3.7910E+2	3.0387E+2	2.4597E+2	1.9327E+2	1.4544E+2	1.0946E+2	8.1000E+1	6.1664E+1	4.5649E+1	3.4543E+1	2.6871E+1	1.9920E+1	1.5159E+1	1.1574E+1	8.7653E+0	6.7139E+0	5.1308E+0	3.9360E+0
2.9589E+3	1.8720E+3	1.3846E+3	9.1833E+2	5.6925E+2	4.7298E+2	3.8350E+2	3.0502E+2	2.4617E+2	1.9334E+2	1.4551E+2	1.0963E+2	8.0947E+1	6.1708E+1	4.5653E+1	3.4583E+1	2.6881E+1	1.9929E+1	1.5168E+1	1.1580E+1	8.7711E+0	6.7170E+0	5.1335E+0	3.9381E+0
2.8677E+3	1.8612E+3	1.3755E+3	9.2714E+2	5.5781E+2	4.7249E+2	3.8272E+2	3.0513E+2	2.4718E+2	1.9396E+2	1.4551E+2	1.0958E+2	8.1049E+1	6.1756E+1	4.5689E+1	3.4590E+1	2.6900E+1	1.9944E+1	1.5177E+1	1.1587E+1	8.7770E+0	6.7210E+0	5.1363E+0	3.9404E+0
2.9871E+3	1.8541E+3	1.3874E+3	9.2048E+2	5.7393E+2	4.7262E+2	3.8310E+2	3.0653E+2	2.4639E+2	1.9401E+2	1.4580E+2	1.0983E+2	8.1123E+1	6.1786E+1	4.5728E+1	3.4614E+1	2.6921E+1	1.9957E+1	1.5188E+1	1.1594E+1	8.7818E+0	6.7253E+0	5.1398E+0	3.9425E+0
2.8946E+3	1.8349E+3	1.4018E+3	9.2664E+2	5.6810E+2	4.7369E+2	3.8339E+2	3.0628E+2	2.4614E+2	1.9376E+2	1.4580E+2	1.0984E+2	8.1107E+1	6.1831E+1	4.5743E+1	3.4648E+1	2.6936E+1	1.9964E+1	1.5195E+1	1.1602E+1	8.7868E+0	6.7292E+0	5.1421E+0	3.9448E+0
2.8490E+3	1.7929E+3	1.3500E+3	9.2954E+2	5.6072E+2	4.7634E+2	3.8339E+2	3.0560E+2	2.4664E+2	1.9384E+2	1.4545E+2	1.0974E+2	8.1197E+1	6.1797E+1	4.5761E+1	3.4640E+1	2.6944E+1	1.9973E+1	1.5200E+1	1.1602E+1	8.7895E+0	6.7306E+0	5.1437E+0	3.9463E+0
2.9769E+3	1.8514E+3	1.4024E+3	9.1936E+2	5.6294E+2	4.7164E+2	3.8351E+2	3.0531E+2	2.4624E+2	1.9421E+2	1.4592E+2	1.0994E+2	8.1210E+1	6.1883E+1	4.5776E+1	3.4663E+1	2.6953E+1	1.9983E+1	1.5207E+1	1.1610E+1	8.7945E+0	6.7343E+0	5.1462E+0	3.9482E+0
2.8750E+3	1.8502E+3	1.3883E+3	9.1643E+2	5.6012E+2	4.7396E+2	3.8094E+2	3.0663E+2	2.4662E+2	1.9346E+2	1.4596E+2	1.0998E+2	8.1228E+1	6.1911E+1	4.5796E+1	3.4688E+1	2.6963E+1	1.9992E+1	1.5217E+1	1.1616E+1	8.7999E+0	6.7388E+0	5.1498E+0	3.9503E+0
2.8798E+3	1.8628E+3	1.3830E+3	9.2401E+2	5.7759E+2	4.7491E+2	3.8475E+2	3.0711E+2	2.4646E+2	1.9419E+2	1.4603E+2	1.1003E+2	8.1299E+1	6.1926E+1	4.5839E+1	3.4699E+1	2.6983E+1	2.0005E+1	1.5226E+1	1.1624E+1	8.8038E+0	6.7423E+0	5.1525E+0	3.9527E+0
2.9045E+3	1.8329E+3	1.3551E+3	9.4837E+2	5.5924E+2	4.7240E+2	3.8420E+2	3.0646E+2	2.4790E+2	1.9378E+2	1.4603E+2	1.0996E+2	8.1433E+1	6.1925E+1	4.5886E+1	3.4729E+1	2.7005E+1	2.0020E+1	1.5233E+1	1.1633E+1	8.8090E+0	6.7455E+0	5.1557E+0	3.9545E+0
2.7465E+3	1.8191E+3	1.3840E+3	9.3400E+2	5.6863E+2	4.7284E+2	3.8345E+2	3.0691E+2	2.4691E+2	1.9428E+2	1.4638E+2	1.1005E+2	8.1352E+1	6.1969E+1	4.5856E+1	3.4729E+1	2.7008E+1	2.0017E+1	1.5235E+1	1.1633E+1	8.8114E+0	6.7475E+0	5.1565E+0	3.9558E+0
2.9630E+3	1.8688E+3	1.3908E+3	9.1829E+2	5.7003E+2	4.7333E+2	3.8447E+2	3.0546E+2	2.4715E+2	1.9453E+2	1.4605E+2	1.1013E+2	8.1365E+1	6.2012E+1	4.5896E+1	3.4753E+1	2.7018E+1	2.0032E+1	1.5247E+1	1.1640E+1	8.8168E+0	6.7519E+0	5.1590E+0	3.9581E+0
2.7725E+3	1.8355E+3	1.3949E+3	9.3482E+2	5.7343E+2	4.7471E+2	3.8577E+2	3.0645E+2	2.4706E+2	1.9445E+2	1.4646E+2	1.1027E+2	8.1435E+1	6.2048E+1	4.5915E+1	3.4765E+1	2.7028E+1	2.0046E+1	1.5256E+1	1.1647E+1	8.8225E+0	6.7555E+0	5.1624E+0	3.9603E+0
2.9202E+3	1.8953E+3	1.3848E+3	9.2198E+2	5.7517E+2	4.7908E+2	3.8640E+2	3.0660E+2	2.4739E+2	1.9464E+2	1.4649E+2	1.1027E+2	8.1447E+1	6.2094E+1	4.5924E+1	3.4791E+1	2.7053E+1	2.0058E+1	1.5266E+1	1.1654E+1	8.8264E+0	6.7597E+0	5.1653E+0	3.9624E+0
2.9564E+3	1.8088E+3	1.3833E+3	9.3332E+2	5.6839E+2	4.7619E+2	3.8569E+2	3.0493E+2	2.4792E+2	1.9419E+2	1.4632E+2	1.1022E+2	8.1606E+1	6.2078E+1	4.5973E+1	3.4816E+1	2.7063E+1	2.0059E+1	1.5271E+1	1.1659E+1	8.8318E+0	6.7628E+0	5.1683E+0	3.9645E+0
2.9452E+3	1.8503E+3	1.3766E+3	9.3847E+2	5.6540E+2	4.7623E+2	3.8429E+2	3.0829E+2	2.4748E+2	1.9427E+2	1.4650E+2	1.1029E+2	8.1542E+1	6.2095E+1	4.5970E+1	3.4823E+1	2.7068E+1	2.0066E+1	1.5273E+1	1.1662E+1	8.8338E+0	6.7641E+0	5.1690E+0	3.9655E+0
2.9546E+3	1.8704E+3	1.3950E+3	9.3784E+2	5.6878E+2	4.7651E+2	3.8412E+2	3.0520E+2	2.4744E+2	1.9448E+2	1.4647E+2	1.1042E+2	8.1593E+1	6.2141E+1	4.5999E+1	3.4831E+1	2.7081E+1	2.0078E+1	1.5285E+1	1.1669E+1	8.8379E+0	6.7684E+0	5.1721E+0	3.9678E+0
2.8749E+3	1.8643E+3	1.3937E+3	9.1934E+2	5.7429E+2	4.7562E+2	3.8692E+2	3.0830E+2	2.4748E+2	1.9487E+2	1.4677E+2	1.1052E+2	8.1576E+1	6.2211E+1	4.6021E+1	3.4845E+1	2.7105E+1	2.0093E+1	1.5292E+1	1.1676E+1	8.8442E+0	6.7724E+0	5.1748E+0	3.9698E+0
2.9389E+3	1.8404E+3	1.3955E+3	9.2665E+2	5.5500E+2	4.7429E+2	3.8589E+2	3.0971E+2	2.4855E+2	1.9444E+2	1.4680E+2	1.1044E+2	8.1645E+1	6.2250E+1	4.6059E+1	3.4878E+1	2.7118E+1	2.0104E+1	1.5302E+1	1.1683E+1	8.8489E+0	6.7762E+0	5.1781E+0	3.9719E+0
2.9215E+3	1.8141E+3	1.3728E+3	9.3821E+2	5.6354E+2	4.7474E+2	3.8430E+2	3.0616E+2	2.4866E+2	1.9487E+2	1.4696E+2	1.1054E+2	8.1761E+1	6.2221E+1	4.6069E+1	3.4904E+1	2.7121E+1	2.0113E+1	1.5311E+1	1.1688E+1	8.8530E+0	6.7792E+0	5.1801E+0	3.9733E+0
2.7549E+3	1.8514E+3	1.3971E+3	9.2487E+2	5.7052E+2	4.7605E+2	3.8601E+2	3.0835E+2	2.4755E+2	1.9491E+2	1.4683E+2	1.1061E+2	8.1655E+1	6.2266E+1	4.6086E+1	3.4893E+1	2.7135E+1	2.0117E+1	1.5312E+1	1.1690E+1	8.8552E+0	6.7807E+0	5.1820E+0	3.9750E+0
2.9814E+3	1.8720E+3	1.4063E+3	9.2089E+2	5.7000E+2	4.7402E+2	3.8539E+2	3.0633E+2	2.4764E+2	1.9489E+2	1.4667E+2	1.1059E+2	8.1719E+1	6.2299E+1	4.6102E+1	3.4910E+1	2.7146E+1	2.0133E+1	1.5321E+1	1.1697E+1	8.8598E+0	6.7851E+0	5.1850E+0	3.9774E+0
2.8570E+3	1.8442E+3	1.3890E+3	9.3647E+2	5.6688E+2	4.7684E+2	3.8451E+2	3.0824E+2	2.4847E+2	1.9501E+2	1.4696E+2	1.1067E+2	8.1769E+1	6.2348E+1	4.6129E+1	3.4937E+1	2.7169E+1	2.0142E+1	1.5331E+1	1.1704E+1	8.8661E+0	6.7894E+0	5.1879E+0	3.9795E+0
3.0078E+3	1.8555E+3	1.3841E+3	9.2326E+2	5.6815E+2	4.7617E+2	3.8791E+2	3.0930E+2	2.4776E+2	1.9544E+2	1.4680E+2	1.1075E+2	8.1814E+1	6.2361E+1	4.6166E+1	3.4960E+1	2.7181E+1	2.0154E+1	1.5341E+1	1.1710E+1	8.8709E+0	6.7928E+0	5.1907E+0	3.9814E+0
2.8697E+3	1.8291E+3	1.3616E+3	9.3707E+2	5.6526E+2	4.7447E+2	3.8351E+2	3.0746E+2	2.4925E+2	1.9512E+2	1.4740E+2	1.1077E+2	8.1951E+1	6.2366E+1	4.6165E+1	3.4969E+1	2.7191E+1	2.0164E+1	1.5344E+1	1.1716E+1	8.8733E+0	6.7956E+0	5.1925E+0	3.9836E+0
2.8946E+3	1.8723E+3	1.3930E+3	9.3177E+2	5.7061E+2	4.7548E+2	3.8696E+2	3.0766E+2	2.4834E+2	1.9512E+2	1.4704E+2	1.1080E+2	8.1879E+1	6.2368E+1	4.6174E+1	3.4972E+1	2.7199E+1	2.0167E+1	1.5348E+1	1.1718E+1	8.8762E+0	6.7977E+0	5.1942E+0	3.9842E+0
2.9743E+3	1.8727E+3	1.3957E+3	9.2863E+2	5.6935E+2	4.7685E+2	3.8574E+2	3.0878E+2	2.4841E+2	1.9540E+2	1.4727E+2	1.1086E+2	8.1913E+1	6.2430E+1	4.6204E+1	3.4994E+1	2.7212E+1	2.0177E+1	1.5359E+1	1.1726E+1	8.8819E+0	6.8011E+0	5.1974E+0	3.9865E+0
3.0283E+3	1.8459E+3	1.3988E+3	9.3942E+2	5.7563E+2	4.7699E+2	3.8689E+2	3.1095E+2	2.4860E+2	1.9546E+2	1.4727E+2	1.1090E+2	8.1983E+1	6.2471E+1	4.6237E+1	3.5017E+1	2.7230E+1	2.0191E+1	1.5367E+1	1.1732E+1	8.8870E+0	6.8054E+0	5.2002E+0	3.9893E+0
3.0306E+3	1.8546E+3	1.4036E+3	9.3333E+2	5.7220E+2	4.7675E+2	3.8737E+2	3.0953E+2	2.4839E+2	1.9543E+2	1.4740E+2	1.1101E+2	8.2017E+1	6.2516E+1	4.6252E+1	3.5036E+1	2.7247E+1	2.0202E+1	1.5376E+1	1.1740E+1	8.8916E+0	6.8094E+0	5.2031E+0	3.9912E+0
2.9358E+3	1.8058E+3	1.3725E+3	9.3462E+2	5.6655E+2	4.7663E+2	3.8458E+2	3.0786E+2	2.4973E+2	1.9552E+2	1.4755E+2	1.1114E+2	8.2091E+1	6.2517E+1	4.6240E+1	3.5028E+1	2.7260E+1	2.0206E+1	1.5377E+1	1.1742E+1	8.8953E+0	6.8116E+0	5.2042E+0	3.9918E+0
2.9621E+3	1.8547E+3	1.4107E+3	9.2376E+2	5.7371E+2	4.7670E+2	3.8644E+2	3.1020E+2	2.4841E+2	1.9595E+2	1.4709E+2	1.1100E+2	8.2030E+1	6.2553E+1	4.6304E+1	3.5058E+1	2.7259E+1	2.0215E+1	1.5386E+1	1.1746E+1	8.8979E+0	6.8133E+0	5.2065E+0	3.9933E+0
2.9355E+3	1.8568E+3	1.3926E+3	9.3096E+2	5.8125E+2	4.8003E+2	3.8669E+2	3.0948E+2	2.4857E+2	1.9603E+2	1.4757E+2	1.1103E+2	8.2099E+1	6.2570E+1	4.6310E+1	3.5079E+1	2.7280E+1	2.0224E+1	1.5394E+1	1.1752E+1	8.9035E+0	6.8176E+0	5.2097E+0	3.9961E+0
2.9414E+3	1.8274E+3	1.4128E+3	9.4084E+2	5.5967E+2	4.7754E+2	3.8633E+2	3.0895E+2	2.4981E+2	1.9577E+2	1.4752E+2	1.1122E+2	8.2131E+1	6.2626E+1	4.6336E+1	3.5095E+1	2.7293E+1	2.0234E+1	1.5404E+1	1.1761E+1	8.9070E+0	6.8210E+0	5.2124E+0	3.9982E+0
3.0608E+3	1.8874E+3	1.3944E+3	9.3363E+2	5.6902E+2	4.7852E+2	3.8805E+2	3.0961E+2	2.4929E+2	1.9610E+2	1.4775E+2	1.1122E+2	8.2190E+1	6.2654E+1	4.6372E+1	3.5124E+1	2.7310E+1	2.0250E+1	1.5412E+1	1.1767E+1	8.9133E+0	6.8253E+0	5.2156E+0	4.0002E+0
2.9011E+3	1.7976E+3	1.3971E+3	9.4175E+2	5.6994E+2	4.7679E+2	3.8371E+2	3.0774E+2	2.4999E+2	1.9576E+2	1.4796E+2	1.1134E+2	8.2238E+1	6.2694E+1	4.6349E+1	3.5101E+1	2.7324E+1	2.0247E+1	1.5419E+1	1.1769E+1	8.9147E+0	6.8268E+0	5.2166E+0	4.0017E+0
2.9604E+3	1.8297E+3	1.4050E+3	9.2565E+2	5.6720E+2	4.7837E+2	3.8842E+2	3.0968E+2	2.4878E+2	1.9623E+2	1.4755E+2	1.1126E+2	8.2230E+1	6.2660E+1	4.6379E+1	3.5133E+1	2.7320E+1	2.0262E+1	1.5422E+1	1.1773E+1	8.9180E+0	6.8298E+0	5.2186E+0	4.0029E+0
3.0553E+3	1.8613E+3	1.3889E+3	9.3040E+2	5.6545E+2	4.7978E+2	3.8948E+2	3.0980E+2	2.4903E+2	1.9630E+2	1.4768E+2	1.1130E+2	8.2266E+1	6.2679E+1	4.6435E+1	3.5156E+1	2.7336E+1	2.0269E+1	1.5430E+1	1.1780E+1	8.9233E+0	6.8334E+0	5.2218E+0	4.0049E+0
2.8881E+3	1.8258E+3	1.3894E+3	9.3663E+2	5.6689E+2	4.7751E+2	3.8635E+2	3.0898E+2	2.4960E+2	1.9669E+2	1.4783E+2	1.1137E+2	8.2326E+1	6.2750E+1	4.6440E+1	3.5166E+1	2.7352E+1	2.0279E+1	1.5439E+1	1.1788E+1	8.9281E+0	6.8370E+0	5.2242E+0	4.0071E+0
2.9545E+3	1.8678E+3	1.3944E+3	9.3352E+2	5.7665E+2	4.8258E+2	3.8854E+2	3.1042E+2	2.4963E+2	1.9670E+2	1.4807E+2	1.1147E+2	8.2337E+1	6.2790E+1	4.6461E+1	3.5191E+1	2.7372E+1	2.0293E+1	1.5448E+1	1.1794E+1	8.9332E+0	6.8409E+0	5.2277E+0	4.0093E+0
3.0185E+3	1.8598E+3	1.3627E+3	9.2949E+2	5.6801E+2	4.7576E+2	3.8692E+2	3.0797E+2	2.5093E+2	1.9542E+2	1.4806E+2	1.1160E+2	8.2309E+1	6.2811E+1	4.6447E+1	3.5178E+1	2.7373E+1	2.0293E+1	1.5450E+1	1.1794E+1	8.9344E+0	6.8413E+0	5.2289E+0	4.0103E+0
2.9524E+3	1.8439E+3	1.4005E+3	9.3146E+2	5.6063E+2	4.8079E+2	3.8937E+2	3.1119E+2	2.4956E+2	1.9599E+2	1.4787E+2	1.1142E+2	8.2397E+1	6.2806E+1	4.6490E+1	3.5212E+1	2.7381E+1	2.0302E+1	1.5455E+1	1.1800E+1	8.9397E+0	6.8454E+0	5.2308E+0	4.0124E+0
2.9546E+3	1.8921E+3	1.3944E+3	9.3567E+2	5.7134E+2	4.7941E+2	3.8916E+2	3.0866E+2	2.4963E+2	1.9678E+2	1.4810E+2	1.1160E+2	8.2410E+1	6.2842E+1	4.6512E+1	3.5225E+1	2.7396E+1	2.0313E+1	1.5463E+1	1.1808E+1	8.9437E+0	6.8489E+0	5.2334E+0	4.0139E+0
2.7935E+3	1.8518E+3	1.4065E+3	9.3431E+2	5.7597E+2	4.8182E+2	3.8753E+2	3.1230E+2	2.5020E+2	1.9736E+2	1.4807E+2	1.1157E+2	8.2494E+1	6.2869E+1	4.6534E+1	3.5248E+1	2.7409E+1	2.0328E+1	1.5474E+1	1.1814E+1	8.9490E+0	6.8527E+0	5.2366E+0	4.0164E+0
2.8524E+3	1.8719E+3	1.4140E+3	9.3832E+2	5.7924E+2	4.7973E+2	3.9037E+2	3.1235E+2	2.5038E+2	1.9714E+2	1.4823E+2	1.1162E+2	8.2563E+1	6.2891E+1	4.6560E+1	3.5275E+1	2.7435E+1	2.0337E+1	1.5483E+1	1.1821E+1	8.9534E+0	6.8565E+0	5.2388E+0	4.0184E+0
3.0406E+3	1.8736E+3	1.3768E+3	9.3987E+2	5.7864E+2	4.7942E+2	3.8599E+2	3.0889E+2	2.5044E+2	1.9665E+2	1.4840E+2	1.1177E+2	8.2504E+1	6.2961E+1	4.6545E+1	3.5261E+1	2.7412E+1	2.0343E+1	1.5482E+1	1.1821E+1	8.9554E+0	6.8566E+0	5.2397E+0	4.0187E+0
2.7679E+3	1.8218E+3	1.4102E+3	9.3999E+2	5.5854E+2	4.8043E+2	3.8961E+2	3.1145E+2	2.5024E+2	1.9670E+2	1.4815E+2	1.1162E+2	8.2505E+1	6.2930E+1	4.6574E+1	3.5286E+1	2.7435E+1	2.0349E+1	1.5492E+1	1.1828E+1	8.9588E+0	6.8605E+0	5.2423E+0	4.0210E+0
2.9113E+3	1.8623E+3	1.3976E+3	9.3314E+2	5.6578E+2	4.8078E+2	3.9059E+2	3.1261E+2	2.5021E+2	1.9700E+2	1.4826E+2	1.1177E+2	8.2618E+1	6.2950E+1	4.6608E+1	3.5305E+1	2.7459E+1	2.0358E+1	1.5499E+1	1.1834E+1	8.9636E+0	6.8650E+0	5.2457E+0	4.0227E+0
2.7645E+3	1.8560E+3	1.4232E+3	9.3401E+2	5.7567E+2	4.7955E+2	3.8928E+2	3.1357E+2	2.5019E+2	1.9716E+2	1.4830E+2	1.1184E+2	8.2630E+1	6.2980E+1	4.6635E+1	3.5321E+1	2.7471E+1	2.0371E+1	1.5506E+1	1.1841E+1	8.9692E+0	6.8684E+0	5.2481E+0	4.0251E+0
2.9489E+3	1.8294E+3	1.4091E+3	9.6401E+2	5.7718E+2	4.8041E+2	3.8875E+2	3.1086E+2	2.5183E+2	1.9656E+2	1.4872E+2	1.1207E+2	8.2632E+1	6.3071E+1	4.6682E+1	3.5357E+1	2.7479E+1	2.0385E+1	1.5519E+1	1.1846E+1	8.9732E+0	6.8721E+0	5.2508E+0	4.0272E+0
3.0108E+3	1.8615E+3	1.4125E+3	9.3416E+2	5.7237E+2	4.8037E+2	3.9014E+2	3.0950E+2	2.5018E+2	1.9702E+2	1.4828E+2	1.1185E+2	8.2712E+1	6.3031E+1	4.6643E+1	3.5342E+1	2.7480E+1	2.0381E+1	1.5516E+1	1.1846E+1	8.9744E+0	6.8724E+0	5.2514E+0	4.0276E+0
2.9400E+3	1.8689E+3	1.4000E+3	9.3760E+2	5.8094E+2	4.8082E+2	3.9018E+2	3.1224E+2	2.5069E+2	1.9694E+2	1.4844E+2	1.1199E+2	8.2714E+1	6.3062E+1	4.6676E+1	3.5358E+1	2.7497E+1	2.0393E+1	1.5524E+1	1.1853E+1	8.9790E+0	6.8762E+0	5.2536E+0	4.0297E+0
3.0580E+3	1.8837E+3	1.4002E+3	9.3924E+2	5.8018E+2	4.7991E+2	3.9078E+2	3.1102E+2	2.5042E+2	1.9772E+2	1.4862E+2	1.1197E+2	8.2737E+1	6.3105E+1	4.6701E+1	3.5383E+1	2.7513E+1	2.0402E+1	1.5534E+1	1.1860E+1	8.9838E+0	6.8796E+0	5.2569E+0	4.0318E+0
2.7151E+3	1.8492E+3	1.4087E+3	9.3501E+2	5.6978E+2	4.8119E+2	3.9132E+2	3.1208E+2	2.5036E+2	1.9707E+2	1.4866E+2	1.1193E+2	8.2808E+1	6.3092E+1	4.6714E+1	3.5389E+1	2.7535E+1	2.0422E+1	1.5540E+1	1.1866E+1	8.9881E+0	6.8831E+0	5.2594E+0	4.0337E+0
2.9016E+3	1.8741E+3	1.3768E+3	9.5063E+2	5.7902E+2	4.8183E+2	3.8632E+2	3.0992E+2	2.5168E+2	1.9732E+2	1.4906E+2	1.1225E+2	8.2767E+1	6.3184E+1	4.6770E+1	3.5420E+1	2.7540E+1	2.0420E+1	1.5548E+1	1.1874E+1	8.9940E+0	6.8871E+0	5.2620E+0	4.0357E+0
3.0776E+3	1.8771E+3	1.3970E+3	9.3421E+2	5.8102E+2	4.7797E+2	3.8847E+2	3.1384E+2	2.5084E+2	1.9676E+2	1.4890E+2	1.1206E+2	8.2821E+1	6.3153E+1	4.6751E+1	3.5407E+1	2.7541E+1	2.0424E+1	1.5548E+1	1.1873E+1	8.9935E+0	6.8875E+0	5.2625E+0	4.0362E+0
2.8688E+3	1.8621E+3	1.4027E+3	9.3903E+2	5.7611E+2	4.8249E+2	3.9040E+2	3.1174E+2	2.5126E+2	1.9734E+2	1.4839E+2	1.1216E+2	8.2863E+1	6.3189E+1	4.6772E+1	3.5437E+1	2.7553E+1	2.0434E+1	1.5556E+1	1.1878E+1	8.9982E+0	6.8911E+0	5.2656E+0	4.0385E+0
3.0710E+3	1.8579E+3	1.4084E+3	9.3215E+2	5.7188E+2	4.8222E+2	3.9268E+2	3.1228E+2	2.5130E+2	1.9761E+2	1.4877E+2	1.1213E+2	8.2930E+1	6.3221E+1	4.6789E+1	3.5449E+1	2.7570E+1	2.0446E+1	1.5564E+1	1.1886E+1	9.0035E+0	6.8948E+0	5.2687E+0	4.0403E+0
2.8005E+3	1.8404E+3	1.3964E+3	9.4125E+2	5.5567E+2	4.8193E+2	3.9126E+2	3.1294E+2	2.5107E+2	1.9753E+2	1.4909E+2	1.1220E+2	8.2970E+1	6.3265E+1	4.6826E+1	3.5474E+1	2.7584E+1	2.0455E+1	1.5573E+1	1.1892E+1	9.0078E+0	6.8982E+0	5.2710E+0	4.0425E+0
2.9843E+3	1.8770E+3	1.3912E+3	9.4526E+2	5.7269E+2	4.8307E+2	3.8959E+2	3.1202E+2	2.5187E+2	1.9680E+2	1.4933E+2	1.1243E+2	8.2928E+1	6.3300E+1	4.6862E+1	3.5479E+1	2.7608E+1	2.0465E+1	1.5578E+1	1.1894E+1	9.0121E+0	6.9011E+0	5.2724E+0	4.0445E+0
3.0026E+3	1.8523E+3	1.4057E+3	9.4193E+2	5.7227E+2	4.8341E+2	3.9256E+2	3.1307E+2	2.5127E+2	1.9775E+2	1.4887E+2	1.1218E+2	8.2993E+1	6.3253E+1	4.6821E+1	3.5476E+1	2.7592E+1	2.0466E+1	1.5580E+1	1.1897E+1	9.0127E+0	6.9018E+0	5.2742E+0	4.0448E+0
2.9460E+3	1.8902E+3	1.4414E+3	9.2661E+2	5.8092E+2	4.8132E+2	3.9159E+2	3.1328E+2	2.5164E+2	1.9777E+2	1.4889E+2	1.1231E+2	8.3006E+1	6.3288E+1	4.6856E+1	3.5494E+1	2.7609E+1	2.0474E+1	1.5589E+1	1.1903E+1	9.0182E+0	6.9053E+0	5.2763E+0	4.0470E+0
2.9952E+3	1.8906E+3	1.4107E+3	9.2999E+2	5.6962E+2	4.8282E+2	3.9139E+2	3.1573E+2	2.5124E+2	1.9811E+2	1.4907E+2	1.1237E+2	8.3037E+1	6.3325E+1	4.6870E+1	3.5511E+1	2.7624E+1	2.0489E+1	1.5599E+1	1.1910E+1	9.0222E+0	6.9096E+0	5.2796E+0	4.0488E+0
2.9842E+3	1.8919E+3	1.3951E+3	9.2952E+2	5.6783E+2	4.8279E+2	3.9143E+2	3.1467E+2	2.5164E+2	1.9821E+2	1.4893E+2	1.1249E+2	8.3153E+1	6.3357E+1	4.6902E+1	3.5536E+1	2.7637E+1	2.0498E+1	1.5608E+1	1.1917E+1	9.0274E+0	6.9131E+0	5.2821E+0	4.0510E+0
2.9665E+3	1.8759E+3	1.3649E+3	9.5371E+2	5.7706E+2	4.7982E+2	3.8873E+2	3.1140E+2	2.5237E+2	1.9744E+2	1.4972E+2	1.1268E+2	8.3031E+1	6.3393E+1	4.6943E+1	3.5548E+1	2.7660E+1	2.0511E+1	1.5616E+1	1.1922E+1	9.0292E+0	6.9150E+0	5.2831E+0	4.0521E+0
2.9900E+3	1.8511E+3	1.4222E+3	9.3981E+2	5.7516E+2	4.8365E+2	3.9233E+2	3.1183E+2	2.5090E+2	1.9800E+2	1.4888E+2	1.1236E+2	8.3154E+1	6.3362E+1	4.6930E+1	3.5542E+1	2.7647E+1	2.0507E+1	1.5611E+1	1.1920E+1	9.0325E+0	6.9160E+0	5.2850E+0	4.0531E+0
2.9304E+3	1.8543E+3	1.4136E+3	9.3695E+2	5.8732E+2	4.8436E+2	3.8970E+2	3.1493E+2	2.5179E+2	1.9847E+2	1.4930E+2	1.1243E+2	8.3166E+1	6.3395E+1	4.6935E+1	3.5567E+1	2.7661E+1	2.0517E+1	1.5619E+1	1.1928E+1	9.0369E+0	6.9197E+0	5.2878E+0	4.0553E+0
3.0088E+3	1.8845E+3	1.4067E+3	9.4260E+2	5.7468E+2	4.8536E+2	3.9116E+2	3.1427E+2	2.5202E+2	1.9855E+2	1.4941E+2	1.1248E+2	8.3226E+1	6.3468E+1	4.6971E+1	3.5591E+1	2.7685E+1	2.0527E+1	1.5629E+1	1.1935E+1	9.0417E+0	6.9237E+0	5.2902E+0	4.0572E+0
3.0074E+3	1.8551E+3	1.4009E+3	9.4025E+2	5.6916E+2	4.8220E+2	3.8960E+2	3.1264E+2	2.5210E+2	1.9801E+2	1.4953E+2	1.1259E+2	8.3242E+1	6.3490E+1	4.6989E+1	3.5604E+1	2.7693E+1	2.0542E+1	1.5640E+1	1.1941E+1	9.0463E+0	6.9271E+0	5.2929E+0	4.0592E+0
2.9171E+3	1.8491E+3	1.3772E+3	9.4546E+2	5.7577E+2	4.7876E+2	3.8791E+2	3.1298E+2	2.5256E+2	1.9799E+2	1.4963E+2	1.1270E+2	8.3192E+1	6.3454E+1	4.6995E+1	3.5592E+1	2.7698E+1	2.0547E+1	1.5640E+1	1.1941E+1	9.0487E+0	6.9283E+0	5.2946E+0	4.0605E+0
3.0872E+3	1.8547E+3	1.4279E+3	9.3631E+2	5.7160E+2	4.8487E+2	3.9014E+2	3.1232E+2	2.5188E+2	1.9804E+2	1.4951E+2	1.1257E+2	8.3252E+1	6.3483E+1	4.7003E+1	3.5617E+1	2.7700E+1	2.0548E+1	1.5645E+1	1.1946E+1	9.0504E+0	6.9302E+0	5.2954E+0	4.0615E+0
2.8752E+3	1.8795E+3	1.4109E+3	9.4469E+2	5.7371E+2	4.8134E+2	3.9080E+2	3.1318E+2	2.5193E+2	1.9828E+2	1.4954E+2	1.1262E+2	8.3298E+1	6.3510E+1	4.7025E+1	3.5630E+1	2.7717E+1	2.0556E+1	1.5652E+1	1.1952E+1	9.0550E+0	6.9346E+0	5.2987E+0	4.0636E+0
2.9326E+3	1.9033E+3	1.3892E+3	9.3802E+2	5.7257E+2	4.8533E+2	3.9141E+2	3.1459E+2	2.5242E+2	1.9815E+2	1.4970E+2	1.1279E+2	8.3335E+1	6.3557E+1	4.7052E+1	3.5654E+1	2.7731E+1	2.0569E+1	1.5662E+1	1.1959E+1	9.0596E+0	6.9378E+0	5.3014E+0	4.0656E+0
2.8513E+3	1.8189E+3	1.4205E+3	9.3258E+2	5.7600E+2	4.8263E+2	3.9279E+2	3.1495E+2	2.5211E+2	1.9889E+2	1.4966E+2	1.1283E+2	8.3401E+1	6.3586E+1	4.7085E+1	3.5666E+1	2.7743E+1	2.0579E+1	1.5669E+1	1.1966E+1	9.0651E+0	6.9416E+0	5.3039E+0	4.0675E+0
3.0237E+3	1.8872E+3	1.3787E+3	9.4897E+2	5.7204E+2	4.8032E+2	3.8882E+2	3.1295E+2	2.5330E+2	1.9785E+2	1.4993E+2	1.1298E+2	8.3298E+1	6.3535E+1	4.7068E+1	3.5656E+1	2.7736E+1	2.0577E+1	1.5668E+1	1.1968E+1	9.0646E+0	6.9418E+0	5.3052E+0	4.0680E+0
2.9794E+3	1.8485E+3	1.4147E+3	9.3934E+2	5.8447E+2	4.8229E+2	3.9014E+2	3.1276E+2	2.5205E+2	1.9890E+2	1.4947E+2	1.1271E+2	8.3404E+1	6.3604E+1	4.7083E+1	3.5680E+1	2.7757E+1	2.0589E+1	1.5674E+1	1.1970E+1	9.0683E+0	6.9448E+0	5.3060E+0	4.0696E+0
2.9335E+3	1.8773E+3	1.4058E+3	9.4520E+2	5.8023E+2	4.8223E+2	3.9224E+2	3.1308E+2	2.5260E+2	1.9873E+2	1.4980E+2	1.1293E+2	8.3449E+1	6.3631E+1	4.7117E+1	3.5701E+1	2.7769E+1	2.0598E+1	1.5683E+1	1.1977E+1	9.0729E+0	6.9481E+0	5.3090E+0	4.0718E+0
3.0533E+3	1.8966E+3	1.4046E+3	9.4474E+2	5.7692E+2	4.8395E+2	3.9366E+2	3.1460E+2	2.5211E+2	1.9879E+2	1.4972E+2	1.1297E+2	8.3500E+1	6.3663E+1	4.7135E+1	3.5709E+1	2.7789E+1	2.0610E+1	1.5691E+1	1.1982E+1	9.0786E+0	6.9517E+0	5.3122E+0	4.0739E+0
2.9242E+3	1.8957E+3	1.4158E+3	9.3249E+2	5.7030E+2	4.8333E+2	3.9272E+2	3.1473E+2	2.5344E+2	1.9947E+2	1.4989E+2	1.1302E+2	8.3572E+1	6.3705E+1	4.7169E+1	3.5739E+1	2.7799E+1	2.0621E+1	1.5699E+1	1.1989E+1	9.0832E+0	6.9557E+0	5.3144E+0	4.0757E+0
2.9514E+3	1.8793E+3	1.3898E+3	9.5651E+2	5.7293E+2	4.8267E+2	3.8894E+2	3.1315E+2	2.5211E+2	1.9849E+2	1.4987E+2	1.1292E+2	8.3547E+1	6.3651E+1	4.7147E+1	3.5734E+1	2.7797E+1	2.0622E+1	1.5701E+1	1.1990E+1	9.0828E+0	6.9566E+0	5.3154E+0	4.0767E+0
2.9301E+3	1.8713E+3	1.4116E+3	9.4563E+2	5.7881E+2	4.8395E+2	3.9027E+2	3.1273E+2	2.5291E+2	1.9877E+2	1.5001E+2	1.1307E+2	8.3553E+1	6.3684E+1	4.7158E+1	3.5743E+1	2.7810E+1	2.0626E+1	1.5707E+1	1.1992E+1	9.0860E+0	6.9585E+0	5.3173E+0	4.0775E+0
2.8747E+3	1.8814E+3	1.3921E+3	9.4729E+2	5.8679E+2	4.8280E+2	3.9286E+2	3.1555E+2	2.5310E+2	1.9828E+2	1.5002E+2	1.1313E+2	8.3587E+1	6.3742E+1	4.7186E+1	3.5758E+1	2.7824E+1	2.0637E+1	1.5714E+1	1.1999E+1	9.0909E+0	6.9617E+0	5.3193E+0	4.0796E+0
2.8966E+3	1.8870E+3	1.4082E+3	9.3819E+2	5.7440E+2	4.8440E+2	3.9232E+2	3.1363E+2	2.5258E+2	1.9871E+2	1.5001E+2	1.1316E+2	8.3592E+1	6.3742E+1	4.7211E+1	3.5781E+1	2.7837E+1	2.0647E+1	1.5722E+1	1.2007E+1	9.0952E+0	6.9655E+0	5.3223E+0	4.0819E+0
3.0378E+3	1.8430E+3	1.4202E+3	9.3627E+2	5.8375E+2	4.8761E+2	3.9203E+2	3.1430E+2	2.5305E+2	1.9931E+2	1.5030E+2	1.1312E+2	8.3710E+1	6.3828E+1	4.7249E+1	3.5798E+1	2.7853E+1	2.0658E+1	1.5731E+1	1.2013E+1	9.1010E+0	6.9697E+0	5.3252E+0	4.0839E+0
2.9995E+3	1.8782E+3	1.3960E+3	9.4830E+2	5.7643E+2	4.8327E+2	3.8869E+2	3.1306E+2	2.5364E+2	1.9874E+2	1.5011E+2	1.1317E+2	8.3653E+1	6.3735E+1	4.7216E+1	3.5801E+1	2.7855E+1	2.0660E+1	1.5728E+1	1.2013E+1	9.1016E+0	6.9698E+0	5.3256E+0	4.0839E+0
3.0520E+3	1.8578E+3	1.3986E+3	9.4326E+2	5.8555E+2	4.8302E+2	3.9171E+2	3.1319E+2	2.5316E+2	1.9900E+2	1.5022E+2	1.1314E+2	8.3687E+1	6.3833E+1	4.7257E+1	3.5807E+1	2.7855E+1	2.0662E+1	1.5737E+1	1.2017E+1	9.1040E+0	6.9725E+0	5.3272E+0	4.0854E+0
2.9419E+3	1.8617E+3	1.4115E+3	9.4330E+2	5.8127E+2	4.8238E+2	3.9537E+2	3.1382E+2	2.5293E+2	1.9906E+2	1.5020E+2	1.1322E+2	8.3742E+1	6.3844E+1	4.7271E+1	3.5830E+1	2.7875E+1	2.0677E+1	1.5743E+1	1.2023E+1	9.1097E+0	6.9756E+0	5.3299E+0	4.0875E+0
2.9809E+3	1.8810E+3	1.4172E+3	9.4614E+2	5.6800E+2	4.8484E+2	3.9174E+2	3.1262E+2	2.5371E+2	1.9914E+2	1.5008E+2	1.1334E+2	8.3753E+1	6.3851E+1	4.7309E+1	3.5850E+1	2.7889E+1	2.0689E+1	1.5751E+1	1.2030E+1	9.1138E+0	6.9792E+0	5.3327E+0	4.0894E+0
2.9857E+3	1.8557E+3	1.4143E+3	9.4813E+2	5.7874E+2	4.8756E+2	3.9293E+2	3.1499E+2	2.5308E+2	1.9935E+2	1.5031E+2	1.1326E+2	8.3787E+1	6.3912E+1	4.7344E+1	3.5870E+1	2.7901E+1	2.0697E+1	1.5759E+1	1.2035E+1	9.1177E+0	6.9828E+0	5.3354E+0	4.0918E+0
2.9452E+3	1.8532E+3	1.3826E+3	9.4798E+2	5.6909E+2	4.8243E+2	3.8903E+2	3.1482E+2	2.5257E+2	1.9919E+2	1.5018E+2	1.1321E+2	8.3790E+1	6.3839E+1	4.7299E+1	3.5857E+1	2.7903E+1	2.0694E+1	1.5757E+1	1.2034E+1	9.1160E+0	6.9825E+0	5.3353E+0	4.0918E+0
3.0628E+3	1.8844E+3	1.4041E+3	9.4424E+2	5.8059E+2	4.8307E+2	3.9296E+2	3.1158E+2	2.5333E+2	1.9943E+2	1.5035E+2	1.1336E+2	8.3794E+1	6.3890E+1	4.7329E+1	3.5874E+1	2.7910E+1	2.0704E+1	1.5763E+1	1.2041E+1	9.1207E+0	6.9859E+0	5.3375E+0	4.0935E+0
2.8782E+3	1.8847E+3	1.4129E+3	9.4708E+2	5.9066E+2	4.8627E+2	3.9368E+2	3.1494E+2	2.5350E+2	1.9928E+2	1.5032E+2	1.1329E+2	8.3831E+1	6.3958E+1	4.7362E+1	3.5884E+1	2.7925E+1	2.0714E+1	1.5771E+1	1.2045E+1	9.1258E+0	6.9891E+0	5.3402E+0	4.0955E+0
2.9616E+3	1.8783E+3	1.4263E+3	9.3830E+2	5.8013E+2	4.8725E+2	3.9401E+2	3.1612E+2	2.5400E+2	2.0002E+2	1.5028E+2	1.1344E+2	8.3926E+1	6.3974E+1	4.7376E+1	3.5905E+1	2.7940E+1	2.0726E+1	1.5780E+1	1.2052E+1	9.1304E+0	6.9921E+0	5.3427E+0	4.0974E+0
2.9547E+3	1.8472E+3	1.3833E+3	9.6272E+2	5.7688E+2	4.8432E+2	3.9155E+2	3.1532E+2	2.5433E+2	1.9898E+2	1.5057E+2	1.1347E+2	8.3993E+1	6.3995E+1	4.7402E+1	3.5937E+1	2.7957E+1	2.0731E+1	1.5789E+1	1.2055E+1	9.1356E+0	6.9952E+0	5.3459E+0	4.0993E+0
2.8802E+3	1.8800E+3	1.4027E+3	9.4192E+2	5.8273E+2	4.8089E+2	3.9289E+2	3.1446E+2	2.5296E+2	1.9963E+2	1.5058E+2	1.1348E+2	8.3865E+1	6.3997E+1	4.7388E+1	3.5908E+1	2.7942E+1	2.0726E+1	1.5786E+1	1.2054E+1	9.1341E+0	6.9952E+0	5.3449E+0	4.0990E+0
2.9243E+3	1.8607E+3	1.4070E+3	9.4320E+2	5.8813E+2	4.8542E+2	3.9538E+2	3.1578E+2	2.5314E+2	1.9935E+2	1.5049E+2	1.1349E+2	8.3937E+1	6.4019E+1	4.7409E+1	3.5930E+1	2.7949E+1	2.0738E+1	1.5790E+1	1.2061E+1	9.1379E+0	6.9981E+0	5.3477E+0	4.1011E+0
2.8603E+3	1.8595E+3	1.4238E+3	9.5258E+2	5.7423E+2	4.8392E+2	3.9270E+2	3.1641E+2	2.5360E+2	1.9990E+2	1.5054E+2	1.1354E+2	8.3959E+1	6.4044E+1	4.7435E+1	3.5944E+1	2.7970E+1	2.0750E+1	1.5801E+1	1.2067E+1	9.1427E+0	7.0022E+0	5.3501E+0	4.1032E+0
3.0419E+3	1.9135E+3	1.4163E+3	9.5497E+2	5.7393E+2	4.8463E+2	3.9574E+2	3.1713E+2	2.5368E+2	2.0008E+2	1.5087E+2	1.1358E+2	8.4027E+1	6.4060E+1	4.7459E+1	3.5959E+1	2.7985E+1	2.0759E+1	1.5808E+1	1.2074E+1	9.1475E+0	7.0057E+0	5.3528E+0	4.1052E+0
2.8494E+3	1.8372E+3	1.3983E+3	9.5046E+2	5.8505E+2	4.8324E+2	3.9390E+2	3.1804E+2	2.5407E+2	1.9976E+2	1.5068E+2	1.1348E+2	8.4086E+1	6.4076E+1	4.7488E+1	3.5976E+1	2.7982E+1	2.0763E+1	1.5813E+1	1.2079E+1	9.1500E+0	7.0072E+0	5.3550E+0	4.1066E+0
2.8993E+3	1.8855E+3	1.4075E+3	9.4674E+2	5.8738E+2	4.8524E+2	3.9233E+2	3.1346E+2	2.5322E+2	1.9957E+2	1.5059E+2	1.1358E+2	8.4004E+1	6.4069E+1	4.7457E+1	3.5970E+1	2.7989E+1	2.0763E+1	1.5812E+1	1.2076E+1	9.1503E+0	7.0077E+0	5.3547E+0	4.1066E+0
2.9637E+3	1.8548E+3	1.4129E+3	9.4699E+2	5.7186E+2	4.8836E+2	3.9517E+2	3.1371E+2	2.5365E+2	2.0011E+2	1.5083E+2	1.1365E+2	8.4045E+1	6.4096E+1	4.7496E+1	3.5986E+1	2.8003E+1	2.0775E+1	1.5821E+1	1.2082E+1	9.1547E+0	7.0112E+0	5.3574E+0	4.1089E+0
2.8649E+3	1.8553E+3	1.4236E+3	9.5523E+2	5.9421E+2	4.9186E+2	3.9401E+2	3.1688E+2	2.5402E+2	2.0034E+2	1.5067E+2	1.1376E+2	8.4084E+1	6.4137E+1	4.7498E+1	3.6002E+1	2.8017E+1	2.0783E+1	1.5829E+1	1.2089E+1	9.1587E+0	7.0146E+0	5.3600E+0	4.1102E+0
3.0465E+3	1.8779E+3	1.4324E+3	9.4469E+2	5.8176E+2	4.8574E+2	3.9528E+2	3.1606E+2	2.5413E+2	2.0033E+2	1.5102E+2	1.1381E+2	8.4080E+1	6.4163E+1	4.7519E+1	3.6021E+1	2.8035E+1	2.0793E+1	1.5838E+1	1.2096E+1	9.1635E+0	7.0178E+0	5.3626E+0	4.1125E+0
2.8645E+3	1.8203E+3	1.4026E+3	9.6691E+2	5.7200E+2	4.8119E+2	3.8985E+2	3.1307E+2	2.5352E+2	1.9921E+2	1.5076E+2	1.1360E+2	8.4237E+1	6.4221E+1	4.7578E+1	3.6014E+1	2.8023E+1	2.0807E+1	1.5836E+1	1.2096E+1	9.1670E+0	7.0211E+0	5.3639E+0	4.1135E+0
2.9785E+3	1.8420E+3	1.4040E+3	9.3928E+2	5.8348E+2	4.8527E+2	3.9357E+2	3.1521E+2	2.5429E+2	1.9982E+2	1.5082E+2	1.1373E+2	8.4151E+1	6.4179E+1	4.7537E+1	3.6021E+1	2.8031E+1	2.0799E+1	1.5839E+1	1.2097E+1	9.1672E+0	7.0204E+0	5.3645E+0	4.1144E+0
3.0124E+3	1.8972E+3	1.4419E+3	9.4606E+2	5.8314E+2	4.8275E+2	3.9704E+2	3.1466E+2	2.5367E+2	1.9955E+2	1.5103E+2	1.1389E+2	8.4141E+1	6.4197E+1	4.7542E+1	3.6040E+1	2.8046E+1	2.0811E+1	1.5847E+1	1.2103E+1	9.1714E+0	7.0238E+0	5.3671E+0	4.1163E+0
2.8292E+3	1.8494E+3	1.4026E+3	9.5829E+2	5.8691E+2	4.8772E+2	3.9482E+2	3.1775E+2	2.5443E+2	1.9996E+2	1.5079E+2	1.1388E+2	8.4240E+1	6.4239E+1	4.7584E+1	3.6063E+1	2.8057E+1	2.0818E+1	1.5856E+1	1.2110E+1	9.1762E+0	7.0273E+0	5.3697E+0	4.1181E+0
3.0261E+3	1.8969E+3	1.4246E+3	9.3767E+2	5.7927E+2	4.8683E+2	3.9676E+2	3.1628E+2	2.5492E+2	2.0035E+2	1.5125E+2	1.1394E+2	8.4215E+1	6.4271E+1	4.7604E+1	3.6080E+1	2.8082E+1	2.0828E+1	1.5864E+1	1.2115E+1	9.1801E+0	7.0306E+0	5.3724E+0	4.1199E+0
2.9203E+3	1.7894E+3	1.3866E+3	9.4305E+2	5.8890E+2	4.9093E+2	3.9217E+2	3.1443E+2	2.5349E+2	1.9954E+2	1.5062E+2	1.1373E+2	8.4346E+1	6.4295E+1	4.7623E+1	3.6074E+1	2.8074E+1	2.0835E+1	1.5867E+1	1.2118E+1	9.1825E+0	7.0334E+0	5.3735E+0	4.1211E+0
2.9934E+3	1.8164E+3	1.4256E+3	9.4945E+2	5.7722E+2	4.8862E+2	3.9506E+2	3.1562E+2	2.5428E+2	1.9957E+2	1.5095E+2	1.1387E+2	8.4197E+1	6.4268E+1	4.7595E+1	3.6086E+1	2.8078E+1	2.0832E+1	1.5865E+1	1.2118E+1	9.1819E+0	7.0326E+0	5.3741E+0	4.1217E+0
3.1107E+3	1.8908E+3	1.3987E+3	9.4393E+2	5.8073E+2	4.8748E+2	3.9580E+2	3.1634E+2	2.5441E+2	2.0070E+2	1.5106E+2	1.1389E+2	8.4251E+1	6.4279E+1	4.7627E+1	3.6102E+1	2.8087E+1	2.0843E+1	1.5873E+1	1.2125E+1	9.1872E+0	7.0364E+0	5.3767E+0	4.1235E+0
2.8605E+3	1.8458E+3	1.4218E+3	9.5624E+2	5.7341E+2	4.8830E+2	3.9584E+2	3.1460E+2	2.5396E+2	2.0065E+2	1.5122E+2	1.1393E+2	8.4321E+1	6.4322E+1	4.7636E+1	3.6116E+1	2.8109E+1	2.0853E+1	1.5882E+1	1.2131E+1	9.1914E+0	7.0397E+0	5.3793E+0	4.1252E+0
2.9020E+3	1.8715E+3	1.4089E+3	9.4811E+2	5.8012E+2	4.8572E+2	3.9441E+2	3.1547E+2	2.5417E+2	2.0024E+2	1.5101E+2	1.1400E+2	8.4400E+1	6.4373E+1	4.7690E+1	3.6138E+1	2.8120E+1	2.0863E+1	1.5890E+1	1.2137E+1	9.1958E+0	7.0438E+0	5.3818E+0	4.1270E+0
2.9947E+3	1.8504E+3	1.3788E+3	9.5622E+2	5.7139E+2	4.8456E+2	3.9378E+2	3.1554E+2	2.5453E+2	1.9998E+2	1.5102E+2	1.1378E+2	8.4440E+1	6.4392E+1	4.7690E+1	3.6114E+1	2.8122E+1	2.0859E+1	1.5889E+1	1.2135E+1	9.1952E+0	7.0444E+0	5.3822E+0	4.1273E+0
2.9194E+3	1.8703E+3	1.3992E+3	9.3764E+2	5.8158E+2	4.9207E+2	3.9271E+2	3.1636E+2	2.5425E+2	2.0056E+2	1.5108E+2	1.1401E+2	8.4259E+1	6.4346E+1	4.7658E+1	3.6133E+1	2.8120E+1	2.0867E+1	1.5891E+1	1.2140E+1	9.1987E+0	7.0449E+0	5.3837E+0	4.1286E+0
3.0169E+3	1.8672E+3	1.3975E+3	9.3894E+2	5.8509E+2	4.8353E+2	3.9597E+2	3.1628E+2	2.5456E+2	2.0122E+2	1.5108E+2	1.1406E+2	8.4407E+1	6.4392E+1	4.7694E+1	3.6157E+1	2.8135E+1	2.0873E+1	1.5899E+1	1.2145E+1	9.2034E+0	7.0480E+0	5.3861E+0	4.1305E+0
2.6430E+3	1.8817E+3	1.4151E+3	9.5523E+2	5.8787E+2	4.8353E+2	3.9461E+2	3.1769E+2	2.5505E+2	1.9986E+2	1.5134E+2	1.1404E+2	8.4456E+1	6.4447E+1	4.7725E+1	3.6167E+1	2.8153E+1	2.0885E+1	1.5906E+1	1.2151E+1	9.2083E+0	7.0515E+0	5.3883E+0	4.1326E+0
2.8990E+3	1.8819E+3	1.4009E+3	9.4675E+2	5.7213E+2	4.8854E+2	3.9559E+2	3.1784E+2	2.5518E+2	2.0109E+2	1.5145E+2	1.1420E+2	8.4471E+1	6.4429E+1	4.7742E+1	3.6186E+1	2.8162E+1	2.0900E+1	1.5917E+1	1.2157E+1	9.2116E+0	7.0556E+0	5.3911E+0	4.1344E+0
3.0217E+3	1.8593E+3	1.4035E+3	9.4491E+2	5.8793E+2	4.8251E+2	3.9558E+2	3.1376E+2	2.5437E+2	2.0074E+2	1.5093E+2	1.1394E+2	8.4491E+1	6.4457E+1	4.7736E+1	3.6179E+1	2.8170E+1	2.0895E+1	1.5912E+1	1.2158E+1	9.2123E+0	7.0551E+0	5.3919E+0	4.1350E+0
2.8423E+3	1.8512E+3	1.4165E+3	9.4203E+2	5.8317E+2	4.8591E+2	3.9388E+2	3.1703E+2	2.5475E+2	2.0066E+2	1.5130E+2	1.1416E+2	8.4435E+1	6.4428E+1	4.7722E+1	3.6189E+1	2.8162E+1	2.0898E+1	1.5918E+1	1.2159E+1	9.2141E+0	7.0571E+0	5.3927E+0	4.1357E+0
3.1161E+3	1.8856E+3	1.4131E+3	9.4288E+2	5.7776E+2	4.8747E+2	3.9624E+2	3.1822E+2	2.5575E+2	2.0062E+2	1.5145E+2	1.1417E+2	8.4485E+1	6.4465E+1	4.7766E+1	3.6203E+1	2.8175E+1	2.0908E+1	1.5926E+1	1.2166E+1	9.2190E+0	7.0614E+0	5.3959E+0	4.1377E+0
2.7830E+3	1.8744E+3	1.4119E+3	9.3852E+2	5.7356E+2	4.8603E+2	3.9603E+2	3.1864E+2	2.5476E+2	2.0087E+2	1.5159E+2	1.1428E+2	8.4521E+1	6.4517E+1	4.7787E+1	3.6225E+1	2.8191E+1	2.0919E+1	1.5935E+1	1.2172E+1	9.2229E+0	7.0640E+0	5.3980E+0	4.1398E+0
2.8769E+3	1.8508E+3	1.4202E+3	9.4804E+2	5.8966E+2	4.8986E+2	3.9790E+2	3.1764E+2	2.5587E+2	2.0083E+2	1.5126E+2	1.1421E+2	8.4590E+1	6.4549E+1	4.7819E+1	3.6245E+1	2.8208E+1	2.0933E+1	1.5942E+1	1.2178E+1	9.2282E+0	7.0671E+0	5.4003E+0	4.1418E+0
3.0222E+3	1.8649E+3	1.3833E+3	9.4043E+2	5.8291E+2	4.8286E+2	3.9467E+2	3.1886E+2	2.5453E+2	2.0082E+2	1.5118E+2	1.1402E+2	8.4622E+1	6.4570E+1	4.7764E+1	3.6239E+1	2.8198E+1	2.0930E+1	1.5942E+1	1.2176E+1	9.2260E+0	7.0660E+0	5.4005E+0	4.1411E+0
2.8595E+3	1.8546E+3	1.4297E+3	9.3488E+2	5.7021E+2	4.8656E+2	3.9803E+2	3.1566E+2	2.5530E+2	2.0082E+2	1.5134E+2	1.1433E+2	8.4525E+1	6.4517E+1	4.7824E+1	3.6238E+1	2.8205E+1	2.0928E+1	1.5943E+1	1.2178E+1	9.2297E+0	7.0688E+0	5.4018E+0	4.1426E+0
3.1383E+3	1.8674E+3	1.3989E+3	9.5955E+2	5.7130E+2	4.8965E+2	3.9722E+2	3.1905E+2	2.5524E+2	2.0107E+2	1.5150E+2	1.1436E+2	8.4605E+1	6.4551E+1	4.7830E+1	3.6252E+1	2.8225E+1	2.0942E+1	1.5951E+1	1.2185E+1	9.2337E+0	7.0720E+0	5.4045E+0	4.1444E+0
2.7985E+3	1.8569E+3	1.4247E+3	9.3926E+2	5.7160E+2	4.8702E+2	3.9682E+2	3.1821E+2	2.5600E+2	2.0098E+2	1.5181E+2	1.1436E+2	8.4668E+1	6.4581E+1	4.7845E+1	3.6279E+1	2.8234E+1	2.0953E+1	1.5958E+1	1.2191E+1	9.2389E+0	7.0760E+0	5.4070E+0	4.1467E+0
2.9194E+3	1.8911E+3	1.4168E+3	9.4045E+2	5.7883E+2	4.8811E+2	3.9605E+2	3.1861E+2	2.5532E+2	2.0128E+2	1.5171E+2	1.1441E+2	8.4676E+1	6.4618E+1	4.7874E+1	3.6293E+1	2.8250E+1	2.0962E+1	1.5967E+1	1.2199E+1	9.2430E+0	7.0798E+0	5.4097E+0	4.1487E+0
3.0036E+3	1.8798E+3	1.3877E+3	9.5721E+2	5.8575E+2	4.8356E+2	3.9550E+2	3.1822E+2	2.5454E+2	2.0102E+2	1.5135E+2	1.1420E+2	8.4633E+1	6.4597E+1	4.7824E+1	3.6282E+1	2.8226E+1	2.0955E+1	1.5961E+1	1.2194E+1	9.2399E+0	7.0768E+0	5.4088E+0	4.1480E+0
2.8726E+3	1.8384E+3	1.3958E+3	9.4889E+2	5.9187E+2	4.8526E+2	3.9660E+2	3.1724E+2	2.5476E+2	2.0120E+2	1.5154E+2	1.1426E+2	8.4642E+1	6.4601E+1	4.7858E+1	3.6298E+1	2.8241E+1	2.0964E+1	1.5966E+1	1.2200E+1	9.2447E+0	7.0805E+0	5.4106E+0	4.1499E+0
3.1414E+3	1.8564E+3	1.4173E+3	9.4478E+2	5.7684E+2	4.8928E+2	3.9497E+2	3.1754E+2	2.5557E+2	2.0117E+2	1.5154E+2	1.1447E+2	8.4721E+1	6.4621E+1	4.7885E+1	3.6312E+1	2.8259E+1	2.0974E+1	1.5977E+1	1.2205E+1	9.2496E+0	7.0841E+0	5.4138E+0	4.1516E+0
2.7394E+3	1.9018E+3	1.4104E+3	9.3739E+2	5.7440E+2	4.8753E+2	3.9578E+2	3.1951E+2	2.5509E+2	2.0098E+2	1.5169E+2	1.1452E+2	8.4737E+1	6.4658E+1	4.7924E+1	3.6318E+1	2.8276E+1	2.0984E+1	1.5984E+1	1.2210E+1	9.2532E+0	7.0876E+0	5.4161E+0	4.1536E+0
2.8572E+3	1.8706E+3	1.3678E+3	9.5607E+2	5.7066E+2	4.8574E+2	3.9616E+2	3.1817E+2	2.5507E+2	2.0131E+2	1.5172E+2	1.1449E+2	8.4776E+1	6.4688E+1	4.7917E+1	3.6353E+1	2.8282E+1	2.0989E+1	1.5989E+1	1.2217E+1	9.2592E+0	7.0914E+0	5.4185E+0	4.1554E+0
3.0790E+3	1.9495E+3	1.4108E+3	9.3658E+2	5.7700E+2	4.8517E+2	3.9434E+2	3.1610E+2	2.5606E+2	2.0133E+2	1.5157E+2	1.1446E+2	8.4725E+1	6.4657E+1	4.7906E+1	3.6323E+1	2.8271E+1	2.0984E+1	1.5985E+1	1.2211E+1	9.2540E+0	7.0889E+0	5.4174E+0	4.1544E+0
2.8652E+3	1.8594E+3	1.4122E+3	9.4742E+2	5.8280E+2	4.8671E+2	3.9705E+2	3.1641E+2	2.5460E+2	2.0141E+2	1.5143E+2	1.1446E+2	8.4717E+1	6.4670E+1	4.7924E+1	3.6345E+1	2.8283E+1	2.0993E+1	1.5992E+1	1.2218E+1	9.2595E+0	7.0927E+0	5.4199E+0	4.1566E+0
3.0518E+3	1.8680E+3	1.3960E+3	9.5888E+2	5.9211E+2	4.8765E+2	3.9652E+2	3.1903E+2	2.5552E+2	2.0088E+2	1.5175E+2	1.1442E+2	8.4755E+1	6.4709E+1	4.7942E+1	3.6356E+1	2.8295E+1	2.1002E+1	1.5999E+1	1.2224E+1	9.2632E+0	7.0962E+0	5.4222E+0	4.1584E+0
2.9866E+3	1.8624E+3	1.4247E+3	9.5038E+2	5.6991E+2	4.8704E+2	3.9702E+2	3.1742E+2	2.5523E+2	2.0139E+2	1.5190E+2	1.1457E+2	8.4819E+1	6.4733E+1	4.7971E+1	3.6371E+1	2.8314E+1	2.1016E+1	1.6007E+1	1.2230E+1	9.2684E+0	7.0994E+0	5.4249E+0	4.1606E+0
3.0000E+3	1.8935E+3	1.3832E+3	9.5845E+2	5.7521E+2	4.8501E+2	3.9660E+2	3.1856E+2	2.5456E+2	2.0159E+2	1.5147E+2	1.1446E+2	8.4801E+1	6.4727E+1	4.7961E+1	3.6383E+1	2.8321E+1	2.1019E+1	1.6018E+1	1.2232E+1	9.2701E+0	7.1021E+0	5.4267E+0	4.1620E+0
2.8659E+3	1.8821E+3	1.4303E+3	9.6246E+2	5.8523E+2	4.8641E+2	3.9326E+2	3.1865E+2	2.5483E+2	2.0163E+2	1.5183E+2	1.1445E+2	8.4828E+1	6.4719E+1	4.7948E+1	3.6378E+1	2.8312E+1	2.1012E+1	1.6008E+1	1.2230E+1	9.2692E+0	7.1006E+0	5.4261E+0	4.1615E+0
3.0574E+3	1.9095E+3	1.4084E+3	9.4339E+2	5.8190E+2	4.8517E+2	3.9902E+2	3.1598E+2	2.5522E+2	2.0122E+2	1.5182E+2	1.1461E+2	8.4808E+1	6.4728E+1	4.7976E+1	3.6381E+1	2.8322E+1	2.1027E+1	1.6016E+1	1.2236E+1	9.2739E+0	7.1034E+0	5.4285E+0	4.1634E+0
3.0003E+3	1.8908E+3	1.3938E+3	9.3737E+2	5.7647E+2	4.8555E+2	3.9782E+2	3.1740E+2	2.5522E+2	2.0096E+2	1.5195E+2	1.1465E+2	8.4888E+1	6.4780E+1	4.8014E+1	3.6406E+1	2.8337E+1	2.1035E+1	1.6023E+1	1.2242E+1	9.2773E+0	7.1074E+0	5.4307E+0	4.1652E+0
3.0274E+3	1.8909E+3	1.3971E+3	9.4161E+2	5.9249E+2	4.8853E+2	3.9499E+2	3.1761E+2	2.5634E+2	2.0119E+2	1.5202E+2	1.1474E+2	8.4915E+1	6.4801E+1	4.8035E+1	3.6422E+1	2.8348E+1	2.1044E+1	1.6032E+1	1.2248E+1	9.2822E+0	7.1099E+0	5.4335E+0	4.1670E+0
3.1869E+3	1.9191E+3	1.3888E+3	9.6203E+2	5.7615E+2	4.8694E+2	3.9484E+2	3.1696E+2	2.5472E+2	2.0187E+2	1.5172E+2	1.1466E+2	8.4844E+1	6.4776E+1	4.8020E+1	3.6412E+1	2.8363E+1	2.1051E+1	1.6034E+1	1.2252E+1	9.2846E+0	7.1127E+0	5.4347E+0	4.1681E+0
2.8281E+3	1.8765E+3	1.4303E+3	9.3736E+2	5.6760E+2	4.8739E+2	3.9621E+2	3.1661E+2	2.5498E+2	2.0129E+2	1.5180E+2	1.1465E+2	8.4879E+1	6.4772E+1	4.8015E+1	3.6415E+1	2.8346E+1	2.1040E+1	1.6031E+1	1.2249E+1	9.2835E+0	7.1114E+0	5.4344E+0	4.1677E+0
3.1082E+3	1.8998E+3	1.4094E+3	9.3770E+2	5.7703E+2	4.9020E+2	3.9364E+2	3.1721E+2	2.5577E+2	2.0109E+2	1.5203E+2	1.1465E+2	8.4898E+1	6.4815E+1	4.8036E+1	3.6432E+1	2.8356E+1	2.1051E+1	1.6039E+1	1.2254E+1	9.2878E+0	7.1145E+0	5.4371E+0	4.1698E+0
3.0631E+3	1.9141E+3	1.4011E+3	9.4167E+2	5.6755E+2	4.8682E+2	3.9529E+2	3.1752E+2	2.5566E+2	2.0109E+2	1.5181E+2	1.1469E+2	8.4898E+1	6.4840E+1	4.8064E+1	3.6447E+1	2.8374E+1	2.1064E+1	1.6044E+1	1.2260E+1	9.2922E+0	7.1177E+0	5.4394E+0	4.1716E+0
3.0571E+3	1.8845E+3	1.4020E+3	9.3856E+2	5.8035E+2	4.8490E+2	3.9485E+2	3.1831E+2	2.5543E+2	2.0174E+2	1.5193E+2	1.1476E+2	8.4948E+1	6.4836E+1	4.8078E+1	3.6454E+1	2.8383E+1	2.1074E+1	1.6054E+1	1.2266E+1	9.2967E+0	7.1211E+0	5.4423E+0	4.1738E+0
3.5496E+3	1.8910E+3	1.3713E+3	9.6074E+2	5.8552E+2	4.8359E+2	3.9492E+2	3.1779E+2	2.5453E+2	2.0083E+2	1.5157E+2	1.1468E+2	8.4852E+1	6.4787E+1	4.8101E+1	3.6447E+1	2.8399E+1	2.1079E+1	1.6053E+1	1.2265E+1	9.2978E+0	7.1220E+0	5.4427E+0	4.1740E+0
3.1443E+3	1.9271E+3	1.4139E+3	9.3673E+2	5.7230E+2	4.8562E+2	3.9440E+2	3.1374E+2	2.5486E+2	2.0084E+2	1.5168E+2	1.1471E+2	8.4901E+1	6.4832E+1	4.8056E+1	3.6459E+1	2.8383E+1	2.1068E+1	1.6055E+1	1.2267E+1	9.2976E+0	7.1225E+0	5.4427E+0	4.1743E+0
3.0323E+3	1.8551E+3	1.4065E+3	9.3695E+2	5.7968E+2	4.8420E+2	3.9242E+2	3.1617E+2	2.5521E+2	2.0060E+2	1.5186E+2	1.1473E+2	8.4952E+1	6.4876E+1	4.8082E+1	3.6474E+1	2.8398E+1	2.1078E+1	1.6061E+1	1.2272E+1	9.3012E+0	7.1251E+0	5.4455E+0	4.1764E+0
3.3015E+3	1.9231E+3	1.3870E+3	9.3228E+2	5.9882E+2	4.8504E+2	3.9372E+2	3.1296E+2	2.5514E+2	2.0062E+2	1.5193E+2	1.1473E+2	8.5001E+1	6.4924E+1	4.8105E+1	3.6486E+1	2.8407E+1	2.1090E+1	1.6067E+1	1.2277E+1	9.3060E+0	7.1285E+0	5.4475E+0	4.1779E+0
2.8941E+3	1.8718E+3	1.4055E+3	9.3382E+2	5.7061E+2	4.8601E+2	3.9228E+2	3.1633E+2	2.5500E+2	2.0071E+2	1.5171E+2	1.1472E+2	8.5009E+1	6.4876E+1	4.8141E+1	3.6499E+1	2.8425E+1	2.1103E+1	1.6077E+1	1.2284E+1	9.3099E+0	7.1316E+0	5.4502E+0	4.1795E+0
3.1964E+3	1.9328E+3	1.3533E+3	9.3257E+2	5.7763E+2	4.7845E+2	3.9340E+2	3.1887E+2	2.5391E+2	2.0197E+2	1.5152E+2	1.1478E+2	8.4914E+1	6.4864E+1	4.8134E+1	3.6490E+1	2.8415E+1	2.1095E+1	1.6080E+1	1.2286E+1	9.3099E+0	7.1318E+0	5.4506E+0	4.1802E+0
3.4869E+3	1.8765E+3	1.3742E+3	9.3906E+2	5.6586E+2	4.8367E+2	3.9451E+2	3.1513E+2	2.5485E+2	2.0085E+2	1.5183E+2	1.1471E+2	8.4966E+1	6.4911E+1	4.8106E+1	3.6497E+1	2.8415E+1	2.1100E+1	1.6074E+1	1.2283E+1	9.3114E+0	7.1330E+0	5.4507E+0	4.1806E+0
2.9267E+3	1.9334E+3	1.3792E+3	9.2701E+2	5.7270E+2	4.8637E+2	3.9122E+2	3.1624E+2	2.5552E+2	2.0087E+2	1.5208E+2	1.1471E+2	8.4986E+1	6.4914E+1	4.8114E+1	3.6513E+1	2.8428E+1	2.1107E+1	1.6082E+1	1.2288E+1	9.3148E+0	7.1359E+0	5.4527E+0	4.1821E+0
3.0621E+3	1.9829E+3	1.3600E+3	9.2290E+2	5.8259E+2	4.8373E+2	3.9294E+2	3.1853E+2	2.5449E+2	2.0108E+2	1.5185E+2	1.1476E+2	8.5007E+1	6.4919E+1	4.8155E+1	3.6524E+1	2.8436E+1	2.1117E+1	1.6091E+1	1.2295E+1	9.3201E+0	7.1391E+0	5.4563E+0	4.1844E+0
3.2697E+3	1.9834E+3	1.3929E+3	9.2109E+2	5.7237E+2	4.8104E+2	3.9250E+2	3.1505E+2	2.5573E+2	2.0098E+2	1.5193E+2	1.1477E+2	8.5067E+1	6.4968E+1	4.8174E+1	3.6537E+1	2.8454E+1	2.1127E+1	1.6100E+1	1.2301E+1	9.3232E+0	7.1427E+0	5.4588E+0	4.1861E+0
3.5472E+3	1.9906E+3	1.3472E+3	9.3053E+2	5.6654E+2	4.7640E+2	3.8934E+2	3.1586E+2	2.5395E+2	2.0094E+2	1.5156E+2	1.1472E+2	8.4902E+1	6.4874E+1	4.8186E+1	3.6545E+1	2.8437E+1	2.1119E+1	1.6092E+1	1.2297E+1	9.3240E+0	7.1409E+0	5.4586E+0	4.1858E+0
2.8792E+3	1.9167E+3	1.3805E+3	9.2720E+2	5.5502E+2	4.7953E+2	3.9135E+2	3.1695E+2	2.5403E+2	2.0017E+2	1.5134E+2	1.1464E+2	8.5003E+1	6.4908E+1	4.8148E+1	3.6529E+1	2.8445E+1	2.1123E+1	1.6096E+1	1.2301E+1	9.3238E+0	7.1433E+0	5.4590E+0	4.1870E+0
2.9162E+3	1.8885E+3	1.3365E+3	9.2630E+2	5.7229E+2	4.8303E+2	3.8990E+2	3.1220E+2	2.5436E+2	2.0081E+2	1.5179E+2	1.1465E+2	8.5026E+1	6.4937E+1	4.8170E+1	3.6544E+1	2.8458E+1	2.1133E+1	1.6103E+1	1.2306E+1	9.3279E+0	7.1458E+0	5.4616E+0	4.1886E+0
2.5383E+3	1.9101E+3	1.3513E+3	9.2123E+2	5.7113E+2	4.8023E+2	3.9234E+2	3.1401E+2	2.5462E+2	2.0062E+2	1.5169E+2	1.1462E+2	8.5030E+1	6.4960E+1	4.8207E+1	3.6567E+1	2.8468E+1	2.1144E+1	1.6110E+1	1.2312E+1	9.3333E+0	7.1489E+0	5.4638E+0	4.1905E+0
3.2726E+3	1.8811E+3	1.3419E+3	9.1921E+2	5.5836E+2	4.7806E+2	3.9189E+2	3.1444E+2	2.5419E+2	2.0022E+2	1.5153E+2	1.1471E+2	8.5053E+1	6.4993E+1	4.8213E+1	3.6575E+1	2.8487E+1	2.1153E+1	1.6119E+1	1.2318E+1	9.3356E+0	7.1530E+0	5.4663E+0	4.1923E+0
2.7229E+3	1.8843E+3	1.3841E+3	9.1276E+2	5.6192E+2	4.7618E+2	3.9023E+2	3.1368E+2	2.5309E+2	2.0117E+2	1.5137E+2	1.1469E+2	8.4973E+1	6.4939E+1	4.8190E+1	3.6569E+1	2.8468E+1	2.1147E+1	1.6112E+1	1.2316E+1	9.3346E+0	7.1516E+0	5.4658E+0	4.1923E+0
3.3763E+3	1.9841E+3	1.3155E+3	9.0192E+2	5.5300E+2	4.7470E+2	3.8962E+2	3.1088E+2	2.5410E+2	2.0029E+2	1.5138E+2	1.1469E+2	8.4966E+1	6.4940E+1	4.8185E+1	3.6566E+1	2.8473E+1	2.1145E+1	1.6115E+1	1.2317E+1	9.3361E+0	7.1532E+0	5.4667E+0	4.1927E+0
3.4100E+3	1.9563E+3	1.3160E+3	8.9123E+2	5.5542E+2	4.7687E+2	3.8888E+2	3.1146E+2	2.5373E+2	2.0001E+2	1.5126E+2	1.1460E+2	8.4982E+1	6.4976E+1	4.8207E+1	3.6575E+1	2.8483E+1	2.1157E+1	1.6123E+1	1.2323E+1	9.3404E+0	7.1562E+0	5.4693E+0	4.1947E+0
3.6156E+3	1.9932E+3	1.3418E+3	9.1129E+2	5.6313E+2	4.7636E+2	3.8632E+2	3.1307E+2	2.5246E+2	2.0029E+2	1.5161E+2	1.1460E+2	8.5048E+1	6.4980E+1	4.8222E+1	3.6590E+1	2.8503E+1	2.1165E+1	1.6131E+1	1.2328E+1	9.3446E+0	7.1593E+0	5.4717E+0	4.1966E+0
3.1049E+3	2.0013E+3	1.3742E+3	9.1091E+2	5.6832E+2	4.7841E+2	3.8781E+2	3.1272E+2	2.5325E+2	1.9989E+2	1.5165E+2	1.1462E+2	8.5103E+1	6.5012E+1	4.8238E+1	3.6602E+1	2.8514E+1	2.1174E+1	1.6137E+1	1.2333E+1	9.3487E+0	7.1625E+0	5.4737E+0	4.1979E+0
3.2032E+3	1.9475E+3	1.3419E+3	8.9387E+2	5.4942E+2	4.6923E+2	3.8667E+2	3.1110E+2	2.5132E+2	2.0036E+2	1.5104E+2	1.1476E+2	8.4991E+1	6.4962E+1	4.8206E+1	3.6595E+1	2.8502E+1	2.1169E+1	1.6136E+1	1.2329E+1	9.3463E+0	7.1614E+0	5.4728E+0	4.1974E+0
3.2234E+3	1.8650E+3	1.3294E+3	8.9758E+2	5.5998E+2	4.7221E+2	3.8327E+2	3.1017E+2	2.5210E+2	1.9966E+2	1.5115E+2	1.1455E+2	8.4986E+1	6.4967E+1	4.8220E+1	3.6592E+1	2.8502E+1	2.1172E+1	1.6137E+1	1.2333E+1	9.3491E+0	7.1624E+0	5.4743E+0	4.1990E+0
2.5982E+3	1.8214E+3	1.3265E+3	8.9681E+2	5.6015E+2	4.7180E+2	3.8674E+2	3.1092E+2	2.5197E+2	1.9999E+2	1.5127E+2	1.1462E+2	8.5038E+1	6.4992E+1	4.8238E+1	3.6613E+1	2.8519E+1	2.1182E+1	1.6143E+1	1.2338E+1	9.3533E+0	7.1661E+0	5.4769E+0	4.2008E+0
2.8912E+3	1.8986E+3	1.3036E+3	8.9407E+2	5.6906E+2	4.7052E+2	3.8680E+2	3.1112E+2	2.5268E+2	1.9978E+2	1.5123E+2	1.1458E+2	8.4998E+1	6.5004E+1	4.8249E+1	3.6627E+1	2.8530E+1	2.1192E+1	1.6151E+1	1.2343E+1	9.3581E+0	7.1692E+0	5.4794E+0	4.2022E+0
2.7931E+3	1.8569E+3	1.2888E+3	8.8722E+2	5.4138E+2	4.7329E+2	3.8300E+2	3.1177E+2	2.5174E+2	2.0000E+2	1.5109E+2	1.1458E+2	8.5044E+1	6.5040E+1	4.8287E+1	3.6645E+1	2.8539E+1	2.1202E+1	1.6159E+1	1.2351E+1	9.3621E+0	7.1726E+0	5.4817E+0	4.2043E+0
2.5877E+3	1.8061E+3	1.2924E+3	8.9115E+2	5.5140E+2	4.6560E+2	3.8285E+2	3.1015E+2	2.5069E+2	1.9951E+2	1.5104E+2	1.1461E+2	8.4987E+1	6.4969E+1	4.8222E+1	3.6610E+1	2.8528E+1	2.1184E+1	1.6150E+1	1.2344E+1	9.3582E+0	7.1697E+0	5.4798E+0	4.2035E+0
3.8889E+3	1.9252E+3	1.3040E+3	8.8133E+2	5.6243E+2	4.6762E+2	3.8160E+2	3.1126E+2	2.5155E+2	1.9926E+2	1.5098E+2	1.1448E+2	8.4979E+1	6.5010E+1	4.8245E+1	3.6629E+1	2.8534E+1	2.1195E+1	1.6155E+1	1.2349E+1	9.3628E+0	7.1729E+0	5.4818E+0	4.2047E+0
3.7434E+3	1.9233E+3	1.2969E+3	8.7449E+2	5.5103E+2	4.6878E+2	3.8363E+2	3.0945E+2	2.5187E+2	1.9894E+2	1.5107E+2	1.1451E+2	8.5025E+1	6.5042E+1	4.8291E+1	3.6647E+1	2.8545E+1	2.1210E+1	1.6164E+1	1.2353E+1	9.3651E+0	7.1759E+0	5.4844E+0	4.2064E+0
3.2825E+3	1.8874E+3	1.2511E+3	8.6652E+2	5.4362E+2	4.6833E+2	3.8348E+2	3.0978E+2	2.5120E+2	1.9901E+2	1.5112E+2	1.1446E+2	8.5064E+1	6.5040E+1	4.8289E+1	3.6657E+1	2.8560E+1	2.1217E+1	1.6172E+1	1.2360E+1	9.3707E+0	7.1793E+0	5.4868E+0	4.2084E+0
2.7213E+3	1.6738E+3	1.2784E+3	8.9242E+2	5.4943E+2	4.6406E+2	3.8090E+2	3.1070E+2	2.5099E+2	1.9963E+2	1.5100E+2	1.1478E+2	8.5091E+1	6.5113E+1	4.8285E+1	3.6655E+1	2.8576E+1	2.1218E+1	1.6174E+1	1.2365E+1	9.3737E+0	7.1811E+0	5.4890E+0	4.2101E+0
2.4301E+3	1.7770E+3	1.3370E+3	8.6515E+2	5.5073E+2	4.6534E+2	3.8069E+2	3.0971E+2	2.4961E+2	1.9917E+2	1.5103E+2	1.1451E+2	8.5004E+1	6.5037E+1	4.8264E+1	3.6637E+1	2.8555E+1	2.1209E+1	1.6170E+1	1.2360E+1	9.3706E+0	7.1796E+0	5.4874E+0	4.2084E+0
3.1791E+3	1.8938E+3	1.2688E+3	8.5708E+2	5.3507E+2	4.6780E+2	3.7998E+2	3.0813E+2	2.5059E+2	1.9870E+2	1.5078E+2	1.1451E+2	8.4958E+1	6.5025E+1	4.8286E+1	3.6663E+1	2.8562E+1	2.1222E+1	1.6177E+1	1.2365E+1	9.3748E+0	7.1820E+0	5.4901E+0	4.2103E+0
2.5376E+3	1.6872E+3	1.3033E+3	8.6794E+2	5.3823E+2	4.6281E+2	3.8105E+2	3.0892E+2	2.5060E+2	1.9849E+2	1.5113E+2	1.1460E+2	8.5051E+1	6.5081E+1	4.8315E+1	3.6686E+1	2.8579E+1	2.1230E+1	1.6184E+1	1.2371E+1	9.3790E+0	7.1862E+0	5.4921E+0	4.2126E+0
3.1680E+3	1.8862E+3	1.2502E+3	8.6533E+2	5.3695E+2	4.6448E+2	3.8051E+2	3.0668E+2	2.5051E+2	1.9856E+2	1.5065E+2	1.1453E+2	8.5085E+1	6.5069E+1	4.8335E+1	3.6696E+1	2.8596E+1	2.1241E+1	1.6193E+1	1.2377E+1	9.3837E+0	7.1889E+0	5.4946E+0	4.2144E+0
2.6194E+3	1.7964E+3	1.2477E+3	8.7304E+2	5.4369E+2	4.5911E+2	3.7767E+2	3.0770E+2	2.4970E+2	1.9942E+2	1.5082E+2	1.1468E+2	8.5114E+1	6.5167E+1	4.8311E+1	3.6680E+1	2.8593E+1	2.1250E+1	1.6200E+1	1.2379E+1	9.3873E+0	7.1903E+0	5.4961E+0	4.2153E+0
2.5069E+3	1.7655E+3	1.2583E+3	8.4496E+2	5.5115E+2	4.6286E+2	3.7815E+2	3.0833E+2	2.4977E+2	1.9866E+2	1.5087E+2	1.1436E+2	8.5038E+1	6.5041E+1	4.8307E+1	3.6686E+1	2.8583E+1	2.1238E+1	1.6189E+1	1.2376E+1	9.3829E+0	7.1899E+0	5.4952E+0	4.2148E+0
2.7661E+3	1.9860E+3	1.2160E+3	8.4995E+2	5.4830E+2	4.6341E+2	3.7709E+2	3.0743E+2	2.4957E+2	1.9832E+2	1.5079E+2	1.1448E+2	8.5023E+1	6.5068E+1	4.8323E+1	3.6698E+1	2.8597E+1	2.1248E+1	1.6197E+1	1.2382E+1	9.3877E+0	7.1926E+0	5.4970E+0	4.2165E+0
2.4012E+3	1.6499E+3	1.2854E+3	8.4844E+2	5.3723E+2	4.5833E+2	3.8002E+2	3.0750E+2	2.4987E+2	1.9816E+2	1.5085E+2	1.1439E+2	8.5055E+1	6.5065E+1	4.8358E+1	3.6711E+1	2.8612E+1	2.1254E+1	1.6204E+1	1.2387E+1	9.3926E+0	7.1960E+0	5.5001E+0	4.2182E+0
3.6058E+3	1.9179E+3	1.2023E+3	8.3951E+2	5.5312E+2	4.6158E+2	3.7656E+2	3.0683E+2	2.4967E+2	1.9773E+2	1.5067E+2	1.1443E+2	8.5041E+1	6.5088E+1	4.8375E+1	3.6735E+1	2.8626E+1	2.1261E+1	1.6213E+1	1.2393E+1	9.3965E+0	7.1990E+0	5.5024E+0	4.2204E+0
2.2949E+3	1.6854E+3	1.2522E+3	8.5969E+2	5.4108E+2	4.5573E+2	3.7686E+2	3.0501E+2	2.4807E+2	1.9840E+2	1.5073E+2	1.1453E+2	8.5169E+1	6.5158E+1	4.8329E+1	3.6707E+1	2.8608E+1	2.1275E+1	1.6216E+1	1.2397E+1	9.3968E+0	7.2003E+0	5.5026E+0	4.2211E+0
2.6940E+3	2.0166E+3	1.2002E+3	8.4248E+2	5.3321E+2	4.5434E+2	3.7222E+2	3.0493E+2	2.4804E+2	1.9802E+2	1.5026E+2	1.1431E+2	8.4948E+1	6.5067E+1	4.8327E+1	3.6705E+1	2.8600E+1	2.1261E+1	1.6210E+1	1.2393E+1	9.3964E+0	7.1999E+0	5.5029E+0	4.2209E+0
2.5981E+3	1.9020E+3	1.2006E+3	8.2898E+2	5.2182E+2	4.5496E+2	3.7395E+2	3.0436E+2	2.4889E+2	1.9753E+2	1.5022E+2	1.1428E+2	8.4972E+1	6.5043E+1	4.8351E+1	3.6725E+1	2.8626E+1	2.1270E+1	1.6218E+1	1.2398E+1	9.4001E+0	7.2025E+0	5.5051E+0	4.2223E+0
2.5856E+3	1.7133E+3	1.2029E+3	8.3288E+2	5.3716E+2	4.5416E+2	3.7269E+2	3.0341E+2	2.4810E+2	1.9752E+2	1.5022E+2	1.1437E+2	8.5022E+1	6.5099E+1	4.8360E+1	3.6741E+1	2.8633E+1	2.1281E+1	1.6223E+1	1.2404E+1	9.4055E+0	7.2063E+0	5.5081E+0	4.2246E+0
2.0546E+3	1.7902E+3	1.1672E+3	8.1250E+2	5.3009E+2	4.5090E+2	3.7070E+2	3.0368E+2	2.4777E+2	1.9783E+2	1.5015E+2	1.1429E+2	8.5073E+1	6.5135E+1	4.8374E+1	3.6753E+1	2.8645E+1	2.1288E+1	1.6233E+1	1.2410E+1	9.4097E+0	7.2099E+0	5.5099E+0	4.2260E+0
1.8597E+3	1.7015E+3	1.1674E+3	8.3938E+2	5.3276E+2	4.4604E+2	3.7048E+2	3.0501E+2	2.4657E+2	1.9794E+2	1.5040E+2	1.1440E+2	8.5049E+1	6.5136E+1	4.8360E+1	3.6751E+1	2.8641E+1	2.1290E+1	1.6230E+1	1.2409E+1	9.4101E+0	7.2103E+0	5.5107E+0	4.2269E+0
2.5662E+3	1.8503E+3	1.1494E+3	8.0988E+2	5.2500E+2	4.4849E+2	3.6844E+2	3.0105E+2	2.4718E+2	1.9645E+2	1.4979E+2	1.1404E+2	8.4886E+1	6.5066E+1	4.8336E+1	3.6730E+1	2.8637E+1	2.1283E+1	1.6230E+1	1.2409E+1	9.4093E+0	7.2099E+0	5.5110E+0	4.2267E+0
3.1471E+3	1.7093E+3	1.1783E+3	8.0954E+2	5.2521E+2	4.4631E+2	3.6907E+2	3.0104E+2	2.4644E+2	1.9635E+2	1.4970E+2	1.1417E+2	8.4991E+1	6.5082E+1	4.8358E+1	3.6759E+1	2.8647E+1	2.1293E+1	1.6237E+1	1.2414E+1	9.4129E+0	7.2129E+0	5.5131E+0	4.2282E+0
2.4085E+3	1.7635E+3	1.1711E+3	8.0157E+2	5.1783E+2	4.4301E+2	3.6930E+2	2.9993E+2	2.4591E+2	1.9638E+2	1.5010E+2	1.1408E+2	8.4940E+1	6.5074E+1	4.8393E+1	3.6760E+1	2.8657E+1	2.1305E+1	1.6244E+1	1.2420E+1	9.4176E+0	7.2164E+0	5.5154E+0	4.2301E+0
2.6807E+3	1.8889E+3	1.1240E+3	7.9510E+2	5.1796E+2	4.4358E+2	3.6525E+2	2.9972E+2	2.4625E+2	1.9572E+2	1.4976E+2	1.1403E+2	8.4976E+1	6.5101E+1	4.8401E+1	3.6776E+1	2.8668E+1	2.1315E+1	1.6252E+1	1.2426E+1	9.4212E+0	7.2195E+0	5.5182E+0	4.2319E+0
2.0965E+3	1.5761E+3	1.1198E+3	8.1160E+2	5.1312E+2	4.3943E+2	3.6468E+2	3.0054E+2	2.4420E+2	1.9628E+2	1.4963E+2	1.1406E+2	8.4941E+1	6.5082E+1	4.8384E+1	3.6779E+1	2.8666E+1	2.1304E+1	1.6253E+1	1.2425E+1	9.4218E+0	7.2196E+0	5.5176E+0	4.2319E+0
3.2933E+3	1.7389E+3	1.1254E+3	7.7855E+2	5.1111E+2	4.4094E+2	3.6188E+2	2.9766E+2	2.4446E+2	1.9515E+2	1.4934E+2	1.1379E+2	8.4811E+1	6.5033E+1	4.8355E+1	3.6756E+1	2.8660E+1	2.1311E+1	1.6247E+1	1.2424E+1	9.4213E+0	7.2194E+0	5.5180E+0	4.2326E+0
3.1444E+3	1.7996E+3	1.0912E+3	7.7323E+2	5.0384E+2	4.3824E+2	3.6150E+2	2.9609E+2	2.4499E+2	1.9524E+2	1.4962E+2	1.1383E+2	8.4849E+1	6.5075E+1	4.8366E+1	3.6772E+1	2.8674E+1	2.1316E+1	1.6257E+1	1.2429E+1	9.4258E+0	7.2226E+0	5.5207E+0	4.2345E+0
2.1258E+3	1.5818E+3	1.1344E+3	7.7852E+2	5.1807E+2	4.3790E+2	3.6374E+2	2.9947E+2	2.4358E+2	1.9553E+2	1.4933E+2	1.1396E+2	8.4959E+1	6.5089E+1	4.8400E+1	3.6801E+1	2.8687E+1	2.1327E+1	1.6265E+1	1.2436E+1	9.4304E+0	7.2254E+0	5.5226E+0	4.2357E+0
1.4023E+3	1.5785E+3	1.0797E+3	7.7050E+2	4.9911E+2	4.3901E+2	3.6105E+2	2.9665E+2	2.4296E+2	1.9539E+2	1.4925E+2	1.1396E+2	8.4902E+1	6.5100E+1	4.8428E+1	3.6817E+1	2.8697E+1	2.1335E+1	1.6270E+1	1.2441E+1	9.4337E+0	7.2284E+0	5.5250E+0	4.2376E+0
-6.0737E+1	1.8082E+3	1.0755E+3	7.6315E+2	5.0453E+2	4.3205E+2	3.5888E+2	2.9676E+2	2.4234E+2	1.9524E+2	1.4914E+2	1.1382E+2	8.4915E+1	6.5058E+1	4.8402E+1	3.6795E+1	2.8691E+1	2.1327E+1	1.6267E+1	1.2439E+1	9.4323E+0	7.2278E+0	5.5249E+0	4.2378E+0
2.0071E+3	1.6400E+3	1.0796E+3	7.5452E+2	4.9584E+2	4.2970E+2	3.5552E+2	2.9432E+2	2.4158E+2	1.9388E+2	1.4890E+2	1.1358E+2	8.4782E+1	6.5033E+1	4.8379E+1	3.6786E+1	2.8681E+1	2.1329E+1	1.6269E+1	1.2439E+1	9.4342E+0	7.2289E+0	5.5256E+0	4.2381E+0
1.9542E+3	1.5570E+3	1.0906E+3	7.5824E+2	4.8278E+2	4.3035E+2	3.5950E+2	2.9429E+2	2.4132E+2	1.9411E+2	1.4863E+2	1.1360E+2	8.4820E+1	6.5041E+1	4.8401E+1	3.6793E+1	2.8693E+1	2.1339E+1	1.6273E+1	1.2445E+1	9.4374E+0	7.2323E+0	5.5280E+0	4.2399E+0
1.4922E+3	1.6110E+3	1.0601E+3	7.4366E+2	4.9437E+2	4.2502E+2	3.5495E+2	2.9240E+2	2.4072E+2	1.9362E+2	1.4846E+2	1.1358E+2	8.4740E+1	6.5069E+1	4.8400E+1	3.6811E+1	2.8705E+1	2.1346E+1	1.6284E+1	1.2450E+1	9.4417E+0	7.2349E+0	5.5296E+0	4.2414E+0
2.2723E+3	1.6398E+3	1.0260E+3	7.4464E+2	4.8665E+2	4.2525E+2	3.5400E+2	2.9306E+2	2.4092E+2	1.9348E+2	1.4839E+2	1.1352E+2	8.4754E+1	6.5072E+1	4.8417E+1	3.6814E+1	2.8721E+1	2.1352E+1	1.6289E+1	1.2456E+1	9.4455E+0	7.2384E+0	5.5323E+0	4.2432E+0
1.5800E+3	1.5666E+3	1.0188E+3	7.4227E+2	4.9072E+2	4.2078E+2	3.5153E+2	2.9177E+2	2.3977E+2	1.9362E+2	1.4831E+2	1.1341E+2	8.4733E+1	6.4991E+1	4.8407E+1	3.6802E+1	2.8702E+1	2.1347E+1	1.6280E+1	1.2452E+1	9.4436E+0	7.2357E+0	5.5314E+0	4.2421E+0
3.2676E+3	1.5382E+3	1.0259E+3	7.1470E+2	4.7966E+2	4.1948E+2	3.4931E+2	2.8758E+2	2.3944E+2	1.9277E+2	1.4798E+2	1.1331E+2	8.4645E+1	6.4987E+1	4.8365E+1	3.6789E+1	2.8705E+1	2.1345E+1	1.6284E+1	1.2454E+1	9.4451E+0	7.2377E+0	5.5325E+0	4.2431E+0
4.2497E+2	1.6307E+3	1.0199E+3	7.1553E+2	4.7137E+2	4.1786E+2	3.4816E+2	2.8877E+2	2.3887E+2	1.9236E+2	1.4761E+2	1.1326E+2	8.4672E+1	6.4977E+1	4.8377E+1	3.6806E+1	2.8710E+1	2.1353E+1	1.6290E+1	1.2458E+1	9.4490E+0	7.2405E+0	5.5349E+0	4.2453E+0
2.4994E+3	1.4538E+3	1.0129E+3	7.2090E+2	4.7827E+2	4.1423E+2	3.4629E+2	2.8786E+2	2.3752E+2	1.9200E+2	1.4767E+2	1.1312E+2	8.4624E+1	6.4969E+1	4.8398E+1	3.6817E+1	2.8716E+1	2.1362E+1	1.6295E+1	1.2463E+1	9.4520E+0	7.2434E+0	5.5369E+0	4.2465E+0
2.8834E+3	1.6326E+3	9.6338E+2	7.0796E+2	4.7120E+2	4.1286E+2	3.4463E+2	2.8653E+2	2.3699E+2	1.9169E+2	1.4736E+2	1.1325E+2	8.4577E+1	6.5007E+1	4.8409E+1	3.6824E+1	2.8730E+1	2.1369E+1	1.6301E+1	1.2468E+1	9.4561E+0	7.2465E+0	5.5390E+0	4.2483E+0
1.1947E+3	1.5277E+3	9.7145E+2	7.0150E+2	4.7790E+2	4.0572E+2	3.4227E+2	2.8382E+2	2.3590E+2	1.9147E+2	1.4725E+2	1.1282E+2	8.4522E+1	6.4865E+1	4.8361E+1	3.6782E+1	2.8691E+1	2.1354E+1	1.6295E+1	1.2461E+1	9.4516E+0	7.2429E+0	5.5370E+0	4.2474E+0
-5.2195E+2	1.6582E+3	9.1661E+2	6.7231E+2	4.5970E+2	4.0577E+2	3.3841E+2	2.8115E+2	2.3473E+2	1.9095E+2	1.4681E+2	1.1292E+2	8.4462E+1	6.4866E+1	4.8354E+1	3.6788E+1	2.8706E+1	2.1358E+1	1.6298E+1	1.2464E+1	9.4545E+0	7.2455E+0	5.5388E+0	4.2483E+0
1.5087E+3	1.5910E+3	9.4915E+2	6.7102E+2	4.5895E+2	4.0115E+2	3.3815E+2	2.8248E+2	2.3493E+2	1.9037E+2	1.4646E+2	1.1273E+2	8.4411E+1	6.4888E+1	4.8346E+1	3.6798E+1	2.8719E+1	2.1367E+1	1.6300E+1	1.2470E+1	9.4574E+0	7.2488E+0	5.5406E+0	4.2500E+0
1.0327E+3	1.5594E+3	9.2230E+2	6.6308E+2	4.5911E+2	4.0103E+2	3.3460E+2	2.8003E+2	2.3390E+2	1.8942E+2	1.4647E+2	1.1258E+2	8.4362E+1	6.4863E+1	4.8355E+1	3.6808E+1	2.8725E+1	2.1372E+1	1.6307E+1	1.2474E+1	9.4618E+0	7.2512E+0	5.5427E+0	4.2516E+0
6.6567E+2	1.3059E+3	9.1590E+2	6.6569E+2	4.5400E+2	3.9602E+2	3.3280E+2	2.8231E+2	2.3135E+2	1.8939E+2	1.4630E+2	1.1251E+2	8.4395E+1	6.4767E+1	4.8360E+1	3.6788E+1	2.8715E+1	2.1369E+1	1.6313E+1	1.2477E+1	9.4639E+0	7.2531E+0	5.5441E+0	4.2523E+0
1.8836E+3	1.3205E+3	9.0086E+2	6.6223E+2	4.3277E+2	3.9510E+2	3.3147E+2	2.7862E+2	2.3116E+2	1.8882E+2	1.4579E+2	1.1226E+2	8.4201E+1	6.4745E+1	4.8299E+1	3.6759E+1	2.8700E+1	2.1357E+1	1.6301E+1	1.2470E+1	9.4592E+0	7.2500E+0	5.5421E+0	4.2510E+0
1.0654E+3	1.4987E+3	9.1037E+2	6.5273E+2	4.4435E+2	3.9324E+2	3.2771E+2	2.7554E+2	2.3084E+2	1.8787E+2	1.4548E+2	1.1211E+2	8.4162E+1	6.4745E+1	4.8304E+1	3.6768E+1	2.8703E+1	2.1364E+1	1.6306E+1	1.2474E+1	9.4626E+0	7.2525E+0	5.5438E+0	4.2525E+0
4.1401E+2	1.4910E+3	9.0797E+2	6.2826E+2	4.2971E+2	3.8546E+2	3.2590E+2	2.7395E+2	2.2969E+2	1.8728E+2	1.4494E+2	1.1209E+2	8.4094E+1	6.4728E+1	4.8310E+1	3.6775E+1	2.8714E+1	2.1368E+1	1.6308E+1	1.2478E+1	9.4667E+0	7.2551E+0	5.5457E+0	4.2538E+0
-1.0608E+3	1.5601E+3	8.7581E+2	6.2257E+2	4.2768E+2	3.8387E+2	3.2245E+2	2.7120E+2	2.2901E+2	1.8663E+2	1.4500E+2	1.1196E+2	8.4041E+1	6.4725E+1	4.8309E+1	3.6789E+1	2.8721E+1	2.1377E+1	1.6316E+1	1.2482E+1	9.4693E+0	7.2575E+0	5.5476E+0	4.2553E+0
1.1522E+3	1.2595E+3	8.4026E+2	6.2887E+2	4.3136E+2	3.7666E+2	3.2314E+2	2.7291E+2	2.2709E+2	1.8614E+2	1.4503E+2	1.1164E+2	8.3996E+1	6.4634E+1	4.8269E+1	3.6762E+1	2.8722E+1	2.1377E+1	1.6314E+1	1.2485E+1	9.4719E+0	7.2600E+0	5.5489E+0	4.2562E+0
-7.5382E+2	1.4103E+3	8.3508E+2	5.9533E+2	4.2552E+2	3.7735E+2	3.1774E+2	2.6810E+2	2.2559E+2	1.8622E+2	1.4383E+2	1.1153E+2	8.3839E+1	6.4606E+1	4.8238E+1	3.6747E+1	2.8694E+1	2.1365E+1	1.6308E+1	1.2479E+1	9.4666E+0	7.2564E+0	5.5471E+0	4.2552E+0
1.4279E+2	1.2568E+3	8.5030E+2	5.9980E+2	4.1461E+2	3.7133E+2	3.1509E+2	2.6865E+2	2.2553E+2	1.8462E+2	1.4378E+2	1.1126E+2	8.3811E+1	6.4561E+1	4.8228E+1	3.6748E+1	2.8699E+1	2.1372E+1	1.6312E+1	1.2482E+1	9.4702E+0	7.2585E+0	5.5489E+0	4.2557E+0
4.9082E+1	1.4748E+3	8.1633E+2	5.8015E+2	4.1147E+2	3.6961E+2	3.1333E+2	2.6601E+2	2.2471E+2	1.8393E+2	1.4357E+2	1.1122E+2	8.3776E+1	6.4575E+1	4.8235E+1	3.6757E+1	2.8709E+1	2.1373E+1	1.6318E+1	1.2486E+1	9.4729E+0	7.2604E+0	5.5505E+0	4.2574E+0
-8.7881E+2	1.4227E+3	8.3418E+2	5.7634E+2	4.1056E+2	3.6410E+2	3.1001E+2	2.6349E+2	2.2227E+2	1.8312E+2	1.4333E+2	1.1113E+2	8.3740E+1	6.4525E+1	4.8238E+1	3.6754E+1	2.8713E+1	2.1383E+1	1.6323E+1	1.2489E+1	9.4762E+0	7.2634E+0	5.5528E+0	4.2592E+0
1.3108E+3	1.2183E+3	8.1844E+2	5.9208E+2	4.0619E+2	3.6104E+2	3.1106E+2	2.6376E+2	2.2156E+2	1.8328E+2	1.4302E+2	1.1078E+2	8.3563E+1	6.4437E+1	4.8178E+1	3.6738E+1	2.8726E+1	2.1385E+1	1.6325E+1	1.2490E+1	9.4757E+0	7.2649E+0	5.5527E+0	4.2593E+0
1.2221E+3	1.3283E+3	7.7068E+2	5.5434E+2	3.9969E+2	3.5673E+2	3.0442E+2	2.6034E+2	2.2010E+2	1.8227E+2	1.4253E+2	1.1063E+2	8.3524E+1	6.4406E+1	4.8163E+1	3.6718E+1	2.8689E+1	2.1368E+1	1.6314E+1	1.2484E+1	9.4736E+0	7.2623E+0	5.5518E+0	4.2587E+0
-6.2780E+2	1.2803E+3	7.7259E+2	5.4537E+2	3.9812E+2	3.5415E+2	3.0157E+2	2.5870E+2	2.1925E+2	1.8122E+2	1.4191E+2	1.1048E+2	8.3413E+1	6.4409E+1	4.8172E+1	3.6721E+1	2.8689E+1	2.1372E+1	1.6318E+1	1.2488E+1	9.4765E+0	7.2637E+0	5.5533E+0	4.2597E+0
6.8585E+2	1.3095E+3	7.6952E+2	5.3817E+2	3.8520E+2	3.4955E+2	2.9775E+2	2.5573E+2	2.1802E+2	1.8023E+2	1.4145E+2	1.1038E+2	8.3284E+1	6.4345E+1	4.8148E+1	3.6718E+1	2.8697E+1	2.1377E+1	1.6323E+1	1.2492E+1	9.4795E+0	7.2667E+0	5.5557E+0	4.2618E+0
2.0420E+2	1.0205E+3	7.4496E+2	5.3672E+2	3.7784E+2	3.4479E+2	2.9623E+2	2.5318E+2	2.1622E+2	1.7999E+2	1.4119E+2	1.1010E+2	8.3266E+1	6.4322E+1	4.8143E+1	3.6719E+1	2.8700E+1	2.1380E+1	1.6326E+1	1.2496E+1	9.4828E+0	7.2692E+0	5.5573E+0	4.2628E+0
-5.5568E+2	1.0833E+3	7.3772E+2	5.3704E+2	3.8207E+2	3.3827E+2	2.9277E+2	2.5324E+2	2.1454E+2	1.7901E+2	1.4100E+2	1.0967E+2	8.3063E+1	6.4220E+1	4.8076E+1	3.6710E+1	2.8697E+1	2.1376E+1	1.6325E+1	1.2497E+1	9.4811E+0	7.2690E+0	5.5573E+0	4.2632E+0
3.2474E+2	9.8715E+2	7.3546E+2	5.2027E+2	3.7923E+2	3.3749E+2	2.9056E+2	2.4970E+2	2.1399E+2	1.7820E+2	1.4009E+2	1.0964E+2	8.3005E+1	6.4170E+1	4.8067E+1	3.6668E+1	2.8674E+1	2.1367E+1	1.6319E+1	1.2491E+1	9.4788E+0	7.2675E+0	5.5563E+0	4.2624E+0
-8.3736E+1	1.1433E+3	7.4157E+2	5.1011E+2	3.7270E+2	3.3518E+2	2.8580E+2	2.4763E+2	2.1291E+2	1.7712E+2	1.3984E+2	1.0944E+2	8.2967E+1	6.4142E+1	4.8049E+1	3.6675E+1	2.8682E+1	2.1372E+1	1.6322E+1	1.2495E+1	9.4825E+0	7.2693E+0	5.5575E+0	4.2634E+0
6.2798E+2	1.0542E+3	7.0901E+2	5.0235E+2	3.6759E+2	3.3155E+2	2.8475E+2	2.4519E+2	2.1168E+2	1.7661E+2	1.3963E+2	1.0911E+2	8.2861E+1	6.4119E+1	4.8049E+1	3.6674E+1	2.8685E+1	2.1378E+1	1.6328E+1	1.2498E+1	9.4851E+0	7.2718E+0	5.5599E+0	4.2647E+0
3.7015E+2	1.0220E+3	6.7026E+2	4.9799E+2	3.5687E+2	3.2486E+2	2.8229E+2	2.4490E+2	2.1013E+2	1.7635E+2	1.3932E+2	1.0903E+2	8.2733E+1	6.4079E+1	4.8024E+1	3.6695E+1	2.8693E+1	2.1377E+1	1.6330E+1	1.2501E+1	9.4875E+0	7.2735E+0	5.5610E+0	4.2661E+0
-1.1565E+2	1.1078E+3	6.5409E+2	4.8274E+2	3.5441E+2	3.2067E+2	2.7917E+2	2.4241E+2	2.0813E+2	1.7507E+2	1.3907E+2	1.0869E+2	8.2612E+1	6.4016E+1	4.7978E+1	3.6681E+1	2.8676E+1	2.1369E+1	1.6326E+1	1.2498E+1	9.4866E+0	7.2724E+0	5.5614E+0	4.2659E+0
3.3231E+2	9.3666E+2	6.7557E+2	4.8331E+2	3.6048E+2	3.1920E+2	2.7890E+2	2.4029E+2	2.0812E+2	1.7446E+2	1.3836E+2	1.0854E+2	8.2557E+1	6.3988E+1	4.7966E+1	3.6643E+1	2.8664E+1	2.1367E+1	1.6324E+1	1.2496E+1	9.4853E+0	7.2717E+0	5.5604E+0	4.2656E+0
4.4884E+2	8.7709E+2	6.4133E+2	4.7176E+2	3.4705E+2	3.1646E+2	2.7564E+2	2.3847E+2	2.0611E+2	1.7335E+2	1.3783E+2	1.0843E+2	8.2493E+1	6.3931E+1	4.7967E+1	3.6641E+1	2.8668E+1	2.1371E+1	1.6328E+1	1.2500E+1	9.4871E+0	7.2746E+0	5.5617E+0	4.2667E+0
-3.3406E+2	9.8382E+2	6.6671E+2	4.6013E+2	3.4372E+2	3.1247E+2	2.7169E+2	2.3718E+2	2.0505E+2	1.7250E+2	1.3784E+2	1.0824E+2	8.2399E+1	6.3887E+1	4.7945E+1	3.6652E+1	2.8674E+1	2.1369E+1	1.6332E+1	1.2504E+1	9.4910E+0	7.2768E+0	5.5638E+0	4.2682E+0
1.3282E+2	9.7911E+2	6.3672E+2	4.4737E+2	3.3255E+2	3.0846E+2	2.6833E+2	2.3485E+2	2.0383E+2	1.7199E+2	1.3715E+2	1.0813E+2	8.2387E+1	6.3859E+1	4.7941E+1	3.6637E+1	2.8681E+1	2.1378E+1	1.6335E+1	1.2507E+1	9.4938E+0	7.2791E+0	5.5655E+0	4.2694E+0
4.0394E+1	8.3007E+2	6.2092E+2	4.6295E+2	3.3137E+2	3.0171E+2	2.6753E+2	2.3372E+2	2.0240E+2	1.7150E+2	1.3706E+2	1.0760E+2	8.2114E+1	6.3834E+1	4.7893E+1	3.6640E+1	2.8651E+1	2.1373E+1	1.6331E+1	1.2504E+1	9.4898E+0	7.2766E+0	5.5648E+0	4.2687E+0
-1.7421E+2	8.2073E+2	6.1051E+2	4.4283E+2	3.3697E+2	3.0223E+2	2.6392E+2	2.3183E+2	2.0120E+2	1.7041E+2	1.3646E+2	1.0748E+2	8.2073E+1	6.3742E+1	4.7864E+1	3.6607E+1	2.8643E+1	2.1363E+1	1.6327E+1	1.2502E+1	9.4904E+0	7.2769E+0	5.5644E+0	4.2689E+0
6.7752E+1	9.2635E+2	6.0175E+2	4.3013E+2	3.2565E+2	2.9769E+2	2.5938E+2	2.2931E+2	2.0050E+2	1.6941E+2	1.3591E+2	1.0729E+2	8.2006E+1	6.3716E+1	4.7847E+1	3.6606E+1	2.8646E+1	2.1370E+1	1.6329E+1	1.2506E+1	9.4932E+0	7.2789E+0	5.5657E+0	4.2703E+0
-8.6089E+2	1.0133E+3	5.7540E+2	4.1087E+2	3.2648E+2	2.9505E+2	2.5652E+2	2.2594E+2	1.9862E+2	1.6885E+2	1.3560E+2	1.0720E+2	8.1879E+1	6.3626E+1	4.7840E+1	3.6603E+1	2.8655E+1	2.1371E+1	1.6336E+1	1.2509E+1	9.4967E+0	7.2809E+0	5.5681E+0	4.2712E+0
1.8861E+2	7.3693E+2	5.8505E+2	4.2331E+2	3.1657E+2	2.9185E+2	2.5685E+2	2.2568E+2	1.9684E+2	1.6769E+2	1.3479E+2	1.0678E+2	8.1802E+1	6.3622E+1	4.7831E+1	3.6603E+1	2.8658E+1	2.1374E+1	1.6340E+1	1.2513E+1	9.4993E+0	7.2837E+0	5.5699E+0	4.2728E+0
-5.7050E+1	8.1634E+2	5.4998E+2	4.0912E+2	3.0754E+2	2.8482E+2	2.5085E+2	2.2227E+2	1.9479E+2	1.6682E+2	1.3443E+2	1.0635E+2	8.1481E+1	6.3513E+1	4.7771E+1	3.6567E+1	2.8630E+1	2.1367E+1	1.6330E+1	1.2505E+1	9.4966E+0	7.2817E+0	5.5681E+0	4.2721E+0
-1.4141E+2	9.3904E+2	5.6644E+2	3.9304E+2	3.0489E+2	2.8156E+2	2.4859E+2	2.1900E+2	1.9312E+2	1.6608E+2	1.3399E+2	1.0616E+2	8.1409E+1	6.3447E+1	4.7735E+1	3.6557E+1	2.8622E+1	2.1360E+1	1.6329E+1	1.2506E+1	9.4962E+0	7.2819E+0	5.5685E+0	4.2723E+0
2.1670E+2	8.2754E+2	5.3545E+2	3.8963E+2	3.0378E+2	2.7838E+2	2.4590E+2	2.1775E+2	1.9158E+2	1.6466E+2	1.3323E+2	1.0583E+2	8.1298E+1	6.3382E+1	4.7722E+1	3.6554E+1	2.8623E+1	2.1364E+1	1.6334E+1	1.2510E+1	9.4987E+0	7.2842E+0	5.5701E+0	4.2735E+0
-1.8090E+2	7.3110E+2	5.3292E+2	3.8404E+2	3.0182E+2	2.7540E+2	2.4163E+2	2.1679E+2	1.8979E+2	1.6370E+2	1.3284E+2	1.0559E+2	8.1161E+1	6.3340E+1	4.7700E+1	3.6542E+1	2.8625E+1	2.1368E+1	1.6336E+1	1.2513E+1	9.5010E+0	7.2860E+0	5.5721E+0	4.2750E+0
1.6428E+2	7.2895E+2	5.1759E+2	3.7563E+2	2.9614E+2	2.7117E+2	2.4035E+2	2.1320E+2	1.8935E+2	1.6266E+2	1.3190E+2	1.0541E+2	8.1108E+1	6.3254E+1	4.7680E+1	3.6549E+1	2.8628E+1	2.1370E+1	1.6343E+1	1.2516E+1	9.5060E+0	7.2891E+0	5.5742E+0	4.2762E+0
3.0505E+2	8.8352E+2	5.1699E+2	3.7417E+2	2.9103E+2	2.6663E+2	2.3639E+2	2.1213E+2	1.8695E+2	1.6209E+2	1.3200E+2	1.0489E+2	8.0828E+1	6.3211E+1	4.7645E+1	3.6487E+1	2.8604E+1	2.1354E+1	1.6327E+1	1.2511E+1	9.4982E+0	7.2867E+0	5.5720E+0	4.2748E+0
-6.3888E+2	7.9072E+2	5.1462E+2	3.6376E+2	2.9160E+2	2.6298E+2	2.3393E+2	2.0971E+2	1.8548E+2	1.6045E+2	1.3090E+2	1.0474E+2	8.0714E+1	6.3113E+1	4.7603E+1	3.6490E+1	2.8601E+1	2.1356E+1	1.6330E+1	1.2512E+1	9.5012E+0	7.2876E+0	5.5735E+0	4.2759E+0
-6.9884E+1	6.0247E+2	5.0705E+2	3.6022E+2	2.8032E+2	2.6041E+2	2.3118E+2	2.0790E+2	1.8388E+2	1.5962E+2	1.3027E+2	1.0440E+2	8.0599E+1	6.3064E+1	4.7591E+1	3.6479E+1	2.8598E+1	2.1356E+1	1.6334E+1	1.2515E+1	9.5043E+0	7.2892E+0	5.5746E+0	4.2774E+0
1.6542E+2	6.3989E+2	4.9252E+2	3.4668E+2	2.7951E+2	2.5593E+2	2.2709E+2	2.0453E+2	1.8252E+2	1.5843E+2	1.2982E+2	1.0415E+2	8.0532E+1	6.2978E+1	4.7547E+1	3.6478E+1	2.8598E+1	2.1362E+1	1.6337E+1	1.2518E+1	9.5070E+0	7.2921E+0	5.5763E+0	4.2784E+0
3.2834E+2	6.5777E+2	4.8883E+2	3.5759E+2	2.7706E+2	2.5152E+2	2.2515E+2	2.0388E+2	1.8071E+2	1.5760E+2	1.2937E+2	1.0364E+2	8.0246E+1	6.3010E+1	4.7580E+1	3.6449E+1	2.8615E+1	2.1356E+1	1.6343E+1	1.2521E+1	9.5093E+0	7.2933E+0	5.5786E+0	4.2795E+0
-1.0234E+1	5.4988E+2	4.6035E+2	3.4983E+2	2.6973E+2	2.4807E+2	2.2299E+2	2.0086E+2	1.7928E+2	1.5608E+2	1.2851E+2	1.0342E+2	8.0113E+1	6.2800E+1	4.7456E+1	3.6422E+1	2.8563E+1	2.1340E+1	1.6326E+1	1.2514E+1	9.5034E+0	7.2896E+0	5.5757E+0	4.2781E+0
-3.4759E+2	7.9779E+2	4.7727E+2	3.2233E+2	2.6339E+2	2.4536E+2	2.1749E+2	1.9755E+2	1.7674E+2	1.5573E+2	1.2811E+2	1.0302E+2	8.0020E+1	6.2777E+1	4.7458E+1	3.6407E+1	2.8569E+1	2.1342E+1	1.6333E+1	1.2515E+1	9.5068E+0	7.2921E+0	5.5771E+0	4.2792E+0
5.0044E+2	6.1146E+2	4.4526E+2	3.3369E+2	2.6323E+2	2.4179E+2	2.1738E+2	1.9761E+2	1.7627E+2	1.5424E+2	1.2750E+2	1.0272E+2	7.9818E+1	6.2723E+1	4.7437E+1	3.6407E+1	2.8568E+1	2.1343E+1	1.6334E+1	1.2518E+1	9.5085E+0	7.2945E+0	5.5788E+0	4.2805E+0
-3.6741E+2	6.2305E+2	4.3765E+2	3.1630E+2	2.5356E+2	2.3814E+2	2.1330E+2	1.9376E+2	1.7439E+2	1.5360E+2	1.2699E+2	1.0252E+2	7.9753E+1	6.2670E+1	4.7416E+1	3.6409E+1	2.8577E+1	2.1351E+1	1.6339E+1	1.2523E+1	9.5120E+0	7.2960E+0	5.5807E+0	4.2818E+0
-1.7550E+3	7.8176E+2	4.3532E+2	3.0988E+2	2.4865E+2	2.3312E+2	2.0853E+2	1.9155E+2	1.7218E+2	1.5311E+2	1.2669E+2	1.0196E+2	7.9498E+1	6.2634E+1	4.7405E+1	3.6387E+1	2.8573E+1	2.1350E+1	1.6342E+1	1.2525E+1	9.5136E+0	7.2976E+0	5.5819E+0	4.2831E+0
4.0109E+2	5.8178E+2	4.2456E+2	3.2039E+2	2.4746E+2	2.3017E+2	2.0933E+2	1.9007E+2	1.7101E+2	1.5065E+2	1.2534E+2	1.0169E+2	7.9360E+1	6.2449E+1	4.7303E+1	3.6342E+1	2.8535E+1	2.1330E+1	1.6328E+1	1.2516E+1	9.5083E+0	7.2941E+0	5.5797E+0	4.2810E+0
-1.3749E+2	6.1603E+2	4.3685E+2	3.0634E+2	2.4405E+2	2.2961E+2	2.0524E+2	1.8874E+2	1.6954E+2	1.5026E+2	1.2470E+2	1.0152E+2	7.9208E+1	6.2360E+1	4.7281E+1	3.6343E+1	2.8531E+1	2.1332E+1	1.6333E+1	1.2517E+1	9.5100E+0	7.2961E+0	5.5807E+0	4.2827E+0
2.6763E+2	5.9475E+2	4.1977E+2	3.0179E+2	2.4408E+2	2.2499E+2	2.0209E+2	1.8562E+2	1.6784E+2	1.4894E+2	1.2419E+2	1.0109E+2	7.9075E+1	6.2290E+1	4.7245E+1	3.6327E+1	2.8537E+1	2.1335E+1	1.6336E+1	1.2521E+1	9.5131E+0	7.2982E+0	5.5825E+0	4.2837E+0
-5.1503E+1	6.2990E+2	4.2021E+2	2.8234E+2	2.3499E+2	2.2131E+2	1.9725E+2	1.8190E+2	1.6553E+2	1.4769E+2	1.2343E+2	1.0059E+2	7.8805E+1	6.2222E+1	4.7243E+1	3.6317E+1	2.8530E+1	2.1338E+1	1.6338E+1	1.2525E+1	9.5172E+0	7.3010E+0	5.5847E+0	4.2855E+0
-5.5142E+2	7.0477E+2	4.0443E+2	2.8177E+2	2.2693E+2	2.1590E+2	1.9454E+2	1.8120E+2	1.6338E+2	1.4649E+2	1.2319E+2	1.0000E+2	7.8612E+1	6.2215E+1	4.7230E+1	3.6295E+1	2.8520E+1	2.1345E+1	1.6333E+1	1.2526E+1	9.5159E+0	7.3009E+0	5.5849E+0	4.2854E+0
-8.6604E+1	5.1302E+2	3.8885E+2	2.8913E+2	2.2836E+2	2.1540E+2	1.9483E+2	1.7848E+2	1.6245E+2	1.4514E+2	1.2201E+2	9.9809E+1	7.8444E+1	6.2032E+1	4.7119E+1	3.6265E+1	2.8497E+1	2.1320E+1	1.6325E+1	1.2518E+1	9.5129E+0	7.2989E+0	5.5828E+0	4.2844E+0
-3.6280E+0	6.0851E+2	3.8300E+2	2.7318E+2	2.2098E+2	2.1102E+2	1.9001E+2	1.7659E+2	1.6044E+2	1.4406E+2	1.2161E+2	9.9547E+1	7.8274E+1	6.1967E+1	4.7106E+1	3.6244E+1	2.8492E+1	2.1323E+1	1.6328E+1	1.2522E+1	9.5152E+0	7.3008E+0	5.5851E+0	4.2856E+0
1.6403E+2	4.9673E+2	3.9436E+2	2.7422E+2	2.2324E+2	2.0589E+2	1.8839E+2	1.7392E+2	1.5911E+2	1.4253E+2	1.2076E+2	9.9028E+1	7.8106E+1	6.1842E+1	4.7057E+1	3.6238E+1	2.8491E+1	2.1322E+1	1.6333E+1	1.2525E+1	9.5176E+0	7.3030E+0	5.5870E+0	4.2873E+0
-3.7177E+2	5.4136E+2	3.9724E+2	2.5268E+2	2.1651E+2	2.0455E+2	1.8239E+2	1.7138E+2	1.5659E+2	1.4197E+2	1.1984E+2	9.8529E+1	7.7865E+1	6.1795E+1	4.7039E+1	3.6209E+1	2.8490E+1	2.1325E+1	1.6331E+1	1.2527E+1	9.5186E+0	7.3053E+0	5.5888E+0	4.2885E+0
2.7315E+2	5.8285E+2	3.6111E+2	2.6862E+2	2.1280E+2	1.9869E+2	1.8354E+2	1.7002E+2	1.5513E+2	1.3999E+2	1.1907E+2	9.8096E+1	7.7621E+1	6.1691E+1	4.6958E+1	3.6208E+1	2.8459E+1	2.1320E+1	1.6332E+1	1.2524E+1	9.5212E+0	7.3051E+0	5.5883E+0	4.2887E+0
1.7992E+2	4.6110E+2	3.5362E+2	2.6065E+2	2.1173E+2	1.9760E+2	1.7943E+2	1.6745E+2	1.5382E+2	1.3901E+2	1.1836E+2	9.7803E+1	7.7431E+1	6.1537E+1	4.6916E+1	3.6161E+1	2.8445E+1	2.1306E+1	1.6321E+1	1.2520E+1	9.5169E+0	7.3029E+0	5.5872E+0	4.2879E+0
-1.3512E+2	4.8439E+2	3.6077E+2	2.5287E+2	2.0946E+2	1.9497E+2	1.7660E+2	1.6447E+2	1.5183E+2	1.3775E+2	1.1765E+2	9.7436E+1	7.7230E+1	6.1442E+1	4.6863E+1	3.6139E+1	2.8446E+1	2.1307E+1	1.6322E+1	1.2522E+1	9.5190E+0	7.3053E+0	5.5887E+0	4.2890E+0
-2.3695E+2	4.8357E+2	3.3489E+2	2.4212E+2	2.0378E+2	1.9157E+2	1.7341E+2	1.6229E+2	1.5001E+2	1.3677E+2	1.1712E+2	9.6848E+1	7.7020E+1	6.1376E+1	4.6822E+1	3.6132E+1	2.8436E+1	2.1305E+1	1.6328E+1	1.2525E+1	9.5218E+0	7.3072E+0	5.5906E+0	4.2903E+0
-5.3863E+1	4.9706E+2	3.3530E+2	2.3992E+2	2.0025E+2	1.8794E+2	1.7111E+2	1.6138E+2	1.4836E+2	1.3550E+2	1.1649E+2	9.6435E+1	7.6831E+1	6.1274E+1	4.6801E+1	3.6120E+1	2.8433E+1	2.1307E+1	1.6332E+1	1.2529E+1	9.5229E+0	7.3100E+0	5.5923E+0	4.2918E+0
6.4089E+0	4.9195E+2	3.3238E+2	2.3768E+2	1.9347E+2	1.8441E+2	1.6845E+2	1.5802E+2	1.4643E+2	1.3434E+2	1.1545E+2	9.5903E+1	7.6570E+1	6.1155E+1	4.6701E+1	3.6102E+1	2.8410E+1	2.1295E+1	1.6325E+1	1.2527E+1	9.5205E+0	7.3085E+0	5.5916E+0	4.2916E+0
1.5506E+2	4.5211E+2	3.2507E+2	2.3759E+2	1.9338E+2	1.8238E+2	1.6654E+2	1.5632E+2	1.4490E+2	1.3268E+2	1.1438E+2	9.5502E+1	7.6333E+1	6.1004E+1	4.6653E+1	3.6039E+1	2.8393E+1	2.1285E+1	1.6317E+1	1.2522E+1	9.5196E+0	7.3070E+0	5.5910E+0	4.2910E+0
1.7403E+2	3.8954E+2	3.2005E+2	2.3797E+2	1.9197E+2	1.7904E+2	1.6541E+2	1.5434E+2	1.4319E+2	1.3147E+2	1.1367E+2	9.5209E+1	7.6192E+1	6.0914E+1	4.6613E+1	3.6040E+1	2.8386E+1	2.1283E+1	1.6319E+1	1.2524E+1	9.5222E+0	7.3090E+0	5.5925E+0	4.2919E+0
-7.0697E+0	4.6166E+2	3.2804E+2	2.2007E+2	1.8553E+2	1.7704E+2	1.6023E+2	1.5236E+2	1.4195E+2	1.3035E+2	1.1332E+2	9.4705E+1	7.5962E+1	6.0832E+1	4.6591E+1	3.6023E+1	2.8385E+1	2.1285E+1	1.6322E+1	1.2526E+1	9.5241E+0	7.3113E+0	5.5943E+0	4.2937E+0
1.5683E+2	4.3190E+2	3.0544E+2	2.1856E+2	1.8491E+2	1.7438E+2	1.5918E+2	1.5001E+2	1.4033E+2	1.2960E+2	1.1222E+2	9.4238E+1	7.5669E+1	6.0724E+1	4.6551E+1	3.6005E+1	2.8376E+1	2.1285E+1	1.6324E+1	1.2530E+1	9.5268E+0	7.3134E+0	5.5961E+0	4.2949E+0
-3.2763E+2	4.4183E+2	3.0202E+2	2.1588E+2	1.7846E+2	1.6941E+2	1.5487E+2	1.4809E+2	1.3787E+2	1.2769E+2	1.1168E+2	9.3607E+1	7.5407E+1	6.0546E+1	4.6436E+1	3.5968E+1	2.8351E+1	2.1270E+1	1.6310E+1	1.2522E+1	9.5246E+0	7.3119E+0	5.5949E+0	4.2941E+0
-3.0826E+2	3.7413E+2	2.8662E+2	2.2231E+2	1.7725E+2	1.6852E+2	1.5594E+2	1.4576E+2	1.3684E+2	1.2643E+2	1.1024E+2	9.3280E+1	7.5245E+1	6.0417E+1	4.6375E+1	3.5921E+1	2.8335E+1	2.1262E+1	1.6309E+1	1.2521E+1	9.5222E+0	7.3107E+0	5.5949E+0	4.2939E+0
-3.2821E+2	3.9747E+2	2.9239E+2	2.1078E+2	1.7362E+2	1.6573E+2	1.5088E+2	1.4367E+2	1.3469E+2	1.2531E+2	1.0973E+2	9.2784E+1	7.4910E+1	6.0302E+1	4.6336E+1	3.5921E+1	2.8324E+1	2.1259E+1	1.6310E+1	1.2524E+1	9.5258E+0	7.3126E+0	5.5962E+0	4.2950E+0
5.3187E+0	3.8406E+2	3.0079E+2	2.0270E+2	1.7241E+2	1.6341E+2	1.4968E+2	1.4180E+2	1.3292E+2	1.2419E+2	1.0910E+2	9.2284E+1	7.4737E+1	6.0219E+1	4.6304E+1	3.5897E+1	2.8323E+1	2.1263E+1	1.6314E+1	1.2527E+1	9.5273E+0	7.3144E+0	5.5976E+0	4.2966E+0
-6.4562E+2	4.6109E+2	2.8393E+2	1.9687E+2	1.6868E+2	1.6004E+2	1.4547E+2	1.3885E+2	1.3115E+2	1.2302E+2	1.0837E+2	9.1779E+1	7.4479E+1	6.0126E+1	4.6250E+1	3.5881E+1	2.8318E+1	2.1259E+1	1.6314E+1	1.2528E+1	9.5289E+0	7.3162E+0	5.5994E+0	4.2978E+0
1.1293E+2	3.1257E+2	2.6690E+2	2.0986E+2	1.6465E+2	1.5605E+2	1.4721E+2	1.3832E+2	1.3044E+2	1.2056E+2	1.0695E+2	9.1282E+1	7.4237E+1	5.9852E+1	4.6127E+1	3.5812E+1	2.8289E+1	2.1244E+1	1.6304E+1	1.2522E+1	9.5258E+0	7.3137E+0	5.5977E+0	4.2969E+0
-5.8274E+2	4.2834E+2	2.9216E+2	1.8046E+2	1.6385E+2	1.5567E+2	1.3985E+2	1.3390E+2	1.2747E+2	1.2028E+2	1.0685E+2	9.0451E+1	7.3761E+1	5.9798E+1	4.6075E+1	3.5806E+1	2.8259E+1	2.1230E+1	1.6298E+1	1.2519E+1	9.5239E+0	7.3127E+0	5.5977E+0	4.2971E+0
1.9938E+2	3.1422E+2	2.6537E+2	1.9870E+2	1.6108E+2	1.5180E+2	1.4003E+2	1.3375E+2	1.2659E+2	1.1836E+2	1.0545E+2	9.0175E+1	7.3714E+1	5.9608E+1	4.6021E+1	3.5756E+1	2.8260E+1	2.1234E+1	1.6303E+1	1.2521E+1	9.5271E+0	7.3157E+0	5.5989E+0	4.2979E+0
-6.8417E+1	2.9365E+2	2.6344E+2	1.9072E+2	1.5761E+2	1.4764E+2	1.3814E+2	1.3155E+2	1.2477E+2	1.1702E+2	1.0447E+2	8.9615E+1	7.3370E+1	5.9473E+1	4.5957E+1	3.5742E+1	2.8246E+1	2.1228E+1	1.6300E+1	1.2525E+1	9.5290E+0	7.3175E+0	5.6009E+0	4.2993E+0
-1.6528E+2	4.4419E+2	2.6425E+2	1.7880E+2	1.5576E+2	1.4687E+2	1.3360E+2	1.2900E+2	1.2244E+2	1.1643E+2	1.0393E+2	8.9023E+1	7.3073E+1	5.9392E+1	4.5910E+1	3.5728E+1	2.8238E+1	2.1230E+1	1.6303E+1	1.2526E+1	9.5314E+0	7.3197E+0	5.6024E+0	4.3007E+0
-2.7873E+1	3.7223E+2	2.5076E+2	1.8693E+2	1.5112E+2	1.4385E+2	1.3257E+2	1.2806E+2	1.2114E+2	1.1474E+2	1.0275E+2	8.8474E+1	7.2863E+1	5.9090E+1	4.5779E+1	3.5637E+1	2.8207E+1	2.1209E+1	1.6290E+1	1.2515E+1	9.5239E+0	7.3152E+0	5.6010E+0	4.2986E+0
-1.3770E+2	3.0645E+2	2.5740E+2	1.7967E+2	1.4702E+2	1.4154E+2	1.3096E+2	1.2486E+2	1.1942E+2	1.1362E+2	1.0197E+2	8.7979E+1	7.2522E+1	5.9020E+1	4.5733E+1	3.5624E+1	2.8188E+1	2.1206E+1	1.6287E+1	1.2516E+1	9.5259E+0	7.3165E+0	5.6005E+0	4.2995E+0
1.3963E+2	3.1465E+2	2.5361E+2	1.8093E+2	1.4784E+2	1.3982E+2	1.2967E+2	1.2431E+2	1.1825E+2	1.1201E+2	1.0104E+2	8.7528E+1	7.2273E+1	5.8887E+1	4.5677E+1	3.5605E+1	2.8179E+1	2.1204E+1	1.6289E+1	1.2518E+1	9.5266E+0	7.3186E+0	5.6022E+0	4.3009E+0
3.4861E+2	3.3823E+2	2.4428E+2	1.7116E+2	1.4421E+2	1.3764E+2	1.2683E+2	1.2199E+2	1.1656E+2	1.1118E+2	1.0042E+2	8.7024E+1	7.2060E+1	5.8795E+1	4.5637E+1	3.5587E+1	2.8171E+1	2.1202E+1	1.6291E+1	1.2519E+1	9.5294E+0	7.3198E+0	5.6038E+0	4.3019E+0
1.5568E+2	2.7994E+2	2.4158E+2	1.7006E+2	1.4375E+2	1.3561E+2	1.2566E+2	1.1952E+2	1.1503E+2	1.0965E+2	9.9381E+1	8.6637E+1	7.1795E+1	5.8640E+1	4.5567E+1	3.5562E+1	2.8167E+1	2.1198E+1	1.6290E+1	1.2522E+1	9.5323E+0	7.3219E+0	5.6055E+0	4.3032E+0
1.5247E+2	3.6376E+2	2.3267E+2	1.6758E+2	1.3849E+2	1.3260E+2	1.2398E+2	1.1902E+2	1.1364E+2	1.0877E+2	9.8677E+1	8.6056E+1	7.1576E+1	5.8416E+1	4.5489E+1	3.5483E+1	2.8118E+1	2.1173E+1	1.6272E+1	1.2515E+1	9.5264E+0	7.3163E+0	5.6020E+0	4.3013E+0
7.7211E+1	3.0863E+2	2.3144E+2	1.6211E+2	1.3811E+2	1.3097E+2	1.2093E+2	1.1752E+2	1.1202E+2	1.0752E+2	9.7822E+1	8.5441E+1	7.1174E+1	5.8278E+1	4.5408E+1	3.5463E+1	2.8109E+1	2.1171E+1	1.6274E+1	1.2513E+1	9.5273E+0	7.3181E+0	5.6031E+0	4.3020E+0
-2.7571E+2	2.9658E+2	2.3603E+2	1.5617E+2	1.3465E+2	1.3012E+2	1.1846E+2	1.1423E+2	1.1015E+2	1.0667E+2	9.6996E+1	8.4851E+1	7.0832E+1	5.8141E+1	4.5325E+1	3.5437E+1	2.8106E+1	2.1168E+1	1.6274E+1	1.2514E+1	9.5290E+0	7.3203E+0	5.6050E+0	4.3033E+0
3.0340E+2	3.1081E+2	2.2586E+2	1.5798E+2	1.3362E+2	1.2700E+2	1.1795E+2	1.1350E+2	1.0916E+2	1.0494E+2	9.5927E+1	8.4458E+1	7.0639E+1	5.8026E+1	4.5279E+1	3.5413E+1	2.8089E+1	2.1164E+1	1.6276E+1	1.2517E+1	9.5310E+0	7.3221E+0	5.6063E+0	4.3045E+0
2.7144E+1	2.7898E+2	2.0870E+2	1.5555E+2	1.2937E+2	1.2374E+2	1.1474E+2	1.1227E+2	1.0723E+2	1.0348E+2	9.5138E+1	8.3777E+1	7.0346E+1	5.7810E+1	4.5210E+1	3.5377E+1	2.8065E+1	2.1158E+1	1.6277E+1	1.2516E+1	9.5316E+0	7.3247E+0	5.6077E+0	4.3058E+0
-1.2363E+1	3.1990E+2	2.1187E+2	1.5622E+2	1.2894E+2	1.2273E+2	1.1462E+2	1.1014E+2	1.0606E+2	1.0269E+2	9.4383E+1	8.3202E+1	7.0026E+1	5.7634E+1	4.5105E+1	3.5310E+1	2.8029E+1	2.1135E+1	1.6262E+1	1.2506E+1	9.5243E+0	7.3191E+0	5.6041E+0	4.3030E+0
-2.5592E+1	2.9520E+2	2.1632E+2	1.5525E+2	1.2700E+2	1.2106E+2	1.1286E+2	1.0909E+2	1.0498E+2	1.0172E+2	9.3576E+1	8.2850E+1	6.9817E+1	5.7548E+1	4.5049E+1	3.5283E+1	2.8021E+1	2.1132E+1	1.6259E+1	1.2509E+1	9.5265E+0	7.3207E+0	5.6056E+0	4.3044E+0
1.1131E+2	2.9477E+2	2.0656E+2	1.4626E+2	1.2576E+2	1.1831E+2	1.0972E+2	1.0594E+2	1.0267E+2	1.0019E+2	9.2596E+1	8.2032E+1	6.9385E+1	5.7313E+1	4.4940E+1	3.5245E+1	2.8005E+1	2.1125E+1	1.6256E+1	1.2509E+1	9.5268E+0	7.3213E+0	5.6069E+0	4.3055E+0
-3.9917E+1	2.5212E+2	2.0756E+2	1.4742E+2	1.2263E+2	1.1720E+2	1.0875E+2	1.0527E+2	1.0218E+2	9.9013E+1	9.1739E+1	8.1651E+1	6.9128E+1	5.7183E+1	4.4896E+1	3.5219E+1	2.7989E+1	2.1121E+1	1.6259E+1	1.2510E+1	9.5293E+0	7.3237E+0	5.6088E+0	4.3067E+0
-8.6378E+1	2.9397E+2	2.0251E+2	1.4024E+2	1.1827E+2	1.1452E+2	1.0455E+2	1.0329E+2	9.9524E+1	9.7777E+1	9.0824E+1	8.0944E+1	6.8875E+1	5.6964E+1	4.4836E+1	3.5181E+1	2.7964E+1	2.1123E+1	1.6258E+1	1.2510E+1	9.5303E+0	7.3248E+0	5.6090E+0	4.3073E+0
1.6951E+2	2.7180E+2	1.9979E+2	1.4474E+2	1.1920E+2	1.1371E+2	1.0547E+2	1.0246E+2	9.9100E+1	9.7058E+1	9.0155E+1	8.0513E+1	6.8526E+1	5.6847E+1	4.4708E+1	3.5116E+1	2.7928E+1	2.1093E+1	1.6243E+1	1.2499E+1	9.5239E+0	7.3201E+0	5.6064E+0	4.3056E+0
5.5621E+1	2.7937E+2	1.9624E+2	1.3339E+2	1.1499E+2	1.1139E+2	1.0269E+2	9.9446E+1	9.7157E+1	9.5807E+1	8.9524E+1	7.9893E+1	6.8259E+1	5.6651E+1	4.4653E+1	3.5090E+1	2.7920E+1	2.1095E+1	1.6244E+1	1.2502E+1	9.5252E+0	7.3217E+0	5.6073E+0	4.3065E+0
2.0433E+2	2.3861E+2	1.9755E+2	1.3832E+2	1.1414E+2	1.0937E+2	1.0205E+2	9.8755E+1	9.6267E+1	9.4462E+1	8.8332E+1	7.9353E+1	6.7914E+1	5.6472E+1	4.4568E+1	3.5056E+1	2.7901E+1	2.1087E+1	1.6242E+1	1.2503E+1	9.5272E+0	7.3233E+0	5.6093E+0	4.3078E+0
1.7144E+2	2.3555E+2	1.8613E+2	1.3736E+2	1.1149E+2	1.0772E+2	1.0016E+2	9.7939E+1	9.4931E+1	9.2776E+1	8.7302E+1	7.8865E+1	6.7539E+1	5.6316E+1	4.4503E+1	3.5024E+1	2.7888E+1	2.1081E+1	1.6241E+1	1.2505E+1	9.5288E+0	7.3250E+0	5.6106E+0	4.3089E+0
-2.9243E+1	2.1946E+2	1.9351E+2	1.2756E+2	1.1013E+2	1.0550E+2	9.7526E+1	9.6149E+1	9.2671E+1	9.1854E+1	8.6379E+1	7.8103E+1	6.7301E+1	5.6060E+1	4.4432E+1	3.4989E+1	2.7872E+1	2.1074E+1	1.6232E+1	1.2501E+1	9.5287E+0	7.3257E+0	5.6103E+0	4.3087E+0
2.7504E+2	2.5038E+2	1.8295E+2	1.3628E+2	1.1011E+2	1.0487E+2	9.8187E+1	9.4944E+1	9.2539E+1	9.0699E+1	8.5687E+1	7.7764E+1	6.6923E+1	5.5936E+1	4.4302E+1	3.4921E+1	2.7830E+1	2.1051E+1	1.6222E+1	1.2495E+1	9.5224E+0	7.3215E+0	5.6084E+0	4.3076E+0
-2.9789E+2	3.0020E+2	1.8695E+2	1.2153E+2	1.0658E+2	1.0363E+2	9.4289E+1	9.2920E+1	9.0288E+1	9.0139E+1	8.5380E+1	7.6915E+1	6.6663E+1	5.5720E+1	4.4232E+1	3.4883E+1	2.7805E+1	2.1047E+1	1.6223E+1	1.2497E+1	9.5241E+0	7.3232E+0	5.6098E+0	4.3085E+0
6.7436E+1	2.4333E+2	1.7728E+2	1.2394E+2	1.0468E+2	1.0096E+2	9.3013E+1	9.1810E+1	8.9443E+1	8.8702E+1	8.4058E+1	7.6462E+1	6.6319E+1	5.5534E+1	4.4163E+1	3.4849E+1	2.7804E+1	2.1043E+1	1.6221E+1	1.2494E+1	9.5265E+0	7.3253E+0	5.6116E+0	4.3100E+0
-3.5281E+0	2.2910E+2	1.7471E+2	1.2609E+2	1.0369E+2	9.9481E+1	9.2405E+1	9.0520E+1	8.8287E+1	8.7426E+1	8.3212E+1	7.5938E+1	6.5982E+1	5.5379E+1	4.4064E+1	3.4819E+1	2.7783E+1	2.1030E+1	1.6223E+1	1.2497E+1	9.5273E+0	7.3265E+0	5.6126E+0	4.3109E+0
2.9897E+1	2.1527E+2	1.6456E+2	1.2745E+2	1.0249E+2	9.7010E+1	9.1796E+1	8.9720E+1	8.7369E+1	8.6006E+1	8.2172E+1	7.5472E+1	6.5643E+1	5.5233E+1	4.3983E+1	3.4773E+1	2.7760E+1	2.1017E+1	1.6215E+1	1.2494E+1	9.5252E+0	7.3256E+0	5.6122E+0	4.3108E+0
2.2170E+1	2.2594E+2	1.6963E+2	1.2219E+2	1.0188E+2	9.6966E+1	9.0107E+1	8.7821E+1	8.5931E+1	8.5481E+1	8.1857E+1	7.4790E+1	6.5310E+1	5.5012E+1	4.3868E+1	3.4706E+1	2.7716E+1	2.1003E+1	1.6203E+1	1.2487E+1	9.5221E+0	7.3225E+0	5.6102E+0	4.3094E+0
-1.1579E+2	2.1284E+2	1.7129E+2	1.1925E+2	9.8945E+1	9.4626E+1	8.8194E+1	8.6266E+1	8.4558E+1	8.4267E+1	8.0822E+1	7.4138E+1	6.5008E+1	5.4793E+1	4.3789E+1	3.4678E+1	2.7697E+1	2.0995E+1	1.6201E+1	1.2487E+1	9.5229E+0	7.3238E+0	5.6116E+0	4.3105E+0
-6.2105E+1	2.5798E+2	1.6736E+2	1.1404E+2	9.7704E+1	9.3715E+1	8.5291E+1	8.5130E+1	8.3149E+1	8.3897E+1	8.0280E+1	7.3578E+1	6.4750E+1	5.4631E+1	4.3733E+1	3.4655E+1	2.7694E+1	2.0992E+1	1.6202E+1	1.2487E+1	9.5241E+0	7.3258E+0	5.6131E+0	4.3118E+0
1.2208E+2	2.0123E+2	1.6125E+2	1.1536E+2	9.5642E+1	9.1920E+1	8.6207E+1	8.4204E+1	8.2264E+1	8.1935E+1	7.8824E+1	7.3112E+1	6.4259E+1	5.4472E+1	4.3635E+1	3.4592E+1	2.7675E+1	2.0986E+1	1.6200E+1	1.2489E+1	9.5266E+0	7.3277E+0	5.6145E+0	4.3130E+0
6.0207E+1	2.0388E+2	1.5895E+2	1.1498E+2	9.4389E+1	9.0140E+1	8.4527E+1	8.2903E+1	8.0955E+1	8.1052E+1	7.8047E+1	7.2642E+1	6.3962E+1	5.4288E+1	4.3530E+1	3.4545E+1	2.7635E+1	2.0968E+1	1.6190E+1	1.2484E+1	9.5241E+0	7.3247E+0	5.6144E+0	4.3121E+0
-8.4429E+0	2.1810E+2	1.5917E+2	1.1532E+2	9.3629E+1	8.9821E+1	8.3853E+1	8.2069E+1	8.0405E+1	8.0268E+1	7.7583E+1	7.2136E+1	6.3713E+1	5.4103E+1	4.3447E+1	3.4498E+1	2.7611E+1	2.0953E+1	1.6184E+1	1.2478E+1	9.5195E+0	7.3239E+0	5.6124E+0	4.3114E+0
2.2035E+1	2.0003E+2	1.5181E+2	1.0891E+2	9.3351E+1	8.8008E+1	8.1888E+1	8.0805E+1	7.8819E+1	7.9244E+1	7.6805E+1	7.1413E+1	6.3292E+1	5.3881E+1	4.3345E+1	3.4458E+1	2.7589E+1	2.0943E+1	1.6182E+1	1.2480E+1	9.5212E+0	7.3252E+0	5.6132E+0	4.3127E+0
1.4770E+2	2.2003E+2	1.5471E+2	1.0843E+2	8.9626E+1	8.6605E+1	7.9927E+1	7.8960E+1	7.7539E+1	7.8247E+1	7.5905E+1	7.0818E+1	6.3001E+1	5.3696E+1	4.3258E+1	3.4409E+1	2.7568E+1	2.0943E+1	1.6179E+1	1.2480E+1	9.5224E+0	7.3269E+0	5.6149E+0	4.3139E+0
-1.1857E+2	2.2106E+2	1.5863E+2	1.0237E+2	8.9174E+1	8.4512E+1	7.7472E+1	7.7136E+1	7.6057E+1	7.7174E+1	7.5278E+1	7.0160E+1	6.2653E+1	5.3482E+1	4.3166E+1	3.4367E+1	2.7555E+1	2.0929E+1	1.6179E+1	1.2481E+1	9.5248E+0	7.3289E+0	5.6170E+0	4.3151E+0
5.3964E+1	2.0551E+2	1.4790E+2	1.0921E+2	8.7066E+1	8.2807E+1	7.8346E+1	7.6808E+1	7.5733E+1	7.6074E+1	7.4074E+1	6.9883E+1	6.2209E+1	5.3332E+1	4.3017E+1	3.4288E+1	2.7505E+1	2.0917E+1	1.6163E+1	1.2473E+1	9.5205E+0	7.3254E+0	5.6151E+0	4.3141E+0
-4.0923E+1	1.7715E+2	1.4792E+2	1.0582E+2	8.6740E+1	8.2389E+1	7.7474E+1	7.5834E+1	7.4476E+1	7.4895E+1	7.3336E+1	6.9074E+1	6.1833E+1	5.3063E+1	4.2911E+1	3.4231E+1	2.7472E+1	2.0894E+1	1.6157E+1	1.2469E+1	9.5174E+0	7.3249E+0	5.6141E+0	4.3138E+0
-1.9185E+1	1.9838E+2	1.4644E+2	9.8266E+1	8.5084E+1	8.1033E+1	7.4381E+1	7.4101E+1	7.2946E+1	7.4298E+1	7.2571E+1	6.8379E+1	6.1560E+1	5.2840E+1	4.2825E+1	3.4194E+1	2.7457E+1	2.0893E+1	1.6154E+1	1.2470E+1	9.5192E+0	7.3259E+0	5.6155E+0	4.3149E+0
9.8049E+1	1.9019E+2	1.4661E+2	9.9704E+1	8.3831E+1	8.0108E+1	7.3947E+1	7.3271E+1	7.2154E+1	7.3381E+1	7.1758E+1	6.7812E+1	6.1170E+1	5.2638E+1	4.2740E+1	3.4158E+1	2.7437E+1	2.0881E+1	1.6153E+1	1.2470E+1	9.5197E+0	7.3270E+0	5.6172E+0	4.3155E+0
1.0616E+2	1.8599E+2	1.4417E+2	9.9052E+1	8.1254E+1	7.8062E+1	7.2959E+1	7.2011E+1	7.0875E+1	7.1638E+1	7.0750E+1	6.7128E+1	6.0680E+1	5.2398E+1	4.2601E+1	3.4087E+1	2.7399E+1	2.0874E+1	1.6150E+1	1.2471E+1	9.5216E+0	7.3289E+0	5.6181E+0	4.3174E+0
-3.6059E+1	2.0435E+2	1.4315E+2	9.5984E+1	8.0128E+1	7.7526E+1	7.1521E+1	7.1717E+1	7.0119E+1	7.1438E+1	7.0205E+1	6.6892E+1	6.0503E+1	5.2270E+1	4.2491E+1	3.4017E+1	2.7363E+1	2.0854E+1	1.6141E+1	1.2464E+1	9.5155E+0	7.3256E+0	5.6161E+0	4.3150E+0
1.4226E+2	1.6792E+2	1.3656E+2	9.8197E+1	7.9187E+1	7.5816E+1	7.1605E+1	7.0447E+1	6.9070E+1	6.9792E+1	6.9127E+1	6.6054E+1	5.9942E+1	5.1955E+1	4.2356E+1	3.3958E+1	2.7329E+1	2.0834E+1	1.6128E+1	1.2457E+1	9.5143E+0	7.3255E+0	5.6158E+0	4.3156E+0
-3.2532E+1	1.8044E+2	1.3585E+2	9.2744E+1	7.7689E+1	7.5187E+1	6.9142E+1	6.8606E+1	6.7693E+1	6.9296E+1	6.8543E+1	6.5424E+1	5.9649E+1	5.1731E+1	4.2249E+1	3.3900E+1	2.7305E+1	2.0827E+1	1.6126E+1	1.2458E+1	9.5161E+0	7.3261E+0	5.6171E+0	4.3168E+0
-3.5205E+1	1.8593E+2	1.3552E+2	8.8246E+1	7.6677E+1	7.3678E+1	6.7266E+1	6.7583E+1	6.6182E+1	6.8351E+1	6.7692E+1	6.4689E+1	5.9203E+1	5.1486E+1	4.2137E+1	3.3845E+1	2.7276E+1	2.0820E+1	1.6123E+1	1.2459E+1	9.5174E+0	7.3281E+0	5.6188E+0	4.3175E+0
-1.7093E+1	1.6425E+2	1.3375E+2	9.3088E+1	7.5467E+1	7.2908E+1	6.7296E+1	6.6766E+1	6.5861E+1	6.7039E+1	6.6831E+1	6.4054E+1	5.8773E+1	5.1270E+1	4.2010E+1	3.3801E+1	2.7252E+1	2.0808E+1	1.6123E+1	1.2460E+1	9.5184E+0	7.3287E+0	5.6199E+0	4.3191E+0
-7.5666E+0	1.5180E+2	1.2323E+2	9.5233E+1	7.4656E+1	7.0810E+1	6.7286E+1	6.6347E+1	6.5108E+1	6.5851E+1	6.5730E+1	6.3756E+1	5.8342E+1	5.1075E+1	4.1847E+1	3.3701E+1	2.7204E+1	2.0772E+1	1.6105E+1	1.2446E+1	9.5127E+0	7.3251E+0	5.6161E+0	4.3171E+0
-7.5232E+1	1.8913E+2	1.3207E+2	8.6758E+1	7.3864E+1	7.0684E+1	6.4853E+1	6.4992E+1	6.3501E+1	6.5647E+1	6.5525E+1	6.3152E+1	5.8152E+1	5.0859E+1	4.1771E+1	3.3653E+1	2.7176E+1	2.0769E+1	1.6103E+1	1.2446E+1	9.5120E+0	7.3256E+0	5.6173E+0	4.3176E+0
1.7473E+1	1.4023E+2	1.2410E+2	9.0815E+1	7.3041E+1	6.9356E+1	6.4991E+1	6.4097E+1	6.3222E+1	6.4335E+1	6.4126E+1	6.2520E+1	5.7601E+1	5.0628E+1	4.1635E+1	3.3601E+1	2.7155E+1	2.0757E+1	1.6096E+1	1.2447E+1	9.5123E+0	7.3264E+0	5.6194E+0	4.3187E+0
2.9947E+0	1.6543E+2	1.2363E+2	8.5438E+1	7.2003E+1	6.8408E+1	6.3255E+1	6.2888E+1	6.2025E+1	6.3704E+1	6.3667E+1	6.1859E+1	5.7314E+1	5.0375E+1	4.1546E+1	3.3550E+1	2.7129E+1	2.0750E+1	1.6097E+1	1.2447E+1	9.5158E+0	7.3282E+0	5.6202E+0	4.3192E+0
6.3534E+1	1.7968E+2	1.2073E+2	8.5220E+1	6.9849E+1	6.7070E+1	6.2580E+1	6.2246E+1	6.1239E+1	6.2717E+1	6.3038E+1	6.1582E+1	5.6980E+1	5.0280E+1	4.1432E+1	3.3514E+1	2.7122E+1	2.0741E+1	1.6091E+1	1.2450E+1	9.5154E+0	7.3302E+0	5.6215E+0	4.3204E+0
5.0043E+1	1.7010E+2	1.2345E+2	8.5249E+1	6.9353E+1	6.6650E+1	6.1740E+1	6.1190E+1	6.0309E+1	6.2161E+1	6.2426E+1	6.0953E+1	5.6626E+1	4.9983E+1	4.1309E+1	3.3422E+1	2.7053E+1	2.0710E+1	1.6074E+1	1.2434E+1	9.5071E+0	7.3239E+0	5.6183E+0	4.3183E+0
1.2340E+2	1.5262E+2	1.1645E+2	8.5435E+1	6.9572E+1	6.5461E+1	6.1158E+1	6.0227E+1	5.9692E+1	6.1151E+1	6.1448E+1	6.0279E+1	5.6156E+1	4.9719E+1	4.1183E+1	3.3367E+1	2.7028E+1	2.0701E+1	1.6071E+1	1.2434E+1	9.5078E+0	7.3253E+0	5.6189E+0	4.3197E+0
-7.3072E+1	1.4897E+2	1.2213E+2	7.9586E+1	6.7470E+1	6.4374E+1	5.8964E+1	5.8949E+1	5.8071E+1	6.0574E+1	6.0753E+1	5.9636E+1	5.5796E+1	4.9488E+1	4.1053E+1	3.3300E+1	2.7002E+1	2.0689E+1	1.6065E+1	1.2436E+1	9.5100E+0	7.3272E+0	5.6205E+0	4.3208E+0
6.8971E+1	1.5674E+2	1.1621E+2	8.1107E+1	6.6410E+1	6.3267E+1	5.8638E+1	5.8352E+1	5.7448E+1	5.9333E+1	5.9869E+1	5.9016E+1	5.5342E+1	4.9250E+1	4.0929E+1	3.3241E+1	2.6973E+1	2.0678E+1	1.6063E+1	1.2434E+1	9.5106E+0	7.3287E+0	5.6219E+0	4.3217E+0
-3.0470E+1	1.5065E+2	1.1492E+2	7.8854E+1	6.5925E+1	6.2180E+1	5.8026E+1	5.7558E+1	5.6737E+1	5.8360E+1	5.9054E+1	5.8565E+1	5.4901E+1	4.9024E+1	4.0777E+1	3.3186E+1	2.6944E+1	2.0668E+1	1.6061E+1	1.2434E+1	9.5112E+0	7.3298E+0	5.6225E+0	4.3228E+0
3.7121E+1	1.4634E+2	1.1391E+2	8.0144E+1	6.4074E+1	6.1352E+1	5.7345E+1	5.6932E+1	5.6099E+1	5.7999E+1	5.8656E+1	5.8073E+1	5.4632E+1	4.8802E+1	4.0670E+1	3.3109E+1	2.6897E+1	2.0637E+1	1.6041E+1	1.2423E+1	9.5035E+0	7.3246E+0	5.6193E+0	4.3205E+0
-1.4088E+1	1.4696E+2	1.1203E+2	7.5948E+1	6.3954E+1	6.0830E+1	5.6049E+1	5.5919E+1	5.5193E+1	5.7351E+1	5.8046E+1	5.7436E+1	5.4241E+1	4.8557E+1	4.0546E+1	3.3026E+1	2.6867E+1	2.0626E+1	1.6036E+1	1.2422E+1	9.5054E+0	7.3257E+0	5.6205E+0	4.3216E+0
4.2913E+0	1.4250E+2	1.1036E+2	7.6935E+1	6.3303E+1	5.9654E+1	5.5681E+1	5.4946E+1	5.4480E+1	5.6012E+1	5.7056E+1	5.6690E+1	5.3718E+1	4.8224E+1	4.0390E+1	3.2963E+1	2.6828E+1	2.0611E+1	1.6031E+1	1.2421E+1	9.5056E+0	7.3271E+0	5.6223E+0	4.3227E+0
-8.8387E+1	1.6022E+2	1.1099E+2	7.2295E+1	6.1963E+1	5.8806E+1	5.3969E+1	5.4030E+1	5.3031E+1	5.5546E+1	5.6476E+1	5.6280E+1	5.3404E+1	4.8055E+1	4.0274E+1	3.2910E+1	2.6810E+1	2.0606E+1	1.6030E+1	1.2421E+1	9.5079E+0	7.3292E+0	5.6243E+0	4.3242E+0
3.3885E+1	1.4154E+2	1.0269E+2	7.7210E+1	6.1078E+1	5.7469E+1	5.4222E+1	5.3859E+1	5.2913E+1	5.4090E+1	5.5406E+1	5.5721E+1	5.2846E+1	4.7732E+1	4.0128E+1	3.2864E+1	2.6763E+1	2.0596E+1	1.6026E+1	1.2420E+1	9.5076E+0	7.3281E+0	5.6237E+0	4.3236E+0
2.3458E+1	1.5350E+2	1.0910E+2	7.1075E+1	6.0208E+1	5.7374E+1	5.2309E+1	5.2718E+1	5.1623E+1	5.4113E+1	5.5066E+1	5.5101E+1	5.2580E+1	4.7543E+1	3.9953E+1	3.2753E+1	2.6717E+1	2.0555E+1	1.6006E+1	1.2406E+1	9.4984E+0	7.3242E+0	5.6213E+0	4.3222E+0
2.7665E+1	1.3764E+2	1.0681E+2	7.2323E+1	5.9420E+1	5.6278E+1	5.1951E+1	5.1640E+1	5.1014E+1	5.3054E+1	5.4271E+1	5.4473E+1	5.2108E+1	4.7240E+1	3.9828E+1	3.2676E+1	2.6681E+1	2.0548E+1	1.6002E+1	1.2407E+1	9.5005E+0	7.3255E+0	5.6226E+0	4.3236E+0
6.6430E+1	1.3516E+2	1.0354E+2	7.2199E+1	5.8723E+1	5.5228E+1	5.1238E+1	5.1229E+1	5.0217E+1	5.2005E+1	5.3342E+1	5.3805E+1	5.1656E+1	4.6930E+1	3.9680E+1	3.2615E+1	2.6640E+1	2.0533E+1	1.5997E+1	1.2405E+1	9.5010E+0	7.3272E+0	5.6246E+0	4.3247E+0
-1.3956E+2	1.5557E+2	1.0397E+2	6.8079E+1	5.7552E+1	5.4536E+1	4.9803E+1	5.0257E+1	4.9263E+1	5.1505E+1	5.2807E+1	5.3353E+1	5.1291E+1	4.6742E+1	3.9561E+1	3.2568E+1	2.6614E+1	2.0524E+1	1.5996E+1	1.2408E+1	9.5030E+0	7.3291E+0	5.6254E+0	4.3261E+0
8.0634E+1	1.1907E+2	9.5349E+1	7.2998E+1	5.6928E+1	5.3013E+1	5.1108E+1	4.9784E+1	4.9203E+1	5.0105E+1	5.1813E+1	5.2685E+1	5.0679E+1	4.6345E+1	3.9425E+1	3.2476E+1	2.6547E+1	2.0491E+1	1.5979E+1	1.2401E+1	9.4997E+0	7.3270E+0	5.6252E+0	4.3263E+0
-4.5005E+1	1.3951E+2	9.9392E+1	6.8780E+1	5.5853E+1	5.3020E+1	4.9087E+1	4.8840E+1	4.7798E+1	5.0165E+1	5.1527E+1	5.2316E+1	5.0460E+1	4.6203E+1	3.9279E+1	3.2404E+1	2.6513E+1	2.0471E+1	1.5965E+1	1.2392E+1	9.4958E+0	7.3247E+0	5.6232E+0	4.3244E+0
5.5962E+0	1.4088E+2	1.0050E+2	6.4468E+1	5.4807E+1	5.2267E+1	4.7245E+1	4.8062E+1	4.6844E+1	4.9384E+1	5.0809E+1	5.1695E+1	5.0015E+1	4.5942E+1	3.9116E+1	3.2331E+1	2.6474E+1	2.0461E+1	1.5961E+1	1.2391E+1	9.4955E+0	7.3257E+0	5.6244E+0	4.3258E+0
9.5221E+1	1.3036E+2	9.4122E+1	6.5375E+1	5.3997E+1	5.1484E+1	4.7243E+1	4.7212E+1	4.6504E+1	4.8508E+1	4.9987E+1	5.0962E+1	4.9541E+1	4.5602E+1	3.8949E+1	3.2241E+1	2.6440E+1	2.0441E+1	1.5955E+1	1.2390E+1	9.4973E+0	7.3271E+0	5.6256E+0	4.3270E+0
-3.8436E+1	1.1660E+2	9.6789E+1	6.3419E+1	5.2826E+1	5.0504E+1	4.6104E+1	4.6396E+1	4.5653E+1	4.7615E+1	4.9265E+1	5.0349E+1	4.9068E+1	4.5306E+1	3.8799E+1	3.2171E+1	2.6391E+1	2.0424E+1	1.5949E+1	1.2388E+1	9.4968E+0	7.3279E+0	5.6267E+0	4.3281E+0
1.3851E+2	1.2415E+2	8.9625E+1	6.6788E+1	5.2215E+1	4.9427E+1	4.6691E+1	4.6302E+1	4.5622E+1	4.6824E+1	4.8557E+1	4.9799E+1	4.8627E+1	4.4987E+1	3.8675E+1	3.2072E+1	2.6341E+1	2.0395E+1	1.5939E+1	1.2383E+1	9.4955E+0	7.3265E+0	5.6265E+0	4.3272E+0
1.1475E+1	1.2640E+2	9.3568E+1	6.1904E+1	5.1662E+1	4.9127E+1	4.5041E+1	4.4984E+1	4.4245E+1	4.6421E+1	4.8058E+1	4.9280E+1	4.8247E+1	4.4760E+1	3.8470E+1	3.1989E+1	2.6287E+1	2.0369E+1	1.5920E+1	1.2373E+1	9.4891E+0	7.3247E+0	5.6244E+0	4.3265E+0
1.2685E+1	1.1908E+2	9.3291E+1	6.0423E+1	5.0631E+1	4.8230E+1	4.4128E+1	4.4678E+1	4.3589E+1	4.5685E+1	4.7181E+1	4.8716E+1	4.7785E+1	4.4451E+1	3.8343E+1	3.1905E+1	2.6244E+1	2.0353E+1	1.5914E+1	1.2373E+1	9.4909E+0	7.3255E+0	5.6262E+0	4.3275E+0
4.4611E+1	1.1291E+2	8.8272E+1	6.2403E+1	5.0503E+1	4.7554E+1	4.4179E+1	4.3662E+1	4.3232E+1	4.4794E+1	4.6555E+1	4.8154E+1	4.7354E+1	4.4163E+1	3.8182E+1	3.1820E+1	2.6209E+1	2.0340E+1	1.5913E+1	1.2373E+1	9.4911E+0	7.3265E+0	5.6275E+0	4.3285E+0
-4.1611E+1	1.3191E+2	8.9587E+1	5.9610E+1	4.9386E+1	4.7163E+1	4.2755E+1	4.3064E+1	4.2258E+1	4.4611E+1	4.6168E+1	4.7660E+1	4.6990E+1	4.3915E+1	3.8043E+1	3.1757E+1	2.6174E+1	2.0323E+1	1.5906E+1	1.2372E+1	9.4930E+0	7.3282E+0	5.6285E+0	4.3302E+0
6.8586E+1	1.0353E+2	8.5414E+1	6.3698E+1	4.9029E+1	4.6369E+1	4.3708E+1	4.2749E+1	4.2316E+1	4.3346E+1	4.5253E+1	4.7032E+1	4.6577E+1	4.3568E+1	3.7879E+1	3.1639E+1	2.6123E+1	2.0298E+1	1.5890E+1	1.2363E+1	9.4868E+0	7.3260E+0	5.6275E+0	4.3293E+0
-5.6319E+0	1.1354E+2	8.8610E+1	5.8993E+1	4.8315E+1	4.5978E+1	4.1933E+1	4.2155E+1	4.1183E+1	4.3502E+1	4.4761E+1	4.6694E+1	4.6184E+1	4.3384E+1	3.7759E+1	3.1586E+1	2.6071E+1	2.0278E+1	1.5881E+1	1.2359E+1	9.4846E+0	7.3246E+0	5.6265E+0	4.3286E+0
-7.7601E+1	1.1544E+2	8.8499E+1	5.6427E+1	4.7478E+1	4.4909E+1	4.0773E+1	4.1294E+1	4.0267E+1	4.2590E+1	4.4196E+1	4.6123E+1	4.5670E+1	4.3047E+1	3.7571E+1	3.1484E+1	2.6019E+1	2.0256E+1	1.5874E+1	1.2356E+1	9.4847E+0	7.3256E+0	5.6275E+0	4.3295E+0
3.5550E+1	1.0918E+2	8.5853E+1	5.8527E+1	4.7072E+1	4.4646E+1	4.0995E+1	4.0699E+1	4.0228E+1	4.1846E+1	4.3554E+1	4.5599E+1	4.5375E+1	4.2800E+1	3.7441E+1	3.1412E+1	2.5991E+1	2.0243E+1	1.5869E+1	1.2355E+1	9.4862E+0	7.3275E+0	5.6294E+0	4.3311E+0
4.7317E+1	1.0513E+2	8.2239E+1	5.8367E+1	4.6193E+1	4.3884E+1	4.0379E+1	4.0029E+1	3.9581E+1	4.1187E+1	4.2884E+1	4.4982E+1	4.4931E+1	4.2501E+1	3.7267E+1	3.1325E+1	2.5951E+1	2.0228E+1	1.5860E+1	1.2353E+1	9.4868E+0	7.3281E+0	5.6307E+0	4.3323E+0
9.0483E+1	1.0394E+2	7.8199E+1	5.9630E+1	4.6090E+1	4.3183E+1	4.0902E+1	3.9795E+1	3.9470E+1	4.0472E+1	4.2444E+1	4.4503E+1	4.4595E+1	4.2245E+1	3.7133E+1	3.1224E+1	2.5910E+1	2.0202E+1	1.5845E+1	1.2342E+1	9.4805E+0	7.3249E+0	5.6286E+0	4.3305E+0
-1.1344E+1	1.0522E+2	8.3318E+1	5.4070E+1	4.5067E+1	4.2782E+1	3.8924E+1	3.9019E+1	3.8255E+1	3.9848E+1	4.1856E+1	4.4212E+1	4.4214E+1	4.2029E+1	3.6985E+1	3.1158E+1	2.5851E+1	2.0179E+1	1.5832E+1	1.2338E+1	9.4797E+0	7.3237E+0	5.6281E+0	4.3309E+0
2.5376E+1	1.1522E+2	8.2605E+1	5.3145E+1	4.4276E+1	4.2103E+1	3.8079E+1	3.8598E+1	3.7482E+1	3.9423E+1	4.1349E+1	4.3750E+1	4.3800E+1	4.1743E+1	3.6851E+1	3.1063E+1	2.5819E+1	2.0163E+1	1.5827E+1	1.2337E+1	9.4789E+0	7.3252E+0	5.6288E+0	4.3317E+0
9.8312E+1	8.7753E+1	7.6359E+1	5.6415E+1	4.3993E+1	4.1518E+1	3.8846E+1	3.8008E+1	3.7503E+1	3.8608E+1	4.0936E+1	4.3087E+1	4.3459E+1	4.1438E+1	3.6663E+1	3.0982E+1	2.5770E+1	2.0141E+1	1.5820E+1	1.2336E+1	9.4788E+0	7.3256E+0	5.6303E+0	4.3329E+0
1.7748E+1	1.0152E+2	7.9785E+1	5.1873E+1	4.3700E+1	4.1010E+1	3.7250E+1	3.7321E+1	3.6500E+1	3.8791E+1	4.0214E+1	4.2670E+1	4.3023E+1	4.1181E+1	3.6525E+1	3.0901E+1	2.5728E+1	2.0127E+1	1.5813E+1	1.2331E+1	9.4795E+0	7.3273E+0	5.6313E+0	4.3338E+0
1.3720E+2	9.8686E+1	7.4115E+1	5.6780E+1	4.2724E+1	4.0627E+1	3.8306E+1	3.7241E+1	3.6912E+1	3.7776E+1	4.0107E+1	4.2157E+1	4.2765E+1	4.0936E+1	3.6373E+1	3.0810E+1	2.5677E+1	2.0093E+1	1.5797E+1	1.2323E+1	9.4741E+0	7.3223E+0	5.6288E+0	4.3323E+0
-3.4257E+1	9.9537E+1	7.7621E+1	5.1023E+1	4.2246E+1	3.9787E+1	3.6216E+1	3.6631E+1	3.5574E+1	3.7459E+1	3.9255E+1	4.1942E+1	4.2286E+1	4.0674E+1	3.6259E+1	3.0725E+1	2.5635E+1	2.0077E+1	1.5785E+1	1.2319E+1	9.4721E+0	7.3224E+0	5.6294E+0	4.3325E+0
2.7295E+1	1.0488E+2	7.5977E+1	5.0213E+1	4.1730E+1	3.9389E+1	3.5774E+1	3.5965E+1	3.5073E+1	3.7240E+1	3.8964E+1	4.1395E+1	4.1946E+1	4.0428E+1	3.6111E+1	3.0647E+1	2.5595E+1	2.0060E+1	1.5781E+1	1.2318E+1	9.4730E+0	7.3236E+0	5.6298E+0	4.3333E+0
4.0054E+1	9.6171E+1	7.5656E+1	5.2268E+1	4.1445E+1	3.9029E+1	3.5768E+1	3.5420E+1	3.4819E+1	3.6302E+1	3.8442E+1	4.0710E+1	4.1564E+1	4.0106E+1	3.5910E+1	3.0558E+1	2.5546E+1	2.0036E+1	1.5774E+1	1.2316E+1	9.4722E+0	7.3237E+0	5.6317E+0	4.3344E+0
7.4444E+1	9.2802E+1	7.3380E+1	5.2078E+1	4.1077E+1	3.8281E+1	3.5504E+1	3.5117E+1	3.4448E+1	3.5881E+1	3.7873E+1	4.0272E+1	4.1166E+1	3.9830E+1	3.5740E+1	3.0472E+1	2.5495E+1	2.0017E+1	1.5765E+1	1.2312E+1	9.4728E+0	7.3258E+0	5.6326E+0	4.3356E+0
6.2535E+1	9.7997E+1	7.1287E+1	5.1214E+1	3.9778E+1	3.7788E+1	3.5034E+1	3.4736E+1	3.3876E+1	3.5306E+1	3.7468E+1	3.9840E+1	4.0789E+1	3.9529E+1	3.5548E+1	3.0356E+1	2.5424E+1	1.9971E+1	1.5744E+1	1.2295E+1	9.4620E+0	7.3194E+0	5.6287E+0	4.3332E+0
-9.8755E+0	9.9167E+1	7.2393E+1	4.9152E+1	3.9779E+1	3.7421E+1	3.3953E+1	3.4159E+1	3.3182E+1	3.4891E+1	3.6822E+1	3.9571E+1	4.0468E+1	3.9304E+1	3.5447E+1	3.0281E+1	2.5388E+1	1.9955E+1	1.5735E+1	1.2294E+1	9.4629E+0	7.3197E+0	5.6294E+0	4.3338E+0
2.6118E+1	9.5568E+1	7.0868E+1	4.8996E+1	3.9209E+1	3.6937E+1	3.3862E+1	3.3822E+1	3.2903E+1	3.4507E+1	3.6436E+1	3.9078E+1	4.0107E+1	3.9054E+1	3.5288E+1	3.0198E+1	2.5344E+1	1.9937E+1	1.5727E+1	1.2291E+1	9.4638E+0	7.3202E+0	5.6305E+0	4.3348E+0
4.7119E+1	8.1768E+1	6.8559E+1	4.9441E+1	3.8626E+1	3.6271E+1	3.3563E+1	3.3012E+1	3.2510E+1	3.3985E+1	3.5848E+1	3.8412E+1	3.9665E+1	3.8731E+1	3.5068E+1	3.0091E+1	2.5288E+1	1.9911E+1	1.5717E+1	1.2288E+1	9.4624E+0	7.3209E+0	5.6315E+0	4.3356E+0
3.4354E+1	9.8851E+1	6.7233E+1	4.8515E+1	3.7886E+1	3.5843E+1	3.3194E+1	3.2770E+1	3.2166E+1	3.3410E+1	3.5294E+1	3.8033E+1	3.9323E+1	3.8450E+1	3.4914E+1	3.0013E+1	2.5234E+1	1.9894E+1	1.5708E+1	1.2287E+1	9.4630E+0	7.3221E+0	5.6323E+0	4.3365E+0
2.7910E+1	8.8795E+1	6.9844E+1	4.7892E+1	3.7691E+1	3.5495E+1	3.2501E+1	3.2389E+1	3.1626E+1	3.3022E+1	3.5001E+1	3.7685E+1	3.8960E+1	3.8228E+1	3.4758E+1	2.9910E+1	2.5176E+1	1.9860E+1	1.5685E+1	1.2272E+1	9.4540E+0	7.3165E+0	5.6287E+0	4.3339E+0
-3.6301E-1	8.9483E+1	6.8952E+1	4.6704E+1	3.7374E+1	3.4990E+1	3.1639E+1	3.1908E+1	3.0851E+1	3.2424E+1	3.4452E+1	3.7210E+1	3.8518E+1	3.7878E+1	3.4573E+1	2.9804E+1	2.5118E+1	1.9836E+1	1.5674E+1	1.2269E+1	9.4530E+0	7.3170E+0	5.6294E+0	4.3349E+0
3.5198E+1	9.2281E+1	6.7078E+1	4.4845E+1	3.6538E+1	3.4379E+1	3.1459E+1	3.1466E+1	3.0485E+1	3.1953E+1	3.3879E+1	3.6779E+1	3.8154E+1	3.7615E+1	3.4407E+1	2.9709E+1	2.5066E+1	1.9811E+1	1.5666E+1	1.2267E+1	9.4539E+0	7.3174E+0	5.6301E+0	4.3355E+0
5.0055E+1	9.1327E+1	6.6631E+1	4.4176E+1	3.5818E+1	3.3937E+1	3.0951E+1	3.1165E+1	2.9912E+1	3.1602E+1	3.3365E+1	3.6322E+1	3.7698E+1	3.7292E+1	3.4195E+1	2.9613E+1	2.5007E+1	1.9790E+1	1.5653E+1	1.2262E+1	9.4525E+0	7.3181E+0	5.6315E+0	4.3363E+0
6.0575E+1	7.6840E+1	6.3792E+1	4.7089E+1	3.6102E+1	3.3527E+1	3.1480E+1	3.0413E+1	3.0038E+1	3.0989E+1	3.2982E+1	3.5664E+1	3.7460E+1	3.7047E+1	3.3998E+1	2.9526E+1	2.4943E+1	1.9768E+1	1.5641E+1	1.2256E+1	9.4485E+0	7.3184E+0	5.6310E+0	4.3363E+0
4.2504E+1	8.9588E+1	6.4403E+1	4.4757E+1	3.5387E+1	3.3231E+1	3.0343E+1	3.0248E+1	2.9239E+1	3.0685E+1	3.2590E+1	3.5498E+1	3.7104E+1	3.6815E+1	3.3885E+1	2.9426E+1	2.4892E+1	1.9730E+1	1.5622E+1	1.2244E+1	9.4425E+0	7.3127E+0	5.6282E+0	4.3345E+0
2.7572E+1	8.2677E+1	6.3015E+1	4.3374E+1	3.5111E+1	3.2687E+1	2.9658E+1	2.9682E+1	2.8923E+1	3.0240E+1	3.2201E+1	3.5045E+1	3.6705E+1	3.6521E+1	3.3697E+1	2.9325E+1	2.4832E+1	1.9704E+1	1.5611E+1	1.2240E+1	9.4411E+0	7.3135E+0	5.6286E+0	4.3354E+0
5.1616E+1	8.3311E+1	6.3145E+1	4.4376E+1	3.4631E+1	3.2630E+1	2.9823E+1	2.9375E+1	2.8646E+1	2.9717E+1	3.1787E+1	3.4569E+1	3.6386E+1	3.6247E+1	3.3529E+1	2.9231E+1	2.4785E+1	1.9681E+1	1.5603E+1	1.2236E+1	9.4419E+0	7.3141E+0	5.6296E+0	4.3360E+0
-3.3030E+1	8.1187E+1	6.4743E+1	4.1879E+1	3.3754E+1	3.1817E+1	2.8691E+1	2.9127E+1	2.7950E+1	2.9313E+1	3.1183E+1	3.4194E+1	3.5902E+1	3.5907E+1	3.3319E+1	2.9125E+1	2.4713E+1	1.9660E+1	1.5591E+1	1.2233E+1	9.4399E+0	7.3135E+0	5.6301E+0	4.3367E+0
4.5766E+1	7.8759E+1	5.8736E+1	4.3762E+1	3.3688E+1	3.1366E+1	2.9064E+1	2.8406E+1	2.7912E+1	2.8820E+1	3.0783E+1	3.3584E+1	3.5609E+1	3.5652E+1	3.3110E+1	2.9010E+1	2.4663E+1	1.9624E+1	1.5576E+1	1.2225E+1	9.4369E+0	7.3127E+0	5.6291E+0	4.3369E+0
-9.3484E+0	8.0569E+1	6.1400E+1	4.0350E+1	3.2619E+1	3.1038E+1	2.8032E+1	2.8386E+1	2.7336E+1	2.8598E+1	3.0439E+1	3.3521E+1	3.5293E+1	3.5419E+1	3.2984E+1	2.8925E+1	2.4596E+1	1.9596E+1	1.5556E+1	1.2213E+1	9.4299E+0	7.3078E+0	5.6265E+0	4.3348E+0
8.6227E+1	7.0923E+1	5.9058E+1	4.3843E+1	3.3099E+1	3.0911E+1	2.8560E+1	2.7804E+1	2.7390E+1	2.8292E+1	3.0240E+1	3.2922E+1	3.5026E+1	3.5222E+1	3.2831E+1	2.8818E+1	2.4552E+1	1.9569E+1	1.5548E+1	1.2208E+1	9.4292E+0	7.3088E+0	5.6278E+0	4.3353E+0
3.7302E+1	7.7863E+1	6.0765E+1	4.1890E+1	3.2342E+1	3.0640E+1	2.7841E+1	2.7531E+1	2.6763E+1	2.7822E+1	2.9683E+1	3.2583E+1	3.4652E+1	3.4911E+1	3.2651E+1	2.8740E+1	2.4503E+1	1.9545E+1	1.5539E+1	1.2206E+1	9.4275E+0	7.3083E+0	5.6281E+0	4.3361E+0
2.2149E+1	7.4483E+1	5.9349E+1	4.0998E+1	3.2121E+1	2.9885E+1	2.7361E+1	2.7114E+1	2.6331E+1	2.7417E+1	2.9251E+1	3.2206E+1	3.4286E+1	3.4635E+1	3.2462E+1	2.8639E+1	2.4453E+1	1.9522E+1	1.5529E+1	1.2203E+1	9.4271E+0	7.3093E+0	5.6291E+0	4.3368E+0
7.0247E+1	8.3666E+1	5.6667E+1	4.1758E+1	3.1817E+1	2.9553E+1	2.7315E+1	2.6891E+1	2.6254E+1	2.7111E+1	2.9001E+1	3.1776E+1	3.4085E+1	3.4453E+1	3.2334E+1	2.8546E+1	2.4408E+1	1.9486E+1	1.5511E+1	1.2195E+1	9.4245E+0	7.3071E+0	5.6277E+0	4.3360E+0
2.5187E+1	7.1257E+1	5.8313E+1	3.9792E+1	3.1266E+1	2.9301E+1	2.6691E+1	2.6537E+1	2.5815E+1	2.6791E+1	2.8585E+1	3.1593E+1	3.3728E+1	3.4174E+1	3.2169E+1	2.8449E+1	2.4331E+1	1.9461E+1	1.5492E+1	1.2185E+1	9.4164E+0	7.3033E+0	5.6251E+0	4.3347E+0
1.2187E+1	7.7167E+1	5.6787E+1	3.9265E+1	3.0501E+1	2.8977E+1	2.6189E+1	2.6183E+1	2.5343E+1	2.6369E+1	2.8176E+1	3.1148E+1	3.3390E+1	3.3911E+1	3.1992E+1	2.8356E+1	2.4278E+1	1.9432E+1	1.5479E+1	1.2180E+1	9.4162E+0	7.3034E+0	5.6262E+0	4.3355E+0
5.3058E+1	7.0585E+1	5.5383E+1	4.0435E+1	3.1037E+1	2.8650E+1	2.6447E+1	2.5739E+1	2.5201E+1	2.5982E+1	2.7932E+1	3.0701E+1	3.3085E+1	3.3673E+1	3.1826E+1	2.8236E+1	2.4224E+1	1.9407E+1	1.5471E+1	1.2174E+1	9.4144E+0	7.3038E+0	5.6268E+0	4.3362E+0
1.9343E+1	7.5646E+1	5.6811E+1	3.6975E+1	2.9809E+1	2.7819E+1	2.5262E+1	2.5540E+1	2.4385E+1	2.5531E+1	2.7256E+1	3.0335E+1	3.2614E+1	3.3315E+1	3.1608E+1	2.8140E+1	2.4160E+1	1.9375E+1	1.5453E+1	1.2169E+1	9.4141E+0	7.3048E+0	5.6278E+0	4.3368E+0
3.5578E+1	7.6640E+1	5.4995E+1	3.7423E+1	2.9369E+1	2.7775E+1	2.5345E+1	2.5217E+1	2.4216E+1	2.5182E+1	2.6934E+1	2.9975E+1	3.2326E+1	3.3079E+1	3.1419E+1	2.8012E+1	2.4100E+1	1.9339E+1	1.5436E+1	1.2159E+1	9.4082E+0	7.3006E+0	5.6256E+0	4.3361E+0
5.8467E+1	6.8475E+1	5.4856E+1	3.8833E+1	2.9749E+1	2.7692E+1	2.5326E+1	2.4925E+1	2.4299E+1	2.5063E+1	2.6884E+1	2.9692E+1	3.2134E+1	3.2901E+1	3.1302E+1	2.7922E+1	2.4034E+1	1.9310E+1	1.5421E+1	1.2151E+1	9.4044E+0	7.2981E+0	5.6243E+0	4.3350E+0
-4.8324E+0	6.7193E+1	5.4797E+1	3.6815E+1	2.9166E+1	2.7196E+1	2.4689E+1	2.4466E+1	2.3560E+1	2.4549E+1	2.6362E+1	2.9255E+1	3.1678E+1	3.2548E+1	3.1069E+1	2.7799E+1	2.3970E+1	1.9276E+1	1.5405E+1	1.2143E+1	9.4011E+0	7.2978E+0	5.6253E+0	4.3351E+0
3.6095E+1	7.9678E+1	5.4480E+1	3.4737E+1	2.8225E+1	2.6499E+1	2.3758E+1	2.4563E+1	2.3149E+1	2.4158E+1	2.5808E+1	2.8932E+1	3.1325E+1	3.2292E+1	3.0870E+1	2.7700E+1	2.3915E+1	1.9251E+1	1.5396E+1	1.2141E+1	9.4004E+0	7.2988E+0	5.6258E+0	4.3366E+0
4.6433E+1	6.2333E+1	4.9725E+1	3.8086E+1	2.8463E+1	2.6549E+1	2.4587E+1	2.3587E+1	2.3313E+1	2.3958E+1	2.5770E+1	2.8441E+1	3.1029E+1	3.2012E+1	3.0733E+1	2.7575E+1	2.3840E+1	1.9225E+1	1.5383E+1	1.2136E+1	9.4003E+0	7.2991E+0	5.6264E+0	4.3374E+0
3.3831E+1	6.9498E+1	5.2347E+1	3.6952E+1	2.8286E+1	2.6336E+1	2.4090E+1	2.3644E+1	2.2952E+1	2.3634E+1	2.5397E+1	2.8163E+1	3.0801E+1	3.1828E+1	3.0582E+1	2.7467E+1	2.3772E+1	1.9196E+1	1.5365E+1	1.2125E+1	9.3947E+0	7.2948E+0	5.6246E+0	4.3359E+0
1.9753E+1	7.0573E+1	5.2196E+1	3.4506E+1	2.7463E+1	2.5784E+1	2.3294E+1	2.3607E+1	2.2307E+1	2.3220E+1	2.4957E+1	2.7919E+1	3.0452E+1	3.1539E+1	3.0370E+1	2.7354E+1	2.3715E+1	1.9157E+1	1.5347E+1	1.2118E+1	9.3898E+0	7.2928E+0	5.6231E+0	4.3351E+0
3.3634E+1	6.7441E+1	5.1375E+1	3.5142E+1	2.7204E+1	2.5444E+1	2.3214E+1	2.3029E+1	2.2204E+1	2.2936E+1	2.4694E+1	2.7434E+1	3.0093E+1	3.1254E+1	3.0184E+1	2.7221E+1	2.3634E+1	1.9127E+1	1.5332E+1	1.2110E+1	9.3875E+0	7.2923E+0	5.6233E+0	4.3357E+0
5.5226E+1	6.8581E+1	5.0836E+1	3.4698E+1	2.6833E+1	2.5254E+1	2.2925E+1	2.2753E+1	2.1773E+1	2.2585E+1	2.4247E+1	2.7163E+1	2.9759E+1	3.0982E+1	2.9987E+1	2.7114E+1	2.3581E+1	1.9098E+1	1.5319E+1	1.2105E+1	9.3864E+0	7.2930E+0	5.6246E+0	4.3366E+0
4.7587E+1	5.9924E+1	4.9709E+1	3.4671E+1	2.6802E+1	2.4832E+1	2.2892E+1	2.2248E+1	2.1630E+1	2.2268E+1	2.3918E+1	2.6613E+1	2.9333E+1	3.0597E+1	2.9741E+1	2.6968E+1	2.3484E+1	1.9055E+1	1.5298E+1	1.2096E+1	9.3834E+0	7.2933E+0	5.6250E+0	4.3371E+0
1.7110E+1	6.7839E+1	4.8306E+1	3.4002E+1	2.6343E+1	2.4667E+1	2.2506E+1	2.2229E+1	2.1423E+1	2.1926E+1	2.3610E+1	2.6346E+1	2.9109E+1	3.0442E+1	2.9618E+1	2.6854E+1	2.3407E+1	1.9014E+1	1.5273E+1	1.2083E+1	9.3760E+0	7.2881E+0	5.6218E+0	4.3354E+0
5.0974E+1	6.8959E+1	4.9487E+1	3.2336E+1	2.6509E+1	2.3986E+1	2.2016E+1	2.1778E+1	2.0876E+1	2.1696E+1	2.3260E+1	2.6019E+1	2.8786E+1	3.0152E+1	2.9404E+1	2.6728E+1	2.3338E+1	1.8980E+1	1.5257E+1	1.2074E+1	9.3718E+0	7.2863E+0	5.6212E+0	4.3351E+0
3.4416E+1	6.2994E+1	4.8226E+1	3.3298E+1	2.5595E+1	2.4081E+1	2.1871E+1	2.1579E+1	2.0747E+1	2.1465E+1	2.3108E+1	2.5702E+1	2.8441E+1	2.9843E+1	2.9199E+1	2.6619E+1	2.3266E+1	1.8945E+1	1.5239E+1	1.2066E+1	9.3701E+0	7.2863E+0	5.6213E+0	4.3354E+0
5.6342E+1	5.4294E+1	4.7015E+1	3.2518E+1	2.5818E+1	2.3980E+1	2.1632E+1	2.1254E+1	2.0513E+1	2.1047E+1	2.2695E+1	2.5339E+1	2.8109E+1	2.9593E+1	2.9030E+1	2.6496E+1	2.3201E+1	1.8910E+1	1.5225E+1	1.2061E+1	9.3674E+0	7.2854E+0	5.6213E+0	4.3362E+0
3.7613E+1	6.5371E+1	4.7187E+1	3.1456E+1	2.4937E+1	2.3276E+1	2.1008E+1	2.1135E+1	2.0033E+1	2.0661E+1	2.2245E+1	2.5021E+1	2.7824E+1	2.9353E+1	2.8842E+1	2.6367E+1	2.3131E+1	1.8881E+1	1.5212E+1	1.2055E+1	9.3660E+0	7.2861E+0	5.6228E+0	4.3367E+0
3.6106E+1	6.0645E+1	4.5786E+1	3.2752E+1	2.4985E+1	2.3118E+1	2.1198E+1	2.1028E+1	2.0115E+1	2.0480E+1	2.2164E+1	2.4699E+1	2.7608E+1	2.9128E+1	2.8693E+1	2.6267E+1	2.3054E+1	1.8830E+1	1.5187E+1	1.2043E+1	9.3565E+0	7.2806E+0	5.6189E+0	4.3345E+0
4.8198E+1	6.0068E+1	4.5381E+1	3.1669E+1	2.5048E+1	2.3046E+1	2.0909E+1	2.0567E+1	1.9812E+1	2.0296E+1	2.1839E+1	2.4501E+1	2.7390E+1	2.8955E+1	2.8565E+1	2.6182E+1	2.3008E+1	1.8814E+1	1.5176E+1	1.2038E+1	9.3563E+0	7.2801E+0	5.6196E+0	4.3349E+0
2.0536E+1	5.8066E+1	4.7669E+1	3.0385E+1	2.4278E+1	2.2766E+1	2.0405E+1	2.0363E+1	1.9364E+1	2.0057E+1	2.1613E+1	2.4139E+1	2.7043E+1	2.8648E+1	2.8344E+1	2.6056E+1	2.2933E+1	1.8773E+1	1.5157E+1	1.2030E+1	9.3525E+0	7.2801E+0	5.6194E+0	4.3352E+0
2.5775E+1	5.4286E+1	4.4883E+1	3.1805E+1	2.4400E+1	2.2640E+1	2.0587E+1	2.0063E+1	1.9233E+1	1.9781E+1	2.1300E+1	2.3859E+1	2.6686E+1	2.8371E+1	2.8141E+1	2.5931E+1	2.2855E+1	1.8742E+1	1.5142E+1	1.2024E+1	9.3514E+0	7.2799E+0	5.6198E+0	4.3360E+0
1.7819E+1	5.9783E+1	4.4093E+1	3.0336E+1	2.3527E+1	2.1982E+1	1.9952E+1	1.9944E+1	1.8989E+1	1.9326E+1	2.0859E+1	2.3486E+1	2.6452E+1	2.8156E+1	2.7992E+1	2.5831E+1	2.2799E+1	1.8710E+1	1.5133E+1	1.2017E+1	9.3516E+0	7.2806E+0	5.6209E+0	4.3365E+0
4.2858E+1	5.3991E+1	4.2262E+1	3.2548E+1	2.4165E+1	2.2183E+1	2.0367E+1	1.9336E+1	1.9117E+1	1.9429E+1	2.0989E+1	2.3391E+1	2.6245E+1	2.7979E+1	2.7863E+1	2.5752E+1	2.2747E+1	1.8683E+1	1.5111E+1	1.2006E+1	9.3416E+0	7.2751E+0	5.6176E+0	4.3340E+0
2.0448E+1	5.1824E+1	4.3056E+1	3.1014E+1	2.3928E+1	2.1572E+1	1.9252E+1	1.9317E+1	1.8474E+1	1.8960E+1	2.0458E+1	2.3070E+1	2.6006E+1	2.7747E+1	2.7685E+1	2.5622E+1	2.2663E+1	1.8637E+1	1.5093E+1	1.1997E+1	9.3391E+0	7.2744E+0	5.6176E+0	4.3347E+0
2.4386E+1	5.7624E+1	4.3777E+1	2.9655E+1	2.2878E+1	2.1352E+1	1.9257E+1	1.9242E+1	1.8256E+1	1.8646E+1	2.0197E+1	2.2729E+1	2.5706E+1	2.7515E+1	2.7512E+1	2.5509E+1	2.2602E+1	1.8605E+1	1.5080E+1	1.1990E+1	9.3395E+0	7.2750E+0	5.6184E+0	4.3355E+0
2.2248E+1	5.7798E+1	4.2779E+1	2.9167E+1	2.2535E+1	2.1160E+1	1.9186E+1	1.9047E+1	1.8029E+1	1.8441E+1	1.9887E+1	2.2401E+1	2.5414E+1	2.7235E+1	2.7319E+1	2.5397E+1	2.2540E+1	1.8576E+1	1.5063E+1	1.1985E+1	9.3365E+0	7.2738E+0	5.6191E+0	4.3361E+0
4.6268E+1	5.3652E+1	4.0228E+1	3.1167E+1	2.2903E+1	2.1027E+1	1.9472E+1	1.8504E+1	1.8064E+1	1.8315E+1	1.9844E+1	2.2178E+1	2.5110E+1	2.6958E+1	2.7130E+1	2.5305E+1	2.2480E+1	1.8549E+1	1.5043E+1	1.1980E+1	9.3329E+0	7.2743E+0	5.6191E+0	4.3367E+0
3.8672E+1	5.1469E+1	4.2035E+1	2.9477E+1	2.2358E+1	2.0956E+1	1.8947E+1	1.8522E+1	1.7702E+1	1.8101E+1	1.9469E+1	2.1946E+1	2.4881E+1	2.6760E+1	2.6964E+1	2.5164E+1	2.2391E+1	1.8497E+1	1.5019E+1	1.1962E+1	9.3246E+0	7.2675E+0	5.6157E+0	4.3342E+0
3.6712E+1	5.6863E+1	4.2680E+1	2.7408E+1	2.1824E+1	2.0337E+1	1.8192E+1	1.8472E+1	1.7223E+1	1.7645E+1	1.9098E+1	2.1643E+1	2.4667E+1	2.6573E+1	2.6817E+1	2.5060E+1	2.2329E+1	1.8468E+1	1.5004E+1	1.1957E+1	9.3233E+0	7.2675E+0	5.6157E+0	4.3347E+0
2.7981E+1	5.0305E+1	4.0993E+1	2.9064E+1	2.1853E+1	2.0386E+1	1.8567E+1	1.8087E+1	1.7314E+1	1.7650E+1	1.8972E+1	2.1399E+1	2.4366E+1	2.6297E+1	2.6624E+1	2.4950E+1	2.2254E+1	1.8435E+1	1.4988E+1	1.1951E+1	9.3192E+0	7.2668E+0	5.6157E+0	4.3355E+0
3.6575E+1	5.3064E+1	4.0775E+1	2.7846E+1	2.1504E+1	1.9926E+1	1.7993E+1	1.7980E+1	1.6967E+1	1.7227E+1	1.8611E+1	2.1011E+1	2.4068E+1	2.6030E+1	2.6415E+1	2.4819E+1	2.2173E+1	1.8392E+1	1.4965E+1	1.1942E+1	9.3172E+0	7.2669E+0	5.6168E+0	4.3356E+0
3.6364E+1	5.1777E+1	3.8088E+1	2.8904E+1	2.1645E+1	1.9889E+1	1.8312E+1	1.7438E+1	1.6875E+1	1.7168E+1	1.8564E+1	2.0777E+1	2.3723E+1	2.5703E+1	2.6193E+1	2.4689E+1	2.2091E+1	1.8348E+1	1.4947E+1	1.1928E+1	9.3128E+0	7.2631E+0	5.6150E+0	4.3350E+0
3.3500E+1	5.3152E+1	4.0215E+1	2.7331E+1	2.1301E+1	1.9526E+1	1.7720E+1	1.7542E+1	1.6605E+1	1.6809E+1	1.8166E+1	2.0565E+1	2.3566E+1	2.5577E+1	2.6057E+1	2.4578E+1	2.2021E+1	1.8308E+1	1.4922E+1	1.1917E+1	9.3041E+0	7.2595E+0	5.6124E+0	4.3335E+0
2.3384E+1	4.8786E+1	3.9937E+1	2.7488E+1	2.1043E+1	1.9411E+1	1.7612E+1	1.7366E+1	1.6369E+1	1.6709E+1	1.8021E+1	2.0330E+1	2.3328E+1	2.5335E+1	2.5896E+1	2.4467E+1	2.1956E+1	1.8276E+1	1.4906E+1	1.1910E+1	9.3015E+0	7.2589E+0	5.6124E+0	4.3338E+0
3.6862E+1	4.9745E+1	3.8767E+1	2.7284E+1	2.0801E+1	1.9205E+1	1.7459E+1	1.6983E+1	1.6219E+1	1.6486E+1	1.7782E+1	2.0014E+1	2.2982E+1	2.5045E+1	2.5665E+1	2.4320E+1	2.1865E+1	1.8233E+1	1.4884E+1	1.1900E+1	9.2976E+0	7.2582E+0	5.6129E+0	4.3341E+0
2.5668E+1	5.5425E+1	3.9751E+1	2.5737E+1	2.0150E+1	1.8697E+1	1.6804E+1	1.7014E+1	1.5918E+1	1.5987E+1	1.7378E+1	1.9653E+1	2.2774E+1	2.4824E+1	2.5480E+1	2.4213E+1	2.1795E+1	1.8195E+1	1.4869E+1	1.1890E+1	9.2947E+0	7.2572E+0	5.6130E+0	4.3343E+0
1.5039E+1	4.6483E+1	3.6784E+1	2.7119E+1	2.0257E+1	1.8537E+1	1.7171E+1	1.6479E+1	1.5822E+1	1.6053E+1	1.7314E+1	1.9463E+1	2.2423E+1	2.4494E+1	2.5250E+1	2.4038E+1	2.1682E+1	1.8136E+1	1.4843E+1	1.1880E+1	9.2887E+0	7.2535E+0	5.6114E+0	4.3337E+0
2.1103E+1	4.9989E+1	3.8770E+1	2.6069E+1	2.0068E+1	1.8456E+1	1.6678E+1	1.6547E+1	1.5668E+1	1.5734E+1	1.7041E+1	1.9278E+1	2.2298E+1	2.4369E+1	2.5140E+1	2.3969E+1	2.1633E+1	1.8104E+1	1.4822E+1	1.1866E+1	9.2816E+0	7.2501E+0	5.6089E+0	4.3321E+0
3.9216E+1	4.5859E+1	3.7294E+1	2.5732E+1	1.9656E+1	1.8237E+1	1.6430E+1	1.6325E+1	1.5393E+1	1.5486E+1	1.6774E+1	1.8931E+1	2.1950E+1	2.4075E+1	2.4916E+1	2.3811E+1	2.1538E+1	1.8056E+1	1.4798E+1	1.1853E+1	9.2766E+0	7.2480E+0	5.6084E+0	4.3322E+0
5.0282E+1	4.7496E+1	3.7153E+1	2.5316E+1	1.9478E+1	1.8081E+1	1.6343E+1	1.6008E+1	1.5149E+1	1.5332E+1	1.6587E+1	1.8735E+1	2.1699E+1	2.3847E+1	2.4733E+1	2.3684E+1	2.1457E+1	1.8015E+1	1.4778E+1	1.1846E+1	9.2745E+0	7.2472E+0	5.6086E+0	4.3324E+0
4.5437E+1	4.7842E+1	3.6079E+1	2.5146E+1	1.9362E+1	1.7873E+1	1.6137E+1	1.5895E+1	1.5017E+1	1.5061E+1	1.6351E+1	1.8476E+1	2.1449E+1	2.3614E+1	2.4538E+1	2.3558E+1	2.1382E+1	1.7977E+1	1.4759E+1	1.1838E+1	9.2715E+0	7.2464E+0	5.6085E+0	4.3329E+0
3.3198E+1	4.2746E+1	3.4788E+1	2.5922E+1	1.9347E+1	1.7746E+1	1.6299E+1	1.5514E+1	1.4955E+1	1.5033E+1	1.6243E+1	1.8262E+1	2.1136E+1	2.3319E+1	2.4331E+1	2.3406E+1	2.1276E+1	1.7927E+1	1.4729E+1	1.1824E+1	9.2633E+0	7.2430E+0	5.6068E+0	4.3314E+0
1.5022E+1	4.6168E+1	3.6823E+1	2.4445E+1	1.8808E+1	1.7420E+1	1.5690E+1	1.5621E+1	1.4600E+1	1.4719E+1	1.5978E+1	1.8042E+1	2.1049E+1	2.3195E+1	2.4199E+1	2.3327E+1	2.1216E+1	1.7886E+1	1.4713E+1	1.1812E+1	9.2570E+0	7.2393E+0	5.6044E+0	4.3300E+0
4.0533E+1	4.4245E+1	3.5862E+1	2.4869E+1	1.8650E+1	1.7413E+1	1.5670E+1	1.5311E+1	1.4524E+1	1.4570E+1	1.5769E+1	1.7812E+1	2.0763E+1	2.2950E+1	2.4008E+1	2.3182E+1	2.1135E+1	1.7849E+1	1.4689E+1	1.1801E+1	9.2525E+0	7.2374E+0	5.6034E+0	4.3307E+0
1.7016E+1	4.6515E+1	3.5133E+1	2.3969E+1	1.8300E+1	1.6972E+1	1.5380E+1	1.5197E+1	1.4256E+1	1.4293E+1	1.5537E+1	1.7511E+1	2.0475E+1	2.2671E+1	2.3795E+1	2.3035E+1	2.1035E+1	1.7800E+1	1.4661E+1	1.1791E+1	9.2482E+0	7.2356E+0	5.6037E+0	4.3309E+0
2.4538E+1	4.2813E+1	3.5025E+1	2.3941E+1	1.8166E+1	1.6807E+1	1.5220E+1	1.4990E+1	1.4051E+1	1.4095E+1	1.5230E+1	1.7275E+1	2.0223E+1	2.2433E+1	2.3598E+1	2.2901E+1	2.0946E+1	1.7751E+1	1.4640E+1	1.1780E+1	9.2428E+0	7.2340E+0	5.6032E+0	4.3310E+0
3.8199E+1	4.1359E+1	3.2554E+1	2.5113E+1	1.8314E+1	1.6861E+1	1.5461E+1	1.4565E+1	1.4032E+1	1.4125E+1	1.5245E+1	1.7189E+1	1.9943E+1	2.2220E+1	2.3442E+1	2.2782E+1	2.0879E+1	1.7710E+1	1.4613E+1	1.1766E+1	9.2359E+0	7.2307E+0	5.6013E+0	4.3297E+0
2.9686E+1	4.2228E+1	3.4642E+1	2.3592E+1	1.7746E+1	1.6496E+1	1.4967E+1	1.4737E+1	1.3814E+1	1.3832E+1	1.4976E+1	1.6924E+1	1.9828E+1	2.2054E+1	2.3290E+1	2.2672E+1	2.0804E+1	1.7671E+1	1.4592E+1	1.1754E+1	9.2311E+0	7.2278E+0	5.5994E+0	4.3284E+0
2.0775E+1	4.3948E+1	3.4128E+1	2.3130E+1	1.7554E+1	1.6350E+1	1.4736E+1	1.4595E+1	1.3586E+1	1.3603E+1	1.4720E+1	1.6681E+1	1.9584E+1	2.1813E+1	2.3085E+1	2.2536E+1	2.0713E+1	1.7623E+1	1.4569E+1	1.1744E+1	9.2263E+0	7.2246E+0	5.5990E+0	4.3290E+0
3.4305E+1	4.2726E+1	3.3249E+1	2.3141E+1	1.7569E+1	1.6210E+1	1.4647E+1	1.4209E+1	1.3420E+1	1.3405E+1	1.4563E+1	1.6455E+1	1.9316E+1	2.1540E+1	2.2879E+1	2.2392E+1	2.0618E+1	1.7578E+1	1.4543E+1	1.1730E+1	9.2212E+0	7.2241E+0	5.5990E+0	4.3287E+0
1.4029E+1	4.2185E+1	3.2979E+1	2.2702E+1	1.7166E+1	1.5908E+1	1.4372E+1	1.4112E+1	1.3242E+1	1.3223E+1	1.4328E+1	1.6181E+1	1.9070E+1	2.1312E+1	2.2681E+1	2.2240E+1	2.0526E+1	1.7529E+1	1.4520E+1	1.1721E+1	9.2170E+0	7.2221E+0	5.5983E+0	4.3291E+0
1.2377E+1	4.3866E+1	3.2286E+1	2.2698E+1	1.7037E+1	1.5654E+1	1.4344E+1	1.3934E+1	1.3172E+1	1.3108E+1	1.4206E+1	1.6030E+1	1.8809E+1	2.1097E+1	2.2513E+1	2.2113E+1	2.0450E+1	1.7478E+1	1.4495E+1	1.1705E+1	9.2068E+0	7.2170E+0	5.5956E+0	4.3268E+0
2.1271E+1	3.9609E+1	3.2505E+1	2.3019E+1	1.7186E+1	1.5883E+1	1.4345E+1	1.3699E+1	1.3084E+1	1.3060E+1	1.4106E+1	1.5919E+1	1.8671E+1	2.0950E+1	2.2395E+1	2.2020E+1	2.0374E+1	1.7439E+1	1.4468E+1	1.1693E+1	9.2013E+0	7.2135E+0	5.5939E+0	4.3263E+0
4.0478E+1	4.3677E+1	3.2616E+1	2.1615E+1	1.6639E+1	1.5348E+1	1.3866E+1	1.3819E+1	1.2840E+1	1.2681E+1	1.3805E+1	1.5590E+1	1.8405E+1	2.0663E+1	2.2161E+1	2.1866E+1	2.0278E+1	1.7392E+1	1.4446E+1	1.1681E+1	9.1965E+0	7.2124E+0	5.5932E+0	4.3264E+0
3.7752E+1	3.9262E+1	3.1499E+1	2.1997E+1	1.6610E+1	1.5250E+1	1.3826E+1	1.3446E+1	1.2729E+1	1.2598E+1	1.3675E+1	1.5409E+1	1.8183E+1	2.0479E+1	2.1992E+1	2.1737E+1	2.0201E+1	1.7343E+1	1.4424E+1	1.1670E+1	9.1925E+0	7.2107E+0	5.5930E+0	4.3267E+0
2.2221E+1	4.2110E+1	3.1214E+1	2.1244E+1	1.6289E+1	1.4997E+1	1.3602E+1	1.3462E+1	1.2558E+1	1.2327E+1	1.3362E+1	1.5181E+1	1.7958E+1	2.0224E+1	2.1786E+1	2.1600E+1	2.0108E+1	1.7299E+1	1.4400E+1	1.1658E+1	9.1871E+0	7.2089E+0	5.5927E+0	4.3265E+0
3.1066E+1	3.9387E+1	2.9777E+1	2.2274E+1	1.6328E+1	1.5064E+1	1.3708E+1	1.3089E+1	1.2462E+1	1.2398E+1	1.3386E+1	1.5100E+1	1.7750E+1	2.0082E+1	2.1673E+1	2.1501E+1	2.0036E+1	1.7242E+1	1.4367E+1	1.1642E+1	9.1772E+0	7.2030E+0	5.5891E+0	4.3246E+0
2.5407E+1	3.7909E+1	3.1195E+1	2.1726E+1	1.6186E+1	1.4931E+1	1.3582E+1	1.3153E+1	1.2282E+1	1.2198E+1	1.3220E+1	1.4917E+1	1.7643E+1	1.9921E+1	2.1537E+1	2.1401E+1	1.9969E+1	1.7206E+1	1.4349E+1	1.1630E+1	9.1723E+0	7.1999E+0	5.5878E+0	4.3237E+0
3.7328E+1	3.8365E+1	2.9910E+1	2.1718E+1	1.6099E+1	1.4710E+1	1.3436E+1	1.2846E+1	1.2145E+1	1.2022E+1	1.3032E+1	1.4730E+1	1.7412E+1	1.9718E+1	2.1347E+1	2.1268E+1	1.9883E+1	1.7159E+1	1.4324E+1	1.1618E+1	9.1680E+0	7.1989E+0	5.5875E+0	4.3239E+0
1.8926E+1	3.9691E+1	3.0769E+1	2.0760E+1	1.5551E+1	1.4336E+1	1.3047E+1	1.2744E+1	1.1947E+1	1.1814E+1	1.2785E+1	1.4470E+1	1.7173E+1	1.9445E+1	2.1136E+1	2.1101E+1	1.9778E+1	1.7103E+1	1.4294E+1	1.1603E+1	9.1629E+0	7.1966E+0	5.5862E+0	4.3240E+0
2.6874E+1	3.8527E+1	3.0411E+1	2.0004E+1	1.5471E+1	1.4227E+1	1.2851E+1	1.2641E+1	1.1793E+1	1.1679E+1	1.2626E+1	1.4260E+1	1.6927E+1	1.9229E+1	2.0957E+1	2.0977E+1	1.9697E+1	1.7056E+1	1.4269E+1	1.1595E+1	9.1570E+0	7.1953E+0	5.5872E+0	4.3243E+0
2.9200E+1	3.7863E+1	2.7703E+1	2.1587E+1	1.5803E+1	1.4522E+1	1.3278E+1	1.2322E+1	1.1806E+1	1.1743E+1	1.2645E+1	1.4296E+1	1.6811E+1	1.9165E+1	2.0892E+1	2.0917E+1	1.9628E+1	1.7015E+1	1.4247E+1	1.1579E+1	9.1479E+0	7.1886E+0	5.5825E+0	4.3221E+0
2.5654E+1	3.5848E+1	2.9588E+1	2.0839E+1	1.5541E+1	1.4236E+1	1.2900E+1	1.2324E+1	1.1651E+1	1.1537E+1	1.2442E+1	1.4052E+1	1.6657E+1	1.8945E+1	2.0685E+1	2.0778E+1	1.9544E+1	1.6964E+1	1.4218E+1	1.1566E+1	9.1414E+0	7.1865E+0	5.5821E+0	4.3217E+0
2.5143E+1	3.8349E+1	2.9648E+1	2.0108E+1	1.5071E+1	1.3809E+1	1.2533E+1	1.2402E+1	1.1452E+1	1.1264E+1	1.2282E+1	1.3814E+1	1.6403E+1	1.8708E+1	2.0525E+1	2.0652E+1	1.9461E+1	1.6914E+1	1.4194E+1	1.1555E+1	9.1370E+0	7.1839E+0	5.5815E+0	4.3218E+0
2.3433E+1	3.5585E+1	2.8577E+1	2.0288E+1	1.5239E+1	1.3875E+1	1.2569E+1	1.2046E+1	1.1353E+1	1.1210E+1	1.2084E+1	1.3672E+1	1.6210E+1	1.8538E+1	2.0355E+1	2.0523E+1	1.9371E+1	1.6868E+1	1.4168E+1	1.1543E+1	9.1322E+0	7.1830E+0	5.5813E+0	4.3221E+0
2.7507E+1	3.7213E+1	2.7841E+1	2.0154E+1	1.4885E+1	1.3606E+1	1.2504E+1	1.2051E+1	1.1248E+1	1.1011E+1	1.1965E+1	1.3487E+1	1.5979E+1	1.8340E+1	2.0194E+1	2.0407E+1	1.9279E+1	1.6828E+1	1.4148E+1	1.1528E+1	9.1265E+0	7.1811E+0	5.5810E+0	4.3223E+0
3.0547E+1	3.3383E+1	2.9932E+1	1.9936E+1	1.4755E+1	1.3644E+1	1.2255E+1	1.1753E+1	1.1065E+1	1.0956E+1	1.1882E+1	1.3422E+1	1.5902E+1	1.8243E+1	2.0105E+1	2.0326E+1	1.9222E+1	1.6787E+1	1.4122E+1	1.1513E+1	9.1163E+0	7.1742E+0	5.5764E+0	4.3194E+0
3.0326E+1	3.5361E+1	2.8407E+1	1.9847E+1	1.4652E+1	1.3497E+1	1.2240E+1	1.1848E+1	1.1098E+1	1.0779E+1	1.1792E+1	1.3261E+1	1.5764E+1	1.8099E+1	1.9981E+1	2.0237E+1	1.9158E+1	1.6751E+1	1.4103E+1	1.1506E+1	9.1129E+0	7.1731E+0	5.5766E+0	4.3196E+0
2.2176E+1	3.9142E+1	3.0286E+1	1.9730E+1	1.4262E+1	1.3725E+1	1.2007E+1	1.1465E+1	1.0760E+1	1.0802E+1	1.1566E+1	1.3072E+1	1.5559E+1	1.7871E+1	1.9815E+1	2.0107E+1	1.9073E+1	1.6704E+1	1.4078E+1	1.1491E+1	9.1079E+0	7.1710E+0	5.5764E+0	4.3198E+0
2.5308E+1	3.3562E+1	2.6630E+1	2.0058E+1	1.4624E+1	1.3376E+1	1.2083E+1	1.1409E+1	1.0718E+1	1.0673E+1	1.1434E+1	1.2982E+1	1.5411E+1	1.7754E+1	1.9662E+1	1.9992E+1	1.8996E+1	1.6662E+1	1.4058E+1	1.1483E+1	9.1051E+0	7.1701E+0	5.5760E+0	4.3200E+0
2.6311E+1	3.5058E+1	2.6808E+1	1.9457E+1	1.4255E+1	1.3043E+1	1.1868E+1	1.1362E+1	1.0684E+1	1.0446E+1	1.1349E+1	1.2794E+1	1.5191E+1	1.7560E+1	1.9509E+1	1.9866E+1	1.8893E+1	1.6615E+1	1.4026E+1	1.1471E+1	9.0989E+0	7.1684E+0	5.5747E+0	4.3195E+0
2.3947E+1	3.6849E+1	2.7372E+1	1.8911E+1	1.4040E+1	1.2855E+1	1.1721E+1	1.1373E+1	1.0647E+1	1.0352E+1	1.1272E+1	1.2699E+1	1.5119E+1	1.7456E+1	1.9426E+1	1.9810E+1	1.8848E+1	1.6582E+1	1.4011E+1	1.1456E+1	9.0907E+0	7.1631E+0	5.5723E+0	4.3177E+0
3.0452E+1	3.2350E+1	2.6890E+1	1.9023E+1	1.4157E+1	1.2855E+1	1.1667E+1	1.1103E+1	1.0490E+1	1.0268E+1	1.1086E+1	1.2528E+1	1.4915E+1	1.7254E+1	1.9234E+1	1.9653E+1	1.8746E+1	1.6521E+1	1.3974E+1	1.1444E+1	9.0834E+0	7.1608E+0	5.5718E+0	4.3182E+0
3.3670E+1	3.0772E+1	2.5421E+1	1.9300E+1	1.4241E+1	1.2933E+1	1.1423E+1	1.1017E+1	1.0381E+1	1.0214E+1	1.0918E+1	1.2373E+1	1.4745E+1	1.7089E+1	1.9080E+1	1.9522E+1	1.8645E+1	1.6465E+1	1.3942E+1	1.1425E+1	9.0755E+0	7.1565E+0	5.5697E+0	4.3174E+0
1.2239E+1	3.5022E+1	2.6644E+1	1.7814E+1	1.3346E+1	1.2351E+1	1.1285E+1	1.1102E+1	1.0243E+1	9.8967E+0	1.0871E+1	1.2193E+1	1.4548E+1	1.6900E+1	1.8930E+1	1.9418E+1	1.8569E+1	1.6427E+1	1.3922E+1	1.1418E+1	9.0726E+0	7.1556E+0	5.5705E+0	4.3184E+0
3.3619E+1	3.2304E+1	2.4960E+1	1.9169E+1	1.3937E+1	1.2641E+1	1.1507E+1	1.0608E+1	1.0132E+1	1.0053E+1	1.0738E+1	1.2134E+1	1.4431E+1	1.6776E+1	1.8762E+1	1.9279E+1	1.8489E+1	1.6367E+1	1.3897E+1	1.1400E+1	9.0650E+0	7.1530E+0	5.5688E+0	4.3179E+0
2.3503E+1	3.3293E+1	2.6337E+1	1.8021E+1	1.3498E+1	1.2278E+1	1.1178E+1	1.0856E+1	1.0085E+1	9.7843E+0	1.0651E+1	1.2003E+1	1.4296E+1	1.6638E+1	1.8680E+1	1.9221E+1	1.8427E+1	1.6340E+1	1.3872E+1	1.1387E+1	9.0580E+0	7.1486E+0	5.5661E+0	4.3159E+0
2.5181E+1	3.2304E+1	2.6225E+1	1.8188E+1	1.3378E+1	1.2233E+1	1.1087E+1	1.0568E+1	9.9335E+0	9.6784E+0	1.0501E+1	1.1827E+1	1.4125E+1	1.6457E+1	1.8517E+1	1.9082E+1	1.8341E+1	1.6283E+1	1.3843E+1	1.1373E+1	9.0506E+0	7.1463E+0	5.5661E+0	4.3164E+0
2.6121E+1	3.0149E+1	2.5445E+1	1.7961E+1	1.3320E+1	1.2090E+1	1.0967E+1	1.0489E+1	9.8404E+0	9.5808E+0	1.0378E+1	1.1712E+1	1.3959E+1	1.6299E+1	1.8374E+1	1.8971E+1	1.8259E+1	1.6237E+1	1.3820E+1	1.1363E+1	9.0472E+0	7.1446E+0	5.5658E+0	4.3167E+0
2.4706E+1	3.4958E+1	2.5415E+1	1.6969E+1	1.2737E+1	1.1732E+1	1.0743E+1	1.0664E+1	9.7748E+0	9.3293E+0	1.0285E+1	1.1543E+1	1.3759E+1	1.6125E+1	1.8224E+1	1.8843E+1	1.8168E+1	1.6183E+1	1.3795E+1	1.1347E+1	9.0425E+0	7.1419E+0	5.5651E+0	4.3169E+0
2.6428E+1	2.9883E+1	2.4423E+1	1.8252E+1	1.3278E+1	1.2056E+1	1.0945E+1	1.0079E+1	9.6037E+0	9.4980E+0	1.0100E+1	1.1453E+1	1.3653E+1	1.5985E+1	1.8033E+1	1.8695E+1	1.8088E+1	1.6131E+1	1.3766E+1	1.1334E+1	9.0323E+0	7.1379E+0	5.5628E+0	4.3154E+0
1.2347E+1	3.2584E+1	2.5696E+1	1.7240E+1	1.2824E+1	1.1645E+1	1.0639E+1	1.0349E+1	9.5557E+0	9.2116E+0	1.0039E+1	1.1312E+1	1.3494E+1	1.5845E+1	1.7949E+1	1.8628E+1	1.8011E+1	1.6084E+1	1.3737E+1	1.1317E+1	9.0247E+0	7.1323E+0	5.5600E+0	4.3139E+0
2.0879E+1	3.1642E+1	2.4643E+1	1.7116E+1	1.2708E+1	1.1598E+1	1.0530E+1	1.0149E+1	9.4732E+0	9.1927E+0	9.9532E+0	1.1167E+1	1.3339E+1	1.5698E+1	1.7788E+1	1.8492E+1	1.7924E+1	1.6032E+1	1.3710E+1	1.1304E+1	9.0179E+0	7.1308E+0	5.5593E+0	4.3140E+0
2.2148E+1	3.0886E+1	2.3882E+1	1.7366E+1	1.2834E+1	1.1601E+1	1.0478E+1	9.9296E+0	9.3737E+0	9.0800E+0	9.8077E+0	1.1061E+1	1.3195E+1	1.5523E+1	1.7614E+1	1.8346E+1	1.7831E+1	1.5980E+1	1.3677E+1	1.1289E+1	9.0107E+0	7.1272E+0	5.5585E+0	4.3141E+0
2.3002E+1	3.0405E+1	2.3822E+1	1.6798E+1	1.2395E+1	1.1384E+1	1.0313E+1	9.9094E+0	9.2650E+0	8.9026E+0	9.6865E+0	1.0897E+1	1.3018E+1	1.5349E+1	1.7463E+1	1.8223E+1	1.7735E+1	1.5921E+1	1.3648E+1	1.1274E+1	9.0046E+0	7.1253E+0	5.5578E+0	4.3138E+0
1.9420E+1	3.0579E+1	2.3727E+1	1.7204E+1	1.2458E+1	1.1361E+1	1.0375E+1	9.7511E+0	9.1381E+0	8.9121E+0	9.5388E+0	1.0811E+1	1.2932E+1	1.5233E+1	1.7325E+1	1.8122E+1	1.7670E+1	1.5882E+1	1.3621E+1	1.1258E+1	8.9963E+0	7.1207E+0	5.5559E+0	4.3133E+0
2.0882E+1	3.0200E+1	2.4364E+1	1.6651E+1	1.2229E+1	1.1176E+1	1.0187E+1	9.8249E+0	9.1389E+0	8.7874E+0	9.5219E+0	1.0711E+1	1.2802E+1	1.5108E+1	1.7219E+1	1.8028E+1	1.7597E+1	1.5833E+1	1.3593E+1	1.1243E+1	8.9882E+0	7.1157E+0	5.5533E+0	4.3114E+0
2.2277E+1	2.7909E+1	2.3148E+1	1.6774E+1	1.2420E+1	1.1219E+1	1.0129E+1	9.5704E+0	8.9668E+0	8.7235E+0	9.3725E+0	1.0575E+1	1.2675E+1	1.4947E+1	1.7073E+1	1.7908E+1	1.7510E+1	1.5782E+1	1.3565E+1	1.1227E+1	8.9814E+0	7.1132E+0	5.5521E+0	4.3117E+0
2.1105E+1	3.1587E+1	2.3353E+1	1.6091E+1	1.1900E+1	1.0829E+1	9.9286E+0	9.6970E+0	8.9362E+0	8.5396E+0	9.2880E+0	1.0439E+1	1.2466E+1	1.4776E+1	1.6902E+1	1.7755E+1	1.7419E+1	1.5725E+1	1.3529E+1	1.1209E+1	8.9747E+0	7.1105E+0	5.5508E+0	4.3116E+0
1.9552E+1	3.0000E+1	2.3375E+1	1.6200E+1	1.1899E+1	1.0793E+1	9.8407E+0	9.4994E+0	8.7998E+0	8.4371E+0	9.1638E+0	1.0308E+1	1.2319E+1	1.4623E+1	1.6743E+1	1.7634E+1	1.7316E+1	1.5670E+1	1.3499E+1	1.1194E+1	8.9676E+0	7.1076E+0	5.5505E+0	4.3112E+0
3.1455E+1	2.9269E+1	2.2093E+1	1.6938E+1	1.2172E+1	1.1025E+1	1.0026E+1	9.1160E+0	8.6754E+0	8.5260E+0	9.0462E+0	1.0241E+1	1.2289E+1	1.4504E+1	1.6625E+1	1.7561E+1	1.7245E+1	1.5629E+1	1.3472E+1	1.1179E+1	8.9569E+0	7.1023E+0	5.5480E+0	4.3093E+0
2.8993E+1	2.9342E+1	2.2629E+1	1.5981E+1	1.1707E+1	1.0714E+1	9.7658E+0	9.3417E+0	8.6893E+0	8.3167E+0	9.0311E+0	1.0120E+1	1.2100E+1	1.4407E+1	1.6513E+1	1.7447E+1	1.7179E+1	1.5582E+1	1.3444E+1	1.1163E+1	8.9507E+0	7.0984E+0	5.5458E+0	4.3083E+0
2.3000E+1	2.5458E+1	2.2780E+1	1.6129E+1	1.1816E+1	1.0654E+1	9.6810E+0	9.0959E+0	8.5165E+0	8.2367E+0	8.8685E+0	9.9911E+0	1.1945E+1	1.4210E+1	1.6337E+1	1.7313E+1	1.7068E+1	1.5518E+1	1.3412E+1	1.1146E+1	8.9418E+0	7.0953E+0	5.5446E+0	4.3085E+0
2.1160E+1	3.0289E+1	2.2818E+1	1.5235E+1	1.1375E+1	1.0332E+1	9.4397E+0	9.2458E+0	8.5394E+0	8.0517E+0	8.7995E+0	9.8727E+0	1.1772E+1	1.4090E+1	1.6212E+1	1.7188E+1	1.6994E+1	1.5473E+1	1.3382E+1	1.1132E+1	8.9344E+0	7.0918E+0	5.5436E+0	4.3086E+0
2.1644E+1	2.7982E+1	2.1938E+1	1.5753E+1	1.1547E+1	1.0463E+1	9.5452E+0	8.9315E+0	8.3726E+0	8.0620E+0	8.6434E+0	9.7569E+0	1.1667E+1	1.3905E+1	1.6034E+1	1.7064E+1	1.6886E+1	1.5409E+1	1.3350E+1	1.1115E+1	8.9269E+0	7.0891E+0	5.5425E+0	4.3081E+0
2.0855E+1	2.7854E+1	2.1160E+1	1.6015E+1	1.1511E+1	1.0504E+1	9.4708E+0	8.8580E+0	8.2744E+0	8.0264E+0	8.5598E+0	9.6655E+0	1.1587E+1	1.3777E+1	1.5924E+1	1.6976E+1	1.6802E+1	1.5355E+1	1.3321E+1	1.1096E+1	8.9180E+0	7.0828E+0	5.5391E+0	4.3064E+0
1.6777E+1	2.7130E+1	2.1970E+1	1.5130E+1	1.1164E+1	1.0226E+1	9.3686E+0	8.8416E+0	8.2500E+0	7.8821E+0	8.5154E+0	9.5572E+0	1.1431E+1	1.3677E+1	1.5785E+1	1.6868E+1	1.6721E+1	1.5304E+1	1.3291E+1	1.1080E+1	8.9102E+0	7.0788E+0	5.5367E+0	4.3049E+0
1.8646E+1	2.7644E+1	2.1782E+1	1.5321E+1	1.1120E+1	1.0167E+1	9.2648E+0	8.7515E+0	8.1706E+0	7.8181E+0	8.4086E+0	9.4490E+0	1.1306E+1	1.3532E+1	1.5650E+1	1.6741E+1	1.6635E+1	1.5252E+1	1.3259E+1	1.1065E+1	8.9020E+0	7.0760E+0	5.5362E+0	4.3052E+0
2.5139E+1	2.8721E+1	2.1019E+1	1.5149E+1	1.1087E+1	9.9984E+0	9.1704E+0	8.6697E+0	8.0686E+0	7.7248E+0	8.3105E+0	9.3248E+0	1.1175E+1	1.3391E+1	1.5499E+1	1.6623E+1	1.6546E+1	1.5191E+1	1.3230E+1	1.1048E+1	8.8942E+0	7.0726E+0	5.5349E+0	4.3055E+0
2.0387E+1	2.6312E+1	2.0724E+1	1.4876E+1	1.0983E+1	9.8942E+0	9.0626E+0	8.6509E+0	7.9735E+0	7.6302E+0	8.2111E+0	9.2395E+0	1.1049E+1	1.3246E+1	1.5356E+1	1.6516E+1	1.6451E+1	1.5140E+1	1.3199E+1	1.1030E+1	8.8870E+0	7.0699E+0	5.5342E+0	4.3052E+0
2.5916E+1	2.6633E+1	2.0379E+1	1.5576E+1	1.1262E+1	1.0116E+1	9.1710E+0	8.3580E+0	7.8818E+0	7.6810E+0	8.1015E+0	9.1497E+0	1.1016E+1	1.3121E+1	1.5278E+1	1.6443E+1	1.6386E+1	1.5092E+1	1.3167E+1	1.1012E+1	8.8757E+0	7.0645E+0	5.5304E+0	4.3030E+0
1.8914E+1	2.6110E+1	2.1325E+1	1.4800E+1	1.0916E+1	9.9240E+0	8.9255E+0	8.4576E+0	7.8420E+0	7.5308E+0	8.0740E+0	9.0662E+0	1.0863E+1	1.3009E+1	1.5149E+1	1.6321E+1	1.6302E+1	1.5041E+1	1.3137E+1	1.0997E+1	8.8678E+0	7.0603E+0	5.5287E+0	4.3026E+0
2.1375E+1	2.6592E+1	2.0624E+1	1.4668E+1	1.0703E+1	9.7590E+0	8.8178E+0	8.3613E+0	7.7518E+0	7.4326E+0	7.9890E+0	8.9532E+0	1.0729E+1	1.2886E+1	1.5012E+1	1.6213E+1	1.6214E+1	1.4987E+1	1.3106E+1	1.0982E+1	8.8612E+0	7.0572E+0	5.5277E+0	4.3022E+0
2.3727E+1	2.4891E+1	2.0681E+1	1.4823E+1	1.0732E+1	9.7763E+0	8.7555E+0	8.1846E+0	7.6645E+0	7.3743E+0	7.8135E+0	8.8211E+0	1.0605E+1	1.2705E+1	1.4869E+1	1.6080E+1	1.6118E+1	1.4929E+1	1.3071E+1	1.0964E+1	8.8524E+0	7.0536E+0	5.5267E+0	4.3018E+0
1.5390E+1	2.8119E+1	2.0517E+1	1.4187E+1	1.0254E+1	9.3880E+0	8.6685E+0	8.3131E+0	7.7341E+0	7.2622E+0	7.8635E+0	8.7841E+0	1.0476E+1	1.2623E+1	1.4732E+1	1.5999E+1	1.6037E+1	1.4882E+1	1.3044E+1	1.0952E+1	8.8474E+0	7.0514E+0	5.5259E+0	4.3021E+0
2.5499E+1	2.4287E+1	2.0002E+1	1.4860E+1	1.0762E+1	9.6768E+0	8.7556E+0	8.0113E+0	7.4735E+0	7.2775E+0	7.6684E+0	8.6613E+0	1.0422E+1	1.2491E+1	1.4658E+1	1.5904E+1	1.5972E+1	1.4830E+1	1.3012E+1	1.0930E+1	8.8341E+0	7.0429E+0	5.5215E+0	4.2992E+0
1.7887E+1	2.6568E+1	2.0698E+1	1.4335E+1	1.0281E+1	9.3760E+0	8.5798E+0	8.1143E+0	7.5049E+0	7.1626E+0	7.6792E+0	8.6138E+0	1.0299E+1	1.2418E+1	1.4530E+1	1.5821E+1	1.5899E+1	1.4785E+1	1.2986E+1	1.0917E+1	8.8287E+0	7.0407E+0	5.5203E+0	4.2993E+0
2.1859E+1	2.5021E+1	2.0102E+1	1.4198E+1	1.0259E+1	9.3070E+0	8.4590E+0	7.9981E+0	7.3972E+0	7.0305E+0	7.5582E+0	8.4741E+0	1.0175E+1	1.2263E+1	1.4391E+1	1.5691E+1	1.5803E+1	1.4728E+1	1.2953E+1	1.0900E+1	8.8202E+0	7.0376E+0	5.5185E+0	4.2984E+0
2.3838E+1	2.5458E+1	1.9664E+1	1.4068E+1	1.0126E+1	9.2523E+0	8.4334E+0	7.9000E+0	7.3173E+0	6.9871E+0	7.4358E+0	8.3628E+0	1.0068E+1	1.2109E+1	1.4262E+1	1.5567E+1	1.5711E+1	1.4669E+1	1.2917E+1	1.0880E+1	8.8108E+0	7.0330E+0	5.5175E+0	4.2983E+0
2.2937E+1	2.5423E+1	1.9171E+1	1.4201E+1	1.0130E+1	9.1152E+0	8.3689E+0	7.7102E+0	7.2533E+0	6.9545E+0	7.3624E+0	8.2852E+0	9.9637E+0	1.1980E+1	1.4147E+1	1.5465E+1	1.5639E+1	1.4621E+1	1.2890E+1	1.0862E+1	8.8038E+0	7.0293E+0	5.5159E+0	4.2978E+0
2.0997E+1	2.3767E+1	1.9020E+1	1.4189E+1	1.0360E+1	9.2981E+0	8.3284E+0	7.7057E+0	7.1697E+0	6.8997E+0	7.2854E+0	8.1960E+0	9.8897E+0	1.1906E+1	1.4062E+1	1.5378E+1	1.5567E+1	1.4571E+1	1.2858E+1	1.0843E+1	8.7909E+0	7.0220E+0	5.5116E+0	4.2951E+0
1.3409E+1	2.5165E+1	1.9686E+1	1.3548E+1	9.7128E+0	8.8674E+0	8.2215E+0	7.7529E+0	7.2087E+0	6.7784E+0	7.2762E+0	8.1445E+0	9.7440E+0	1.1796E+1	1.3904E+1	1.5271E+1	1.5472E+1	1.4512E+1	1.2821E+1	1.0824E+1	8.7820E+0	7.0176E+0	5.5100E+0	4.2947E+0
2.1146E+1	2.4740E+1	1.9202E+1	1.3537E+1	9.8017E+0	8.8844E+0	8.1403E+0	7.6949E+0	7.0946E+0	6.7241E+0	7.1684E+0	8.0529E+0	9.6730E+0	1.1656E+1	1.3795E+1	1.5163E+1	1.5395E+1	1.4465E+1	1.2794E+1	1.0806E+1	8.7749E+0	7.0152E+0	5.5095E+0	4.2943E+0
2.0712E+1	2.3820E+1	1.9168E+1	1.3347E+1	9.7735E+0	8.8092E+0	8.0836E+0	7.5676E+0	7.0222E+0	6.6415E+0	7.0761E+0	7.9481E+0	9.5546E+0	1.1521E+1	1.3667E+1	1.5038E+1	1.5301E+1	1.4402E+1	1.2755E+1	1.0789E+1	8.7658E+0	7.0110E+0	5.5076E+0	4.2940E+0
1.9254E+1	2.3704E+1	1.7998E+1	1.4004E+1	9.8745E+0	8.9288E+0	8.1387E+0	7.3184E+0	6.8568E+0	6.6517E+0	6.9101E+0	7.8213E+0	9.4533E+0	1.1377E+1	1.3568E+1	1.4920E+1	1.5220E+1	1.4339E+1	1.2719E+1	1.0773E+1	8.7544E+0	7.0053E+0	5.5050E+0	4.2927E+0
1.3056E+1	2.4024E+1	1.8776E+1	1.3148E+1	9.5047E+0	8.5933E+0	7.9830E+0	7.4702E+0	6.9012E+0	6.4999E+0	6.9671E+0	7.8037E+0	9.3770E+0	1.1311E+1	1.3447E+1	1.4847E+1	1.5151E+1	1.4294E+1	1.2690E+1	1.0751E+1	8.7432E+0	6.9991E+0	5.5010E+0	4.2909E+0
2.3536E+1	2.4652E+1	1.8476E+1	1.3377E+1	9.5185E+0	8.6897E+0	7.9007E+0	7.3400E+0	6.8578E+0	6.5009E+0	6.8952E+0	7.7172E+0	9.2809E+0	1.1209E+1	1.3358E+1	1.4752E+1	1.5076E+1	1.4246E+1	1.2661E+1	1.0735E+1	8.7370E+0	6.9960E+0	5.5007E+0	4.2909E+0
1.8482E+1	2.3054E+1	1.8314E+1	1.3209E+1	9.5736E+0	8.6511E+0	7.8398E+0	7.2288E+0	6.7190E+0	6.4146E+0	6.7879E+0	7.6062E+0	9.1617E+0	1.1073E+1	1.3227E+1	1.4624E+1	1.4979E+1	1.4180E+1	1.2624E+1	1.0717E+1	8.7271E+0	6.9919E+0	5.4990E+0	4.2904E+0
2.2504E+1	2.3465E+1	1.8067E+1	1.2982E+1	9.3427E+0	8.4140E+0	7.7688E+0	7.1744E+0	6.7213E+0	6.3694E+0	6.7186E+0	7.5282E+0	9.0889E+0	1.0937E+1	1.3110E+1	1.4521E+1	1.4901E+1	1.4125E+1	1.2591E+1	1.0699E+1	8.7192E+0	6.9886E+0	5.4972E+0	4.2900E+0
1.5152E+1	2.1755E+1	1.7668E+1	1.3234E+1	9.5021E+0	8.5134E+0	7.7097E+0	7.0526E+0	6.5461E+0	6.2902E+0	6.5500E+0	7.3957E+0	8.9454E+0	1.0816E+1	1.2983E+1	1.4391E+1	1.4794E+1	1.4058E+1	1.2552E+1	1.0676E+1	8.7083E+0	6.9820E+0	5.4948E+0	4.2888E+0
1.7896E+1	2.3101E+1	1.7851E+1	1.3164E+1	9.2497E+0	8.4317E+0	7.7235E+0	7.0821E+0	6.5873E+0	6.2723E+0	6.6015E+0	7.3931E+0	8.9407E+0	1.0764E+1	1.2947E+1	1.4354E+1	1.4766E+1	1.4034E+1	1.2536E+1	1.0665E+1	8.7017E+0	6.9781E+0	5.4921E+0	4.2871E+0
1.7829E+1	2.3061E+1	1.7913E+1	1.2641E+1	9.1190E+0	8.2402E+0	7.6078E+0	7.0521E+0	6.5766E+0	6.1950E+0	6.5433E+0	7.3344E+0	8.8353E+0	1.0660E+1	1.2823E+1	1.4248E+1	1.4678E+1	1.3977E+1	1.2496E+1	1.0647E+1	8.6938E+0	6.9735E+0	5.4909E+0	4.2867E+0
1.4278E+1	2.1576E+1	1.8059E+1	1.2523E+1	9.0867E+0	8.2126E+0	7.5482E+0	6.9939E+0	6.4693E+0	6.1210E+0	6.4525E+0	7.2195E+0	8.7158E+0	1.0537E+1	1.2694E+1	1.4127E+1	1.4582E+1	1.3915E+1	1.2458E+1	1.0625E+1	8.6825E+0	6.9696E+0	5.4888E+0	4.2861E+0
1.3611E+1	2.1897E+1	1.7436E+1	1.2407E+1	8.9682E+0	8.0970E+0	7.4634E+0	6.9118E+0	6.4230E+0	6.0559E+0	6.3992E+0	7.1533E+0	8.6235E+0	1.0413E+1	1.2580E+1	1.4016E+1	1.4492E+1	1.3854E+1	1.2423E+1	1.0605E+1	8.6726E+0	6.9656E+0	5.4873E+0	4.2853E+0
2.1011E+1	2.1147E+1	1.6693E+1	1.3059E+1	9.3650E+0	8.4236E+0	7.4614E+0	6.6435E+0	6.2392E+0	6.0402E+0	6.2247E+0	7.0126E+0	8.5258E+0	1.0345E+1	1.2487E+1	1.3942E+1	1.4422E+1	1.3819E+1	1.2402E+1	1.0593E+1	8.6638E+0	6.9607E+0	5.4854E+0	4.2838E+0
1.9072E+1	2.2459E+1	1.7453E+1	1.2400E+1	8.8056E+0	7.9977E+0	7.3954E+0	6.8309E+0	6.3237E+0	5.9742E+0	6.2848E+0	7.0092E+0	8.4732E+0	1.0230E+1	1.2399E+1	1.3838E+1	1.4346E+1	1.3756E+1	1.2366E+1	1.0569E+1	8.6515E+0	6.9544E+0	5.4812E+0	4.2820E+0
1.3882E+1	2.2862E+1	1.7449E+1	1.2008E+1	8.5731E+0	7.7861E+0	7.2691E+0	6.8187E+0	6.3237E+0	5.8891E+0	6.2292E+0	6.9631E+0	8.3927E+0	1.0102E+1	1.2279E+1	1.3722E+1	1.4253E+1	1.3693E+1	1.2327E+1	1.0548E+1	8.6409E+0	6.9494E+0	5.4792E+0	4.2815E+0
1.5457E+1	2.1592E+1	1.6910E+1	1.2014E+1	8.6679E+0	7.9019E+0	7.2049E+0	6.6942E+0	6.1825E+0	5.8383E+0	6.1032E+0	6.8321E+0	8.2359E+0	9.9636E+0	1.2128E+1	1.3581E+1	1.4128E+1	1.3613E+1	1.2279E+1	1.0521E+1	8.6276E+0	6.9425E+0	5.4758E+0	4.2807E+0
1.8496E+1	2.1334E+1	1.7085E+1	1.1962E+1	8.5828E+0	7.7538E+0	7.1742E+0	6.5969E+0	6.1633E+0	5.7657E+0	6.0638E+0	6.7603E+0	8.1700E+0	9.8730E+0	1.2028E+1	1.3483E+1	1.4053E+1	1.3567E+1	1.2250E+1	1.0506E+1	8.6208E+0	6.9392E+0	5.4747E+0	4.2801E+0
1.7103E+1	1.9973E+1	1.6441E+1	1.2463E+1	8.9106E+0	8.0303E+0	7.1611E+0	6.3991E+0	5.9247E+0	5.7405E+0	5.8825E+0	6.6234E+0	8.0523E+0	9.8033E+0	1.1907E+1	1.3408E+1	1.3975E+1	1.3516E+1	1.2208E+1	1.0482E+1	8.6069E+0	6.9325E+0	5.4711E+0	4.2780E+0
1.5317E+1	2.0594E+1	1.6321E+1	1.2177E+1	8.6054E+0	7.8544E+0	7.0770E+0	6.4319E+0	5.9733E+0	5.7124E+0	5.9079E+0	6.6158E+0	8.0273E+0	9.7261E+0	1.1860E+1	1.3344E+1	1.3928E+1	1.3481E+1	1.2186E+1	1.0468E+1	8.5993E+0	6.9284E+0	5.4687E+0	4.2768E+0
1.1580E+1	2.1723E+1	1.6673E+1	1.1521E+1	8.1947E+0	7.4917E+0	7.0175E+0	6.5274E+0	6.0510E+0	5.6416E+0	5.8908E+0	6.6012E+0	7.9752E+0	9.6031E+0	1.1769E+1	1.3237E+1	1.3838E+1	1.3429E+1	1.2156E+1	1.0450E+1	8.5896E+0	6.9247E+0	5.4672E+0	4.2762E+0
1.4697E+1	2.1171E+1	1.6466E+1	1.1766E+1	8.4073E+0	7.5828E+0	6.9945E+0	6.3547E+0	5.9428E+0	5.6009E+0	5.8191E+0	6.4856E+0	7.8646E+0	9.5188E+0	1.1662E+1	1.3150E+1	1.3767E+1	1.3372E+1	1.2121E+1	1.0432E+1	8.5815E+0	6.9205E+0	5.4654E+0	4.2757E+0
1.6492E+1	2.1099E+1	1.6162E+1	1.1388E+1	8.2007E+0	7.3752E+0	6.8695E+0	6.3680E+0	5.9167E+0	5.5287E+0	5.7595E+0	6.4246E+0	7.7748E+0	9.3930E+0	1.1537E+1	1.3021E+1	1.3664E+1	1.3307E+1	1.2078E+1	1.0408E+1	8.5687E+0	6.9137E+0	5.4626E+0	4.2746E+0
2.0674E+1	1.8490E+1	1.5046E+1	1.2357E+1	8.8661E+0	7.9293E+0	6.9378E+0	6.0382E+0	5.6179E+0	5.4778E+0	5.5641E+0	6.2752E+0	7.6409E+0	9.3976E+0	1.1434E+1	1.2988E+1	1.3628E+1	1.3256E+1	1.2053E+1	1.0392E+1	8.5607E+0	6.9091E+0	5.4595E+0	4.2727E+0
1.1801E+1	2.0267E+1	1.6172E+1	1.1298E+1	8.0660E+0	7.2984E+0	6.8259E+0	6.2796E+0	5.8424E+0	5.4500E+0	5.6655E+0	6.3233E+0	7.6565E+0	9.2505E+0	1.1376E+1	1.2876E+1	1.3538E+1	1.3211E+1	1.2014E+1	1.0371E+1	8.5499E+0	6.9033E+0	5.4576E+0	4.2717E+0
1.3394E+1	2.0205E+1	1.6120E+1	1.1250E+1	8.0112E+0	7.2827E+0	6.7567E+0	6.1850E+0	5.7494E+0	5.4030E+0	5.5948E+0	6.2508E+0	7.5583E+0	9.1372E+0	1.1262E+1	1.2774E+1	1.3446E+1	1.3149E+1	1.1977E+1	1.0349E+1	8.5394E+0	6.8982E+0	5.4552E+0	4.2708E+0
1.7302E+1	2.0440E+1	1.5924E+1	1.1328E+1	8.0995E+0	7.2994E+0	6.6549E+0	6.1132E+0	5.6776E+0	5.3541E+0	5.5064E+0	6.1598E+0	7.4589E+0	9.0531E+0	1.1150E+1	1.2680E+1	1.3366E+1	1.3088E+1	1.1940E+1	1.0330E+1	8.5295E+0	6.8939E+0	5.4532E+0	4.2705E+0
1.7067E+1	1.9594E+1	1.5259E+1	1.1448E+1	8.1132E+0	7.3351E+0	6.6470E+0	6.0371E+0	5.5754E+0	5.3047E+0	5.4390E+0	6.0735E+0	7.3813E+0	8.9909E+0	1.1062E+1	1.2604E+1	1.3302E+1	1.3040E+1	1.1914E+1	1.0314E+1	8.5215E+0	6.8899E+0	5.4514E+0	4.2697E+0
1.6728E+1	2.0590E+1	1.5269E+1	1.1292E+1	8.0370E+0	7.2271E+0	6.6094E+0	5.9749E+0	5.5020E+0	5.2493E+0	5.3913E+0	6.0027E+0	7.3020E+0	8.8968E+0	1.0954E+1	1.2513E+1	1.3226E+1	1.2979E+1	1.1877E+1	1.0290E+1	8.5061E+0	6.8821E+0	5.4474E+0	4.2676E+0
1.9110E+1	1.9924E+1	1.5682E+1	1.0947E+1	7.7663E+0	7.0367E+0	6.5882E+0	6.0167E+0	5.6431E+0	5.2736E+0	5.4173E+0	6.0070E+0	7.2846E+0	8.8406E+0	1.0912E+1	1.2472E+1	1.3189E+1	1.2950E+1	1.1859E+1	1.0282E+1	8.5017E+0	6.8797E+0	5.4457E+0	4.2666E+0
1.4203E+1	1.7864E+1	1.5345E+1	1.1052E+1	8.0064E+0	7.2213E+0	6.5107E+0	5.8489E+0	5.4263E+0	5.1756E+0	5.2741E+0	5.8964E+0	7.1624E+0	8.7495E+0	1.0790E+1	1.2349E+1	1.3088E+1	1.2888E+1	1.1815E+1	1.0254E+1	8.4886E+0	6.8729E+0	5.4431E+0	4.2660E+0
2.3613E+1	1.8860E+1	1.4926E+1	1.1143E+1	7.8445E+0	7.0781E+0	6.4735E+0	5.8335E+0	5.4007E+0	5.1245E+0	5.2432E+0	5.8597E+0	7.1055E+0	8.6613E+0	1.0704E+1	1.2266E+1	1.3017E+1	1.2833E+1	1.1785E+1	1.0239E+1	8.4792E+0	6.8695E+0	5.4418E+0	4.2658E+0
1.5478E+1	1.9140E+1	1.5118E+1	1.0591E+1	7.6145E+0	6.8797E+0	6.3522E+0	5.8554E+0	5.4194E+0	5.0860E+0	5.2023E+0	5.7871E+0	7.0209E+0	8.5475E+0	1.0579E+1	1.2164E+1	1.2928E+1	1.2764E+1	1.1743E+1	1.0212E+1	8.4682E+0	6.8631E+0	5.4397E+0	4.2647E+0
2.0598E+1	1.7594E+1	1.4475E+1	1.1364E+1	8.0679E+0	7.2709E+0	6.3672E+0	5.6699E+0	5.2240E+0	5.0212E+0	5.1113E+0	5.7163E+0	6.9408E+0	8.5576E+0	1.0544E+1	1.2126E+1	1.2892E+1	1.2748E+1	1.1719E+1	1.0200E+1	8.4594E+0	6.8576E+0	5.4361E+0	4.2621E+0
1.5908E+1	1.9082E+1	1.4809E+1	1.0730E+1	7.5701E+0	6.8307E+0	6.3452E+0	5.7778E+0	5.3688E+0	5.0209E+0	5.1044E+0	5.6889E+0	6.9121E+0	8.4247E+0	1.0437E+1	1.2033E+1	1.2813E+1	1.2679E+1	1.1684E+1	1.0176E+1	8.4481E+0	6.8514E+0	5.4335E+0	4.2611E+0
1.5805E+1	1.9052E+1	1.4865E+1	1.0396E+1	7.3993E+0	6.6770E+0	6.2975E+0	5.7223E+0	5.3436E+0	4.9609E+0	5.0453E+0	5.6354E+0	6.8366E+0	8.3348E+0	1.0333E+1	1.1938E+1	1.2726E+1	1.2617E+1	1.1642E+1	1.0154E+1	8.4362E+0	6.8467E+0	5.4311E+0	4.2604E+0
1.6968E+1	1.8834E+1	1.4704E+1	1.0473E+1	7.4554E+0	6.6829E+0	6.2160E+0	5.6596E+0	5.2434E+0	4.9158E+0	4.9963E+0	5.5543E+0	6.7445E+0	8.2469E+0	1.0230E+1	1.1834E+1	1.2640E+1	1.2557E+1	1.1604E+1	1.0132E+1	8.4248E+0	6.8413E+0	5.4288E+0	4.2593E+0
2.0066E+1	1.7690E+1	1.3914E+1	1.0696E+1	7.6553E+0	6.8804E+0	6.2106E+0	5.5049E+0	5.1004E+0	4.8352E+0	4.9252E+0	5.4574E+0	6.6539E+0	8.1855E+0	1.0136E+1	1.1734E+1	1.2552E+1	1.2504E+1	1.1565E+1	1.0111E+1	8.4132E+0	6.8354E+0	5.4254E+0	4.2592E+0
1.5120E+1	1.8044E+1	1.4297E+1	1.0534E+1	7.5425E+0	6.8041E+0	6.1439E+0	5.5267E+0	5.0901E+0	4.8121E+0	4.9107E+0	5.4367E+0	6.6179E+0	8.1384E+0	1.0089E+1	1.1679E+1	1.2505E+1	1.2462E+1	1.1537E+1	1.0091E+1	8.4018E+0	6.8288E+0	5.4220E+0	4.2564E+0
1.2413E+1	1.8243E+1	1.4418E+1	1.0175E+1	7.1765E+0	6.4795E+0	6.0947E+0	5.5256E+0	5.1553E+0	4.8188E+0	4.8637E+0	5.4070E+0	6.5666E+0	8.0327E+0	9.9839E+0	1.1600E+1	1.2431E+1	1.2410E+1	1.1500E+1	1.0073E+1	8.3913E+0	6.8233E+0	5.4199E+0	4.2554E+0
1.2019E+1	1.7479E+1	1.4075E+1	1.0303E+1	7.2854E+0	6.5901E+0	6.0459E+0	5.4372E+0	5.0194E+0	4.7463E+0	4.8120E+0	5.3205E+0	6.4789E+0	7.9579E+0	9.8921E+0	1.1500E+1	1.2353E+1	1.2349E+1	1.1462E+1	1.0049E+1	8.3798E+0	6.8177E+0	5.4175E+0	4.2542E+0
1.6564E+1	1.7855E+1	1.4027E+1	1.0215E+1	7.2012E+0	6.5440E+0	6.0312E+0	5.4265E+0	5.0073E+0	4.7131E+0	4.7540E+0	5.2775E+0	6.4076E+0	7.8841E+0	9.8085E+0	1.1426E+1	1.2279E+1	1.2300E+1	1.1432E+1	1.0033E+1	8.3707E+0	6.8135E+0	5.4158E+0	4.2536E+0
2.3492E+0	1.0241E+1	-1.4710E-1	-6.3830E+0	1.7250E+0	-1.3946E-1	2.7450E+0	1.5176E+1	9.0598E+0	3.4458E+0	1.1564E+1	1.0280E+1	1.4809E+1	6.0748E+0	8.6739E+0	1.4233E+1	1.3732E+1	1.2761E+1	1.0526E+1	1.0615E+1	8.5713E+0	6.6339E+0	5.5674E+0	4.3088E+0
2.8697E+3	2.5351E+4	2.6059E+4	3.1244E+3	4.2607E+1	2.2998E+3	3.0964E+2	2.7551E+3	2.8432E+3	-1.5386E+3	1.3777E+3	3.3814E+3	-5.4989E+2	3.7147E+2	1.4541E+3	1.0390E+3	5.4111E+2	-9.7567E+2	-5.0630E+2	-4.5196E+2	-3.8173E+2	2.1793E+2	4.1730E+2	-5.3171E+1
