5.0585E+2	2.9491E+2	1.9660E+2	1.1604E+2	5.5725E+1	5.2772E+1	4.3571E+1	3.4488E+1	2.9040E+1	2.3094E+1	1.8655E+1	1.5055E+1	1.2316E+1	1.0499E+1	8.9777E+0	7.8981E+0	7.1375E+0	6.4233E+0	5.9127E+0	5.5082E+0	5.1707E+0	4.9069E+0	4.6864E+0	4.5044E+0
5.4886E+2	3.0310E+2	1.8348E+2	1.2302E+2	6.5928E+1	5.3236E+1	4.4498E+1	3.4587E+1	2.8475E+1	2.3293E+1	1.8585E+1	1.5094E+1	1.2334E+1	1.0506E+1	8.9800E+0	7.9059E+0	7.1396E+0	6.4273E+0	5.9157E+0	5.5099E+0	5.1729E+0	4.9077E+0	4.6872E+0	4.5054E+0
4.7424E+2	2.8373E+2	1.8061E+2	1.2284E+2	6.5703E+1	5.4890E+1	4.4995E+1	3.5951E+1	2.7913E+1	2.2981E+1	1.8470E+1	1.5235E+1	1.2294E+1	1.0553E+1	8.9869E+0	7.9136E+0	7.1385E+0	6.4339E+0	5.9165E+0	5.5108E+0	5.1738E+0	4.9088E+0	4.6880E+0	4.5059E+0
5.1287E+2	2.8870E+2	1.9099E+2	1.1411E+2	6.5735E+1	5.3618E+1	4.3967E+1	3.3455E+1	2.8547E+1	2.3286E+1	1.8665E+1	1.5157E+1	1.2384E+1	1.0536E+1	8.9980E+0	7.9168E+0	7.1527E+0	6.4357E+0	5.9201E+0	5.5143E+0	5.1758E+0	4.9100E+0	4.6889E+0	4.5067E+0
4.3985E+2	2.7552E+2	1.8923E+2	1.1665E+2	7.2171E+1	5.4971E+1	4.4878E+1	3.4678E+1	2.8752E+1	2.3461E+1	1.8549E+1	1.5210E+1	1.2375E+1	1.0554E+1	9.0131E+0	7.9256E+0	7.1523E+0	6.4385E+0	5.9239E+0	5.5151E+0	5.1768E+0	4.9111E+0	4.6898E+0	4.5074E+0
5.0735E+2	2.6229E+2	1.9794E+2	1.1624E+2	5.8831E+1	5.4612E+1	4.3914E+1	3.7016E+1	2.9247E+1	2.3678E+1	1.8648E+1	1.5235E+1	1.2409E+1	1.0560E+1	9.0207E+0	7.9287E+0	7.1605E+0	6.4400E+0	5.9245E+0	5.5169E+0	5.1784E+0	4.9120E+0	4.6904E+0	4.5079E+0
5.9475E+2	2.9740E+2	1.9367E+2	1.1311E+2	7.0044E+1	5.4772E+1	4.4043E+1	3.5258E+1	2.8847E+1	2.3774E+1	1.8819E+1	1.5168E+1	1.2433E+1	1.0581E+1	9.0252E+0	7.9390E+0	7.1629E+0	6.4447E+0	5.9273E+0	5.5186E+0	5.1790E+0	4.9128E+0	4.6913E+0	4.5084E+0
5.6126E+2	2.6931E+2	1.8593E+2	1.2092E+2	7.4054E+1	5.7243E+1	4.6649E+1	3.7448E+1	2.8769E+1	2.3093E+1	1.8672E+1	1.5377E+1	1.2381E+1	1.0605E+1	9.0180E+0	7.9344E+0	7.1608E+0	6.4475E+0	5.9315E+0	5.5214E+0	5.1802E+0	4.9132E+0	4.6914E+0	4.5092E+0
5.1177E+2	2.6502E+2	2.0001E+2	1.1831E+2	6.3492E+1	5.5464E+1	4.3885E+1	3.6519E+1	2.9045E+1	2.3649E+1	1.8842E+1	1.5322E+1	1.2458E+1	1.0599E+1	9.0472E+0	7.9501E+0	7.1760E+0	6.4508E+0	5.9330E+0	5.5220E+0	5.1820E+0	4.9145E+0	4.6926E+0	4.5097E+0
5.6082E+2	2.8261E+2	1.9571E+2	1.1875E+2	6.7443E+1	5.5835E+1	4.4594E+1	3.5751E+1	2.9013E+1	2.3841E+1	1.8938E+1	1.5297E+1	1.2477E+1	1.0624E+1	9.0501E+0	7.9576E+0	7.1776E+0	6.4536E+0	5.9337E+0	5.5240E+0	5.1829E+0	4.9152E+0	4.6930E+0	4.5100E+0
5.2226E+2	2.9293E+2	1.9961E+2	1.1685E+2	7.2683E+1	5.6021E+1	4.5091E+1	3.8040E+1	2.9140E+1	2.3586E+1	1.8829E+1	1.5339E+1	1.2467E+1	1.0620E+1	9.0584E+0	7.9578E+0	7.1808E+0	6.4565E+0	5.9362E+0	5.5248E+0	5.1838E+0	4.9159E+0	4.6937E+0	4.5104E+0
5.8352E+2	3.1988E+2	1.9247E+2	1.1104E+2	7.2483E+1	5.4847E+1	4.5160E+1	3.5657E+1	2.8630E+1	2.3885E+1	1.8892E+1	1.5263E+1	1.2525E+1	1.0632E+1	9.0729E+0	7.9722E+0	7.1857E+0	6.4626E+0	5.9384E+0	5.5264E+0	5.1848E+0	4.9169E+0	4.6944E+0	4.5108E+0
4.9353E+2	2.8488E+2	1.9521E+2	1.3030E+2	7.5951E+1	5.8286E+1	4.4975E+1	3.6463E+1	2.8855E+1	2.3334E+1	1.8787E+1	1.5507E+1	1.2478E+1	1.0651E+1	9.0590E+0	7.9602E+0	7.1901E+0	6.4584E+0	5.9388E+0	5.5277E+0	5.1861E+0	4.9172E+0	4.6946E+0	4.5110E+0
4.4135E+2	3.0442E+2	2.0279E+2	1.1860E+2	7.2480E+1	5.6611E+1	4.3799E+1	3.5545E+1	2.9615E+1	2.4331E+1	1.9000E+1	1.5414E+1	1.2548E+1	1.0659E+1	9.0816E+0	7.9781E+0	7.1946E+0	6.4651E+0	5.9429E+0	5.5306E+0	5.1870E+0	4.9186E+0	4.6957E+0	4.5117E+0
6.0498E+2	3.0060E+2	1.9480E+2	1.2179E+2	6.4094E+1	5.6978E+1	4.4841E+1	3.6067E+1	2.9578E+1	2.3924E+1	1.8904E+1	1.5429E+1	1.2530E+1	1.0672E+1	9.0856E+0	7.9800E+0	7.1991E+0	6.4684E+0	5.9443E+0	5.5317E+0	5.1883E+0	4.9189E+0	4.6962E+0	4.5125E+0
4.9272E+2	2.9380E+2	2.0889E+2	1.2519E+2	5.8285E+1	5.6727E+1	4.4872E+1	3.4644E+1	2.9981E+1	2.3767E+1	1.9173E+1	1.5409E+1	1.2553E+1	1.0696E+1	9.1046E+0	7.9907E+0	7.2012E+0	6.4721E+0	5.9472E+0	5.5324E+0	5.1892E+0	4.9201E+0	4.6964E+0	4.5127E+0
5.8907E+2	2.9997E+2	1.9952E+2	1.2400E+2	6.7500E+1	5.9338E+1	4.6040E+1	3.7965E+1	2.9594E+1	2.3944E+1	1.9042E+1	1.5433E+1	1.2568E+1	1.0685E+1	9.1002E+0	7.9904E+0	7.2062E+0	6.4732E+0	5.9486E+0	5.5338E+0	5.1901E+0	4.9209E+0	4.6971E+0	4.5128E+0
5.6749E+2	2.6920E+2	1.8992E+2	1.2632E+2	6.1013E+1	5.7933E+1	4.6554E+1	3.7834E+1	2.8667E+1	2.3703E+1	1.8936E+1	1.5653E+1	1.2518E+1	1.0686E+1	9.0908E+0	7.9887E+0	7.2177E+0	6.4762E+0	5.9498E+0	5.5354E+0	5.1896E+0	4.9212E+0	4.6977E+0	4.5139E+0
5.1763E+2	3.0563E+2	1.9880E+2	1.1648E+2	6.7370E+1	5.5619E+1	4.5311E+1	3.5854E+1	2.9453E+1	2.4088E+1	1.9012E+1	1.5518E+1	1.2618E+1	1.0705E+1	9.1185E+0	8.0043E+0	7.2153E+0	6.4797E+0	5.9525E+0	5.5369E+0	5.1918E+0	4.9221E+0	4.6984E+0	4.5139E+0
5.0648E+2	2.7488E+2	1.9910E+2	1.2855E+2	6.7514E+1	5.6380E+1	4.4364E+1	3.6096E+1	3.0313E+1	2.4098E+1	1.9231E+1	1.5537E+1	1.2615E+1	1.0721E+1	9.1272E+0	8.0066E+0	7.2196E+0	6.4812E+0	5.9546E+0	5.5382E+0	5.1927E+0	4.9229E+0	4.6986E+0	4.5142E+0
5.3420E+2	2.7765E+2	2.1495E+2	1.2851E+2	6.5992E+1	5.4436E+1	4.5945E+1	3.7153E+1	2.9384E+1	2.4339E+1	1.9219E+1	1.5631E+1	1.2640E+1	1.0720E+1	9.1253E+0	8.0128E+0	7.2241E+0	6.4839E+0	5.9564E+0	5.5401E+0	5.1942E+0	4.9235E+0	4.6992E+0	4.5143E+0
5.6300E+2	3.0664E+2	2.0371E+2	1.2002E+2	6.0866E+1	5.7307E+1	4.5515E+1	3.5767E+1	2.9614E+1	2.4102E+1	1.9354E+1	1.5530E+1	1.2627E+1	1.0743E+1	9.1381E+0	8.0162E+0	7.2250E+0	6.4867E+0	5.9574E+0	5.5401E+0	5.1946E+0	4.9238E+0	4.6996E+0	4.5149E+0
4.4569E+2	2.6297E+2	1.9453E+2	1.2803E+2	6.5348E+1	5.9949E+1	4.6473E+1	3.6187E+1	2.9738E+1	2.3779E+1	1.9263E+1	1.5680E+1	1.2657E+1	1.0719E+1	9.1379E+0	8.0261E+0	7.2317E+0	6.4947E+0	5.9616E+0	5.5425E+0	5.1957E+0	4.9254E+0	4.7002E+0	4.5150E+0
4.8166E+2	3.1120E+2	2.0722E+2	1.1894E+2	7.2339E+1	5.7550E+1	4.6576E+1	3.6209E+1	3.0299E+1	2.3958E+1	1.9257E+1	1.5529E+1	1.2686E+1	1.0780E+1	9.1597E+0	8.0266E+0	7.2292E+0	6.4916E+0	5.9607E+0	5.5438E+0	5.1970E+0	4.9255E+0	4.7000E+0	4.5154E+0
6.0373E+2	3.1155E+2	2.0555E+2	1.2067E+2	6.7847E+1	5.6119E+1	4.5491E+1	3.6081E+1	3.0113E+1	2.4513E+1	1.9347E+1	1.5601E+1	1.2678E+1	1.0771E+1	9.1702E+0	8.0374E+0	7.2327E+0	6.4935E+0	5.9628E+0	5.5446E+0	5.1977E+0	4.9259E+0	4.7010E+0	4.5159E+0
5.4376E+2	2.9034E+2	2.0439E+2	1.2393E+2	6.8927E+1	5.5358E+1	4.6267E+1	3.6897E+1	3.0247E+1	2.4468E+1	1.9259E+1	1.5591E+1	1.2694E+1	1.0780E+1	9.1704E+0	8.0397E+0	7.2397E+0	6.4951E+0	5.9633E+0	5.5459E+0	5.1985E+0	4.9266E+0	4.7015E+0	4.5162E+0
5.5983E+2	2.8673E+2	1.9112E+2	1.2965E+2	6.7287E+1	5.9856E+1	4.5758E+1	3.8040E+1	2.9535E+1	2.4300E+1	1.9443E+1	1.5780E+1	1.2699E+1	1.0769E+1	9.1699E+0	8.0476E+0	7.2442E+0	6.5011E+0	5.9677E+0	5.5459E+0	5.1977E+0	4.9274E+0	4.7017E+0	4.5167E+0
5.3864E+2	2.6598E+2	1.9305E+2	1.3056E+2	7.0236E+1	5.6875E+1	4.8375E+1	3.7339E+1	2.9006E+1	2.3486E+1	1.9395E+1	1.5782E+1	1.2751E+1	1.0774E+1	9.1847E+0	8.0594E+0	7.2431E+0	6.5009E+0	5.9668E+0	5.5474E+0	5.2008E+0	4.9284E+0	4.7027E+0	4.5168E+0
5.0076E+2	3.0441E+2	2.1063E+2	1.2356E+2	6.6948E+1	5.6755E+1	4.6408E+1	3.6078E+1	3.0442E+1	2.4201E+1	1.9460E+1	1.5636E+1	1.2729E+1	1.0812E+1	9.1872E+0	8.0547E+0	7.2496E+0	6.5036E+0	5.9706E+0	5.5499E+0	5.2007E+0	4.9281E+0	4.7030E+0	4.5175E+0
5.4909E+2	3.0896E+2	2.1014E+2	1.2217E+2	7.4388E+1	5.7634E+1	4.5050E+1	3.6897E+1	3.0085E+1	2.4490E+1	1.9474E+1	1.5661E+1	1.2751E+1	1.0823E+1	9.1946E+0	8.0570E+0	7.2559E+0	6.5084E+0	5.9716E+0	5.5504E+0	5.2018E+0	4.9292E+0	4.7035E+0	4.5175E+0
5.3213E+2	3.0805E+2	2.0268E+2	1.2839E+2	6.7148E+1	5.8505E+1	4.6611E+1	3.6458E+1	3.0086E+1	2.4532E+1	1.9488E+1	1.5756E+1	1.2774E+1	1.0829E+1	9.1992E+0	8.0584E+0	7.2533E+0	6.5085E+0	5.9731E+0	5.5521E+0	5.2021E+0	4.9297E+0	4.7037E+0	4.5180E+0
4.9939E+2	2.8978E+2	2.0659E+2	1.2866E+2	6.6658E+1	5.6735E+1	4.7021E+1	3.6391E+1	3.0309E+1	2.4318E+1	1.9471E+1	1.5717E+1	1.2755E+1	1.0829E+1	9.2084E+0	8.0592E+0	7.2607E+0	6.5109E+0	5.9756E+0	5.5532E+0	5.2039E+0	4.9299E+0	4.7043E+0	4.5181E+0
4.2767E+2	2.6925E+2	2.0404E+2	1.3523E+2	7.2200E+1	5.9431E+1	4.7944E+1	3.8897E+1	2.9684E+1	2.4198E+1	1.9506E+1	1.5852E+1	1.2846E+1	1.0795E+1	9.2392E+0	8.0873E+0	7.2559E+0	6.5081E+0	5.9762E+0	5.5559E+0	5.2035E+0	4.9307E+0	4.7050E+0	4.5184E+0
5.5243E+2	2.9519E+2	2.2541E+2	1.2605E+2	7.4087E+1	5.7602E+1	4.7640E+1	3.7467E+1	3.0342E+1	2.4793E+1	1.9367E+1	1.5744E+1	1.2796E+1	1.0863E+1	9.2145E+0	8.0759E+0	7.2662E+0	6.5162E+0	5.9788E+0	5.5552E+0	5.2056E+0	4.9315E+0	4.7049E+0	4.5189E+0
6.1780E+2	2.8376E+2	2.0382E+2	1.2403E+2	7.5163E+1	5.7325E+1	4.6886E+1	3.7530E+1	3.0673E+1	2.4122E+1	1.9595E+1	1.5843E+1	1.2799E+1	1.0880E+1	9.2212E+0	8.0839E+0	7.2699E+0	6.5188E+0	5.9810E+0	5.5558E+0	5.2067E+0	4.9323E+0	4.7056E+0	4.5190E+0
5.6800E+2	2.9721E+2	2.1422E+2	1.2562E+2	7.3634E+1	5.9571E+1	4.6755E+1	3.7980E+1	3.0263E+1	2.4764E+1	1.9747E+1	1.5767E+1	1.2826E+1	1.0866E+1	9.2370E+0	8.0904E+0	7.2728E+0	6.5215E+0	5.9817E+0	5.5573E+0	5.2069E+0	4.9328E+0	4.7055E+0	4.5196E+0
5.1276E+2	2.8184E+2	2.1136E+2	1.3303E+2	7.2800E+1	5.7714E+1	4.7120E+1	3.7392E+1	3.0578E+1	2.4737E+1	1.9679E+1	1.5796E+1	1.2851E+1	1.0856E+1	9.2459E+0	8.0917E+0	7.2774E+0	6.5220E+0	5.9848E+0	5.5584E+0	5.2080E+0	4.9331E+0	4.7063E+0	4.5197E+0
5.3225E+2	2.7440E+2	2.1264E+2	1.4298E+2	7.0066E+1	5.9083E+1	4.8293E+1	3.7919E+1	2.9952E+1	2.4589E+1	1.9588E+1	1.5872E+1	1.2886E+1	1.0862E+1	9.2669E+0	8.1004E+0	7.2784E+0	6.5264E+0	5.9879E+0	5.5601E+0	5.2089E+0	4.9339E+0	4.7067E+0	4.5203E+0
5.6813E+2	3.1257E+2	2.1046E+2	1.2616E+2	6.8164E+1	5.7930E+1	4.6266E+1	3.7199E+1	3.0623E+1	2.4828E+1	1.9610E+1	1.5816E+1	1.2882E+1	1.0899E+1	9.2561E+0	8.1000E+0	7.2845E+0	6.5283E+0	5.9883E+0	5.5613E+0	5.2094E+0	4.9345E+0	4.7068E+0	4.5205E+0
6.0398E+2	2.9444E+2	2.0007E+2	1.2299E+2	7.0303E+1	6.1252E+1	4.5981E+1	3.9276E+1	3.0651E+1	2.4619E+1	1.9660E+1	1.5842E+1	1.2855E+1	1.0897E+1	9.2634E+0	8.1063E+0	7.2864E+0	6.5308E+0	5.9896E+0	5.5628E+0	5.2100E+0	4.9352E+0	4.7073E+0	4.5207E+0
5.5571E+2	3.2032E+2	2.0622E+2	1.2473E+2	8.0800E+1	5.8869E+1	4.8044E+1	3.8536E+1	3.0636E+1	2.4888E+1	1.9713E+1	1.5885E+1	1.2896E+1	1.0913E+1	9.2686E+0	8.1087E+0	7.2917E+0	6.5320E+0	5.9906E+0	5.5637E+0	5.2108E+0	4.9358E+0	4.7081E+0	4.5210E+0
4.3444E+2	2.7936E+2	2.1618E+2	1.3625E+2	6.9669E+1	5.9289E+1	4.9348E+1	3.8499E+1	3.0241E+1	2.4246E+1	1.9682E+1	1.5893E+1	1.2953E+1	1.0901E+1	9.2879E+0	8.1129E+0	7.2969E+0	6.5374E+0	5.9916E+0	5.5659E+0	5.2113E+0	4.9360E+0	4.7084E+0	4.5211E+0
5.0577E+2	2.8796E+2	2.1184E+2	1.3383E+2	7.3747E+1	5.8898E+1	4.8256E+1	3.8221E+1	3.1259E+1	2.4765E+1	1.9763E+1	1.5910E+1	1.2935E+1	1.0938E+1	9.2865E+0	8.1139E+0	7.2993E+0	6.5366E+0	5.9940E+0	5.5660E+0	5.2127E+0	4.9367E+0	4.7089E+0	4.5217E+0
6.0916E+2	3.0726E+2	2.1280E+2	1.2642E+2	7.1678E+1	5.8473E+1	4.7471E+1	3.7493E+1	3.0831E+1	2.4912E+1	1.9844E+1	1.5987E+1	1.2937E+1	1.0944E+1	9.2894E+0	8.1185E+0	7.3018E+0	6.5401E+0	5.9961E+0	5.5679E+0	5.2133E+0	4.9375E+0	4.7092E+0	4.5220E+0
4.5918E+2	2.9846E+2	2.1501E+2	1.3105E+2	6.9950E+1	6.0460E+1	4.8512E+1	3.8949E+1	3.1193E+1	2.4923E+1	1.9926E+1	1.5949E+1	1.2942E+1	1.0959E+1	9.2949E+0	8.1261E+0	7.3047E+0	6.5423E+0	5.9964E+0	5.5690E+0	5.2146E+0	4.9380E+0	4.7096E+0	4.5221E+0
6.5609E+2	3.2779E+2	2.1877E+2	1.2172E+2	7.2077E+1	5.9027E+1	4.5811E+1	3.8380E+1	3.0564E+1	2.5127E+1	1.9827E+1	1.5989E+1	1.2935E+1	1.0962E+1	9.2993E+0	8.1330E+0	7.3078E+0	6.5459E+0	5.9996E+0	5.5700E+0	5.2151E+0	4.9389E+0	4.7099E+0	4.5227E+0
5.0608E+2	2.8590E+2	2.1191E+2	1.3822E+2	7.0811E+1	5.8697E+1	4.7618E+1	3.9327E+1	3.0427E+1	2.4759E+1	2.0029E+1	1.5944E+1	1.3031E+1	1.0971E+1	9.3116E+0	8.1280E+0	7.3160E+0	6.5475E+0	5.9991E+0	5.5702E+0	5.2161E+0	4.9395E+0	4.7104E+0	4.5230E+0
5.8729E+2	3.2816E+2	2.1214E+2	1.3392E+2	7.0070E+1	5.8711E+1	4.7886E+1	3.8413E+1	3.1623E+1	2.5125E+1	1.9948E+1	1.6048E+1	1.2954E+1	1.0983E+1	9.3072E+0	8.1438E+0	7.3131E+0	6.5489E+0	6.0025E+0	5.5732E+0	5.2169E+0	4.9396E+0	4.7110E+0	4.5231E+0
5.8128E+2	3.0480E+2	2.1157E+2	1.3875E+2	7.7910E+1	6.2512E+1	4.8253E+1	3.8641E+1	3.0845E+1	2.5303E+1	1.9806E+1	1.6004E+1	1.3031E+1	1.0984E+1	9.3166E+0	8.1393E+0	7.3213E+0	6.5509E+0	6.0032E+0	5.5731E+0	5.2175E+0	4.9401E+0	4.7114E+0	4.5233E+0
5.6727E+2	3.0936E+2	2.1953E+2	1.2375E+2	6.8667E+1	6.0796E+1	4.8419E+1	3.8973E+1	3.1107E+1	2.4931E+1	1.9895E+1	1.6025E+1	1.3018E+1	1.1008E+1	9.3235E+0	8.1436E+0	7.3244E+0	6.5537E+0	6.0058E+0	5.5738E+0	5.2183E+0	4.9408E+0	4.7117E+0	4.5235E+0
6.3686E+2	2.9120E+2	2.2005E+2	1.3511E+2	6.8621E+1	5.8727E+1	4.6962E+1	3.8733E+1	3.1667E+1	2.5272E+1	1.9958E+1	1.6027E+1	1.3031E+1	1.0997E+1	9.3239E+0	8.1519E+0	7.3238E+0	6.5550E+0	6.0072E+0	5.5760E+0	5.2190E+0	4.9413E+0	4.7118E+0	4.5239E+0
6.2645E+2	2.6945E+2	2.0385E+2	1.3546E+2	6.8273E+1	6.0313E+1	4.7989E+1	4.0900E+1	3.0731E+1	2.4941E+1	2.0152E+1	1.6044E+1	1.3076E+1	1.1018E+1	9.3317E+0	8.1469E+0	7.3286E+0	6.5541E+0	6.0113E+0	5.5773E+0	5.2204E+0	4.9424E+0	4.7125E+0	4.5240E+0
4.3826E+2	2.9930E+2	2.1759E+2	1.3040E+2	6.7252E+1	6.0208E+1	4.7682E+1	3.7886E+1	3.0693E+1	2.5107E+1	1.9961E+1	1.6134E+1	1.3063E+1	1.1038E+1	9.3425E+0	8.1617E+0	7.3297E+0	6.5605E+0	6.0114E+0	5.5787E+0	5.2209E+0	4.9430E+0	4.7127E+0	4.5248E+0
5.7840E+2	3.2063E+2	2.1158E+2	1.2521E+2	7.2096E+1	5.9943E+1	4.8969E+1	3.7420E+1	3.1223E+1	2.5321E+1	1.9841E+1	1.6099E+1	1.3032E+1	1.1027E+1	9.3414E+0	8.1680E+0	7.3329E+0	6.5649E+0	6.0109E+0	5.5789E+0	5.2214E+0	4.9431E+0	4.7132E+0	4.5248E+0
5.0440E+2	3.2897E+2	2.1550E+2	1.2245E+2	6.7612E+1	5.8976E+1	4.8388E+1	3.9616E+1	3.1385E+1	2.5365E+1	2.0001E+1	1.6141E+1	1.3044E+1	1.1034E+1	9.3523E+0	8.1726E+0	7.3366E+0	6.5667E+0	6.0129E+0	5.5803E+0	5.2225E+0	4.9437E+0	4.7137E+0	4.5252E+0
5.3627E+2	3.3921E+2	2.1295E+2	1.3794E+2	7.5796E+1	6.3579E+1	4.8390E+1	3.9508E+1	3.1776E+1	2.4887E+1	1.9924E+1	1.6157E+1	1.3056E+1	1.1051E+1	9.3588E+0	8.1735E+0	7.3385E+0	6.5684E+0	6.0149E+0	5.5814E+0	5.2232E+0	4.9443E+0	4.7137E+0	4.5253E+0
5.9034E+2	2.8603E+2	2.0586E+2	1.4247E+2	5.8885E+1	6.1257E+1	4.8226E+1	4.0425E+1	3.0891E+1	2.5219E+1	2.0349E+1	1.6015E+1	1.3149E+1	1.1085E+1	9.3521E+0	8.1741E+0	7.3387E+0	6.5670E+0	6.0159E+0	5.5826E+0	5.2233E+0	4.9449E+0	4.7138E+0	4.5260E+0
4.6247E+2	3.0853E+2	2.2263E+2	1.3613E+2	7.9044E+1	6.0747E+1	4.9493E+1	3.7732E+1	3.1520E+1	2.5693E+1	2.0076E+1	1.6183E+1	1.3114E+1	1.1064E+1	9.3724E+0	8.1899E+0	7.3464E+0	6.5713E+0	6.0195E+0	5.5846E+0	5.2250E+0	4.9457E+0	4.7146E+0	4.5262E+0
6.3109E+2	3.3399E+2	2.1468E+2	1.3358E+2	6.7319E+1	6.0344E+1	4.8141E+1	3.9381E+1	3.1244E+1	2.5251E+1	2.0107E+1	1.6164E+1	1.3116E+1	1.1076E+1	9.3739E+0	8.1862E+0	7.3522E+0	6.5741E+0	6.0200E+0	5.5846E+0	5.2262E+0	4.9462E+0	4.7153E+0	4.5263E+0
5.1579E+2	3.3054E+2	2.3551E+2	1.3298E+2	6.9841E+1	5.9630E+1	4.8399E+1	3.8391E+1	3.1357E+1	2.5317E+1	1.9999E+1	1.6240E+1	1.3111E+1	1.1073E+1	9.3815E+0	8.1885E+0	7.3547E+0	6.5764E+0	6.0219E+0	5.5860E+0	5.2267E+0	4.9469E+0	4.7155E+0	4.5264E+0
6.6691E+2	3.3213E+2	2.1839E+2	1.2377E+2	7.2643E+1	6.1495E+1	4.8052E+1	3.9459E+1	3.1747E+1	2.5342E+1	2.0179E+1	1.6241E+1	1.3115E+1	1.1089E+1	9.3898E+0	8.1947E+0	7.3527E+0	6.5769E+0	6.0228E+0	5.5872E+0	5.2269E+0	4.9475E+0	4.7160E+0	4.5269E+0
4.8836E+2	2.5648E+2	1.9596E+2	1.4182E+2	7.0603E+1	6.1293E+1	4.8352E+1	3.8883E+1	3.0659E+1	2.5107E+1	2.0534E+1	1.6069E+1	1.3223E+1	1.1150E+1	9.3598E+0	8.2110E+0	7.3482E+0	6.5859E+0	6.0219E+0	5.5883E+0	5.2295E+0	4.9470E+0	4.7164E+0	4.5264E+0
5.9884E+2	3.3076E+2	2.3788E+2	1.3850E+2	7.4460E+1	6.0253E+1	5.0009E+1	3.8961E+1	3.1656E+1	2.5536E+1	2.0359E+1	1.6220E+1	1.3170E+1	1.1121E+1	9.3918E+0	8.2096E+0	7.3585E+0	6.5843E+0	6.0267E+0	5.5896E+0	5.2290E+0	4.9486E+0	4.7171E+0	4.5277E+0
6.1396E+2	3.1430E+2	2.2025E+2	1.2978E+2	7.5585E+1	6.0076E+1	4.9103E+1	3.8880E+1	3.1984E+1	2.5611E+1	2.0279E+1	1.6319E+1	1.3145E+1	1.1104E+1	9.4151E+0	8.2047E+0	7.3664E+0	6.5828E+0	6.0290E+0	5.5902E+0	5.2297E+0	4.9484E+0	4.7171E+0	4.5278E+0
5.0777E+2	3.5325E+2	2.1007E+2	1.3429E+2	8.1185E+1	6.1420E+1	5.0102E+1	3.9594E+1	3.2001E+1	2.5237E+1	2.0452E+1	1.6275E+1	1.3166E+1	1.1128E+1	9.4091E+0	8.2132E+0	7.3661E+0	6.5866E+0	6.0295E+0	5.5919E+0	5.2304E+0	4.9496E+0	4.7176E+0	4.5281E+0
5.3844E+2	3.2071E+2	2.2512E+2	1.3353E+2	7.7424E+1	6.1041E+1	4.9817E+1	3.9569E+1	3.1973E+1	2.5704E+1	2.0302E+1	1.6226E+1	1.3189E+1	1.1128E+1	9.4176E+0	8.2111E+0	7.3715E+0	6.5883E+0	6.0307E+0	5.5934E+0	5.2310E+0	4.9502E+0	4.7180E+0	4.5284E+0
5.3156E+2	2.7415E+2	2.1751E+2	1.3943E+2	6.3870E+1	6.1015E+1	4.9773E+1	3.9971E+1	3.1414E+1	2.5688E+1	2.0611E+1	1.6241E+1	1.3228E+1	1.1190E+1	9.3995E+0	8.2366E+0	7.3747E+0	6.5913E+0	6.0365E+0	5.5940E+0	5.2315E+0	4.9499E+0	4.7187E+0	4.5287E+0
6.2621E+2	3.2469E+2	2.3016E+2	1.3121E+2	7.9941E+1	6.0053E+1	4.8083E+1	3.8225E+1	3.2018E+1	2.5674E+1	2.0377E+1	1.6353E+1	1.3211E+1	1.1159E+1	9.4247E+0	8.2243E+0	7.3788E+0	6.5947E+0	6.0335E+0	5.5957E+0	5.2329E+0	4.9515E+0	4.7190E+0	4.5292E+0
6.2115E+2	2.9616E+2	2.2236E+2	1.3363E+2	7.5613E+1	6.2291E+1	4.8181E+1	3.9008E+1	3.2330E+1	2.5837E+1	2.0361E+1	1.6334E+1	1.3232E+1	1.1164E+1	9.4237E+0	8.2336E+0	7.3828E+0	6.5960E+0	6.0370E+0	5.5964E+0	5.2338E+0	4.9519E+0	4.7191E+0	4.5292E+0
6.5268E+2	3.2030E+2	2.3000E+2	1.3450E+2	7.5983E+1	6.0639E+1	5.0765E+1	4.1120E+1	3.1823E+1	2.5529E+1	2.0314E+1	1.6411E+1	1.3206E+1	1.1156E+1	9.4424E+0	8.2308E+0	7.3842E+0	6.6000E+0	6.0367E+0	5.5977E+0	5.2342E+0	4.9523E+0	4.7198E+0	4.5297E+0
6.4418E+2	3.2558E+2	2.4046E+2	1.2876E+2	7.0012E+1	6.2815E+1	5.0686E+1	3.8186E+1	3.2198E+1	2.5488E+1	2.0326E+1	1.6397E+1	1.3235E+1	1.1170E+1	9.4485E+0	8.2324E+0	7.3864E+0	6.6014E+0	6.0384E+0	5.5988E+0	5.2350E+0	4.9525E+0	4.7200E+0	4.5298E+0
5.2056E+2	2.8133E+2	2.0459E+2	1.4311E+2	6.8339E+1	6.1207E+1	4.8507E+1	4.0719E+1	3.1479E+1	2.6068E+1	2.0602E+1	1.6305E+1	1.3239E+1	1.1222E+1	9.4399E+0	8.2506E+0	7.3961E+0	6.6002E+0	6.0397E+0	5.5985E+0	5.2362E+0	4.9534E+0	4.7208E+0	4.5302E+0
6.8692E+2	3.0985E+2	2.2872E+2	1.3287E+2	7.9848E+1	6.1999E+1	5.0102E+1	3.9673E+1	3.2213E+1	2.6086E+1	2.0279E+1	1.6435E+1	1.3255E+1	1.1184E+1	9.4591E+0	8.2488E+0	7.3911E+0	6.6036E+0	6.0425E+0	5.6009E+0	5.2374E+0	4.9542E+0	4.7209E+0	4.5305E+0
4.8793E+2	3.1674E+2	2.3468E+2	1.3700E+2	7.4431E+1	6.5962E+1	5.1178E+1	3.9557E+1	3.2384E+1	2.6351E+1	2.0325E+1	1.6416E+1	1.3261E+1	1.1197E+1	9.4627E+0	8.2515E+0	7.3974E+0	6.6052E+0	6.0435E+0	5.6026E+0	5.2377E+0	4.9543E+0	4.7215E+0	4.5308E+0
5.2027E+2	3.2201E+2	2.2124E+2	1.3979E+2	7.0681E+1	6.3419E+1	5.0101E+1	3.8048E+1	3.2052E+1	2.5842E+1	2.0781E+1	1.6386E+1	1.3264E+1	1.1209E+1	9.4671E+0	8.2533E+0	7.4040E+0	6.6064E+0	6.0435E+0	5.6041E+0	5.2387E+0	4.9553E+0	4.7219E+0	4.5312E+0
6.1855E+2	3.1294E+2	2.2944E+2	1.3301E+2	6.8545E+1	6.2429E+1	5.1082E+1	3.9288E+1	3.1926E+1	2.5865E+1	2.0578E+1	1.6358E+1	1.3273E+1	1.1227E+1	9.4650E+0	8.2613E+0	7.4044E+0	6.6081E+0	6.0446E+0	5.6039E+0	5.2394E+0	4.9563E+0	4.7223E+0	4.5314E+0
5.3659E+2	2.7486E+2	2.1919E+2	1.4400E+2	7.2417E+1	6.2266E+1	4.9442E+1	3.8207E+1	3.2248E+1	2.6174E+1	2.0623E+1	1.6389E+1	1.3289E+1	1.1239E+1	9.4809E+0	8.2637E+0	7.4102E+0	6.6122E+0	6.0481E+0	5.6067E+0	5.2408E+0	4.9567E+0	4.7227E+0	4.5318E+0
6.8048E+2	3.3307E+2	2.3106E+2	1.2984E+2	7.5672E+1	6.1356E+1	4.9738E+1	3.9951E+1	3.2678E+1	2.6032E+1	2.0546E+1	1.6494E+1	1.3337E+1	1.1220E+1	9.4879E+0	8.2707E+0	7.4085E+0	6.6159E+0	6.0509E+0	5.6068E+0	5.2406E+0	4.9569E+0	4.7232E+0	4.5320E+0
6.0250E+2	3.2386E+2	2.2635E+2	1.3433E+2	7.2640E+1	6.1237E+1	4.9942E+1	4.0180E+1	3.2292E+1	2.6292E+1	2.0637E+1	1.6482E+1	1.3316E+1	1.1248E+1	9.4909E+0	8.2659E+0	7.4102E+0	6.6182E+0	6.0518E+0	5.6077E+0	5.2417E+0	4.9575E+0	4.7234E+0	4.5325E+0
5.1966E+2	3.3729E+2	2.1837E+2	1.4132E+2	7.7146E+1	6.3479E+1	4.8379E+1	4.0977E+1	3.2690E+1	2.5781E+1	2.0751E+1	1.6508E+1	1.3320E+1	1.1244E+1	9.4953E+0	8.2776E+0	7.4124E+0	6.6190E+0	6.0526E+0	5.6086E+0	5.2427E+0	4.9579E+0	4.7236E+0	4.5324E+0
6.5465E+2	3.3564E+2	2.3295E+2	1.2888E+2	7.7793E+1	5.9791E+1	5.0487E+1	3.9236E+1	3.2101E+1	2.6021E+1	2.0571E+1	1.6546E+1	1.3334E+1	1.1248E+1	9.4985E+0	8.2777E+0	7.4133E+0	6.6228E+0	6.0550E+0	5.6098E+0	5.2433E+0	4.9582E+0	4.7241E+0	4.5329E+0
4.8780E+2	2.7649E+2	2.2119E+2	1.5220E+2	7.3928E+1	6.0886E+1	4.8668E+1	3.8717E+1	3.2244E+1	2.5996E+1	2.0818E+1	1.6478E+1	1.3322E+1	1.1265E+1	9.5186E+0	8.2723E+0	7.4207E+0	6.6290E+0	6.0596E+0	5.6100E+0	5.2433E+0	4.9600E+0	4.7246E+0	4.5333E+0
7.7414E+2	3.4799E+2	2.3702E+2	1.2958E+2	7.1199E+1	6.2094E+1	5.0160E+1	4.1078E+1	3.2751E+1	2.5989E+1	2.0526E+1	1.6532E+1	1.3380E+1	1.1275E+1	9.5152E+0	8.2918E+0	7.4257E+0	6.6244E+0	6.0579E+0	5.6127E+0	5.2451E+0	4.9597E+0	4.7254E+0	4.5338E+0
7.0825E+2	3.1913E+2	2.2090E+2	1.4231E+2	7.3565E+1	6.3683E+1	5.0275E+1	3.9220E+1	3.2045E+1	2.6204E+1	2.0651E+1	1.6592E+1	1.3383E+1	1.1280E+1	9.5241E+0	8.2900E+0	7.4265E+0	6.6277E+0	6.0594E+0	5.6135E+0	5.2460E+0	4.9601E+0	4.7253E+0	4.5339E+0
5.5955E+2	3.4521E+2	2.3382E+2	1.3723E+2	7.6891E+1	6.7014E+1	5.0117E+1	3.9148E+1	3.2152E+1	2.6290E+1	2.0664E+1	1.6585E+1	1.3404E+1	1.1282E+1	9.5255E+0	8.2905E+0	7.4296E+0	6.6294E+0	6.0595E+0	5.6140E+0	5.2465E+0	4.9612E+0	4.7259E+0	4.5342E+0
5.5689E+2	2.9876E+2	2.2745E+2	1.5093E+2	7.8147E+1	6.3271E+1	4.9999E+1	3.9599E+1	3.2639E+1	2.6256E+1	2.0930E+1	1.6577E+1	1.3332E+1	1.1283E+1	9.5449E+0	8.2872E+0	7.4263E+0	6.6319E+0	6.0611E+0	5.6159E+0	5.2472E+0	4.9615E+0	4.7262E+0	4.5342E+0
6.5883E+2	3.3428E+2	2.4718E+2	1.3672E+2	6.8059E+1	6.1616E+1	5.0488E+1	4.2297E+1	3.3121E+1	2.6260E+1	2.0611E+1	1.6648E+1	1.3439E+1	1.1298E+1	9.5321E+0	8.3105E+0	7.4382E+0	6.6344E+0	6.0647E+0	5.6162E+0	5.2481E+0	4.9624E+0	4.7270E+0	4.5349E+0
6.2184E+2	3.4223E+2	2.3273E+2	1.2847E+2	7.4048E+1	6.2510E+1	4.9543E+1	4.0326E+1	3.2808E+1	2.6273E+1	2.0887E+1	1.6636E+1	1.3426E+1	1.1294E+1	9.5420E+0	8.3072E+0	7.4399E+0	6.6373E+0	6.0652E+0	5.6185E+0	5.2489E+0	4.9625E+0	4.7271E+0	4.5353E+0
6.4421E+2	3.4066E+2	2.3729E+2	1.3553E+2	7.7872E+1	6.3300E+1	5.0311E+1	4.0529E+1	3.2528E+1	2.6058E+1	2.0634E+1	1.6717E+1	1.3430E+1	1.1306E+1	9.5424E+0	8.3120E+0	7.4435E+0	6.6384E+0	6.0679E+0	5.6184E+0	5.2498E+0	4.9630E+0	4.7276E+0	4.5352E+0
6.9649E+2	3.5621E+2	2.3062E+2	1.4141E+2	8.9807E+1	6.3069E+1	5.0231E+1	3.8231E+1	3.2614E+1	2.6518E+1	2.0855E+1	1.6714E+1	1.3445E+1	1.1316E+1	9.5412E+0	8.3162E+0	7.4441E+0	6.6401E+0	6.0685E+0	5.6202E+0	5.2505E+0	4.9635E+0	4.7278E+0	4.5359E+0
5.9306E+2	2.7633E+2	2.3018E+2	1.4202E+2	7.2511E+1	6.4889E+1	4.9055E+1	4.0258E+1	3.1841E+1	2.6595E+1	2.1065E+1	1.6580E+1	1.3349E+1	1.1276E+1	9.5845E+0	8.3047E+0	7.4379E+0	6.6355E+0	6.0678E+0	5.6189E+0	5.2506E+0	4.9637E+0	4.7276E+0	4.5363E+0
5.9917E+2	3.2170E+2	2.2218E+2	1.3517E+2	7.2073E+1	6.4500E+1	5.0221E+1	3.9957E+1	3.2772E+1	2.6849E+1	2.0753E+1	1.6709E+1	1.3429E+1	1.1330E+1	9.5705E+0	8.3191E+0	7.4457E+0	6.6412E+0	6.0703E+0	5.6214E+0	5.2528E+0	4.9647E+0	4.7286E+0	4.5365E+0
5.7479E+2	3.2568E+2	2.4329E+2	1.3716E+2	7.1561E+1	6.4333E+1	4.9708E+1	4.1422E+1	3.2574E+1	2.6405E+1	2.0974E+1	1.6680E+1	1.3435E+1	1.1340E+1	9.5726E+0	8.3225E+0	7.4546E+0	6.6456E+0	6.0725E+0	5.6235E+0	5.2530E+0	4.9657E+0	4.7293E+0	4.5368E+0
5.8916E+2	3.4143E+2	2.4520E+2	1.3372E+2	7.7181E+1	6.1381E+1	5.0321E+1	3.9185E+1	3.3017E+1	2.6543E+1	2.0794E+1	1.6830E+1	1.3482E+1	1.1351E+1	9.5699E+0	8.3298E+0	7.4539E+0	6.6494E+0	6.0743E+0	5.6240E+0	5.2537E+0	4.9660E+0	4.7296E+0	4.5368E+0
6.6049E+2	3.3666E+2	2.3177E+2	1.3650E+2	7.1031E+1	6.0640E+1	4.9728E+1	4.0936E+1	3.3313E+1	2.6753E+1	2.0898E+1	1.6730E+1	1.3489E+1	1.1362E+1	9.5721E+0	8.3307E+0	7.4576E+0	6.6514E+0	6.0757E+0	5.6253E+0	5.2542E+0	4.9664E+0	4.7300E+0	4.5373E+0
4.6335E+2	3.1510E+2	2.2752E+2	1.5212E+2	7.1963E+1	6.1127E+1	5.3231E+1	4.0958E+1	3.3351E+1	2.6641E+1	2.1241E+1	1.6741E+1	1.3436E+1	1.1322E+1	9.5945E+0	8.3463E+0	7.4632E+0	6.6503E+0	6.0805E+0	5.6271E+0	5.2543E+0	4.9662E+0	4.7303E+0	4.5376E+0
6.1825E+2	3.5723E+2	2.3304E+2	1.3159E+2	7.7533E+1	6.3716E+1	5.1083E+1	4.0474E+1	3.2611E+1	2.6902E+1	2.0997E+1	1.6761E+1	1.3519E+1	1.1365E+1	9.5933E+0	8.3437E+0	7.4673E+0	6.6533E+0	6.0798E+0	5.6273E+0	5.2558E+0	4.9680E+0	4.7308E+0	4.5381E+0
5.7795E+2	3.4314E+2	2.3580E+2	1.4343E+2	7.9582E+1	6.2012E+1	4.9886E+1	4.1952E+1	3.2858E+1	2.6618E+1	2.1033E+1	1.6832E+1	1.3477E+1	1.1359E+1	9.6001E+0	8.3478E+0	7.4703E+0	6.6560E+0	6.0824E+0	5.6300E+0	5.2557E+0	4.9684E+0	4.7316E+0	4.5383E+0
6.0054E+2	3.0637E+2	2.3160E+2	1.3836E+2	7.4548E+1	6.2315E+1	5.0260E+1	4.0835E+1	3.3020E+1	2.6882E+1	2.0832E+1	1.6780E+1	1.3513E+1	1.1402E+1	9.6036E+0	8.3484E+0	7.4689E+0	6.6596E+0	6.0802E+0	5.6292E+0	5.2573E+0	4.9690E+0	4.7316E+0	4.5386E+0
6.1955E+2	3.1855E+2	2.2984E+2	1.4245E+2	8.0377E+1	6.4513E+1	5.2214E+1	4.1655E+1	3.3453E+1	2.6459E+1	2.1012E+1	1.6796E+1	1.3558E+1	1.1393E+1	9.6065E+0	8.3498E+0	7.4693E+0	6.6606E+0	6.0831E+0	5.6309E+0	5.2584E+0	4.9693E+0	4.7322E+0	4.5389E+0
5.4084E+2	2.9158E+2	2.3688E+2	1.5324E+2	7.1596E+1	6.3956E+1	5.0885E+1	4.0488E+1	3.2458E+1	2.7074E+1	2.1317E+1	1.6868E+1	1.3492E+1	1.1351E+1	9.6114E+0	8.3714E+0	7.4848E+0	6.6687E+0	6.0824E+0	5.6309E+0	5.2599E+0	4.9698E+0	4.7328E+0	4.5395E+0
6.7262E+2	3.3258E+2	2.2827E+2	1.4121E+2	8.0161E+1	6.4421E+1	5.0626E+1	4.2693E+1	3.2996E+1	2.7009E+1	2.1085E+1	1.6816E+1	1.3596E+1	1.1409E+1	9.6172E+0	8.3669E+0	7.4787E+0	6.6662E+0	6.0871E+0	5.6336E+0	5.2601E+0	4.9706E+0	4.7330E+0	4.5396E+0
6.8642E+2	3.5095E+2	2.3358E+2	1.3664E+2	7.5351E+1	6.3244E+1	5.1155E+1	4.2517E+1	3.3160E+1	2.6463E+1	2.0964E+1	1.6868E+1	1.3581E+1	1.1436E+1	9.6240E+0	8.3651E+0	7.4768E+0	6.6652E+0	6.0881E+0	5.6346E+0	5.2601E+0	4.9713E+0	4.7332E+0	4.5398E+0
6.1977E+2	3.5893E+2	2.2688E+2	1.4622E+2	7.4589E+1	6.3057E+1	5.0664E+1	4.0579E+1	3.3344E+1	2.6578E+1	2.1083E+1	1.6824E+1	1.3592E+1	1.1415E+1	9.6309E+0	8.3742E+0	7.4834E+0	6.6693E+0	6.0883E+0	5.6344E+0	5.2610E+0	4.9716E+0	4.7336E+0	4.5401E+0
5.5366E+2	3.4640E+2	2.3167E+2	1.3649E+2	7.5441E+1	6.3776E+1	5.1648E+1	4.1744E+1	3.3384E+1	2.6738E+1	2.1087E+1	1.6872E+1	1.3597E+1	1.1436E+1	9.6331E+0	8.3787E+0	7.4862E+0	6.6719E+0	6.0907E+0	5.6361E+0	5.2622E+0	4.9722E+0	4.7340E+0	4.5405E+0
5.3263E+2	2.9243E+2	2.2901E+2	1.5387E+2	7.9692E+1	6.2757E+1	5.1373E+1	4.0486E+1	3.3173E+1	2.7272E+1	2.1188E+1	1.6972E+1	1.3556E+1	1.1409E+1	9.6141E+0	8.3870E+0	7.4968E+0	6.6747E+0	6.0918E+0	5.6379E+0	5.2621E+0	4.9734E+0	4.7350E+0	4.5405E+0
7.7006E+2	3.5137E+2	2.3536E+2	1.2849E+2	7.9796E+1	6.3107E+1	5.1984E+1	4.0916E+1	3.3356E+1	2.6654E+1	2.1076E+1	1.6924E+1	1.3633E+1	1.1457E+1	9.6448E+0	8.3851E+0	7.4948E+0	6.6764E+0	6.0941E+0	5.6387E+0	5.2639E+0	4.9733E+0	4.7350E+0	4.5409E+0
5.9286E+2	3.5387E+2	2.1896E+2	1.3742E+2	8.9909E+1	6.4982E+1	5.3065E+1	4.3503E+1	3.3553E+1	2.6476E+1	2.1332E+1	1.6920E+1	1.3640E+1	1.1454E+1	9.6451E+0	8.3859E+0	7.4946E+0	6.6783E+0	6.0953E+0	5.6392E+0	5.2648E+0	4.9741E+0	4.7354E+0	4.5417E+0
5.2564E+2	3.4161E+2	2.4800E+2	1.3487E+2	7.7961E+1	6.6005E+1	5.1639E+1	4.1639E+1	3.3578E+1	2.6642E+1	2.1218E+1	1.6930E+1	1.3647E+1	1.1470E+1	9.6520E+0	8.3868E+0	7.4961E+0	6.6785E+0	6.0963E+0	5.6408E+0	5.2652E+0	4.9746E+0	4.7360E+0	4.5418E+0
5.7775E+2	3.3221E+2	2.4262E+2	1.3435E+2	6.5535E+1	6.6419E+1	5.3404E+1	4.0708E+1	3.3654E+1	2.6653E+1	2.1304E+1	1.6942E+1	1.3674E+1	1.1459E+1	9.6584E+0	8.3928E+0	7.5052E+0	6.6800E+0	6.0983E+0	5.6421E+0	5.2663E+0	4.9752E+0	4.7363E+0	4.5421E+0
5.9175E+2	2.9580E+2	2.2806E+2	1.5148E+2	7.6831E+1	6.2577E+1	5.2145E+1	4.0962E+1	3.3648E+1	2.7620E+1	2.1367E+1	1.7038E+1	1.3635E+1	1.1464E+1	9.6438E+0	8.3966E+0	7.5045E+0	6.6818E+0	6.1020E+0	5.6433E+0	5.2668E+0	4.9760E+0	4.7371E+0	4.5426E+0
7.5140E+2	3.6888E+2	2.4243E+2	1.4429E+2	6.9564E+1	6.5030E+1	5.1024E+1	4.2374E+1	3.3278E+1	2.7243E+1	2.1287E+1	1.7051E+1	1.3697E+1	1.1492E+1	9.6747E+0	8.3961E+0	7.5071E+0	6.6884E+0	6.1001E+0	5.6439E+0	5.2677E+0	4.9764E+0	4.7368E+0	4.5428E+0
6.3642E+2	3.6874E+2	2.6546E+2	1.3890E+2	6.9285E+1	6.2523E+1	5.3352E+1	4.2100E+1	3.3554E+1	2.7058E+1	2.1248E+1	1.6981E+1	1.3686E+1	1.1506E+1	9.6881E+0	8.4025E+0	7.5127E+0	6.6901E+0	6.1004E+0	5.6453E+0	5.2691E+0	4.9771E+0	4.7380E+0	4.5431E+0
5.6046E+2	3.5564E+2	2.2651E+2	1.4768E+2	8.0508E+1	6.4766E+1	5.2905E+1	4.1820E+1	3.3249E+1	2.7082E+1	2.1227E+1	1.7065E+1	1.3655E+1	1.1484E+1	9.6719E+0	8.4000E+0	7.5107E+0	6.6882E+0	6.1042E+0	5.6442E+0	5.2686E+0	4.9776E+0	4.7377E+0	4.5433E+0
4.8877E+2	3.7448E+2	2.3244E+2	1.3402E+2	7.3107E+1	6.6451E+1	5.1418E+1	4.3220E+1	3.3798E+1	2.6762E+1	2.1232E+1	1.7092E+1	1.3683E+1	1.1507E+1	9.6840E+0	8.4109E+0	7.5151E+0	6.6902E+0	6.1048E+0	5.6472E+0	5.2698E+0	4.9778E+0	4.7383E+0	4.5436E+0
5.2008E+2	2.9801E+2	2.4609E+2	1.5122E+2	6.7102E+1	6.3948E+1	4.9322E+1	4.0147E+1	3.3960E+1	2.7730E+1	2.1160E+1	1.7088E+1	1.3724E+1	1.1500E+1	9.6611E+0	8.4076E+0	7.5116E+0	6.6918E+0	6.1054E+0	5.6475E+0	5.2716E+0	4.9791E+0	4.7393E+0	4.5437E+0
6.2262E+2	3.3928E+2	2.3693E+2	1.5363E+2	7.9550E+1	6.6637E+1	5.2246E+1	4.1770E+1	3.4024E+1	2.7285E+1	2.1244E+1	1.7073E+1	1.3732E+1	1.1502E+1	9.6962E+0	8.4148E+0	7.5201E+0	6.6964E+0	6.1077E+0	5.6495E+0	5.2714E+0	4.9795E+0	4.7394E+0	4.5445E+0
6.4458E+2	3.3167E+2	2.4583E+2	1.4696E+2	8.5060E+1	6.3921E+1	5.1058E+1	4.0676E+1	3.3739E+1	2.7234E+1	2.1309E+1	1.7092E+1	1.3739E+1	1.1515E+1	9.6993E+0	8.4203E+0	7.5255E+0	6.6969E+0	6.1091E+0	5.6498E+0	5.2725E+0	4.9798E+0	4.7400E+0	4.5444E+0
7.3417E+2	3.3798E+2	2.4572E+2	1.4614E+2	8.6052E+1	6.5398E+1	5.2329E+1	4.2327E+1	3.4386E+1	2.6983E+1	2.1314E+1	1.7113E+1	1.3731E+1	1.1527E+1	9.6986E+0	8.4243E+0	7.5274E+0	6.7001E+0	6.1109E+0	5.6509E+0	5.2726E+0	4.9802E+0	4.7402E+0	4.5446E+0
5.7102E+2	3.1332E+2	2.3488E+2	1.4575E+2	8.1419E+1	6.7496E+1	5.2719E+1	4.1049E+1	3.4160E+1	2.7095E+1	2.1399E+1	1.7107E+1	1.3746E+1	1.1542E+1	9.7042E+0	8.4290E+0	7.5293E+0	6.7026E+0	6.1122E+0	5.6517E+0	5.2741E+0	4.9807E+0	4.7403E+0	4.5452E+0
5.3260E+2	3.2015E+2	2.4322E+2	1.5560E+2	8.0627E+1	6.4055E+1	5.1485E+1	4.0938E+1	3.4038E+1	2.7721E+1	2.1439E+1	1.7237E+1	1.3797E+1	1.1579E+1	9.7068E+0	8.4247E+0	7.5310E+0	6.7082E+0	6.1132E+0	5.6548E+0	5.2739E+0	4.9810E+0	4.7410E+0	4.5458E+0
7.3734E+2	3.5228E+2	2.2424E+2	1.5205E+2	8.4607E+1	6.8326E+1	5.3045E+1	4.1146E+1	3.3770E+1	2.7373E+1	2.1300E+1	1.7155E+1	1.3773E+1	1.1559E+1	9.7130E+0	8.4355E+0	7.5343E+0	6.7077E+0	6.1164E+0	5.6543E+0	5.2750E+0	4.9825E+0	4.7414E+0	4.5459E+0
6.9373E+2	3.5616E+2	2.4608E+2	1.4403E+2	7.4155E+1	6.6777E+1	5.2477E+1	4.1191E+1	3.3651E+1	2.7618E+1	2.1610E+1	1.7182E+1	1.3790E+1	1.1554E+1	9.7168E+0	8.4379E+0	7.5362E+0	6.7093E+0	6.1163E+0	5.6555E+0	5.2759E+0	4.9828E+0	4.7416E+0	4.5459E+0
5.3903E+2	3.5992E+2	2.1584E+2	1.3575E+2	8.1786E+1	6.5992E+1	5.3630E+1	4.1577E+1	3.4572E+1	2.7299E+1	2.1411E+1	1.7227E+1	1.3776E+1	1.1587E+1	9.7241E+0	8.4358E+0	7.5399E+0	6.7122E+0	6.1184E+0	5.6562E+0	5.2773E+0	4.9832E+0	4.7424E+0	4.5466E+0
5.5341E+2	3.3492E+2	2.4699E+2	1.5528E+2	8.5186E+1	6.6611E+1	5.2458E+1	4.2789E+1	3.3954E+1	2.7623E+1	2.1442E+1	1.7253E+1	1.3832E+1	1.1594E+1	9.7330E+0	8.4385E+0	7.5454E+0	6.7131E+0	6.1217E+0	5.6565E+0	5.2780E+0	4.9834E+0	4.7427E+0	4.5469E+0
6.1907E+2	3.2450E+2	2.5413E+2	1.4279E+2	7.3945E+1	6.5741E+1	5.2275E+1	4.2000E+1	3.4439E+1	2.7424E+1	2.1401E+1	1.7215E+1	1.3809E+1	1.1593E+1	9.7415E+0	8.4522E+0	7.5518E+0	6.7142E+0	6.1226E+0	5.6588E+0	5.2787E+0	4.9845E+0	4.7431E+0	4.5471E+0
7.3253E+2	3.3736E+2	2.4063E+2	1.4990E+2	7.9001E+1	6.5552E+1	5.3649E+1	4.3336E+1	3.4160E+1	2.7437E+1	2.1479E+1	1.7229E+1	1.3843E+1	1.1595E+1	9.7446E+0	8.4514E+0	7.5528E+0	6.7162E+0	6.1245E+0	5.6603E+0	5.2796E+0	4.9847E+0	4.7437E+0	4.5478E+0
5.9517E+2	3.5756E+2	2.5323E+2	1.3679E+2	7.5164E+1	6.5578E+1	5.2656E+1	4.3067E+1	3.3996E+1	2.7378E+1	2.1519E+1	1.7249E+1	1.3840E+1	1.1617E+1	9.7503E+0	8.4563E+0	7.5541E+0	6.7187E+0	6.1255E+0	5.6615E+0	5.2794E+0	4.9858E+0	4.7441E+0	4.5478E+0
6.9783E+2	3.8574E+2	2.3741E+2	1.4339E+2	7.2557E+1	6.4223E+1	5.4003E+1	4.1636E+1	3.3843E+1	2.7543E+1	2.1573E+1	1.7244E+1	1.3841E+1	1.1606E+1	9.7521E+0	8.4697E+0	7.5552E+0	6.7187E+0	6.1260E+0	5.6612E+0	5.2809E+0	4.9857E+0	4.7441E+0	4.5480E+0
4.9716E+2	2.9674E+2	2.4029E+2	1.5874E+2	8.5508E+1	6.6235E+1	5.0794E+1	4.1366E+1	3.4055E+1	2.7856E+1	2.1494E+1	1.7423E+1	1.3889E+1	1.1652E+1	9.7720E+0	8.4623E+0	7.5665E+0	6.7197E+0	6.1276E+0	5.6645E+0	5.2807E+0	4.9868E+0	4.7444E+0	4.5480E+0
5.1493E+2	3.4896E+2	2.4792E+2	1.4478E+2	8.2730E+1	6.6729E+1	5.3012E+1	4.3965E+1	3.4505E+1	2.7514E+1	2.1722E+1	1.7234E+1	1.3866E+1	1.1613E+1	9.7654E+0	8.4746E+0	7.5572E+0	6.7246E+0	6.1297E+0	5.6637E+0	5.2827E+0	4.9874E+0	4.7452E+0	4.5486E+0
7.5855E+2	3.2803E+2	2.3967E+2	1.4269E+2	8.8422E+1	6.7119E+1	5.4490E+1	4.2146E+1	3.4461E+1	2.7361E+1	2.1655E+1	1.7306E+1	1.3876E+1	1.1631E+1	9.7719E+0	8.4735E+0	7.5646E+0	6.7258E+0	6.1309E+0	5.6657E+0	5.2836E+0	4.9877E+0	4.7457E+0	4.5488E+0
5.7547E+2	3.2612E+2	2.4130E+2	1.4729E+2	7.7016E+1	6.6930E+1	5.3411E+1	4.2471E+1	3.4612E+1	2.7542E+1	2.1737E+1	1.7303E+1	1.3887E+1	1.1649E+1	9.7833E+0	8.4758E+0	7.5667E+0	6.7266E+0	6.1310E+0	5.6657E+0	5.2842E+0	4.9880E+0	4.7460E+0	4.5490E+0
7.2503E+2	3.4397E+2	2.2630E+2	1.4586E+2	8.9610E+1	6.6075E+1	5.3415E+1	4.1829E+1	3.4083E+1	2.7243E+1	2.1443E+1	1.7282E+1	1.3881E+1	1.1649E+1	9.7780E+0	8.4751E+0	7.5682E+0	6.7287E+0	6.1339E+0	5.6669E+0	5.2846E+0	4.9891E+0	4.7462E+0	4.5497E+0
6.4438E+2	3.2196E+2	2.4367E+2	1.4519E+2	7.2670E+1	6.3688E+1	5.1880E+1	4.1907E+1	3.4418E+1	2.7980E+1	2.1596E+1	1.7435E+1	1.3921E+1	1.1685E+1	9.7968E+0	8.4927E+0	7.5746E+0	6.7287E+0	6.1327E+0	5.6676E+0	5.2854E+0	4.9901E+0	4.7462E+0	4.5495E+0
5.8669E+2	3.3662E+2	2.4072E+2	1.4915E+2	8.4830E+1	6.5318E+1	5.3889E+1	4.1557E+1	3.4858E+1	2.7488E+1	2.1810E+1	1.7370E+1	1.3911E+1	1.1672E+1	9.8024E+0	8.4942E+0	7.5763E+0	6.7336E+0	6.1358E+0	5.6698E+0	5.2857E+0	4.9906E+0	4.7474E+0	4.5503E+0
7.3250E+2	3.5291E+2	2.4594E+2	1.4279E+2	8.1096E+1	6.6922E+1	5.4268E+1	4.2096E+1	3.5091E+1	2.7669E+1	2.1749E+1	1.7346E+1	1.3926E+1	1.1656E+1	9.7950E+0	8.4896E+0	7.5821E+0	6.7365E+0	6.1375E+0	5.6708E+0	5.2876E+0	4.9908E+0	4.7475E+0	4.5505E+0
6.6351E+2	3.5806E+2	2.4823E+2	1.4564E+2	8.9277E+1	6.7225E+1	5.4049E+1	4.4642E+1	3.4597E+1	2.7622E+1	2.1811E+1	1.7358E+1	1.3925E+1	1.1673E+1	9.7940E+0	8.4927E+0	7.5808E+0	6.7388E+0	6.1392E+0	5.6717E+0	5.2880E+0	4.9913E+0	4.7479E+0	4.5509E+0
5.7957E+2	3.6728E+2	2.5085E+2	1.5354E+2	8.7783E+1	6.6119E+1	5.2596E+1	4.1817E+1	3.4790E+1	2.7534E+1	2.1768E+1	1.7448E+1	1.3926E+1	1.1684E+1	9.7982E+0	8.5011E+0	7.5820E+0	6.7386E+0	6.1397E+0	5.6726E+0	5.2884E+0	4.9915E+0	4.7486E+0	4.5510E+0
6.3426E+2	2.9636E+2	2.4391E+2	1.6014E+2	7.2671E+1	6.8265E+1	5.3281E+1	4.2079E+1	3.5146E+1	2.8434E+1	2.1474E+1	1.7648E+1	1.4064E+1	1.1755E+1	9.8426E+0	8.5211E+0	7.5751E+0	6.7448E+0	6.1462E+0	5.6754E+0	5.2899E+0	4.9930E+0	4.7483E+0	4.5518E+0
6.3845E+2	3.3217E+2	2.4634E+2	1.4933E+2	8.6469E+1	6.6472E+1	5.2112E+1	4.2931E+1	3.4702E+1	2.7633E+1	2.1820E+1	1.7440E+1	1.3916E+1	1.1696E+1	9.8158E+0	8.5083E+0	7.5897E+0	6.7451E+0	6.1431E+0	5.6745E+0	5.2903E+0	4.9932E+0	4.7495E+0	4.5518E+0
8.2475E+2	3.5233E+2	2.5819E+2	1.4681E+2	8.3075E+1	7.1496E+1	5.3950E+1	4.2347E+1	3.4740E+1	2.7509E+1	2.1828E+1	1.7408E+1	1.3948E+1	1.1671E+1	9.8126E+0	8.5097E+0	7.5947E+0	6.7445E+0	6.1448E+0	5.6754E+0	5.2910E+0	4.9933E+0	4.7496E+0	4.5523E+0
5.6323E+2	3.8986E+2	2.5413E+2	1.4691E+2	7.0316E+1	6.8908E+1	5.5624E+1	4.1117E+1	3.4416E+1	2.7729E+1	2.1861E+1	1.7431E+1	1.3934E+1	1.1698E+1	9.8184E+0	8.5104E+0	7.5967E+0	6.7463E+0	6.1455E+0	5.6763E+0	5.2911E+0	4.9937E+0	4.7502E+0	4.5526E+0
6.6767E+2	3.8622E+2	2.7279E+2	1.4649E+2	8.6998E+1	6.7516E+1	5.5947E+1	4.2820E+1	3.5122E+1	2.7630E+1	2.1979E+1	1.7395E+1	1.3920E+1	1.1703E+1	9.8227E+0	8.5133E+0	7.6015E+0	6.7471E+0	6.1472E+0	5.6776E+0	5.2927E+0	4.9943E+0	4.7507E+0	4.5526E+0
6.4813E+2	3.6112E+2	2.3678E+2	1.5473E+2	8.3348E+1	6.7437E+1	5.4198E+1	4.1218E+1	3.5531E+1	2.7897E+1	2.1762E+1	1.7597E+1	1.4074E+1	1.1746E+1	9.8551E+0	8.5328E+0	7.5934E+0	6.7551E+0	6.1497E+0	5.6786E+0	5.2925E+0	4.9947E+0	4.7508E+0	4.5529E+0
4.9746E+2	3.5470E+2	2.5597E+2	1.5456E+2	8.7207E+1	6.5873E+1	5.3893E+1	4.1070E+1	3.5337E+1	2.8057E+1	2.1880E+1	1.7530E+1	1.4011E+1	1.1711E+1	9.8413E+0	8.5249E+0	7.6026E+0	6.7553E+0	6.1507E+0	5.6798E+0	5.2938E+0	4.9958E+0	4.7516E+0	4.5533E+0
8.1822E+2	3.7524E+2	2.4937E+2	1.4101E+2	9.1542E+1	6.8652E+1	5.4576E+1	4.2573E+1	3.5122E+1	2.7702E+1	2.2057E+1	1.7496E+1	1.4010E+1	1.1723E+1	9.8477E+0	8.5261E+0	7.6094E+0	6.7553E+0	6.1547E+0	5.6823E+0	5.2956E+0	4.9964E+0	4.7520E+0	4.5535E+0
5.6809E+2	4.0060E+2	2.4989E+2	1.3703E+2	8.4828E+1	7.1123E+1	5.3795E+1	4.4498E+1	3.4434E+1	2.7960E+1	2.1985E+1	1.7424E+1	1.4033E+1	1.1731E+1	9.8500E+0	8.5315E+0	7.6118E+0	6.7569E+0	6.1555E+0	5.6827E+0	5.2957E+0	4.9965E+0	4.7521E+0	4.5538E+0
6.1394E+2	3.4131E+2	2.5117E+2	1.4882E+2	8.0380E+1	6.8924E+1	5.4456E+1	4.4795E+1	3.4869E+1	2.7960E+1	2.1767E+1	1.7525E+1	1.4054E+1	1.1749E+1	9.8600E+0	8.5371E+0	7.6070E+0	6.7596E+0	6.1541E+0	5.6828E+0	5.2963E+0	4.9972E+0	4.7523E+0	4.5540E+0
6.6000E+2	2.8779E+2	2.4800E+2	1.6456E+2	7.9966E+1	6.5618E+1	5.2275E+1	4.1017E+1	3.5375E+1	2.8430E+1	2.1644E+1	1.7717E+1	1.4122E+1	1.1775E+1	9.8632E+0	8.5386E+0	7.6130E+0	6.7574E+0	6.1543E+0	5.6854E+0	5.2987E+0	4.9974E+0	4.7533E+0	4.5550E+0
6.8521E+2	3.5684E+2	2.6741E+2	1.4388E+2	8.0676E+1	7.0687E+1	5.3699E+1	4.3511E+1	3.4952E+1	2.8130E+1	2.2078E+1	1.7469E+1	1.3996E+1	1.1760E+1	9.8686E+0	8.5478E+0	7.6146E+0	6.7645E+0	6.1596E+0	5.6852E+0	5.2982E+0	4.9987E+0	4.7536E+0	4.5549E+0
7.2275E+2	3.5129E+2	2.5441E+2	1.4891E+2	7.9988E+1	6.6652E+1	5.4654E+1	4.2370E+1	3.4671E+1	2.8075E+1	2.2115E+1	1.7571E+1	1.4057E+1	1.1771E+1	9.8730E+0	8.5530E+0	7.6188E+0	6.7632E+0	6.1605E+0	5.6871E+0	5.2991E+0	4.9988E+0	4.7538E+0	4.5551E+0
6.9149E+2	3.4774E+2	2.4809E+2	1.5021E+2	8.6175E+1	6.6281E+1	5.4292E+1	4.2451E+1	3.5006E+1	2.8054E+1	2.1918E+1	1.7489E+1	1.4066E+1	1.1776E+1	9.8780E+0	8.5564E+0	7.6214E+0	6.7691E+0	6.1616E+0	5.6869E+0	5.2996E+0	5.0000E+0	4.7544E+0	4.5554E+0
5.7015E+2	3.6050E+2	2.3821E+2	1.4367E+2	8.3502E+1	6.8247E+1	5.4513E+1	4.5147E+1	3.5383E+1	2.8301E+1	2.2141E+1	1.7609E+1	1.4059E+1	1.1790E+1	9.8785E+0	8.5601E+0	7.6218E+0	6.7694E+0	6.1622E+0	5.6877E+0	5.3003E+0	5.0000E+0	4.7546E+0	4.5556E+0
5.9271E+2	3.3805E+2	2.3519E+2	1.6589E+2	7.1966E+1	6.8447E+1	5.3352E+1	4.1754E+1	3.5704E+1	2.8757E+1	2.1654E+1	1.7681E+1	1.4129E+1	1.1801E+1	9.8778E+0	8.5445E+0	7.6345E+0	6.7688E+0	6.1664E+0	5.6899E+0	5.3011E+0	5.0009E+0	4.7554E+0	4.5558E+0
7.1208E+2	3.7720E+2	2.5674E+2	1.4946E+2	7.8740E+1	7.0037E+1	5.4463E+1	4.3066E+1	3.5633E+1	2.8132E+1	2.2064E+1	1.7625E+1	1.4083E+1	1.1807E+1	9.8877E+0	8.5652E+0	7.6301E+0	6.7737E+0	6.1657E+0	5.6913E+0	5.3021E+0	5.0019E+0	4.7556E+0	4.5564E+0
7.1867E+2	3.6357E+2	2.5926E+2	1.5671E+2	8.5392E+1	6.7864E+1	5.4891E+1	4.3690E+1	3.5339E+1	2.7996E+1	2.2124E+1	1.7576E+1	1.4089E+1	1.1792E+1	9.8914E+0	8.5696E+0	7.6309E+0	6.7749E+0	6.1676E+0	5.6921E+0	5.3025E+0	5.0018E+0	4.7560E+0	4.5568E+0
5.8798E+2	3.3641E+2	2.4288E+2	1.5594E+2	8.4797E+1	6.8040E+1	5.6049E+1	4.4496E+1	3.5083E+1	2.8576E+1	2.2191E+1	1.7657E+1	1.4116E+1	1.1801E+1	9.8949E+0	8.5663E+0	7.6383E+0	6.7764E+0	6.1684E+0	5.6930E+0	5.3032E+0	5.0023E+0	4.7563E+0	4.5570E+0
6.7222E+2	3.7927E+2	2.4358E+2	1.5001E+2	8.0497E+1	6.7981E+1	5.5255E+1	4.2979E+1	3.5415E+1	2.8079E+1	2.1908E+1	1.7697E+1	1.4118E+1	1.1812E+1	9.9042E+0	8.5694E+0	7.6390E+0	6.7779E+0	6.1708E+0	5.6935E+0	5.3040E+0	5.0028E+0	4.7566E+0	4.5571E+0
6.5651E+2	3.3269E+2	2.6044E+2	1.6099E+2	8.7146E+1	6.6726E+1	5.3023E+1	4.2904E+1	3.6092E+1	2.8500E+1	2.1938E+1	1.7721E+1	1.4152E+1	1.1791E+1	9.8975E+0	8.5739E+0	7.6457E+0	6.7842E+0	6.1718E+0	5.6953E+0	5.3041E+0	5.0039E+0	4.7573E+0	4.5579E+0
6.5464E+2	3.4914E+2	2.5926E+2	1.4314E+2	8.1208E+1	6.8006E+1	5.4192E+1	4.2864E+1	3.4952E+1	2.8196E+1	2.2316E+1	1.7662E+1	1.4114E+1	1.1839E+1	9.9171E+0	8.5882E+0	7.6459E+0	6.7826E+0	6.1739E+0	5.6958E+0	5.3070E+0	5.0043E+0	4.7577E+0	4.5580E+0
7.3673E+2	3.3502E+2	2.6903E+2	1.4826E+2	7.7187E+1	6.9378E+1	5.5843E+1	4.3683E+1	3.5739E+1	2.8555E+1	2.2078E+1	1.7736E+1	1.4155E+1	1.1807E+1	9.9128E+0	8.5794E+0	7.6490E+0	6.7853E+0	6.1727E+0	5.6986E+0	5.3059E+0	5.0048E+0	4.7582E+0	4.5587E+0
5.9717E+2	3.3895E+2	2.5449E+2	1.4881E+2	8.5998E+1	6.8893E+1	5.4619E+1	4.3785E+1	3.5278E+1	2.8076E+1	2.2039E+1	1.7755E+1	1.4128E+1	1.1845E+1	9.9253E+0	8.5869E+0	7.6506E+0	6.7857E+0	6.1758E+0	5.6980E+0	5.3073E+0	5.0049E+0	4.7585E+0	4.5586E+0
6.3609E+2	3.8131E+2	2.6194E+2	1.4986E+2	7.9058E+1	6.7937E+1	5.6121E+1	4.4014E+1	3.5726E+1	2.8396E+1	2.2303E+1	1.7746E+1	1.4158E+1	1.1854E+1	9.9317E+0	8.5928E+0	7.6528E+0	6.7873E+0	6.1764E+0	5.6998E+0	5.3079E+0	5.0063E+0	4.7584E+0	4.5586E+0
6.1438E+2	3.2340E+2	2.3563E+2	1.6108E+2	8.2140E+1	6.7777E+1	5.2998E+1	4.2712E+1	3.6243E+1	2.8582E+1	2.1975E+1	1.7704E+1	1.4190E+1	1.1823E+1	9.9163E+0	8.5924E+0	7.6574E+0	6.7946E+0	6.1772E+0	5.7018E+0	5.3100E+0	5.0072E+0	4.7594E+0	4.5589E+0
5.0931E+2	3.7547E+2	2.7939E+2	1.5867E+2	8.2515E+1	7.0880E+1	5.5787E+1	4.5273E+1	3.5398E+1	2.8274E+1	2.2332E+1	1.7722E+1	1.4183E+1	1.1888E+1	9.9458E+0	8.6025E+0	7.6578E+0	6.7919E+0	6.1807E+0	5.7023E+0	5.3096E+0	5.0075E+0	4.7598E+0	4.5596E+0
7.0730E+2	3.9235E+2	2.6082E+2	1.5291E+2	8.3807E+1	7.1288E+1	5.4654E+1	4.3369E+1	3.5845E+1	2.8030E+1	2.2274E+1	1.7697E+1	1.4191E+1	1.1870E+1	9.9441E+0	8.6080E+0	7.6622E+0	6.7936E+0	6.1810E+0	5.7030E+0	5.3103E+0	5.0074E+0	4.7601E+0	4.5597E+0
7.3908E+2	3.7334E+2	2.2796E+2	1.5483E+2	7.9194E+1	6.6922E+1	5.4974E+1	4.0121E+1	3.6464E+1	2.8511E+1	2.2305E+1	1.7731E+1	1.4225E+1	1.1861E+1	9.9511E+0	8.6022E+0	7.6624E+0	6.7962E+0	6.1832E+0	5.7034E+0	5.3105E+0	5.0081E+0	4.7608E+0	4.5599E+0
4.1661E+2	2.9179E+2	2.4736E+2	1.7204E+2	8.5294E+1	6.8260E+1	5.6549E+1	4.2157E+1	3.5722E+1	2.8525E+1	2.1942E+1	1.7846E+1	1.4192E+1	1.1835E+1	9.9236E+0	8.6109E+0	7.6619E+0	6.7978E+0	6.1866E+0	5.7025E+0	5.3107E+0	5.0084E+0	4.7604E+0	4.5604E+0
7.1868E+2	3.7376E+2	2.5435E+2	1.5507E+2	8.4550E+1	7.0256E+1	5.5494E+1	4.3730E+1	3.6260E+1	2.8688E+1	2.2101E+1	1.7832E+1	1.4238E+1	1.1897E+1	9.9609E+0	8.6125E+0	7.6667E+0	6.8026E+0	6.1875E+0	5.7064E+0	5.3134E+0	5.0092E+0	4.7616E+0	4.5607E+0
6.0471E+2	3.1973E+2	2.5947E+2	1.5424E+2	8.1382E+1	6.7642E+1	5.5535E+1	4.4490E+1	3.6091E+1	2.8749E+1	2.2371E+1	1.7830E+1	1.4215E+1	1.1896E+1	9.9545E+0	8.6157E+0	7.6729E+0	6.8002E+0	6.1886E+0	5.7066E+0	5.3137E+0	5.0101E+0	4.7618E+0	4.5608E+0
7.6009E+2	3.4437E+2	2.6077E+2	1.5013E+2	8.6663E+1	7.0323E+1	5.6746E+1	4.3737E+1	3.5614E+1	2.8214E+1	2.2515E+1	1.7817E+1	1.4265E+1	1.1925E+1	9.9691E+0	8.6215E+0	7.6735E+0	6.8050E+0	6.1899E+0	5.7092E+0	5.3144E+0	5.0096E+0	4.7621E+0	4.5614E+0
7.4223E+2	3.6942E+2	2.5218E+2	1.5417E+2	8.6369E+1	7.0462E+1	5.6582E+1	4.5842E+1	3.5841E+1	2.8602E+1	2.2569E+1	1.7844E+1	1.4278E+1	1.1930E+1	9.9737E+0	8.6206E+0	7.6802E+0	6.8086E+0	6.1877E+0	5.7084E+0	5.3146E+0	5.0114E+0	4.7621E+0	4.5617E+0
5.7271E+2	3.4024E+2	2.6122E+2	1.5596E+2	7.8584E+1	6.8413E+1	5.3817E+1	4.5473E+1	3.6241E+1	2.8771E+1	2.2339E+1	1.7831E+1	1.4185E+1	1.1877E+1	9.9696E+0	8.6392E+0	7.6735E+0	6.8051E+0	6.1921E+0	5.7110E+0	5.3164E+0	5.0105E+0	4.7627E+0	4.5618E+0
6.4649E+2	3.3843E+2	2.6415E+2	1.5806E+2	8.3648E+1	7.1200E+1	5.5820E+1	4.3599E+1	3.5626E+1	2.8733E+1	2.2404E+1	1.7866E+1	1.4260E+1	1.1915E+1	9.9787E+0	8.6331E+0	7.6822E+0	6.8086E+0	6.1922E+0	5.7122E+0	5.3171E+0	5.0117E+0	4.7633E+0	4.5625E+0
6.8561E+2	4.0439E+2	2.5960E+2	1.4898E+2	8.3220E+1	7.3049E+1	5.5121E+1	4.4997E+1	3.6108E+1	2.8504E+1	2.2490E+1	1.7878E+1	1.4300E+1	1.1936E+1	9.9890E+0	8.6313E+0	7.6860E+0	6.8118E+0	6.1951E+0	5.7122E+0	5.3179E+0	5.0126E+0	4.7641E+0	4.5627E+0
7.0229E+2	3.6846E+2	2.7060E+2	1.4775E+2	8.7740E+1	7.0701E+1	5.5007E+1	4.6471E+1	3.5873E+1	2.8326E+1	2.2622E+1	1.7943E+1	1.4284E+1	1.1952E+1	9.9933E+0	8.6303E+0	7.6889E+0	6.8148E+0	6.1969E+0	5.7144E+0	5.3177E+0	5.0133E+0	4.7643E+0	4.5631E+0
6.6111E+2	4.0058E+2	2.5986E+2	1.5966E+2	9.2011E+1	6.9148E+1	5.4825E+1	4.4342E+1	3.5480E+1	2.8590E+1	2.2369E+1	1.7968E+1	1.4309E+1	1.1949E+1	9.9987E+0	8.6469E+0	7.6887E+0	6.8179E+0	6.1957E+0	5.7141E+0	5.3185E+0	5.0142E+0	4.7642E+0	4.5631E+0
5.8090E+2	3.6187E+2	2.8029E+2	1.6711E+2	8.1422E+1	6.6789E+1	5.2932E+1	4.1636E+1	3.6189E+1	2.9003E+1	2.2294E+1	1.7811E+1	1.4237E+1	1.1905E+1	1.0012E+1	8.6665E+0	7.6938E+0	6.8204E+0	6.1964E+0	5.7133E+0	5.3189E+0	5.0141E+0	4.7645E+0	4.5639E+0
6.4432E+2	3.7709E+2	2.5807E+2	1.5567E+2	8.4881E+1	6.8855E+1	5.4653E+1	4.3544E+1	3.6480E+1	2.8821E+1	2.2456E+1	1.7879E+1	1.4300E+1	1.1960E+1	1.0017E+1	8.6522E+0	7.6984E+0	6.8205E+0	6.2006E+0	5.7175E+0	5.3206E+0	5.0148E+0	4.7657E+0	4.5638E+0
6.1602E+2	3.5706E+2	2.6588E+2	1.5310E+2	7.8954E+1	6.9253E+1	5.5652E+1	4.5065E+1	3.6196E+1	2.9079E+1	2.2566E+1	1.7996E+1	1.4320E+1	1.1966E+1	1.0020E+1	8.6622E+0	7.7048E+0	6.8235E+0	6.2026E+0	5.7172E+0	5.3216E+0	5.0154E+0	4.7661E+0	4.5642E+0
6.5180E+2	3.5631E+2	2.8021E+2	1.6277E+2	9.3434E+1	6.9963E+1	5.6291E+1	4.3756E+1	3.6430E+1	2.8778E+1	2.2594E+1	1.7922E+1	1.4322E+1	1.1958E+1	1.0023E+1	8.6578E+0	7.7034E+0	6.8254E+0	6.2030E+0	5.7187E+0	5.3218E+0	5.0164E+0	4.7665E+0	4.5646E+0
6.3810E+2	4.1456E+2	2.4218E+2	1.5339E+2	9.1670E+1	7.1304E+1	5.6000E+1	4.4102E+1	3.6457E+1	2.9199E+1	2.2688E+1	1.8015E+1	1.4340E+1	1.1980E+1	1.0016E+1	8.6567E+0	7.6980E+0	6.8256E+0	6.2040E+0	5.7193E+0	5.3227E+0	5.0169E+0	4.7668E+0	4.5649E+0
3.7035E+2	3.0846E+2	2.7435E+2	1.7159E+2	8.7595E+1	6.7804E+1	5.6326E+1	4.2475E+1	3.7281E+1	2.8866E+1	2.2462E+1	1.7840E+1	1.4276E+1	1.1978E+1	1.0056E+1	8.6616E+0	7.7197E+0	6.8345E+0	6.2098E+0	5.7229E+0	5.3224E+0	5.0166E+0	4.7675E+0	4.5649E+0
7.0405E+2	3.8468E+2	2.5823E+2	1.4706E+2	8.5973E+1	7.0680E+1	5.7312E+1	4.4105E+1	3.5953E+1	2.8753E+1	2.2588E+1	1.7949E+1	1.4364E+1	1.1994E+1	1.0039E+1	8.6677E+0	7.7086E+0	6.8301E+0	6.2093E+0	5.7229E+0	5.3236E+0	5.0178E+0	4.7679E+0	4.5653E+0
7.4594E+2	3.8625E+2	2.6045E+2	1.5527E+2	8.6011E+1	7.0997E+1	5.6978E+1	4.7382E+1	3.6090E+1	2.9038E+1	2.2597E+1	1.8084E+1	1.4415E+1	1.2027E+1	1.0031E+1	8.6721E+0	7.7096E+0	6.8330E+0	6.2070E+0	5.7228E+0	5.3252E+0	5.0189E+0	4.7678E+0	4.5656E+0
6.7752E+2	3.6846E+2	2.7780E+2	1.6058E+2	9.5408E+1	6.9037E+1	5.6743E+1	4.3255E+1	3.6468E+1	2.8322E+1	2.2760E+1	1.8053E+1	1.4359E+1	1.2018E+1	1.0049E+1	8.6730E+0	7.7157E+0	6.8309E+0	6.2096E+0	5.7242E+0	5.3255E+0	5.0186E+0	4.7684E+0	4.5659E+0
6.6275E+2	3.8715E+2	2.3890E+2	1.5277E+2	9.2440E+1	7.1157E+1	5.6973E+1	4.5392E+1	3.6034E+1	2.9079E+1	2.2629E+1	1.8016E+1	1.4386E+1	1.2015E+1	1.0050E+1	8.6775E+0	7.7197E+0	6.8354E+0	6.2120E+0	5.7241E+0	5.3265E+0	5.0194E+0	4.7687E+0	4.5663E+0
5.7326E+2	3.6500E+2	2.6773E+2	1.5393E+2	8.2979E+1	6.6424E+1	5.3889E+1	4.5019E+1	3.6871E+1	2.9163E+1	2.2914E+1	1.7893E+1	1.4364E+1	1.2032E+1	1.0058E+1	8.6791E+0	7.7147E+0	6.8354E+0	6.2114E+0	5.7249E+0	5.3279E+0	5.0202E+0	4.7697E+0	4.5665E+0
7.1265E+2	4.1127E+2	2.7034E+2	1.5726E+2	8.7940E+1	7.2556E+1	5.7061E+1	4.5069E+1	3.6017E+1	2.8884E+1	2.2719E+1	1.8138E+1	1.4420E+1	1.2025E+1	1.0034E+1	8.6855E+0	7.7220E+0	6.8416E+0	6.2155E+0	5.7283E+0	5.3276E+0	5.0208E+0	4.7697E+0	4.5670E+0
6.9200E+2	3.9345E+2	2.6082E+2	1.5380E+2	8.2313E+1	7.1745E+1	5.7325E+1	4.4771E+1	3.6041E+1	2.8797E+1	2.2871E+1	1.8112E+1	1.4435E+1	1.2032E+1	1.0051E+1	8.6923E+0	7.7285E+0	6.8419E+0	6.2172E+0	5.7289E+0	5.3286E+0	5.0213E+0	4.7701E+0	4.5675E+0
6.8652E+2	3.7615E+2	2.7649E+2	1.4977E+2	8.2901E+1	7.1131E+1	5.6154E+1	4.6033E+1	3.6642E+1	2.9053E+1	2.2675E+1	1.8095E+1	1.4428E+1	1.2048E+1	1.0072E+1	8.6908E+0	7.7283E+0	6.8434E+0	6.2171E+0	5.7294E+0	5.3287E+0	5.0216E+0	4.7707E+0	4.5677E+0
5.8849E+2	3.6635E+2	2.5892E+2	1.6427E+2	9.2549E+1	6.9970E+1	5.6070E+1	4.6525E+1	3.6652E+1	2.9027E+1	2.2830E+1	1.8027E+1	1.4407E+1	1.2053E+1	1.0066E+1	8.6925E+0	7.7274E+0	6.8440E+0	6.2167E+0	5.7306E+0	5.3296E+0	5.0221E+0	4.7710E+0	4.5676E+0
6.6295E+2	3.6100E+2	2.6258E+2	1.6613E+2	8.5491E+1	6.9511E+1	5.5822E+1	4.3562E+1	3.6991E+1	2.9110E+1	2.2570E+1	1.7938E+1	1.4329E+1	1.2106E+1	1.0107E+1	8.6811E+0	7.7304E+0	6.8407E+0	6.2162E+0	5.7327E+0	5.3305E+0	5.0237E+0	4.7718E+0	4.5687E+0
5.7522E+2	3.6931E+2	2.7633E+2	1.5736E+2	9.3086E+1	7.2558E+1	5.7967E+1	4.4052E+1	3.6559E+1	2.8910E+1	2.2791E+1	1.8144E+1	1.4470E+1	1.2083E+1	1.0084E+1	8.7039E+0	7.7389E+0	6.8472E+0	6.2227E+0	5.7329E+0	5.3320E+0	5.0238E+0	4.7717E+0	4.5686E+0
7.0909E+2	4.1235E+2	2.5681E+2	1.4787E+2	1.0150E+2	6.9748E+1	5.6632E+1	4.5411E+1	3.6618E+1	2.9457E+1	2.2815E+1	1.8151E+1	1.4473E+1	1.2058E+1	1.0084E+1	8.7066E+0	7.7421E+0	6.8525E+0	6.2243E+0	5.7328E+0	5.3330E+0	5.0244E+0	4.7723E+0	4.5687E+0
7.3997E+2	3.5121E+2	2.7789E+2	1.5345E+2	9.0405E+1	7.0425E+1	5.6383E+1	4.3540E+1	3.7315E+1	2.9077E+1	2.2917E+1	1.8109E+1	1.4440E+1	1.2079E+1	1.0094E+1	8.7067E+0	7.7378E+0	6.8538E+0	6.2248E+0	5.7350E+0	5.3338E+0	5.0241E+0	4.7727E+0	4.5692E+0
8.4481E+2	3.9600E+2	2.7106E+2	1.5425E+2	8.2648E+1	6.9288E+1	5.7121E+1	4.6148E+1	3.7055E+1	2.9541E+1	2.2779E+1	1.8178E+1	1.4468E+1	1.2092E+1	1.0094E+1	8.7111E+0	7.7431E+0	6.8564E+0	6.2257E+0	5.7347E+0	5.3336E+0	5.0247E+0	4.7728E+0	4.5693E+0
6.8062E+2	3.7423E+2	2.5590E+2	1.6213E+2	9.2078E+1	6.8761E+1	5.6713E+1	4.4190E+1	3.6820E+1	2.9318E+1	2.2942E+1	1.8055E+1	1.4435E+1	1.2139E+1	1.0106E+1	8.7079E+0	7.7433E+0	6.8586E+0	6.2296E+0	5.7375E+0	5.3349E+0	5.0261E+0	4.7738E+0	4.5696E+0
6.6218E+2	3.9627E+2	2.7647E+2	1.5027E+2	8.9826E+1	7.0790E+1	5.5554E+1	4.6079E+1	3.5915E+1	2.9167E+1	2.2937E+1	1.8220E+1	1.4531E+1	1.2100E+1	1.0094E+1	8.7245E+0	7.7546E+0	6.8633E+0	6.2273E+0	5.7377E+0	5.3364E+0	5.0262E+0	4.7744E+0	4.5705E+0
7.0670E+2	3.9495E+2	2.6296E+2	1.5500E+2	8.7292E+1	7.4980E+1	5.8700E+1	4.4543E+1	3.6612E+1	2.9309E+1	2.2906E+1	1.8175E+1	1.4493E+1	1.2119E+1	1.0120E+1	8.7234E+0	7.7540E+0	6.8629E+0	6.2300E+0	5.7394E+0	5.3368E+0	5.0271E+0	4.7744E+0	4.5704E+0
7.5942E+2	3.4363E+2	2.7787E+2	1.4950E+2	8.8126E+1	7.1584E+1	5.8199E+1	4.7204E+1	3.6804E+1	2.9532E+1	2.2976E+1	1.8187E+1	1.4511E+1	1.2113E+1	1.0115E+1	8.7250E+0	7.7540E+0	6.8646E+0	6.2314E+0	5.7399E+0	5.3375E+0	5.0272E+0	4.7744E+0	4.5707E+0
6.5015E+2	3.7911E+2	2.7080E+2	1.5796E+2	7.9616E+1	7.2917E+1	5.6237E+1	4.5815E+1	3.6956E+1	2.9194E+1	2.2793E+1	1.8172E+1	1.4513E+1	1.2117E+1	1.0112E+1	8.7289E+0	7.7560E+0	6.8635E+0	6.2337E+0	5.7412E+0	5.3374E+0	5.0277E+0	4.7753E+0	4.5707E+0
6.1165E+2	3.4982E+2	2.5919E+2	1.7145E+2	8.6043E+1	6.7156E+1	5.5502E+1	4.4794E+1	3.8234E+1	2.9114E+1	2.2680E+1	1.8017E+1	1.4498E+1	1.2199E+1	1.0115E+1	8.7384E+0	7.7560E+0	6.8748E+0	6.2331E+0	5.7425E+0	5.3409E+0	5.0293E+0	4.7755E+0	4.5718E+0
5.5948E+2	3.9632E+2	2.8030E+2	1.5400E+2	9.1427E+1	7.1429E+1	5.6792E+1	4.3963E+1	3.6827E+1	2.9400E+1	2.3042E+1	1.8227E+1	1.4512E+1	1.2139E+1	1.0130E+1	8.7367E+0	7.7623E+0	6.8713E+0	6.2364E+0	5.7443E+0	5.3402E+0	5.0292E+0	4.7765E+0	4.5722E+0
6.7897E+2	3.9405E+2	2.5680E+2	1.5454E+2	9.0507E+1	7.2553E+1	5.6209E+1	4.5079E+1	3.6476E+1	2.9260E+1	2.2830E+1	1.8241E+1	1.4576E+1	1.2109E+1	1.0136E+1	8.7432E+0	7.7694E+0	6.8695E+0	6.2380E+0	5.7440E+0	5.3403E+0	5.0299E+0	4.7763E+0	4.5721E+0
7.7547E+2	3.6360E+2	2.8628E+2	1.4744E+2	9.3862E+1	7.2276E+1	5.7290E+1	4.5598E+1	3.6727E+1	2.9425E+1	2.2957E+1	1.8244E+1	1.4575E+1	1.2143E+1	1.0140E+1	8.7424E+0	7.7697E+0	6.8723E+0	6.2382E+0	5.7452E+0	5.3410E+0	5.0300E+0	4.7768E+0	4.5723E+0
8.5254E+2	3.4906E+2	2.7364E+2	1.5885E+2	8.4168E+1	6.7782E+1	5.6495E+1	4.5744E+1	3.6963E+1	2.9488E+1	2.3119E+1	1.8250E+1	1.4549E+1	1.2169E+1	1.0134E+1	8.7519E+0	7.7753E+0	6.8725E+0	6.2395E+0	5.7457E+0	5.3413E+0	5.0304E+0	4.7770E+0	4.5727E+0
5.4460E+2	3.9123E+2	2.5785E+2	1.6681E+2	8.3201E+1	7.4046E+1	5.6958E+1	4.4518E+1	3.6925E+1	2.9556E+1	2.3072E+1	1.8240E+1	1.4563E+1	1.2163E+1	1.0155E+1	8.7533E+0	7.7743E+0	6.8768E+0	6.2432E+0	5.7492E+0	5.3433E+0	5.0311E+0	4.7778E+0	4.5732E+0
6.8420E+2	3.7667E+2	2.8528E+2	1.6167E+2	8.2470E+1	7.2888E+1	5.6300E+1	4.6641E+1	3.6591E+1	2.9134E+1	2.2972E+1	1.8287E+1	1.4575E+1	1.2168E+1	1.0146E+1	8.7586E+0	7.7760E+0	6.8777E+0	6.2427E+0	5.7485E+0	5.3435E+0	5.0320E+0	4.7782E+0	4.5733E+0
6.8412E+2	3.5709E+2	2.7441E+2	1.6951E+2	9.0501E+1	7.0304E+1	5.7268E+1	4.6331E+1	3.7449E+1	2.9476E+1	2.2948E+1	1.8302E+1	1.4600E+1	1.2189E+1	1.0143E+1	8.7677E+0	7.7866E+0	6.8813E+0	6.2453E+0	5.7491E+0	5.3447E+0	5.0326E+0	4.7787E+0	4.5735E+0
6.6979E+2	3.9207E+2	2.8459E+2	1.6647E+2	7.9954E+1	7.4689E+1	5.9827E+1	4.8422E+1	3.7521E+1	2.9246E+1	2.3195E+1	1.8242E+1	1.4627E+1	1.2155E+1	1.0162E+1	8.7595E+0	7.7792E+0	6.8822E+0	6.2454E+0	5.7501E+0	5.3448E+0	5.0334E+0	4.7788E+0	4.5739E+0
5.6827E+2	3.4874E+2	2.6537E+2	1.7367E+2	9.2029E+1	6.9817E+1	5.6024E+1	4.3376E+1	3.8333E+1	2.9468E+1	2.3221E+1	1.8190E+1	1.4622E+1	1.2204E+1	1.0134E+1	8.7849E+0	7.7963E+0	6.8782E+0	6.2494E+0	5.7491E+0	5.3466E+0	5.0340E+0	4.7788E+0	4.5739E+0
6.1901E+2	4.0350E+2	2.9229E+2	1.5935E+2	8.6856E+1	7.2937E+1	5.9294E+1	4.4852E+1	3.6963E+1	2.9467E+1	2.3188E+1	1.8313E+1	1.4627E+1	1.2201E+1	1.0161E+1	8.7722E+0	7.7882E+0	6.8883E+0	6.2496E+0	5.7529E+0	5.3469E+0	5.0350E+0	4.7803E+0	4.5747E+0
7.7233E+2	4.0743E+2	2.8238E+2	1.5494E+2	7.8918E+1	7.6142E+1	5.9092E+1	4.5823E+1	3.6778E+1	2.9692E+1	2.3059E+1	1.8322E+1	1.4660E+1	1.2216E+1	1.0176E+1	8.7738E+0	7.7916E+0	6.8904E+0	6.2514E+0	5.7536E+0	5.3468E+0	5.0353E+0	4.7805E+0	4.5750E+0
7.2688E+2	3.8870E+2	2.7295E+2	1.7464E+2	9.2565E+1	7.4772E+1	5.9869E+1	4.6783E+1	3.7553E+1	2.9718E+1	2.3206E+1	1.8356E+1	1.4645E+1	1.2201E+1	1.0185E+1	8.7742E+0	7.7937E+0	6.8894E+0	6.2522E+0	5.7553E+0	5.3484E+0	5.0352E+0	4.7808E+0	4.5751E+0
7.6060E+2	3.8247E+2	2.7743E+2	1.5914E+2	7.4761E+1	7.3314E+1	5.8125E+1	4.7143E+1	3.7597E+1	2.9886E+1	2.3219E+1	1.8373E+1	1.4643E+1	1.2209E+1	1.0180E+1	8.7862E+0	7.7958E+0	6.8923E+0	6.2525E+0	5.7555E+0	5.3495E+0	5.0354E+0	4.7811E+0	4.5753E+0
6.4082E+2	3.4215E+2	2.7071E+2	1.7081E+2	8.4839E+1	7.0743E+1	5.6065E+1	4.5550E+1	3.7958E+1	2.9014E+1	2.3490E+1	1.8271E+1	1.4690E+1	1.2221E+1	1.0169E+1	8.7931E+0	7.8012E+0	6.8957E+0	6.2560E+0	5.7570E+0	5.3488E+0	5.0369E+0	4.7812E+0	4.5758E+0
8.0181E+2	3.8296E+2	2.6710E+2	1.5191E+2	8.1901E+1	7.2757E+1	5.7511E+1	4.6056E+1	3.7575E+1	3.0126E+1	2.3140E+1	1.8433E+1	1.4691E+1	1.2221E+1	1.0186E+1	8.7951E+0	7.8057E+0	6.8956E+0	6.2566E+0	5.7576E+0	5.3507E+0	5.0374E+0	4.7820E+0	4.5759E+0
6.0828E+2	4.0543E+2	2.7684E+2	1.5498E+2	9.0204E+1	7.1529E+1	5.7182E+1	4.6615E+1	3.7388E+1	2.9782E+1	2.3230E+1	1.8468E+1	1.4669E+1	1.2218E+1	1.0198E+1	8.7887E+0	7.8011E+0	6.8979E+0	6.2578E+0	5.7584E+0	5.3518E+0	5.0380E+0	4.7825E+0	4.5764E+0
7.2407E+2	4.1187E+2	2.6201E+2	1.6165E+2	8.1106E+1	7.2460E+1	6.0168E+1	4.5137E+1	3.6827E+1	2.9568E+1	2.3059E+1	1.8467E+1	1.4670E+1	1.2234E+1	1.0202E+1	8.7919E+0	7.8077E+0	6.8996E+0	6.2607E+0	5.7608E+0	5.3518E+0	5.0386E+0	4.7829E+0	4.5769E+0
6.9467E+2	3.8624E+2	2.8535E+2	1.5257E+2	8.3989E+1	7.2362E+1	5.7249E+1	4.8152E+1	3.7288E+1	2.9874E+1	2.3251E+1	1.8478E+1	1.4647E+1	1.2239E+1	1.0215E+1	8.7969E+0	7.8072E+0	6.8966E+0	6.2600E+0	5.7608E+0	5.3529E+0	5.0389E+0	4.7831E+0	4.5772E+0
5.1826E+2	3.2389E+2	2.8137E+2	1.7287E+2	8.4164E+1	7.0221E+1	5.5572E+1	4.5837E+1	3.7898E+1	2.9544E+1	2.3416E+1	1.8363E+1	1.4778E+1	1.2235E+1	1.0202E+1	8.8032E+0	7.8050E+0	6.9109E+0	6.2586E+0	5.7599E+0	5.3539E+0	5.0403E+0	4.7836E+0	4.5777E+0
7.4828E+2	3.7493E+2	2.3934E+2	1.7082E+2	8.1253E+1	7.3526E+1	5.8486E+1	4.6086E+1	3.6398E+1	2.9822E+1	2.3211E+1	1.8483E+1	1.4658E+1	1.2272E+1	1.0224E+1	8.8034E+0	7.8217E+0	6.9048E+0	6.2658E+0	5.7648E+0	5.3544E+0	5.0401E+0	4.7843E+0	4.5778E+0
8.4108E+2	3.9045E+2	2.7337E+2	1.5570E+2	9.8036E+1	7.4950E+1	5.8632E+1	4.6690E+1	3.7102E+1	2.9808E+1	2.3369E+1	1.8583E+1	1.4693E+1	1.2274E+1	1.0226E+1	8.8119E+0	7.8173E+0	6.9078E+0	6.2650E+0	5.7646E+0	5.3554E+0	5.0406E+0	4.7846E+0	4.5783E+0
6.8677E+2	3.7937E+2	2.6731E+2	1.5881E+2	1.0235E+2	7.3975E+1	5.8823E+1	4.7985E+1	3.7961E+1	2.9938E+1	2.3454E+1	1.8507E+1	1.4711E+1	1.2275E+1	1.0242E+1	8.8149E+0	7.8181E+0	6.9094E+0	6.2657E+0	5.7648E+0	5.3566E+0	5.0413E+0	4.7850E+0	4.5784E+0
7.9624E+2	3.6244E+2	2.7985E+2	1.6258E+2	9.8429E+1	7.4666E+1	5.8570E+1	4.3312E+1	3.7343E+1	2.9877E+1	2.3373E+1	1.8549E+1	1.4732E+1	1.2261E+1	1.0238E+1	8.8104E+0	7.8197E+0	6.9135E+0	6.2687E+0	5.7664E+0	5.3561E+0	5.0412E+0	4.7850E+0	4.5786E+0
6.1020E+2	3.3524E+2	2.8009E+2	1.7566E+2	8.4920E+1	7.2061E+1	5.6164E+1	4.5738E+1	3.7800E+1	2.9502E+1	2.3435E+1	1.8490E+1	1.4842E+1	1.2241E+1	1.0256E+1	8.8068E+0	7.8138E+0	6.9126E+0	6.2722E+0	5.7683E+0	5.3574E+0	5.0418E+0	4.7859E+0	4.5791E+0
7.0983E+2	4.3952E+2	2.7164E+2	1.5560E+2	8.4104E+1	7.1801E+1	5.8675E+1	4.6387E+1	3.7711E+1	2.9822E+1	2.3394E+1	1.8563E+1	1.4787E+1	1.2276E+1	1.0250E+1	8.8223E+0	7.8325E+0	6.9155E+0	6.2715E+0	5.7698E+0	5.3583E+0	5.0433E+0	4.7864E+0	4.5794E+0
7.9406E+2	4.1891E+2	2.8301E+2	1.5827E+2	9.2814E+1	7.4300E+1	5.9989E+1	4.6567E+1	3.7528E+1	2.9853E+1	2.3330E+1	1.8536E+1	1.4741E+1	1.2308E+1	1.0243E+1	8.8360E+0	7.8321E+0	6.9194E+0	6.2716E+0	5.7706E+0	5.3587E+0	5.0432E+0	4.7868E+0	4.5798E+0
7.5561E+2	4.2492E+2	2.7069E+2	1.5693E+2	9.4604E+1	7.4004E+1	5.7293E+1	4.7049E+1	3.8014E+1	3.0014E+1	2.3260E+1	1.8632E+1	1.4765E+1	1.2301E+1	1.0242E+1	8.8355E+0	7.8352E+0	6.9196E+0	6.2719E+0	5.7701E+0	5.3598E+0	5.0435E+0	4.7873E+0	4.5798E+0
6.9711E+2	4.0130E+2	2.6960E+2	1.5898E+2	8.5264E+1	7.3695E+1	5.8180E+1	4.8392E+1	3.7633E+1	2.9970E+1	2.3421E+1	1.8588E+1	1.4767E+1	1.2307E+1	1.0247E+1	8.8289E+0	7.8343E+0	6.9239E+0	6.2745E+0	5.7716E+0	5.3609E+0	5.0441E+0	4.7870E+0	4.5803E+0
6.1270E+2	3.2161E+2	2.6737E+2	1.8009E+2	9.5323E+1	7.1442E+1	5.8487E+1	4.6726E+1	3.7856E+1	2.9653E+1	2.3819E+1	1.8625E+1	1.4923E+1	1.2259E+1	1.0289E+1	8.8178E+0	7.8339E+0	6.9190E+0	6.2744E+0	5.7713E+0	5.3608E+0	5.0440E+0	4.7884E+0	4.5809E+0
7.9925E+2	4.0549E+2	2.6552E+2	1.6892E+2	9.9376E+1	7.6157E+1	6.0389E+1	4.7436E+1	3.8004E+1	3.0317E+1	2.3375E+1	1.8626E+1	1.4795E+1	1.2337E+1	1.0268E+1	8.8373E+0	7.8466E+0	6.9264E+0	6.2781E+0	5.7748E+0	5.3631E+0	5.0460E+0	4.7883E+0	4.5809E+0
7.1257E+2	3.6679E+2	2.9394E+2	1.6126E+2	7.9766E+1	7.4235E+1	5.8016E+1	4.8101E+1	3.8182E+1	2.9918E+1	2.3565E+1	1.8672E+1	1.4829E+1	1.2313E+1	1.0287E+1	8.8394E+0	7.8436E+0	6.9252E+0	6.2785E+0	5.7743E+0	5.3627E+0	5.0468E+0	4.7882E+0	4.5811E+0
8.0813E+2	3.8534E+2	2.8091E+2	1.7534E+2	8.5298E+1	7.3085E+1	5.7387E+1	4.5448E+1	3.8770E+1	2.9979E+1	2.3567E+1	1.8666E+1	1.4875E+1	1.2311E+1	1.0291E+1	8.8406E+0	7.8477E+0	6.9277E+0	6.2780E+0	5.7749E+0	5.3632E+0	5.0471E+0	4.7886E+0	4.5812E+0
6.0881E+2	3.5941E+2	2.8012E+2	1.6134E+2	9.1652E+1	7.4087E+1	5.9410E+1	4.7887E+1	3.8529E+1	3.0366E+1	2.3716E+1	1.8680E+1	1.4786E+1	1.2336E+1	1.0287E+1	8.8494E+0	7.8503E+0	6.9281E+0	6.2809E+0	5.7760E+0	5.3649E+0	5.0474E+0	4.7895E+0	4.5816E+0
5.2301E+2	4.0358E+2	2.9592E+2	1.6611E+2	8.4386E+1	7.2771E+1	5.8906E+1	4.7730E+1	3.8798E+1	2.9681E+1	2.4107E+1	1.8712E+1	1.4904E+1	1.2318E+1	1.0310E+1	8.8500E+0	7.8575E+0	6.9363E+0	6.2819E+0	5.7786E+0	5.3660E+0	5.0478E+0	4.7899E+0	4.5820E+0
7.6106E+2	4.0409E+2	2.8798E+2	1.6672E+2	8.5377E+1	7.4386E+1	5.6251E+1	4.8811E+1	3.8075E+1	3.0008E+1	2.3569E+1	1.8669E+1	1.4849E+1	1.2347E+1	1.0289E+1	8.8579E+0	7.8572E+0	6.9342E+0	6.2845E+0	5.7793E+0	5.3664E+0	5.0485E+0	4.7903E+0	4.5828E+0
6.6531E+2	3.8217E+2	2.8001E+2	1.6774E+2	9.5487E+1	7.2188E+1	6.0479E+1	4.6305E+1	3.7929E+1	3.0176E+1	2.3617E+1	1.8699E+1	1.4852E+1	1.2360E+1	1.0301E+1	8.8614E+0	7.8562E+0	6.9346E+0	6.2867E+0	5.7796E+0	5.3672E+0	5.0490E+0	4.7908E+0	4.5829E+0
6.9396E+2	3.9390E+2	2.7553E+2	1.5791E+2	9.6855E+1	7.3138E+1	5.9240E+1	4.6860E+1	3.8255E+1	3.0396E+1	2.3647E+1	1.8703E+1	1.4893E+1	1.2371E+1	1.0311E+1	8.8619E+0	7.8601E+0	6.9405E+0	6.2872E+0	5.7809E+0	5.3676E+0	5.0496E+0	4.7911E+0	4.5830E+0
7.0100E+2	3.8063E+2	2.9522E+2	1.7082E+2	8.4483E+1	7.4859E+1	6.1926E+1	4.8004E+1	3.8192E+1	3.0057E+1	2.3568E+1	1.8736E+1	1.4870E+1	1.2357E+1	1.0304E+1	8.8623E+0	7.8607E+0	6.9379E+0	6.2894E+0	5.7812E+0	5.3674E+0	5.0496E+0	4.7914E+0	4.5833E+0
6.7289E+2	3.8199E+2	2.7708E+2	1.6749E+2	9.4221E+1	7.1768E+1	5.8867E+1	4.5478E+1	3.8516E+1	2.9711E+1	2.4011E+1	1.8880E+1	1.4921E+1	1.2350E+1	1.0325E+1	8.8777E+0	7.8727E+0	6.9483E+0	6.2950E+0	5.7833E+0	5.3690E+0	5.0507E+0	4.7918E+0	4.5841E+0
6.9416E+2	4.1825E+2	2.8723E+2	1.6319E+2	8.4431E+1	7.7534E+1	5.9260E+1	4.6731E+1	3.7898E+1	3.0223E+1	2.3618E+1	1.8730E+1	1.4898E+1	1.2402E+1	1.0316E+1	8.8822E+0	7.8678E+0	6.9463E+0	6.2924E+0	5.7854E+0	5.3700E+0	5.0516E+0	4.7926E+0	4.5844E+0
6.5444E+2	3.6064E+2	2.9091E+2	1.6545E+2	9.2306E+1	7.6055E+1	5.9060E+1	4.6328E+1	3.7879E+1	2.9898E+1	2.3811E+1	1.8773E+1	1.4935E+1	1.2373E+1	1.0332E+1	8.8893E+0	7.8725E+0	6.9480E+0	6.2936E+0	5.7856E+0	5.3709E+0	5.0515E+0	4.7931E+0	4.5842E+0
6.1685E+2	3.8096E+2	2.8528E+2	1.7811E+2	9.4146E+1	7.3786E+1	5.9693E+1	4.4593E+1	3.7924E+1	2.9883E+1	2.3850E+1	1.8802E+1	1.4943E+1	1.2359E+1	1.0336E+1	8.8855E+0	7.8762E+0	6.9489E+0	6.2949E+0	5.7862E+0	5.3718E+0	5.0522E+0	4.7930E+0	4.5845E+0
7.4919E+2	3.9979E+2	2.8106E+2	1.6504E+2	9.8722E+1	7.5960E+1	5.7511E+1	4.7674E+1	3.7834E+1	3.0205E+1	2.3629E+1	1.8763E+1	1.4875E+1	1.2414E+1	1.0321E+1	8.8797E+0	7.8703E+0	6.9501E+0	6.2954E+0	5.7881E+0	5.3716E+0	5.0529E+0	4.7935E+0	4.5844E+0
6.2308E+2	4.0032E+2	2.7459E+2	1.7337E+2	8.5918E+1	7.3399E+1	5.6659E+1	4.8614E+1	3.8104E+1	3.0065E+1	2.3918E+1	1.8958E+1	1.4963E+1	1.2383E+1	1.0339E+1	8.8996E+0	7.8768E+0	6.9526E+0	6.2981E+0	5.7896E+0	5.3729E+0	5.0543E+0	4.7942E+0	4.5851E+0
7.7485E+2	3.7572E+2	2.6627E+2	1.7180E+2	7.4026E+1	7.5945E+1	6.0103E+1	4.5473E+1	3.8421E+1	3.0339E+1	2.3862E+1	1.8827E+1	1.4990E+1	1.2435E+1	1.0341E+1	8.8981E+0	7.8792E+0	6.9535E+0	6.2994E+0	5.7906E+0	5.3734E+0	5.0547E+0	4.7950E+0	4.5857E+0
7.7221E+2	4.0646E+2	2.7934E+2	1.6204E+2	8.8910E+1	7.5382E+1	5.8596E+1	4.7695E+1	3.8066E+1	3.0471E+1	2.3780E+1	1.8803E+1	1.4926E+1	1.2428E+1	1.0351E+1	8.8880E+0	7.8833E+0	6.9598E+0	6.3003E+0	5.7911E+0	5.3749E+0	5.0552E+0	4.7945E+0	4.5862E+0
6.3715E+2	4.2378E+2	2.7666E+2	1.6368E+2	9.3435E+1	7.5034E+1	5.9640E+1	4.5710E+1	3.8684E+1	3.0258E+1	2.3900E+1	1.8782E+1	1.4961E+1	1.2429E+1	1.0348E+1	8.9018E+0	7.8888E+0	6.9563E+0	6.2994E+0	5.7916E+0	5.3753E+0	5.0546E+0	4.7952E+0	4.5863E+0
5.3681E+2	3.3455E+2	2.8925E+2	1.8321E+2	9.0944E+1	7.3315E+1	5.8360E+1	4.6400E+1	3.8680E+1	3.0235E+1	2.4128E+1	1.9000E+1	1.5006E+1	1.2425E+1	1.0341E+1	8.9117E+0	7.8793E+0	6.9526E+0	6.2997E+0	5.7945E+0	5.3760E+0	5.0557E+0	4.7956E+0	4.5861E+0
6.7808E+2	3.9177E+2	2.7826E+2	1.6891E+2	9.3935E+1	7.5932E+1	5.8291E+1	4.7968E+1	3.8285E+1	3.0501E+1	2.3757E+1	1.8842E+1	1.4989E+1	1.2453E+1	1.0355E+1	8.9015E+0	7.8957E+0	6.9620E+0	6.3056E+0	5.7946E+0	5.3776E+0	5.0567E+0	4.7963E+0	4.5873E+0
7.0275E+2	4.3836E+2	2.7086E+2	1.6281E+2	9.2552E+1	7.5766E+1	5.9909E+1	4.9394E+1	3.8416E+1	3.0624E+1	2.3778E+1	1.8916E+1	1.5000E+1	1.2441E+1	1.0365E+1	8.9105E+0	7.8910E+0	6.9649E+0	6.3065E+0	5.7954E+0	5.3778E+0	5.0575E+0	4.7965E+0	4.5872E+0
7.4023E+2	4.3580E+2	2.8278E+2	1.6363E+2	9.6140E+1	7.7193E+1	6.1217E+1	4.8930E+1	3.8388E+1	3.0289E+1	2.3895E+1	1.8858E+1	1.4965E+1	1.2463E+1	1.0371E+1	8.9134E+0	7.8958E+0	6.9644E+0	6.3078E+0	5.7957E+0	5.3786E+0	5.0579E+0	4.7970E+0	4.5877E+0
7.1245E+2	4.0749E+2	2.5841E+2	1.7075E+2	8.4241E+1	7.6213E+1	6.0557E+1	5.0412E+1	3.8317E+1	3.0445E+1	2.3838E+1	1.8797E+1	1.4971E+1	1.2453E+1	1.0383E+1	8.9179E+0	7.9004E+0	6.9675E+0	6.3077E+0	5.7963E+0	5.3791E+0	5.0583E+0	4.7971E+0	4.5877E+0
7.3214E+2	3.7264E+2	2.9952E+2	1.6759E+2	1.0552E+2	7.3964E+1	5.9225E+1	4.8514E+1	3.8764E+1	3.0553E+1	2.4123E+1	1.9019E+1	1.5000E+1	1.2476E+1	1.0355E+1	8.9266E+0	7.8932E+0	6.9686E+0	6.3105E+0	5.7971E+0	5.3787E+0	5.0578E+0	4.7975E+0	4.5882E+0
7.1887E+2	3.8341E+2	2.9392E+2	1.7576E+2	9.2336E+1	7.4997E+1	6.0621E+1	4.7306E+1	3.9476E+1	3.0191E+1	2.4144E+1	1.8998E+1	1.5012E+1	1.2496E+1	1.0372E+1	8.9335E+0	7.9033E+0	6.9714E+0	6.3150E+0	5.8002E+0	5.3809E+0	5.0594E+0	4.7985E+0	4.5883E+0
8.0029E+2	3.9759E+2	2.9614E+2	1.6544E+2	7.6868E+1	7.5319E+1	6.1363E+1	4.5412E+1	3.8555E+1	3.0340E+1	2.4077E+1	1.8913E+1	1.5050E+1	1.2486E+1	1.0388E+1	8.9320E+0	7.9090E+0	6.9758E+0	6.3138E+0	5.7999E+0	5.3811E+0	5.0598E+0	4.7989E+0	4.5886E+0
7.9355E+2	4.0116E+2	2.7820E+2	1.5886E+2	9.5232E+1	7.7768E+1	6.1354E+1	4.8739E+1	3.8325E+1	3.0547E+1	2.3784E+1	1.8908E+1	1.5036E+1	1.2491E+1	1.0395E+1	8.9395E+0	7.9098E+0	6.9744E+0	6.3136E+0	5.8004E+0	5.3812E+0	5.0599E+0	4.7995E+0	4.5892E+0
7.8848E+2	4.2820E+2	2.7195E+2	1.6727E+2	8.7115E+1	7.5669E+1	5.9889E+1	4.5595E+1	3.8143E+1	3.0541E+1	2.3864E+1	1.8927E+1	1.5037E+1	1.2498E+1	1.0394E+1	8.9334E+0	7.9140E+0	6.9782E+0	6.3160E+0	5.8015E+0	5.3822E+0	5.0610E+0	4.8000E+0	4.5889E+0
6.5135E+2	3.3662E+2	2.8504E+2	1.7278E+2	9.3837E+1	7.2942E+1	5.7923E+1	4.7549E+1	3.8633E+1	3.0336E+1	2.4163E+1	1.9126E+1	1.5025E+1	1.2540E+1	1.0380E+1	8.9306E+0	7.9145E+0	6.9831E+0	6.3190E+0	5.8056E+0	5.3847E+0	5.0611E+0	4.7989E+0	4.5895E+0
6.8301E+2	3.9083E+2	2.9075E+2	1.6955E+2	8.9738E+1	7.9136E+1	6.2019E+1	4.9230E+1	3.8848E+1	3.0992E+1	2.3938E+1	1.9013E+1	1.5053E+1	1.2526E+1	1.0409E+1	8.9498E+0	7.9178E+0	6.9818E+0	6.3194E+0	5.8058E+0	5.3841E+0	5.0625E+0	4.8010E+0	4.5901E+0
6.9322E+2	4.3801E+2	2.7946E+2	1.7594E+2	7.8378E+1	7.3129E+1	6.0706E+1	4.5807E+1	3.8500E+1	3.1256E+1	2.3900E+1	1.8966E+1	1.5071E+1	1.2497E+1	1.0417E+1	8.9478E+0	7.9248E+0	6.9813E+0	6.3207E+0	5.8060E+0	5.3855E+0	5.0627E+0	4.8009E+0	4.5903E+0
7.9770E+2	4.0902E+2	2.7875E+2	1.7235E+2	1.0532E+2	7.5507E+1	6.2143E+1	4.6634E+1	3.8515E+1	3.0658E+1	2.4149E+1	1.9048E+1	1.5053E+1	1.2524E+1	1.0417E+1	8.9509E+0	7.9255E+0	6.9880E+0	6.3208E+0	5.8060E+0	5.3856E+0	5.0632E+0	4.8011E+0	4.5907E+0
7.4031E+2	4.0322E+2	2.9042E+2	1.8010E+2	8.7683E+1	7.7184E+1	5.9693E+1	4.9062E+1	3.9098E+1	3.1588E+1	2.4127E+1	1.8951E+1	1.5067E+1	1.2506E+1	1.0418E+1	8.9524E+0	7.9261E+0	6.9883E+0	6.3234E+0	5.8079E+0	5.3869E+0	5.0640E+0	4.8015E+0	4.5908E+0
6.9719E+2	3.6890E+2	2.9997E+2	1.6662E+2	8.1286E+1	7.3822E+1	5.8920E+1	4.7152E+1	3.9125E+1	3.0387E+1	2.4462E+1	1.9268E+1	1.5013E+1	1.2574E+1	1.0394E+1	8.9428E+0	7.9367E+0	6.9891E+0	6.3220E+0	5.8073E+0	5.3875E+0	5.0646E+0	4.8017E+0	4.5911E+0
6.9868E+2	3.8594E+2	2.8745E+2	1.7465E+2	9.7143E+1	7.8130E+1	5.8661E+1	4.8286E+1	3.8271E+1	3.0647E+1	2.4090E+1	1.9108E+1	1.5103E+1	1.2561E+1	1.0422E+1	8.9542E+0	7.9372E+0	6.9925E+0	6.3258E+0	5.8100E+0	5.3894E+0	5.0651E+0	4.8028E+0	4.5914E+0
7.0866E+2	4.2314E+2	2.8421E+2	1.6563E+2	8.0576E+1	7.4316E+1	5.9033E+1	4.8270E+1	3.9184E+1	3.0815E+1	2.4149E+1	1.8966E+1	1.5098E+1	1.2546E+1	1.0436E+1	8.9605E+0	7.9362E+0	6.9924E+0	6.3263E+0	5.8111E+0	5.3882E+0	5.0652E+0	4.8030E+0	4.5923E+0
6.9070E+2	3.9985E+2	3.0291E+2	1.6581E+2	8.5641E+1	7.8952E+1	6.2799E+1	5.0935E+1	3.8901E+1	3.0987E+1	2.3996E+1	1.9031E+1	1.5112E+1	1.2563E+1	1.0428E+1	8.9561E+0	7.9363E+0	6.9948E+0	6.3287E+0	5.8113E+0	5.3898E+0	5.0664E+0	4.8032E+0	4.5924E+0
8.2211E+2	4.1299E+2	2.7867E+2	1.7198E+2	8.1917E+1	7.3797E+1	6.0325E+1	5.0523E+1	3.9347E+1	3.0857E+1	2.4162E+1	1.9063E+1	1.5095E+1	1.2550E+1	1.0433E+1	8.9671E+0	7.9434E+0	6.9974E+0	6.3305E+0	5.8131E+0	5.3908E+0	5.0663E+0	4.8038E+0	4.5924E+0
5.8672E+2	3.4868E+2	3.1599E+2	1.8395E+2	9.3858E+1	7.3639E+1	6.0929E+1	4.7550E+1	3.8580E+1	3.0744E+1	2.4420E+1	1.9288E+1	1.5019E+1	1.2643E+1	1.0433E+1	8.9606E+0	7.9492E+0	6.9933E+0	6.3358E+0	5.8163E+0	5.3915E+0	5.0681E+0	4.8046E+0	4.5934E+0
7.8687E+2	4.4669E+2	2.8111E+2	1.6831E+2	8.6890E+1	7.8165E+1	6.1034E+1	4.9656E+1	3.9321E+1	3.1493E+1	2.4163E+1	1.9002E+1	1.5181E+1	1.2566E+1	1.0456E+1	8.9842E+0	7.9447E+0	7.0015E+0	6.3327E+0	5.8159E+0	5.3933E+0	5.0686E+0	4.8045E+0	4.5932E+0
8.1320E+2	4.0113E+2	2.7536E+2	1.6525E+2	8.6424E+1	7.6317E+1	6.0817E+1	4.9631E+1	3.9078E+1	3.0468E+1	2.4340E+1	1.9146E+1	1.5157E+1	1.2578E+1	1.0456E+1	8.9840E+0	7.9510E+0	7.0013E+0	6.3339E+0	5.8161E+0	5.3929E+0	5.0691E+0	4.8053E+0	4.5935E+0
6.7447E+2	3.9150E+2	3.0303E+2	1.6957E+2	9.1070E+1	7.5832E+1	6.1097E+1	4.9917E+1	3.8563E+1	3.0850E+1	2.4123E+1	1.9171E+1	1.5140E+1	1.2611E+1	1.0464E+1	8.9813E+0	7.9469E+0	7.0042E+0	6.3377E+0	5.8177E+0	5.3935E+0	5.0689E+0	4.8052E+0	4.5940E+0
7.5538E+2	4.0239E+2	2.7589E+2	1.7146E+2	9.3590E+1	7.6343E+1	6.1333E+1	4.9442E+1	3.9025E+1	3.1204E+1	2.4082E+1	1.9166E+1	1.5144E+1	1.2605E+1	1.0475E+1	8.9829E+0	7.9511E+0	7.0040E+0	6.3372E+0	5.8175E+0	5.3940E+0	5.0694E+0	4.8061E+0	4.5942E+0
6.2542E+2	3.4299E+2	2.9346E+2	1.5965E+2	1.0160E+2	7.5926E+1	5.8502E+1	4.6776E+1	3.9104E+1	3.0553E+1	2.4474E+1	1.9314E+1	1.5099E+1	1.2651E+1	1.0488E+1	9.0013E+0	7.9517E+0	7.0096E+0	6.3379E+0	5.8174E+0	5.3965E+0	5.0709E+0	4.8064E+0	4.5943E+0
6.9156E+2	4.3017E+2	2.9399E+2	1.7657E+2	9.4489E+1	7.5997E+1	6.0611E+1	4.8997E+1	3.9667E+1	3.1147E+1	2.4382E+1	1.9146E+1	1.5204E+1	1.2622E+1	1.0476E+1	8.9998E+0	7.9615E+0	7.0109E+0	6.3416E+0	5.8213E+0	5.3963E+0	5.0707E+0	4.8068E+0	4.5948E+0
7.1835E+2	4.2887E+2	2.9275E+2	1.6860E+2	9.5983E+1	7.8495E+1	5.9608E+1	5.0927E+1	3.9256E+1	3.0980E+1	2.4160E+1	1.9192E+1	1.5232E+1	1.2593E+1	1.0477E+1	8.9999E+0	7.9638E+0	7.0125E+0	6.3426E+0	5.8220E+0	5.3965E+0	5.0713E+0	4.8070E+0	4.5950E+0
8.6546E+2	4.2572E+2	3.1410E+2	1.7688E+2	8.4542E+1	8.1193E+1	6.1915E+1	4.6775E+1	3.8638E+1	3.0870E+1	2.4362E+1	1.9151E+1	1.5161E+1	1.2619E+1	1.0493E+1	9.0086E+0	7.9585E+0	7.0161E+0	6.3412E+0	5.8225E+0	5.3976E+0	5.0721E+0	4.8075E+0	4.5953E+0
6.5002E+2	4.3430E+2	2.8119E+2	1.6783E+2	9.4491E+1	7.6364E+1	6.0706E+1	4.7383E+1	3.8600E+1	3.0577E+1	2.4398E+1	1.9149E+1	1.5183E+1	1.2628E+1	1.0498E+1	9.0083E+0	7.9650E+0	7.0129E+0	6.3437E+0	5.8234E+0	5.3980E+0	5.0722E+0	4.8075E+0	4.5957E+0
5.7307E+2	3.3352E+2	2.6544E+2	1.7794E+2	9.8459E+1	7.1605E+1	6.0702E+1	4.9529E+1	3.9925E+1	3.0680E+1	2.4267E+1	1.9390E+1	1.5103E+1	1.2705E+1	1.0530E+1	9.0272E+0	7.9598E+0	7.0254E+0	6.3446E+0	5.8259E+0	5.3981E+0	5.0737E+0	4.8089E+0	4.5966E+0
8.1310E+2	4.2507E+2	2.9858E+2	1.6541E+2	9.0285E+1	7.7108E+1	6.2941E+1	4.9196E+1	3.9661E+1	3.1314E+1	2.4364E+1	1.9228E+1	1.5220E+1	1.2646E+1	1.0506E+1	9.0098E+0	7.9757E+0	7.0187E+0	6.3480E+0	5.8259E+0	5.4001E+0	5.0744E+0	4.8089E+0	4.5963E+0
8.2142E+2	3.9976E+2	2.8914E+2	1.6732E+2	8.5033E+1	7.8250E+1	6.0021E+1	4.8585E+1	3.8562E+1	3.0868E+1	2.4202E+1	1.9306E+1	1.5190E+1	1.2659E+1	1.0508E+1	9.0225E+0	7.9780E+0	7.0256E+0	6.3489E+0	5.8268E+0	5.4010E+0	5.0745E+0	4.8092E+0	4.5966E+0
7.6029E+2	3.9741E+2	2.9634E+2	1.6707E+2	8.8929E+1	7.8906E+1	6.2691E+1	4.7829E+1	4.0057E+1	3.1051E+1	2.4344E+1	1.9291E+1	1.5261E+1	1.2648E+1	1.0505E+1	9.0201E+0	7.9799E+0	7.0249E+0	6.3516E+0	5.8279E+0	5.4007E+0	5.0744E+0	4.8095E+0	4.5969E+0
8.1006E+2	4.3495E+2	2.9384E+2	1.7641E+2	9.9159E+1	8.0884E+1	6.1409E+1	4.8952E+1	3.8990E+1	3.1233E+1	2.4255E+1	1.9208E+1	1.5296E+1	1.2647E+1	1.0501E+1	9.0118E+0	7.9798E+0	7.0245E+0	6.3504E+0	5.8287E+0	5.4022E+0	5.0748E+0	4.8100E+0	4.5972E+0
5.7992E+2	3.8754E+2	2.9106E+2	1.8108E+2	9.4082E+1	7.3441E+1	6.0676E+1	5.1967E+1	3.9552E+1	3.0655E+1	2.4573E+1	1.9407E+1	1.5172E+1	1.2686E+1	1.0547E+1	9.0448E+0	7.9836E+0	7.0311E+0	6.3559E+0	5.8281E+0	5.4034E+0	5.0764E+0	4.8103E+0	4.5979E+0
7.4075E+2	4.0126E+2	3.0120E+2	1.6796E+2	9.2365E+1	7.6785E+1	6.1334E+1	5.1950E+1	3.9722E+1	3.1320E+1	2.4469E+1	1.9287E+1	1.5254E+1	1.2703E+1	1.0533E+1	9.0359E+0	7.9870E+0	7.0310E+0	6.3551E+0	5.8308E+0	5.4033E+0	5.0766E+0	4.8107E+0	4.5980E+0
8.0086E+2	4.0883E+2	2.9102E+2	1.7145E+2	8.9146E+1	7.7189E+1	6.2256E+1	5.1852E+1	3.9024E+1	3.1160E+1	2.4482E+1	1.9319E+1	1.5308E+1	1.2683E+1	1.0525E+1	9.0282E+0	7.9876E+0	7.0302E+0	6.3557E+0	5.8326E+0	5.4046E+0	5.0770E+0	4.8110E+0	4.5983E+0
6.9765E+2	3.9638E+2	2.8924E+2	1.7216E+2	9.7075E+1	8.0108E+1	6.1567E+1	4.7432E+1	3.9410E+1	3.1312E+1	2.4302E+1	1.9293E+1	1.5255E+1	1.2688E+1	1.0536E+1	9.0335E+0	7.9900E+0	7.0357E+0	6.3577E+0	5.8331E+0	5.4054E+0	5.0770E+0	4.8121E+0	4.5985E+0
5.2683E+2	3.5533E+2	3.0487E+2	1.8463E+2	9.1167E+1	7.6330E+1	6.2394E+1	5.0080E+1	4.0171E+1	3.1065E+1	2.4332E+1	1.9282E+1	1.5164E+1	1.2690E+1	1.0562E+1	9.0469E+0	7.9951E+0	7.0295E+0	6.3598E+0	5.8332E+0	5.4057E+0	5.0772E+0	4.8117E+0	4.5993E+0
7.6849E+2	4.0581E+2	2.6435E+2	1.6739E+2	8.2934E+1	7.7460E+1	5.9536E+1	4.9748E+1	3.9788E+1	3.1555E+1	2.4512E+1	1.9337E+1	1.5309E+1	1.2717E+1	1.0550E+1	9.0446E+0	7.9990E+0	7.0395E+0	6.3631E+0	5.8357E+0	5.4075E+0	5.0789E+0	4.8126E+0	4.5994E+0
7.1635E+2	4.0277E+2	2.8675E+2	1.8536E+2	9.0327E+1	8.0067E+1	6.1815E+1	4.9979E+1	3.9578E+1	3.1277E+1	2.4439E+1	1.9258E+1	1.5313E+1	1.2713E+1	1.0549E+1	9.0517E+0	8.0021E+0	7.0402E+0	6.3621E+0	5.8361E+0	5.4080E+0	5.0794E+0	4.8133E+0	4.5999E+0
7.8450E+2	4.2616E+2	2.7103E+2	1.7494E+2	9.4341E+1	7.6901E+1	6.0804E+1	5.0073E+1	4.0058E+1	3.1370E+1	2.4725E+1	1.9460E+1	1.5331E+1	1.2707E+1	1.0553E+1	9.0533E+0	8.0059E+0	7.0416E+0	6.3626E+0	5.8387E+0	5.4088E+0	5.0802E+0	4.8135E+0	4.5999E+0
8.5379E+2	4.1364E+2	2.8797E+2	1.6993E+2	1.0399E+2	8.1554E+1	6.1643E+1	4.7545E+1	3.9654E+1	3.1861E+1	2.4541E+1	1.9349E+1	1.5358E+1	1.2725E+1	1.0543E+1	9.0495E+0	8.0007E+0	7.0416E+0	6.3681E+0	5.8377E+0	5.4088E+0	5.0794E+0	4.8140E+0	4.5997E+0
6.5966E+2	4.0683E+2	2.9757E+2	1.7894E+2	8.6256E+1	7.8359E+1	6.2110E+1	5.0148E+1	3.9664E+1	3.1204E+1	2.4657E+1	1.9449E+1	1.5308E+1	1.2699E+1	1.0561E+1	9.0630E+0	8.0133E+0	7.0417E+0	6.3626E+0	5.8386E+0	5.4096E+0	5.0811E+0	4.8141E+0	4.6001E+0
7.4045E+2	4.6281E+2	2.7612E+2	1.6155E+2	1.0390E+2	7.9666E+1	6.4491E+1	5.2011E+1	4.0338E+1	3.1398E+1	2.4532E+1	1.9423E+1	1.5348E+1	1.2738E+1	1.0570E+1	9.0632E+0	8.0135E+0	7.0485E+0	6.3688E+0	5.8414E+0	5.4115E+0	5.0815E+0	4.8150E+0	4.6015E+0
6.4146E+2	3.9667E+2	2.9891E+2	1.7455E+2	9.8934E+1	7.5886E+1	6.2826E+1	5.0856E+1	3.9185E+1	3.1541E+1	2.4394E+1	1.9433E+1	1.5364E+1	1.2748E+1	1.0576E+1	9.0671E+0	8.0175E+0	7.0511E+0	6.3692E+0	5.8418E+0	5.4117E+0	5.0821E+0	4.8158E+0	4.6015E+0
7.6909E+2	4.2425E+2	2.7663E+2	1.6438E+2	9.0684E+1	7.9375E+1	6.6109E+1	4.8427E+1	3.9437E+1	3.1525E+1	2.4546E+1	1.9427E+1	1.5413E+1	1.2761E+1	1.0573E+1	9.0718E+0	8.0087E+0	7.0507E+0	6.3718E+0	5.8426E+0	5.4123E+0	5.0826E+0	4.8160E+0	4.6017E+0
6.1898E+2	3.9832E+2	2.9270E+2	1.7515E+2	1.0176E+2	7.6252E+1	6.3421E+1	5.0886E+1	3.9474E+1	3.1498E+1	2.4550E+1	1.9433E+1	1.5383E+1	1.2741E+1	1.0580E+1	9.0622E+0	8.0206E+0	7.0542E+0	6.3721E+0	5.8416E+0	5.4131E+0	5.0833E+0	4.8159E+0	4.6015E+0
6.7594E+2	3.9396E+2	2.7854E+2	1.7456E+2	1.0216E+2	7.5118E+1	6.3163E+1	4.8980E+1	3.9018E+1	3.1676E+1	2.4482E+1	1.9318E+1	1.5401E+1	1.2735E+1	1.0581E+1	9.0612E+0	8.0274E+0	7.0593E+0	6.3764E+0	5.8448E+0	5.4145E+0	5.0845E+0	4.8161E+0	4.6022E+0
8.0343E+2	4.3636E+2	2.6967E+2	1.8711E+2	9.0017E+1	8.1063E+1	6.4015E+1	4.9490E+1	4.0222E+1	3.1989E+1	2.4821E+1	1.9491E+1	1.5426E+1	1.2776E+1	1.0594E+1	9.0928E+0	8.0226E+0	7.0601E+0	6.3742E+0	5.8455E+0	5.4154E+0	5.0850E+0	4.8171E+0	4.6029E+0
6.9474E+2	4.5681E+2	3.0056E+2	1.7650E+2	1.0336E+2	7.5032E+1	6.0685E+1	4.9185E+1	3.9109E+1	3.1155E+1	2.4721E+1	1.9535E+1	1.5388E+1	1.2778E+1	1.0596E+1	9.0874E+0	8.0327E+0	7.0607E+0	6.3772E+0	5.8463E+0	5.4156E+0	5.0851E+0	4.8173E+0	4.6029E+0
9.5820E+2	4.1735E+2	2.9054E+2	1.6719E+2	9.6590E+1	8.0459E+1	6.2565E+1	5.0258E+1	3.9791E+1	3.1966E+1	2.4528E+1	1.9507E+1	1.5409E+1	1.2784E+1	1.0599E+1	9.0908E+0	8.0277E+0	7.0623E+0	6.3775E+0	5.8477E+0	5.4170E+0	5.0857E+0	4.8177E+0	4.6029E+0
6.8647E+2	4.4342E+2	2.8816E+2	1.7289E+2	1.0776E+2	7.9127E+1	6.1662E+1	4.9631E+1	3.9911E+1	3.2165E+1	2.4894E+1	1.9498E+1	1.5432E+1	1.2794E+1	1.0607E+1	9.0913E+0	8.0283E+0	7.0617E+0	6.3773E+0	5.8485E+0	5.4167E+0	5.0862E+0	4.8180E+0	4.6034E+0
6.0135E+2	3.4088E+2	3.0893E+2	1.8507E+2	9.6178E+1	7.7130E+1	6.4407E+1	5.0476E+1	3.9431E+1	3.1656E+1	2.4722E+1	1.9415E+1	1.5481E+1	1.2737E+1	1.0573E+1	9.0730E+0	8.0278E+0	7.0664E+0	6.3807E+0	5.8510E+0	5.4170E+0	5.0875E+0	4.8189E+0	4.6034E+0
8.2114E+2	4.2891E+2	2.8308E+2	1.7214E+2	9.3874E+1	7.6098E+1	6.2393E+1	4.9079E+1	4.0645E+1	3.1802E+1	2.4657E+1	1.9641E+1	1.5496E+1	1.2810E+1	1.0632E+1	9.1019E+0	8.0399E+0	7.0676E+0	6.3839E+0	5.8516E+0	5.4195E+0	5.0878E+0	4.8191E+0	4.6041E+0
6.9266E+2	4.2181E+2	2.7470E+2	1.7989E+2	8.4290E+1	8.2740E+1	6.3698E+1	4.8648E+1	3.9994E+1	3.1623E+1	2.4724E+1	1.9578E+1	1.5477E+1	1.2839E+1	1.0631E+1	9.1082E+0	8.0452E+0	7.0686E+0	6.3838E+0	5.8522E+0	5.4203E+0	5.0883E+0	4.8196E+0	4.6042E+0
7.6609E+2	4.3201E+2	2.9000E+2	1.8008E+2	8.8715E+1	8.1755E+1	6.2301E+1	5.0741E+1	4.0341E+1	3.1580E+1	2.4908E+1	1.9588E+1	1.5477E+1	1.2828E+1	1.0642E+1	9.1057E+0	8.0474E+0	7.0712E+0	6.3861E+0	5.8544E+0	5.4207E+0	5.0888E+0	4.8202E+0	4.6049E+0
7.3327E+2	3.8971E+2	3.0837E+2	1.7675E+2	1.0013E+2	7.9332E+1	6.4373E+1	4.9929E+1	3.9976E+1	3.2046E+1	2.4518E+1	1.9551E+1	1.5453E+1	1.2818E+1	1.0613E+1	9.0993E+0	8.0437E+0	7.0718E+0	6.3838E+0	5.8537E+0	5.4214E+0	5.0887E+0	4.8199E+0	4.6046E+0
6.2573E+2	3.6714E+2	3.1282E+2	1.8802E+2	8.7929E+1	7.8081E+1	6.3981E+1	5.2295E+1	3.9411E+1	3.1890E+1	2.4704E+1	1.9492E+1	1.5525E+1	1.2789E+1	1.0610E+1	9.1080E+0	8.0422E+0	7.0693E+0	6.3835E+0	5.8543E+0	5.4222E+0	5.0901E+0	4.8211E+0	4.6054E+0
7.4009E+2	4.2998E+2	2.9091E+2	1.7308E+2	1.0477E+2	8.0146E+1	6.2719E+1	5.1685E+1	4.0251E+1	3.1529E+1	2.4920E+1	1.9540E+1	1.5497E+1	1.2830E+1	1.0636E+1	9.1183E+0	8.0524E+0	7.0747E+0	6.3899E+0	5.8573E+0	5.4228E+0	5.0907E+0	4.8215E+0	4.6058E+0
8.0433E+2	4.0853E+2	3.1055E+2	1.6503E+2	1.1176E+2	7.9057E+1	6.3536E+1	4.8614E+1	3.9952E+1	3.1580E+1	2.4724E+1	1.9541E+1	1.5522E+1	1.2841E+1	1.0641E+1	9.1151E+0	8.0522E+0	7.0836E+0	6.3924E+0	5.8574E+0	5.4233E+0	5.0912E+0	4.8219E+0	4.6059E+0
6.3879E+2	4.1962E+2	2.8759E+2	1.6833E+2	1.0252E+2	7.8718E+1	6.2357E+1	5.1539E+1	3.9714E+1	3.2265E+1	2.4827E+1	1.9634E+1	1.5504E+1	1.2842E+1	1.0641E+1	9.1287E+0	8.0587E+0	7.0784E+0	6.3939E+0	5.8594E+0	5.4241E+0	5.0912E+0	4.8219E+0	4.6065E+0
7.4258E+2	4.0915E+2	3.1603E+2	1.6914E+2	1.0797E+2	7.8689E+1	6.1833E+1	5.1082E+1	4.0426E+1	3.2372E+1	2.4738E+1	1.9628E+1	1.5526E+1	1.2835E+1	1.0646E+1	9.1254E+0	8.0613E+0	7.0796E+0	6.3916E+0	5.8599E+0	5.4244E+0	5.0919E+0	4.8226E+0	4.6065E+0
5.9822E+2	3.6189E+2	3.0133E+2	1.8288E+2	1.0047E+2	7.7397E+1	6.4507E+1	5.0711E+1	3.9053E+1	3.1974E+1	2.4683E+1	1.9453E+1	1.5617E+1	1.2823E+1	1.0636E+1	9.1455E+0	8.0581E+0	7.0861E+0	6.4000E+0	5.8642E+0	5.4270E+0	5.0920E+0	4.8236E+0	4.6070E+0
8.1912E+2	4.1736E+2	2.9512E+2	1.7749E+2	8.2189E+1	8.1094E+1	6.2841E+1	4.8086E+1	3.9786E+1	3.2309E+1	2.4810E+1	1.9640E+1	1.5566E+1	1.2900E+1	1.0664E+1	9.1393E+0	8.0678E+0	7.0874E+0	6.3987E+0	5.8619E+0	5.4271E+0	5.0942E+0	4.8236E+0	4.6075E+0
7.3675E+2	4.1801E+2	2.9734E+2	1.7471E+2	1.0856E+2	8.0873E+1	6.3470E+1	4.8834E+1	4.0385E+1	3.1708E+1	2.4893E+1	1.9738E+1	1.5565E+1	1.2863E+1	1.0665E+1	9.1366E+0	8.0676E+0	7.0909E+0	6.3977E+0	5.8628E+0	5.4282E+0	5.0936E+0	4.8237E+0	4.6078E+0
7.3684E+2	4.2529E+2	3.0123E+2	1.8629E+2	9.5939E+1	7.9068E+1	6.4621E+1	5.0212E+1	4.0847E+1	3.1703E+1	2.4586E+1	1.9697E+1	1.5523E+1	1.2906E+1	1.0663E+1	9.1437E+0	8.0683E+0	7.0902E+0	6.3980E+0	5.8643E+0	5.4292E+0	5.0946E+0	4.8240E+0	4.6080E+0
8.4750E+2	4.5462E+2	3.0872E+2	1.6209E+2	9.3111E+1	7.8936E+1	6.3713E+1	5.1100E+1	4.0437E+1	3.1929E+1	2.4655E+1	1.9705E+1	1.5552E+1	1.2901E+1	1.0674E+1	9.1429E+0	8.0691E+0	7.0899E+0	6.4015E+0	5.8648E+0	5.4280E+0	5.0945E+0	4.8245E+0	4.6082E+0
6.0185E+2	3.6801E+2	2.9815E+2	1.7847E+2	1.0759E+2	8.1294E+1	6.5309E+1	5.2272E+1	3.9881E+1	3.2365E+1	2.4817E+1	1.9575E+1	1.5596E+1	1.2904E+1	1.0679E+1	9.1542E+0	8.0828E+0	7.0988E+0	6.4029E+0	5.8654E+0	5.4299E+0	5.0959E+0	4.8256E+0	4.6088E+0
7.9643E+2	4.4036E+2	2.8802E+2	1.8054E+2	9.6539E+1	7.9793E+1	6.2632E+1	4.8764E+1	4.0436E+1	3.2270E+1	2.4762E+1	1.9694E+1	1.5605E+1	1.2893E+1	1.0682E+1	9.1544E+0	8.0847E+0	7.0991E+0	6.4044E+0	5.8675E+0	5.4303E+0	5.0968E+0	4.8257E+0	4.6092E+0
7.8627E+2	4.4170E+2	2.8492E+2	1.5542E+2	8.9180E+1	7.6427E+1	6.4446E+1	5.0487E+1	4.0838E+1	3.2111E+1	2.4781E+1	1.9639E+1	1.5639E+1	1.2909E+1	1.0693E+1	9.1662E+0	8.0845E+0	7.1013E+0	6.4054E+0	5.8685E+0	5.4318E+0	5.0974E+0	4.8262E+0	4.6096E+0
8.1890E+2	4.4542E+2	2.8761E+2	1.7527E+2	9.4200E+1	7.9143E+1	6.3153E+1	5.0900E+1	4.0185E+1	3.2164E+1	2.4881E+1	1.9748E+1	1.5645E+1	1.2920E+1	1.0695E+1	9.1707E+0	8.0839E+0	7.1019E+0	6.4055E+0	5.8692E+0	5.4327E+0	5.0975E+0	4.8266E+0	4.6098E+0
8.4688E+2	4.8105E+2	3.1298E+2	1.8214E+2	9.2653E+1	8.3482E+1	6.6767E+1	4.9009E+1	4.0269E+1	3.2419E+1	2.4981E+1	1.9789E+1	1.5570E+1	1.2918E+1	1.0708E+1	9.1633E+0	8.0827E+0	7.0999E+0	6.4084E+0	5.8705E+0	5.4323E+0	5.0981E+0	4.8269E+0	4.6100E+0
8.1592E+2	4.0052E+2	3.1510E+2	1.7985E+2	9.5916E+1	7.9483E+1	6.5243E+1	5.1512E+1	3.9855E+1	3.2227E+1	2.4737E+1	1.9616E+1	1.5706E+1	1.2957E+1	1.0718E+1	9.1776E+0	8.0975E+0	7.1082E+0	6.4090E+0	5.8741E+0	5.4355E+0	5.0989E+0	4.8283E+0	4.6105E+0
8.1684E+2	4.3832E+2	2.7799E+2	1.7509E+2	8.6581E+1	7.9729E+1	6.2730E+1	4.7700E+1	4.1069E+1	3.1899E+1	2.5071E+1	1.9865E+1	1.5585E+1	1.2923E+1	1.0712E+1	9.1708E+0	8.0923E+0	7.1059E+0	6.4131E+0	5.8733E+0	5.4354E+0	5.0998E+0	4.8283E+0	4.6109E+0
7.6037E+2	4.2289E+2	2.9407E+2	1.7584E+2	9.6419E+1	8.0399E+1	6.2955E+1	5.1761E+1	4.0656E+1	3.2234E+1	2.4985E+1	1.9753E+1	1.5672E+1	1.2946E+1	1.0723E+1	9.1763E+0	8.0925E+0	7.1081E+0	6.4136E+0	5.8748E+0	5.4359E+0	5.1000E+0	4.8288E+0	4.6110E+0
8.1653E+2	4.4893E+2	2.9966E+2	1.7519E+2	1.0586E+2	7.9559E+1	6.4488E+1	5.0642E+1	4.0208E+1	3.2048E+1	2.5070E+1	1.9697E+1	1.5696E+1	1.2956E+1	1.0736E+1	9.1742E+0	8.0980E+0	7.1083E+0	6.4146E+0	5.8752E+0	5.4358E+0	5.1004E+0	4.8293E+0	4.6109E+0
7.7299E+2	4.2827E+2	3.0600E+2	1.7139E+2	9.1951E+1	8.2231E+1	6.5930E+1	4.9270E+1	4.0008E+1	3.1952E+1	2.4892E+1	1.9744E+1	1.5660E+1	1.2949E+1	1.0710E+1	9.1798E+0	8.0987E+0	7.1106E+0	6.4146E+0	5.8754E+0	5.4371E+0	5.1011E+0	4.8288E+0	4.6112E+0
7.3384E+2	3.8927E+2	3.3108E+2	1.8902E+2	9.5655E+1	8.4704E+1	6.4589E+1	5.2120E+1	4.0572E+1	3.2281E+1	2.4811E+1	1.9741E+1	1.5750E+1	1.3019E+1	1.0758E+1	9.1890E+0	8.1031E+0	7.1120E+0	6.4210E+0	5.8771E+0	5.4391E+0	5.1023E+0	4.8298E+0	4.6118E+0
8.6577E+2	3.8774E+2	3.0402E+2	1.7528E+2	1.1608E+2	8.3785E+1	6.4499E+1	5.0225E+1	4.0776E+1	3.2284E+1	2.4937E+1	1.9791E+1	1.5695E+1	1.2974E+1	1.0740E+1	9.1846E+0	8.1077E+0	7.1155E+0	6.4214E+0	5.8793E+0	5.4390E+0	5.1026E+0	4.8303E+0	4.6124E+0
8.2011E+2	4.5843E+2	2.9357E+2	1.8221E+2	1.0052E+2	7.9832E+1	6.3861E+1	5.3317E+1	4.1232E+1	3.2295E+1	2.5107E+1	2.0000E+1	1.5655E+1	1.2979E+1	1.0748E+1	9.1890E+0	8.1118E+0	7.1166E+0	6.4208E+0	5.8794E+0	5.4393E+0	5.1028E+0	4.8304E+0	4.6127E+0
7.7205E+2	4.3732E+2	3.0444E+2	1.7007E+2	1.0386E+2	8.2468E+1	6.5472E+1	5.0865E+1	4.1200E+1	3.2300E+1	2.5217E+1	1.9846E+1	1.5653E+1	1.2976E+1	1.0731E+1	9.1871E+0	8.1123E+0	7.1203E+0	6.4213E+0	5.8814E+0	5.4398E+0	5.1031E+0	4.8305E+0	4.6126E+0
7.3533E+2	3.8496E+2	3.1569E+2	1.7574E+2	1.0376E+2	7.8073E+1	6.3849E+1	5.2499E+1	4.0634E+1	3.2759E+1	2.5020E+1	1.9736E+1	1.5769E+1	1.3027E+1	1.0775E+1	9.1844E+0	8.1051E+0	7.1183E+0	6.4249E+0	5.8808E+0	5.4412E+0	5.1040E+0	4.8307E+0	4.6127E+0
7.8309E+2	4.0575E+2	2.8791E+2	1.8024E+2	1.0329E+2	7.8461E+1	6.6722E+1	4.9786E+1	4.1168E+1	3.2792E+1	2.5198E+1	1.9863E+1	1.5736E+1	1.3023E+1	1.0772E+1	9.2007E+0	8.1150E+0	7.1280E+0	6.4263E+0	5.8836E+0	5.4430E+0	5.1052E+0	4.8318E+0	4.6138E+0
8.0881E+2	4.7582E+2	2.9021E+2	1.8206E+2	9.4365E+1	8.1773E+1	6.2881E+1	4.8816E+1	4.1371E+1	3.2076E+1	2.5270E+1	1.9956E+1	1.5679E+1	1.2989E+1	1.0756E+1	9.2045E+0	8.1283E+0	7.1274E+0	6.4267E+0	5.8849E+0	5.4437E+0	5.1054E+0	4.8327E+0	4.6141E+0
7.9285E+2	4.3180E+2	3.0953E+2	1.7657E+2	1.1026E+2	8.4204E+1	6.5823E+1	4.8917E+1	4.1023E+1	3.2368E+1	2.5349E+1	1.9873E+1	1.5708E+1	1.3005E+1	1.0769E+1	9.2116E+0	8.1220E+0	7.1295E+0	6.4272E+0	5.8859E+0	5.4440E+0	5.1060E+0	4.8328E+0	4.6143E+0
6.9737E+2	4.2037E+2	3.0969E+2	1.6911E+2	9.8724E+1	8.1426E+1	6.1574E+1	4.9487E+1	4.1049E+1	3.2335E+1	2.5109E+1	2.0010E+1	1.5733E+1	1.3027E+1	1.0764E+1	9.2111E+0	8.1226E+0	7.1286E+0	6.4291E+0	5.8865E+0	5.4444E+0	5.1065E+0	4.8331E+0	4.6145E+0
7.4773E+2	3.7031E+2	3.2359E+2	1.8702E+2	1.0551E+2	7.8998E+1	6.4649E+1	5.2474E+1	3.9883E+1	3.2973E+1	2.4864E+1	1.9844E+1	1.5788E+1	1.3088E+1	1.0795E+1	9.2032E+0	8.1196E+0	7.1345E+0	6.4274E+0	5.8865E+0	5.4456E+0	5.1069E+0	4.8333E+0	4.6152E+0
6.1918E+2	3.8434E+2	3.1028E+2	1.8517E+2	1.0093E+2	8.2338E+1	6.3796E+1	5.1934E+1	4.1748E+1	3.2672E+1	2.5184E+1	1.9949E+1	1.5791E+1	1.3042E+1	1.0795E+1	9.2154E+0	8.1333E+0	7.1384E+0	6.4337E+0	5.8890E+0	5.4471E+0	5.1083E+0	4.8343E+0	4.6156E+0
7.2756E+2	4.5717E+2	2.9454E+2	1.8500E+2	9.5639E+1	8.2499E+1	6.3616E+1	4.9934E+1	4.0580E+1	3.2614E+1	2.5375E+1	1.9955E+1	1.5750E+1	1.3073E+1	1.0778E+1	9.2293E+0	8.1384E+0	7.1364E+0	6.4363E+0	5.8896E+0	5.4467E+0	5.1093E+0	4.8351E+0	4.6158E+0
7.6218E+2	4.4861E+2	3.0997E+2	1.7962E+2	1.0090E+2	8.4294E+1	6.5411E+1	5.2603E+1	4.1397E+1	3.2648E+1	2.5493E+1	1.9953E+1	1.5757E+1	1.3020E+1	1.0795E+1	9.2330E+0	8.1332E+0	7.1376E+0	6.4348E+0	5.8918E+0	5.4475E+0	5.1092E+0	4.8351E+0	4.6161E+0
8.0307E+2	4.6878E+2	2.9384E+2	1.7467E+2	8.7712E+1	8.1149E+1	6.4548E+1	5.1185E+1	4.1189E+1	3.2534E+1	2.5417E+1	2.0014E+1	1.5792E+1	1.3034E+1	1.0787E+1	9.2286E+0	8.1415E+0	7.1367E+0	6.4366E+0	5.8923E+0	5.4482E+0	5.1097E+0	4.8355E+0	4.6162E+0
7.1160E+2	4.1020E+2	3.4598E+2	1.8296E+2	9.0579E+1	7.7711E+1	6.6097E+1	5.2506E+1	3.9772E+1	3.3657E+1	2.4759E+1	1.9855E+1	1.5835E+1	1.3133E+1	1.0817E+1	9.2195E+0	8.1414E+0	7.1497E+0	6.4423E+0	5.8911E+0	5.4481E+0	5.1094E+0	4.8356E+0	4.6163E+0
7.0836E+2	4.3558E+2	3.0087E+2	1.8092E+2	9.9576E+1	8.1240E+1	6.5257E+1	5.1697E+1	4.1532E+1	3.2745E+1	2.5244E+1	1.9978E+1	1.5801E+1	1.3090E+1	1.0805E+1	9.2445E+0	8.1467E+0	7.1452E+0	6.4421E+0	5.8961E+0	5.4506E+0	5.1111E+0	4.8372E+0	4.6173E+0
9.0047E+2	4.8011E+2	2.9654E+2	1.7569E+2	1.0389E+2	8.0654E+1	6.3043E+1	5.3210E+1	4.0613E+1	3.2830E+1	2.5320E+1	2.0037E+1	1.5772E+1	1.3082E+1	1.0816E+1	9.2395E+0	8.1452E+0	7.1461E+0	6.4396E+0	5.8959E+0	5.4519E+0	5.1113E+0	4.8369E+0	4.6172E+0
7.5244E+2	4.2174E+2	3.1211E+2	1.7520E+2	9.1159E+1	8.0627E+1	6.6349E+1	5.1598E+1	4.1604E+1	3.2638E+1	2.5297E+1	2.0069E+1	1.5838E+1	1.3090E+1	1.0809E+1	9.2455E+0	8.1536E+0	7.1475E+0	6.4423E+0	5.8969E+0	5.4523E+0	5.1122E+0	4.8374E+0	4.6178E+0
8.8007E+2	4.6748E+2	2.9160E+2	1.7593E+2	9.8491E+1	8.1601E+1	6.5953E+1	5.2204E+1	4.1165E+1	3.2883E+1	2.5637E+1	2.0033E+1	1.5853E+1	1.3067E+1	1.0818E+1	9.2486E+0	8.1476E+0	7.1501E+0	6.4436E+0	5.8962E+0	5.4522E+0	5.1121E+0	4.8375E+0	4.6180E+0
6.0211E+2	3.5256E+2	3.0548E+2	1.7177E+2	9.3540E+1	8.3747E+1	6.5432E+1	5.1907E+1	4.1789E+1	3.3342E+1	2.5324E+1	2.0040E+1	1.5839E+1	1.3127E+1	1.0822E+1	9.2496E+0	8.1622E+0	7.1520E+0	6.4473E+0	5.8999E+0	5.4537E+0	5.1133E+0	4.8380E+0	4.6185E+0
8.0752E+2	4.4052E+2	3.2707E+2	1.8144E+2	9.4823E+1	8.3144E+1	6.5370E+1	5.1929E+1	4.2155E+1	3.2331E+1	2.5648E+1	2.0195E+1	1.5849E+1	1.3105E+1	1.0836E+1	9.2668E+0	8.1608E+0	7.1556E+0	6.4495E+0	5.9011E+0	5.4549E+0	5.1147E+0	4.8384E+0	4.6193E+0
9.4395E+2	4.3730E+2	2.9111E+2	1.8261E+2	1.0130E+2	8.3413E+1	6.3134E+1	5.1595E+1	4.1356E+1	3.2783E+1	2.5496E+1	2.0091E+1	1.5902E+1	1.3122E+1	1.0846E+1	9.2554E+0	8.1613E+0	7.1556E+0	6.4504E+0	5.9019E+0	5.4554E+0	5.1151E+0	4.8392E+0	4.6192E+0
7.4613E+2	4.2307E+2	3.2694E+2	1.7952E+2	9.0752E+1	7.9911E+1	6.5180E+1	5.2347E+1	4.1236E+1	3.3031E+1	2.5470E+1	2.0103E+1	1.5861E+1	1.3127E+1	1.0830E+1	9.2704E+0	8.1605E+0	7.1587E+0	6.4504E+0	5.9011E+0	5.4556E+0	5.1150E+0	4.8391E+0	4.6195E+0
7.8070E+2	4.3245E+2	3.0594E+2	1.8774E+2	1.0561E+2	8.4201E+1	6.4575E+1	5.3211E+1	4.0623E+1	3.3234E+1	2.5467E+1	2.0083E+1	1.5873E+1	1.3139E+1	1.0844E+1	9.2741E+0	8.1689E+0	7.1576E+0	6.4494E+0	5.9019E+0	5.4562E+0	5.1156E+0	4.8400E+0	4.6196E+0
5.4104E+2	3.8619E+2	3.0909E+2	1.8638E+2	1.0218E+2	8.0527E+1	6.6744E+1	5.3062E+1	4.0625E+1	3.3765E+1	2.5190E+1	2.0116E+1	1.5866E+1	1.3151E+1	1.0808E+1	9.2953E+0	8.1868E+0	7.1571E+0	6.4495E+0	5.9016E+0	5.4574E+0	5.1171E+0	4.8416E+0	4.6201E+0
7.3635E+2	3.8452E+2	3.0700E+2	1.7390E+2	1.0446E+2	8.2562E+1	6.6805E+1	5.0439E+1	4.2733E+1	3.3132E+1	2.5718E+1	2.0174E+1	1.5885E+1	1.3146E+1	1.0868E+1	9.2719E+0	8.1765E+0	7.1682E+0	6.4576E+0	5.9068E+0	5.4594E+0	5.1174E+0	4.8416E+0	4.6207E+0
7.9362E+2	4.4707E+2	2.8869E+2	1.8001E+2	1.0854E+2	8.2202E+1	6.7330E+1	5.2576E+1	4.1582E+1	3.3056E+1	2.5614E+1	2.0155E+1	1.5909E+1	1.3150E+1	1.0870E+1	9.2881E+0	8.1784E+0	7.1688E+0	6.4576E+0	5.9075E+0	5.4591E+0	5.1172E+0	4.8412E+0	4.6204E+0
9.0351E+2	3.9342E+2	3.2728E+2	1.9193E+2	9.8019E+1	8.1519E+1	6.4233E+1	5.2263E+1	4.1226E+1	3.3210E+1	2.5818E+1	2.0188E+1	1.5897E+1	1.3158E+1	1.0854E+1	9.2870E+0	8.1755E+0	7.1720E+0	6.4596E+0	5.9092E+0	5.4600E+0	5.1175E+0	4.8422E+0	4.6212E+0
7.0185E+2	4.3162E+2	2.9244E+2	1.7867E+2	9.6933E+1	8.5861E+1	6.6368E+1	5.1328E+1	4.2394E+1	3.3098E+1	2.5640E+1	2.0153E+1	1.5922E+1	1.3131E+1	1.0871E+1	9.2797E+0	8.1806E+0	7.1687E+0	6.4592E+0	5.9073E+0	5.4604E+0	5.1181E+0	4.8419E+0	4.6212E+0
5.8869E+2	3.9997E+2	2.9259E+2	1.7310E+2	9.4909E+1	7.9761E+1	6.6239E+1	5.4805E+1	4.0964E+1	3.4105E+1	2.5357E+1	2.0163E+1	1.5866E+1	1.3165E+1	1.0854E+1	9.3033E+0	8.1803E+0	7.1762E+0	6.4634E+0	5.9110E+0	5.4619E+0	5.1199E+0	4.8431E+0	4.6219E+0
8.3021E+2	4.5890E+2	3.1578E+2	1.7677E+2	9.0571E+1	8.4111E+1	6.6979E+1	5.0555E+1	4.1632E+1	3.2779E+1	2.5686E+1	2.0165E+1	1.5946E+1	1.3193E+1	1.0890E+1	9.2934E+0	8.1922E+0	7.1751E+0	6.4645E+0	5.9120E+0	5.4640E+0	5.1204E+0	4.8437E+0	4.6225E+0
7.3804E+2	4.6754E+2	2.8922E+2	1.8166E+2	1.0764E+2	8.2669E+1	6.4448E+1	5.1158E+1	4.2056E+1	3.2997E+1	2.5687E+1	2.0308E+1	1.5915E+1	1.3168E+1	1.0880E+1	9.3025E+0	8.1929E+0	7.1779E+0	6.4651E+0	5.9126E+0	5.4639E+0	5.1213E+0	4.8437E+0	4.6226E+0
8.5511E+2	4.5040E+2	3.0666E+2	1.8344E+2	1.1398E+2	8.3392E+1	6.6699E+1	5.1682E+1	4.1912E+1	3.3088E+1	2.5591E+1	2.0281E+1	1.5954E+1	1.3184E+1	1.0899E+1	9.3046E+0	8.1955E+0	7.1805E+0	6.4646E+0	5.9131E+0	5.4638E+0	5.1214E+0	4.8441E+0	4.6227E+0
6.4998E+2	4.1659E+2	3.0032E+2	1.9101E+2	9.5040E+1	8.4609E+1	6.6562E+1	5.0927E+1	4.2339E+1	3.3099E+1	2.5609E+1	2.0195E+1	1.5964E+1	1.3207E+1	1.0896E+1	9.3122E+0	8.1973E+0	7.1831E+0	6.4670E+0	5.9119E+0	5.4653E+0	5.1212E+0	4.8444E+0	4.6233E+0
7.1506E+2	3.9447E+2	3.1564E+2	1.8553E+2	9.5205E+1	8.2864E+1	6.7840E+1	5.3367E+1	4.0838E+1	3.3957E+1	2.5573E+1	2.0217E+1	1.5857E+1	1.3159E+1	1.0867E+1	9.3190E+0	8.1905E+0	7.1873E+0	6.4699E+0	5.9139E+0	5.4663E+0	5.1230E+0	4.8452E+0	4.6241E+0
8.3160E+2	4.6592E+2	3.2433E+2	1.6813E+2	9.7742E+1	8.3119E+1	6.4242E+1	5.2556E+1	4.2024E+1	3.2756E+1	2.5844E+1	2.0301E+1	1.6043E+1	1.3213E+1	1.0917E+1	9.3174E+0	8.2041E+0	7.1842E+0	6.4712E+0	5.9175E+0	5.4673E+0	5.1234E+0	4.8458E+0	4.6242E+0
7.2858E+2	4.6430E+2	2.9370E+2	1.8707E+2	1.0567E+2	8.4429E+1	6.6050E+1	5.2502E+1	4.1548E+1	3.3230E+1	2.5834E+1	2.0306E+1	1.5992E+1	1.3218E+1	1.0907E+1	9.3195E+0	8.2029E+0	7.1864E+0	6.4718E+0	5.9183E+0	5.4679E+0	5.1236E+0	4.8462E+0	4.6242E+0
8.5786E+2	4.6353E+2	3.2030E+2	1.7834E+2	1.0441E+2	8.1790E+1	6.5503E+1	5.2442E+1	4.1865E+1	3.3326E+1	2.5916E+1	2.0356E+1	1.6019E+1	1.3218E+1	1.0915E+1	9.3208E+0	8.2079E+0	7.1899E+0	6.4739E+0	5.9185E+0	5.4677E+0	5.1241E+0	4.8463E+0	4.6244E+0
7.8302E+2	4.4890E+2	3.0699E+2	1.8000E+2	1.1273E+2	8.3953E+1	6.6582E+1	5.2583E+1	4.2169E+1	3.3317E+1	2.5957E+1	2.0287E+1	1.6013E+1	1.3242E+1	1.0920E+1	9.3202E+0	8.2100E+0	7.1915E+0	6.4756E+0	5.9200E+0	5.4686E+0	5.1247E+0	4.8468E+0	4.6245E+0
6.4738E+2	3.8604E+2	2.9679E+2	1.8634E+2	9.3484E+1	8.3777E+1	6.7531E+1	5.1052E+1	4.1089E+1	3.3748E+1	2.5509E+1	2.0421E+1	1.5951E+1	1.3183E+1	1.0924E+1	9.3359E+0	8.2087E+0	7.1905E+0	6.4761E+0	5.9229E+0	5.4697E+0	5.1255E+0	4.8477E+0	4.6253E+0
7.4087E+2	3.9888E+2	3.1030E+2	1.7895E+2	9.0008E+1	8.4524E+1	6.7544E+1	5.3928E+1	4.1546E+1	3.3709E+1	2.5772E+1	2.0439E+1	1.6028E+1	1.3223E+1	1.0927E+1	9.3326E+0	8.2149E+0	7.1922E+0	6.4770E+0	5.9244E+0	5.4710E+0	5.1264E+0	4.8475E+0	4.6259E+0
7.7862E+2	4.5635E+2	2.9796E+2	1.9331E+2	1.0037E+2	8.2183E+1	6.6769E+1	5.2121E+1	4.1497E+1	3.3776E+1	2.5612E+1	2.0453E+1	1.6029E+1	1.3256E+1	1.0931E+1	9.3281E+0	8.2198E+0	7.2002E+0	6.4808E+0	5.9236E+0	5.4721E+0	5.1265E+0	4.8482E+0	4.6261E+0
9.6045E+2	4.8743E+2	3.0730E+2	1.8344E+2	1.1326E+2	8.3773E+1	6.6805E+1	5.2020E+1	4.2286E+1	3.3320E+1	2.5915E+1	2.0357E+1	1.6047E+1	1.3268E+1	1.0949E+1	9.3457E+0	8.2184E+0	7.2021E+0	6.4832E+0	5.9251E+0	5.4721E+0	5.1271E+0	4.8487E+0	4.6264E+0
7.2657E+2	3.9872E+2	3.1156E+2	1.9748E+2	9.5520E+1	8.5812E+1	6.9287E+1	5.1324E+1	4.1409E+1	3.4558E+1	2.5744E+1	2.0543E+1	1.5968E+1	1.3224E+1	1.0950E+1	9.3303E+0	8.2342E+0	7.1986E+0	6.4851E+0	5.9234E+0	5.4732E+0	5.1271E+0	4.8488E+0	4.6268E+0
6.9543E+2	4.3458E+2	2.8800E+2	1.8801E+2	8.6971E+1	8.1688E+1	6.6860E+1	5.3599E+1	4.1801E+1	3.3620E+1	2.6089E+1	2.0463E+1	1.6068E+1	1.3265E+1	1.0962E+1	9.3503E+0	8.2314E+0	7.2063E+0	6.4849E+0	5.9274E+0	5.4747E+0	5.1291E+0	4.8502E+0	4.6275E+0
8.4298E+2	4.6795E+2	3.0820E+2	1.9233E+2	1.0322E+2	8.3158E+1	6.5735E+1	5.1961E+1	4.2119E+1	3.3606E+1	2.5949E+1	2.0510E+1	1.6093E+1	1.3307E+1	1.0974E+1	9.3542E+0	8.2355E+0	7.2078E+0	6.4877E+0	5.9280E+0	5.4758E+0	5.1296E+0	4.8505E+0	4.6276E+0
8.7859E+2	4.3705E+2	2.8911E+2	1.8630E+2	1.0456E+2	8.3508E+1	6.8247E+1	5.1233E+1	4.2151E+1	3.3880E+1	2.6134E+1	2.0490E+1	1.6101E+1	1.3277E+1	1.0982E+1	9.3542E+0	8.2377E+0	7.2105E+0	6.4904E+0	5.9289E+0	5.4753E+0	5.1299E+0	4.8511E+0	4.6278E+0
7.8617E+2	4.5643E+2	3.0682E+2	1.7247E+2	9.2840E+1	8.1862E+1	6.5530E+1	5.3960E+1	4.2590E+1	3.3757E+1	2.6267E+1	2.0496E+1	1.6078E+1	1.3314E+1	1.0989E+1	9.3642E+0	8.2346E+0	7.2089E+0	6.4908E+0	5.9304E+0	5.4767E+0	5.1301E+0	4.8506E+0	4.6277E+0
7.2646E+2	3.8090E+2	3.2548E+2	1.8893E+2	1.1318E+2	8.3514E+1	6.9487E+1	5.6552E+1	4.1392E+1	3.4244E+1	2.5887E+1	2.0710E+1	1.6063E+1	1.3237E+1	1.1004E+1	9.3480E+0	8.2548E+0	7.2162E+0	6.4926E+0	5.9339E+0	5.4778E+0	5.1310E+0	4.8508E+0	4.6278E+0
8.0961E+2	4.0428E+2	3.2293E+2	1.8460E+2	9.4342E+1	8.8511E+1	6.7228E+1	5.1728E+1	4.2551E+1	3.3578E+1	2.6009E+1	2.0516E+1	1.6161E+1	1.3323E+1	1.1005E+1	9.3760E+0	8.2485E+0	7.2218E+0	6.4958E+0	5.9352E+0	5.4799E+0	5.1328E+0	4.8525E+0	4.6289E+0
8.5566E+2	4.3573E+2	3.0927E+2	1.9126E+2	1.0431E+2	8.6008E+1	6.7534E+1	5.2515E+1	4.2569E+1	3.3880E+1	2.6164E+1	2.0569E+1	1.6162E+1	1.3330E+1	1.1009E+1	9.3849E+0	8.2562E+0	7.2218E+0	6.4966E+0	5.9364E+0	5.4809E+0	5.1323E+0	4.8529E+0	4.6293E+0
1.0055E+3	4.9043E+2	2.9064E+2	1.8381E+2	1.0488E+2	8.3804E+1	6.8139E+1	5.2433E+1	4.3563E+1	3.3596E+1	2.6265E+1	2.0622E+1	1.6202E+1	1.3384E+1	1.0999E+1	9.3904E+0	8.2490E+0	7.2231E+0	6.4971E+0	5.9361E+0	5.4806E+0	5.1336E+0	4.8532E+0	4.6298E+0
7.0594E+2	4.2231E+2	2.8030E+2	1.9130E+2	1.0141E+2	8.4932E+1	6.8583E+1	5.5387E+1	4.3005E+1	3.3654E+1	2.6277E+1	2.0612E+1	1.6211E+1	1.3365E+1	1.1016E+1	9.3955E+0	8.2557E+0	7.2258E+0	6.4993E+0	5.9361E+0	5.4809E+0	5.1343E+0	4.8531E+0	4.6297E+0
6.5937E+2	3.7763E+2	3.1632E+2	1.9433E+2	1.0814E+2	8.2250E+1	6.9270E+1	5.5693E+1	4.2888E+1	3.3743E+1	2.6279E+1	2.0807E+1	1.6162E+1	1.3338E+1	1.1049E+1	9.3834E+0	8.2639E+0	7.2309E+0	6.4986E+0	5.9370E+0	5.4809E+0	5.1348E+0	4.8538E+0	4.6306E+0
8.6012E+2	4.6983E+2	3.0410E+2	1.9175E+2	1.1084E+2	8.4029E+1	6.6283E+1	5.2689E+1	4.3006E+1	3.4096E+1	2.6483E+1	2.0712E+1	1.6260E+1	1.3432E+1	1.1027E+1	9.4095E+0	8.2692E+0	7.2334E+0	6.5040E+0	5.9418E+0	5.4840E+0	5.1362E+0	4.8549E+0	4.6309E+0
9.9339E+2	4.5631E+2	2.9630E+2	2.0319E+2	1.0207E+2	8.7035E+1	6.6878E+1	5.4150E+1	4.3563E+1	3.4037E+1	2.6163E+1	2.0712E+1	1.6306E+1	1.3408E+1	1.1037E+1	9.4054E+0	8.2736E+0	7.2360E+0	6.5070E+0	5.9413E+0	5.4842E+0	5.1364E+0	4.8553E+0	4.6310E+0
7.7998E+2	4.7700E+2	2.9375E+2	1.9602E+2	9.0771E+1	8.4854E+1	7.0243E+1	5.5321E+1	4.3051E+1	3.4309E+1	2.6574E+1	2.0780E+1	1.6267E+1	1.3410E+1	1.1066E+1	9.4092E+0	8.2754E+0	7.2370E+0	6.5057E+0	5.9417E+0	5.4857E+0	5.1366E+0	4.8555E+0	4.6314E+0
7.2243E+2	4.6096E+2	3.1782E+2	1.8505E+2	1.0856E+2	8.6067E+1	6.4521E+1	5.3418E+1	4.3560E+1	3.4209E+1	2.6486E+1	2.0793E+1	1.6311E+1	1.3445E+1	1.1065E+1	9.4195E+0	8.2762E+0	7.2361E+0	6.5090E+0	5.9426E+0	5.4868E+0	5.1365E+0	4.8558E+0	4.6321E+0
8.9124E+2	3.9296E+2	3.2525E+2	2.0038E+2	1.1811E+2	8.5766E+1	6.9691E+1	5.5266E+1	4.3563E+1	3.4789E+1	2.6677E+1	2.1082E+1	1.6296E+1	1.3434E+1	1.1112E+1	9.4427E+0	8.2771E+0	7.2379E+0	6.5140E+0	5.9464E+0	5.4885E+0	5.1391E+0	4.8569E+0	4.6317E+0
8.3963E+2	4.9068E+2	2.9418E+2	1.9023E+2	9.1172E+1	8.2581E+1	6.7975E+1	5.6700E+1	4.3562E+1	3.4694E+1	2.6803E+1	2.0944E+1	1.6388E+1	1.3483E+1	1.1078E+1	9.4418E+0	8.2901E+0	7.2502E+0	6.5144E+0	5.9472E+0	5.4885E+0	5.1389E+0	4.8573E+0	4.6330E+0
9.8840E+2	4.6340E+2	3.2293E+2	1.9375E+2	1.0926E+2	8.9174E+1	6.9854E+1	5.4050E+1	4.3448E+1	3.4313E+1	2.6958E+1	2.0798E+1	1.6402E+1	1.3484E+1	1.1089E+1	9.4420E+0	8.2932E+0	7.2504E+0	6.5164E+0	5.9487E+0	5.4895E+0	5.1398E+0	4.8574E+0	4.6329E+0
1.2454E+3	4.8082E+2	2.8735E+2	2.0189E+2	1.1251E+2	8.6289E+1	7.0429E+1	5.4919E+1	4.4659E+1	3.4294E+1	2.6787E+1	2.0953E+1	1.6407E+1	1.3514E+1	1.1096E+1	9.4536E+0	8.2970E+0	7.2556E+0	6.5156E+0	5.9487E+0	5.4910E+0	5.1405E+0	4.8582E+0	4.6336E+0
8.9776E+2	4.6949E+2	3.1588E+2	1.9871E+2	1.0072E+2	8.9522E+1	6.7732E+1	5.5452E+1	4.3915E+1	3.4914E+1	2.7036E+1	2.1131E+1	1.6410E+1	1.3505E+1	1.1121E+1	9.4662E+0	8.2999E+0	7.2537E+0	6.5199E+0	5.9521E+0	5.4904E+0	5.1403E+0	4.8582E+0	4.6335E+0
6.6912E+2	4.8642E+2	2.9762E+2	2.1037E+2	1.0789E+2	8.8392E+1	7.1360E+1	5.7262E+1	4.4498E+1	3.5595E+1	2.6819E+1	2.1154E+1	1.6504E+1	1.3583E+1	1.1139E+1	9.4757E+0	8.3018E+0	7.2544E+0	6.5219E+0	5.9535E+0	5.4915E+0	5.1423E+0	4.8598E+0	4.6342E+0
1.0304E+3	5.2037E+2	3.0850E+2	2.0021E+2	1.0752E+2	8.8228E+1	7.2027E+1	5.7619E+1	4.4682E+1	3.5133E+1	2.7185E+1	2.1093E+1	1.6532E+1	1.3562E+1	1.1147E+1	9.4756E+0	8.3176E+0	7.2653E+0	6.5238E+0	5.9561E+0	5.4941E+0	5.1428E+0	4.8600E+0	4.6349E+0
1.2167E+3	5.0388E+2	3.0669E+2	1.9977E+2	1.1184E+2	8.8282E+1	6.9572E+1	5.6272E+1	4.4942E+1	3.5435E+1	2.6980E+1	2.1277E+1	1.6514E+1	1.3581E+1	1.1158E+1	9.4824E+0	8.3276E+0	7.2661E+0	6.5279E+0	5.9563E+0	5.4953E+0	5.1432E+0	4.8602E+0	4.6353E+0
7.1869E+2	4.8794E+2	2.8717E+2	2.0050E+2	1.1752E+2	8.6747E+1	7.1361E+1	5.4977E+1	4.5400E+1	3.5250E+1	2.6974E+1	2.1314E+1	1.6537E+1	1.3640E+1	1.1167E+1	9.4926E+0	8.3274E+0	7.2686E+0	6.5280E+0	5.9576E+0	5.4948E+0	5.1446E+0	4.8606E+0	4.6351E+0
1.1428E+3	5.2417E+2	3.0407E+2	2.0159E+2	9.9737E+1	8.9443E+1	7.1431E+1	5.6240E+1	4.5292E+1	3.5537E+1	2.7184E+1	2.1260E+1	1.6589E+1	1.3635E+1	1.1180E+1	9.4959E+0	8.3319E+0	7.2686E+0	6.5315E+0	5.9601E+0	5.4961E+0	5.1446E+0	4.8608E+0	4.6353E+0
1.2034E+3	4.0113E+2	3.2237E+2	2.0411E+2	1.0207E+2	8.9299E+1	7.5580E+1	6.0519E+1	4.5023E+1	3.6103E+1	2.7527E+1	2.1658E+1	1.6698E+1	1.3708E+1	1.1186E+1	9.5239E+0	8.3406E+0	7.2837E+0	6.5315E+0	5.9600E+0	5.4975E+0	5.1454E+0	4.8623E+0	4.6357E+0
1.3531E+3	5.3314E+2	3.2046E+2	2.0317E+2	1.1801E+2	8.9692E+1	7.1921E+1	5.5897E+1	4.5588E+1	3.5977E+1	2.7616E+1	2.1509E+1	1.6751E+1	1.3689E+1	1.1214E+1	9.5282E+0	8.3497E+0	7.2847E+0	6.5389E+0	5.9640E+0	5.4996E+0	5.1470E+0	4.8629E+0	4.6366E+0
1.4715E+3	4.9775E+2	3.2162E+2	2.0474E+2	1.0855E+2	9.0313E+1	7.4107E+1	5.7787E+1	4.5913E+1	3.6275E+1	2.7577E+1	2.1526E+1	1.6752E+1	1.3714E+1	1.1230E+1	9.5377E+0	8.3526E+0	7.2881E+0	6.5403E+0	5.9655E+0	5.5009E+0	5.1478E+0	4.8633E+0	4.6370E+0
1.3928E+3	5.1716E+2	2.9853E+2	2.1857E+2	1.1398E+2	9.4389E+1	7.4390E+1	5.8682E+1	4.6063E+1	3.6382E+1	2.7664E+1	2.1585E+1	1.6764E+1	1.3742E+1	1.1245E+1	9.5399E+0	8.3613E+0	7.2908E+0	6.5403E+0	5.9663E+0	5.5015E+0	5.1487E+0	4.8636E+0	4.6372E+0
1.0102E+3	5.7931E+2	3.2149E+2	2.0941E+2	1.0879E+2	9.1030E+1	7.2853E+1	5.9493E+1	4.6669E+1	3.7002E+1	2.8047E+1	2.1735E+1	1.6850E+1	1.3763E+1	1.1263E+1	9.5539E+0	8.3646E+0	7.2930E+0	6.5429E+0	5.9673E+0	5.5020E+0	5.1484E+0	4.8640E+0	4.6377E+0
9.7339E+2	3.9898E+2	3.5612E+2	2.1416E+2	1.0909E+2	9.3677E+1	7.4801E+1	5.6819E+1	4.7072E+1	3.7084E+1	2.8245E+1	2.1855E+1	1.6928E+1	1.3831E+1	1.1265E+1	9.5631E+0	8.3785E+0	7.2997E+0	6.5500E+0	5.9714E+0	5.5050E+0	5.1494E+0	4.8649E+0	4.6386E+0
1.7856E+3	4.9646E+2	2.7063E+2	2.2362E+2	9.6454E+1	9.3989E+1	7.5136E+1	6.1131E+1	4.7444E+1	3.6799E+1	2.8106E+1	2.1838E+1	1.6920E+1	1.3848E+1	1.1306E+1	9.5811E+0	8.3866E+0	7.3066E+0	6.5511E+0	5.9740E+0	5.5065E+0	5.1502E+0	4.8652E+0	4.6391E+0
1.6345E+3	5.3007E+2	2.9372E+2	2.1724E+2	1.0836E+2	9.0032E+1	7.5818E+1	6.0918E+1	4.7234E+1	3.7479E+1	2.8435E+1	2.2011E+1	1.7004E+1	1.3874E+1	1.1326E+1	9.5843E+0	8.3930E+0	7.3082E+0	6.5561E+0	5.9756E+0	5.5068E+0	5.1516E+0	4.8662E+0	4.6390E+0
1.6477E+3	4.7346E+2	3.1425E+2	2.2573E+2	1.2271E+2	9.6580E+1	7.7027E+1	6.1434E+1	4.7703E+1	3.7333E+1	2.8705E+1	2.2055E+1	1.7074E+1	1.3906E+1	1.1357E+1	9.5992E+0	8.3951E+0	7.3124E+0	6.5582E+0	5.9762E+0	5.5083E+0	5.1522E+0	4.8668E+0	4.6396E+0
1.3687E+3	5.6204E+2	3.4178E+2	2.1630E+2	1.1392E+2	9.6775E+1	7.7701E+1	6.0465E+1	4.8740E+1	3.7604E+1	2.8574E+1	2.2071E+1	1.7079E+1	1.3914E+1	1.1379E+1	9.6125E+0	8.3963E+0	7.3180E+0	6.5567E+0	5.9786E+0	5.5087E+0	5.1527E+0	4.8673E+0	4.6396E+0
1.8889E+3	5.0606E+2	3.2857E+2	2.2576E+2	1.2215E+2	9.8778E+1	8.0085E+1	6.2773E+1	4.8706E+1	3.8016E+1	2.9065E+1	2.2479E+1	1.7252E+1	1.4039E+1	1.1360E+1	9.6127E+0	8.4220E+0	7.3210E+0	6.5647E+0	5.9799E+0	5.5107E+0	5.1542E+0	4.8679E+0	4.6404E+0
1.9673E+3	5.0112E+2	3.5374E+2	2.2392E+2	1.1059E+2	9.8692E+1	7.8084E+1	6.0999E+1	4.9625E+1	3.8339E+1	2.9253E+1	2.2403E+1	1.7223E+1	1.4002E+1	1.1399E+1	9.6428E+0	8.4243E+0	7.3311E+0	6.5672E+0	5.9833E+0	5.5119E+0	5.1556E+0	4.8687E+0	4.6410E+0
6.7016E+2	5.3035E+2	3.4035E+2	2.0818E+2	1.2381E+2	9.8665E+1	8.2224E+1	6.2525E+1	5.0619E+1	3.8598E+1	2.9400E+1	2.2486E+1	1.7310E+1	1.4035E+1	1.1420E+1	9.6493E+0	8.4310E+0	7.3330E+0	6.5694E+0	5.9847E+0	5.5127E+0	5.1557E+0	4.8690E+0	4.6413E+0
1.4723E+3	5.9412E+2	3.1882E+2	2.2790E+2	1.2392E+2	1.0000E+2	8.0550E+1	6.2704E+1	4.9957E+1	3.8966E+1	2.9305E+1	2.2566E+1	1.7369E+1	1.4086E+1	1.1442E+1	9.6547E+0	8.4331E+0	7.3327E+0	6.5710E+0	5.9864E+0	5.5142E+0	5.1569E+0	4.8695E+0	4.6415E+0
9.8555E+2	5.0492E+2	3.3142E+2	2.2825E+2	1.2364E+2	1.0031E+2	8.0721E+1	6.5011E+1	5.0051E+1	3.9258E+1	2.9224E+1	2.2674E+1	1.7380E+1	1.4097E+1	1.1460E+1	9.6663E+0	8.4392E+0	7.3402E+0	6.5730E+0	5.9872E+0	5.5152E+0	5.1563E+0	4.8698E+0	4.6421E+0
1.4899E+3	4.7051E+2	3.8077E+2	2.2552E+2	1.3072E+2	1.0219E+2	8.5447E+1	6.4180E+1	5.0696E+1	3.9086E+1	2.9591E+1	2.2783E+1	1.7524E+1	1.4177E+1	1.1453E+1	9.6705E+0	8.4528E+0	7.3418E+0	6.5778E+0	5.9923E+0	5.5177E+0	5.1588E+0	4.8707E+0	4.6429E+0
1.0596E+3	6.2443E+2	2.9903E+2	2.3833E+2	1.2433E+2	9.9947E+1	8.1551E+1	6.2041E+1	5.0710E+1	3.9377E+1	2.9535E+1	2.2843E+1	1.7549E+1	1.4177E+1	1.1492E+1	9.6796E+0	8.4537E+0	7.3463E+0	6.5790E+0	5.9925E+0	5.5187E+0	5.1593E+0	4.8719E+0	4.6430E+0
1.4653E+3	5.7937E+2	3.1184E+2	2.4203E+2	1.2577E+2	1.0427E+2	8.3040E+1	6.4940E+1	5.1516E+1	4.0345E+1	2.9948E+1	2.2777E+1	1.7535E+1	1.4190E+1	1.1508E+1	9.7001E+0	8.4664E+0	7.3539E+0	6.5831E+0	5.9941E+0	5.5194E+0	5.1604E+0	4.8721E+0	4.6432E+0
1.9174E+3	4.9572E+2	3.0511E+2	2.5779E+2	1.3296E+2	1.0332E+2	8.2553E+1	6.3545E+1	5.1363E+1	4.0620E+1	3.0073E+1	2.2952E+1	1.7582E+1	1.4229E+1	1.1523E+1	9.7162E+0	8.4704E+0	7.3573E+0	6.5846E+0	5.9963E+0	5.5198E+0	5.1604E+0	4.8725E+0	4.6436E+0
5.8330E+2	4.7143E+2	4.2868E+2	2.3047E+2	1.3239E+2	1.0896E+2	8.8032E+1	6.5569E+1	5.1951E+1	4.0587E+1	3.0287E+1	2.3153E+1	1.7721E+1	1.4306E+1	1.1521E+1	9.7082E+0	8.4657E+0	7.3642E+0	6.5892E+0	5.9947E+0	5.5198E+0	5.1620E+0	4.8725E+0	4.6437E+0
1.4806E+3	5.1048E+2	3.8295E+2	2.3270E+2	1.2758E+2	1.0432E+2	8.6373E+1	6.7895E+1	5.2348E+1	4.0578E+1	3.0316E+1	2.3240E+1	1.7743E+1	1.4288E+1	1.1561E+1	9.7368E+0	8.4807E+0	7.3684E+0	6.5933E+0	5.9994E+0	5.5243E+0	5.1633E+0	4.8738E+0	4.6450E+0
1.8069E+3	6.5545E+2	3.1629E+2	2.5284E+2	1.2931E+2	1.0937E+2	8.4166E+1	6.5824E+1	5.2734E+1	4.0282E+1	3.0415E+1	2.3216E+1	1.7686E+1	1.4318E+1	1.1577E+1	9.7543E+0	8.4983E+0	7.3716E+0	6.5931E+0	6.0021E+0	5.5241E+0	5.1627E+0	4.8743E+0	4.6452E+0
1.3898E+3	5.9637E+2	3.6900E+2	2.2570E+2	1.3081E+2	1.0904E+2	8.6301E+1	6.8766E+1	5.3712E+1	4.0708E+1	3.0367E+1	2.3314E+1	1.7754E+1	1.4341E+1	1.1592E+1	9.7591E+0	8.5024E+0	7.3739E+0	6.5965E+0	6.0028E+0	5.5243E+0	5.1639E+0	4.8748E+0	4.6455E+0
2.0363E+3	4.9697E+2	3.2283E+2	2.6118E+2	1.3700E+2	1.0798E+2	8.7772E+1	6.8065E+1	5.3213E+1	4.1315E+1	3.0553E+1	2.3448E+1	1.7816E+1	1.4387E+1	1.1608E+1	9.7601E+0	8.5014E+0	7.3772E+0	6.6003E+0	6.0033E+0	5.5261E+0	5.1638E+0	4.8749E+0	4.6456E+0
1.4417E+3	6.0071E+2	3.7734E+2	2.5826E+2	1.2701E+2	1.1020E+2	9.1440E+1	6.8803E+1	5.2988E+1	4.1743E+1	3.1048E+1	2.3521E+1	1.7974E+1	1.4431E+1	1.1626E+1	9.7770E+0	8.5059E+0	7.3907E+0	6.6019E+0	6.0058E+0	5.5275E+0	5.1642E+0	4.8751E+0	4.6463E+0
1.7750E+3	6.9099E+2	3.8211E+2	2.4951E+2	1.4143E+2	1.0993E+2	8.8652E+1	6.6387E+1	5.3654E+1	4.1433E+1	3.1056E+1	2.3612E+1	1.7936E+1	1.4450E+1	1.1670E+1	9.7934E+0	8.5256E+0	7.3926E+0	6.6070E+0	6.0089E+0	5.5289E+0	5.1671E+0	4.8766E+0	4.6473E+0
3.0930E+3	6.8376E+2	3.4035E+2	2.6749E+2	1.3101E+2	1.1222E+2	9.0946E+1	6.8180E+1	5.4183E+1	4.2044E+1	3.1283E+1	2.3772E+1	1.8017E+1	1.4491E+1	1.1693E+1	9.8040E+0	8.5392E+0	7.3960E+0	6.6110E+0	6.0110E+0	5.5303E+0	5.1666E+0	4.8772E+0	4.6473E+0
2.0659E+3	6.7417E+2	3.5343E+2	2.5812E+2	1.5139E+2	1.1790E+2	8.9720E+1	6.8119E+1	5.4894E+1	4.2089E+1	3.1403E+1	2.3808E+1	1.8039E+1	1.4524E+1	1.1698E+1	9.8148E+0	8.5431E+0	7.3981E+0	6.6143E+0	6.0125E+0	5.5318E+0	5.1677E+0	4.8779E+0	4.6476E+0
3.7077E+3	4.8232E+2	3.2132E+2	2.6604E+2	1.3992E+2	1.1166E+2	8.8514E+1	6.8221E+1	5.5146E+1	4.2831E+1	3.1453E+1	2.3873E+1	1.8142E+1	1.4579E+1	1.1714E+1	9.8314E+0	8.5490E+0	7.4051E+0	6.6173E+0	6.0132E+0	5.5326E+0	5.1689E+0	4.8784E+0	4.6478E+0
1.7940E+3	5.8129E+2	4.2888E+2	2.4840E+2	1.4714E+2	1.1822E+2	9.5420E+1	7.2946E+1	5.5811E+1	4.2553E+1	3.2089E+1	2.4045E+1	1.8292E+1	1.4600E+1	1.1776E+1	9.8649E+0	8.5570E+0	7.4093E+0	6.6164E+0	6.0158E+0	5.5351E+0	5.1694E+0	4.8788E+0	4.6482E+0
3.1039E+3	6.9582E+2	3.2447E+2	2.7659E+2	1.4197E+2	1.1312E+2	9.3878E+1	7.2552E+1	5.6241E+1	4.3317E+1	3.2009E+1	2.4265E+1	1.8314E+1	1.4675E+1	1.1784E+1	9.8721E+0	8.5750E+0	7.4156E+0	6.6253E+0	6.0205E+0	5.5369E+0	5.1713E+0	4.8802E+0	4.6494E+0
2.1186E+3	4.9982E+2	3.6379E+2	2.8184E+2	1.3559E+2	1.1686E+2	9.2742E+1	7.4821E+1	5.6285E+1	4.3908E+1	3.2019E+1	2.4299E+1	1.8336E+1	1.4713E+1	1.1806E+1	9.8786E+0	8.5770E+0	7.4288E+0	6.6278E+0	6.0231E+0	5.5378E+0	5.1715E+0	4.8806E+0	4.6498E+0
2.5090E+3	6.0301E+2	3.8074E+2	2.7959E+2	1.4262E+2	1.1652E+2	9.4092E+1	7.3723E+1	5.7359E+1	4.4015E+1	3.2475E+1	2.4491E+1	1.8499E+1	1.4773E+1	1.1828E+1	9.8998E+0	8.5942E+0	7.4283E+0	6.6324E+0	6.0245E+0	5.5386E+0	5.1728E+0	4.8809E+0	4.6500E+0
2.7353E+3	8.0048E+2	3.7144E+2	2.8574E+2	1.5182E+2	1.1767E+2	9.4608E+1	7.6532E+1	5.7333E+1	4.4686E+1	3.2601E+1	2.4661E+1	1.8538E+1	1.4830E+1	1.1874E+1	9.9251E+0	8.6007E+0	7.4343E+0	6.6343E+0	6.0254E+0	5.5401E+0	5.1737E+0	4.8816E+0	4.6505E+0
2.4088E+3	4.4482E+2	3.8795E+2	2.6980E+2	1.4933E+2	1.2160E+2	9.9159E+1	7.5207E+1	5.8198E+1	4.4387E+1	3.3141E+1	2.4743E+1	1.8689E+1	1.4819E+1	1.1923E+1	9.9518E+0	8.6245E+0	7.4364E+0	6.6422E+0	6.0291E+0	5.5406E+0	5.1744E+0	4.8828E+0	4.6514E+0
1.4609E+3	7.1758E+2	3.8014E+2	3.0730E+2	1.4379E+2	1.1806E+2	9.9997E+1	7.8456E+1	5.8766E+1	4.5028E+1	3.3417E+1	2.4970E+1	1.8724E+1	1.4935E+1	1.1928E+1	9.9635E+0	8.6300E+0	7.4520E+0	6.6459E+0	6.0335E+0	5.5446E+0	5.1763E+0	4.8838E+0	4.6518E+0
2.4014E+3	7.7744E+2	4.3382E+2	2.7466E+2	1.5438E+2	1.2726E+2	1.0075E+2	7.7164E+1	5.8781E+1	4.5727E+1	3.3550E+1	2.5025E+1	1.8812E+1	1.4967E+1	1.1963E+1	9.9808E+0	8.6439E+0	7.4599E+0	6.6491E+0	6.0356E+0	5.5464E+0	5.1775E+0	4.8841E+0	4.6522E+0
2.3955E+3	5.4683E+2	3.6722E+2	2.8698E+2	1.4626E+2	1.2446E+2	1.0110E+2	7.7233E+1	5.9516E+1	4.6226E+1	3.3792E+1	2.5256E+1	1.8870E+1	1.5021E+1	1.1973E+1	9.9916E+0	8.6553E+0	7.4680E+0	6.6531E+0	6.0381E+0	5.5471E+0	5.1780E+0	4.8849E+0	4.6526E+0
2.5371E+3	6.4923E+2	3.5117E+2	2.9154E+2	1.5396E+2	1.2750E+2	1.0036E+2	7.8928E+1	6.0008E+1	4.6357E+1	3.3873E+1	2.5446E+1	1.8987E+1	1.5074E+1	1.2020E+1	1.0007E+1	8.6605E+0	7.4689E+0	6.6576E+0	6.0390E+0	5.5483E+0	5.1787E+0	4.8851E+0	4.6530E+0
1.9980E+3	6.7573E+2	4.1367E+2	2.7966E+2	1.6585E+2	1.3023E+2	1.0528E+2	7.9360E+1	6.1541E+1	4.6892E+1	3.4577E+1	2.5445E+1	1.9096E+1	1.5116E+1	1.2078E+1	1.0034E+1	8.6814E+0	7.4824E+0	6.6627E+0	6.0436E+0	5.5513E+0	5.1807E+0	4.8865E+0	4.6535E+0
3.6664E+3	8.4261E+2	3.4797E+2	2.9727E+2	1.5145E+2	1.2964E+2	1.0434E+2	8.0144E+1	6.1650E+1	4.7621E+1	3.4577E+1	2.5778E+1	1.9175E+1	1.5232E+1	1.2066E+1	1.0051E+1	8.6848E+0	7.4817E+0	6.6663E+0	6.0471E+0	5.5519E+0	5.1818E+0	4.8870E+0	4.6542E+0
4.7452E+3	6.5716E+2	3.7682E+2	3.1311E+2	1.5848E+2	1.2812E+2	1.0476E+2	8.2084E+1	6.2604E+1	4.8106E+1	3.4768E+1	2.5964E+1	1.9274E+1	1.5269E+1	1.2111E+1	1.0070E+1	8.6986E+0	7.4891E+0	6.6690E+0	6.0478E+0	5.5536E+0	5.1827E+0	4.8873E+0	4.6549E+0
1.6710E+3	6.4928E+2	4.4301E+2	2.8708E+2	1.6123E+2	1.3562E+2	1.0678E+2	8.4250E+1	6.3020E+1	4.7927E+1	3.5103E+1	2.5976E+1	1.9347E+1	1.5287E+1	1.2157E+1	1.0080E+1	8.7116E+0	7.5010E+0	6.6726E+0	6.0500E+0	5.5550E+0	5.1836E+0	4.8884E+0	4.6552E+0
3.2927E+3	6.0711E+2	3.7685E+2	3.0853E+2	1.5902E+2	1.3404E+2	1.0752E+2	8.2772E+1	6.3276E+1	4.8640E+1	3.5487E+1	2.6236E+1	1.9456E+1	1.5347E+1	1.2189E+1	1.0106E+1	8.7213E+0	7.5035E+0	6.6777E+0	6.0527E+0	5.5562E+0	5.1847E+0	4.8886E+0	4.6555E+0
5.1539E+3	7.1950E+2	3.6337E+2	3.2445E+2	1.5922E+2	1.3260E+2	1.1028E+2	8.6806E+1	6.4431E+1	4.9351E+1	3.6151E+1	2.6281E+1	1.9558E+1	1.5404E+1	1.2226E+1	1.0132E+1	8.7363E+0	7.5197E+0	6.6802E+0	6.0558E+0	5.5591E+0	5.1863E+0	4.8903E+0	4.6564E+0
1.8632E+3	7.8770E+2	4.4877E+2	2.9723E+2	1.6454E+2	1.3438E+2	1.0941E+2	8.6300E+1	6.4769E+1	4.9836E+1	3.5856E+1	2.6547E+1	1.9688E+1	1.5479E+1	1.2250E+1	1.0159E+1	8.7438E+0	7.5244E+0	6.6866E+0	6.0605E+0	5.5609E+0	5.1876E+0	4.8908E+0	4.6569E+0
1.9824E+3	7.8377E+2	4.4316E+2	2.9424E+2	1.7988E+2	1.3720E+2	1.1070E+2	8.8480E+1	6.6122E+1	4.9954E+1	3.6533E+1	2.6861E+1	1.9765E+1	1.5531E+1	1.2294E+1	1.0171E+1	8.7626E+0	7.5306E+0	6.6938E+0	6.0628E+0	5.5625E+0	5.1880E+0	4.8910E+0	4.6575E+0
1.7312E+3	7.9651E+2	3.8564E+2	3.1209E+2	1.7177E+2	1.4087E+2	1.1146E+2	8.6838E+1	6.6348E+1	5.0564E+1	3.6734E+1	2.7024E+1	1.9889E+1	1.5623E+1	1.2323E+1	1.0196E+1	8.7791E+0	7.5385E+0	6.6968E+0	6.0636E+0	5.5638E+0	5.1895E+0	4.8919E+0	4.6579E+0
3.0020E+3	6.8523E+2	3.5525E+2	3.3643E+2	1.5964E+2	1.3799E+2	1.1083E+2	8.9911E+1	6.7166E+1	5.2271E+1	3.7114E+1	2.7183E+1	2.0071E+1	1.5709E+1	1.2368E+1	1.0221E+1	8.7946E+0	7.5457E+0	6.7007E+0	6.0672E+0	5.5664E+0	5.1908E+0	4.8924E+0	4.6585E+0
2.6715E+3	6.5306E+2	3.9997E+2	3.2670E+2	1.6552E+2	1.4117E+2	1.1470E+2	8.8563E+1	6.8233E+1	5.0724E+1	3.7527E+1	2.7156E+1	2.0112E+1	1.5690E+1	1.2408E+1	1.0238E+1	8.8003E+0	7.5547E+0	6.7114E+0	6.0733E+0	5.5680E+0	5.1932E+0	4.8943E+0	4.6592E+0
3.2215E+3	7.9336E+2	3.8858E+2	3.2739E+2	1.7588E+2	1.4248E+2	1.1463E+2	9.0343E+1	6.8394E+1	5.2706E+1	3.7531E+1	2.7635E+1	2.0302E+1	1.5856E+1	1.2463E+1	1.0271E+1	8.8333E+0	7.5687E+0	6.7130E+0	6.0751E+0	5.5706E+0	5.1931E+0	4.8947E+0	4.6595E+0
2.2833E+3	8.0965E+2	3.7745E+2	3.3299E+2	1.6949E+2	1.4241E+2	1.1676E+2	9.1626E+1	6.9111E+1	5.2876E+1	3.7915E+1	2.7873E+1	2.0441E+1	1.5929E+1	1.2511E+1	1.0304E+1	8.8452E+0	7.5770E+0	6.7194E+0	6.0785E+0	5.5724E+0	5.1950E+0	4.8953E+0	4.6605E+0
2.7195E+3	7.1413E+2	4.2884E+2	3.2319E+2	1.8730E+2	1.4778E+2	1.1822E+2	9.2873E+1	7.0223E+1	5.3671E+1	3.8568E+1	2.8045E+1	2.0535E+1	1.6006E+1	1.2542E+1	1.0319E+1	8.8570E+0	7.5826E+0	6.7266E+0	6.0827E+0	5.5739E+0	5.1959E+0	4.8964E+0	4.6611E+0
3.2202E+3	8.8298E+2	3.4942E+2	3.4510E+2	1.7848E+2	1.4792E+2	1.1706E+2	9.6741E+1	7.0935E+1	5.4623E+1	3.8811E+1	2.8340E+1	2.0744E+1	1.6040E+1	1.2611E+1	1.0351E+1	8.8755E+0	7.5954E+0	6.7319E+0	6.0847E+0	5.5760E+0	5.1973E+0	4.8969E+0	4.6613E+0
2.0569E+3	7.1080E+2	4.2634E+2	3.2967E+2	1.8043E+2	1.5265E+2	1.2353E+2	9.5168E+1	7.2940E+1	5.3953E+1	3.9329E+1	2.8330E+1	2.0779E+1	1.6147E+1	1.2636E+1	1.0366E+1	8.8877E+0	7.6043E+0	6.7400E+0	6.0897E+0	5.5802E+0	5.1990E+0	4.8978E+0	4.6622E+0
6.7926E+3	7.3642E+2	4.0152E+2	3.5192E+2	1.7718E+2	1.4770E+2	1.2156E+2	9.8805E+1	7.1711E+1	5.5702E+1	3.9731E+1	2.8734E+1	2.0981E+1	1.6223E+1	1.2697E+1	1.0399E+1	8.9109E+0	7.6139E+0	6.7444E+0	6.0934E+0	5.5823E+0	5.2005E+0	4.8989E+0	4.6627E+0
3.0750E+3	8.0178E+2	4.0495E+2	3.3561E+2	1.9480E+2	1.5396E+2	1.2329E+2	9.9038E+1	7.3907E+1	5.6609E+1	4.0159E+1	2.9024E+1	2.1161E+1	1.6369E+1	1.2767E+1	1.0449E+1	8.9302E+0	7.6296E+0	6.7530E+0	6.0981E+0	5.5842E+0	5.2015E+0	4.8999E+0	4.6633E+0
3.0312E+3	9.0341E+2	3.9393E+2	3.4663E+2	1.8483E+2	1.5343E+2	1.2628E+2	9.8096E+1	7.5067E+1	5.7012E+1	4.0518E+1	2.9441E+1	2.1341E+1	1.6443E+1	1.2825E+1	1.0487E+1	8.9563E+0	7.6391E+0	6.7598E+0	6.1015E+0	5.5864E+0	5.2027E+0	4.9008E+0	4.6640E+0
1.8056E+3	7.7936E+2	4.3260E+2	3.3935E+2	1.9800E+2	1.5797E+2	1.3045E+2	9.9204E+1	7.5686E+1	5.7748E+1	4.1363E+1	2.9448E+1	2.1351E+1	1.6518E+1	1.2829E+1	1.0508E+1	8.9835E+0	7.6510E+0	6.7615E+0	6.1085E+0	5.5878E+0	5.2036E+0	4.9009E+0	4.6646E+0
1.8906E+3	6.6862E+2	4.3301E+2	3.4229E+2	1.8391E+2	1.5584E+2	1.2832E+2	9.9669E+1	7.6654E+1	5.7419E+1	4.1475E+1	2.9890E+1	2.1599E+1	1.6634E+1	1.2894E+1	1.0538E+1	8.9973E+0	7.6647E+0	6.7719E+0	6.1124E+0	5.5908E+0	5.2065E+0	4.9032E+0	4.6650E+0
3.0252E+3	9.3564E+2	3.8563E+2	3.5536E+2	1.8655E+2	1.5730E+2	1.2806E+2	1.0315E+2	7.7285E+1	5.8788E+1	4.1895E+1	3.0176E+1	2.1777E+1	1.6730E+1	1.2975E+1	1.0566E+1	9.0115E+0	7.6742E+0	6.7780E+0	6.1150E+0	5.5939E+0	5.2084E+0	4.9039E+0	4.6661E+0
2.1510E+3	8.7060E+2	4.4716E+2	3.5026E+2	1.8608E+2	1.5884E+2	1.3119E+2	1.0329E+2	7.8516E+1	5.9791E+1	4.2654E+1	3.0499E+1	2.1934E+1	1.6814E+1	1.3017E+1	1.0612E+1	9.0329E+0	7.6879E+0	6.7855E+0	6.1180E+0	5.5966E+0	5.2093E+0	4.9045E+0	4.6661E+0
4.2137E+3	8.1359E+2	3.5406E+2	3.6865E+2	1.9005E+2	1.5780E+2	1.3274E+2	1.0567E+2	7.9014E+1	6.0855E+1	4.2934E+1	3.0773E+1	2.2099E+1	1.6927E+1	1.3088E+1	1.0641E+1	9.0543E+0	7.6941E+0	6.7903E+0	6.1222E+0	5.5981E+0	5.2107E+0	4.9057E+0	4.6666E+0
3.0663E+3	6.4652E+2	4.5288E+2	3.3953E+2	2.0736E+2	1.6749E+2	1.3513E+2	1.0587E+2	8.1748E+1	6.0705E+1	4.3547E+1	3.1041E+1	2.2224E+1	1.7086E+1	1.3140E+1	1.0695E+1	9.0942E+0	7.7176E+0	6.8015E+0	6.1261E+0	5.6021E+0	5.2123E+0	4.9066E+0	4.6675E+0
2.4438E+3	8.7925E+2	3.7622E+2	3.6477E+2	1.9498E+2	1.6256E+2	1.3327E+2	1.0793E+2	8.1622E+1	6.2507E+1	4.3949E+1	3.1397E+1	2.2509E+1	1.7157E+1	1.3227E+1	1.0713E+1	9.1071E+0	7.7244E+0	6.8095E+0	6.1338E+0	5.6061E+0	5.2140E+0	4.9079E+0	4.6685E+0
1.9443E+3	9.4275E+2	4.4617E+2	3.4415E+2	1.9909E+2	1.6448E+2	1.3786E+2	1.0907E+2	8.2038E+1	6.2585E+1	4.4397E+1	3.1652E+1	2.2663E+1	1.7249E+1	1.3280E+1	1.0750E+1	9.1262E+0	7.7371E+0	6.8172E+0	6.1362E+0	5.6071E+0	5.2159E+0	4.9092E+0	4.6690E+0
2.4373E+3	7.3348E+2	3.9912E+2	3.6321E+2	1.9680E+2	1.6689E+2	1.3898E+2	1.1100E+2	8.3420E+1	6.3559E+1	4.4856E+1	3.2023E+1	2.2859E+1	1.7377E+1	1.3334E+1	1.0789E+1	9.1436E+0	7.7500E+0	6.8222E+0	6.1401E+0	5.6099E+0	5.2170E+0	4.9097E+0	4.6691E+0
3.1551E+3	1.0277E+3	3.6582E+2	3.6583E+2	1.9455E+2	1.6641E+2	1.3847E+2	1.1119E+2	8.3850E+1	6.4387E+1	4.5562E+1	3.2301E+1	2.3001E+1	1.7480E+1	1.3387E+1	1.0828E+1	9.1717E+0	7.7611E+0	6.8317E+0	6.1449E+0	5.6121E+0	5.2187E+0	4.9102E+0	4.6698E+0
1.7752E+3	8.1639E+2	4.5089E+2	3.5468E+2	2.0555E+2	1.7457E+2	1.4288E+2	1.1170E+2	8.5829E+1	6.4412E+1	4.5944E+1	3.2463E+1	2.3121E+1	1.7634E+1	1.3455E+1	1.0893E+1	9.2025E+0	7.7722E+0	6.8406E+0	6.1522E+0	5.6159E+0	5.2206E+0	4.9118E+0	4.6710E+0
2.9765E+3	7.7605E+2	4.0678E+2	3.6032E+2	1.9843E+2	1.6908E+2	1.4195E+2	1.1408E+2	8.5117E+1	6.5878E+1	4.6369E+1	3.2887E+1	2.3375E+1	1.7698E+1	1.3518E+1	1.0900E+1	9.2238E+0	7.7890E+0	6.8482E+0	6.1560E+0	5.6181E+0	5.2227E+0	4.9128E+0	4.6715E+0
2.7593E+3	8.7359E+2	4.1172E+2	3.6080E+2	2.0665E+2	1.7195E+2	1.4393E+2	1.1390E+2	8.6763E+1	6.6590E+1	4.6962E+1	3.3423E+1	2.3663E+1	1.7828E+1	1.3603E+1	1.0932E+1	9.2466E+0	7.8049E+0	6.8559E+0	6.1590E+0	5.6211E+0	5.2245E+0	4.9136E+0	4.6722E+0
2.6473E+3	9.2408E+2	3.4367E+2	3.7696E+2	2.0177E+2	1.7107E+2	1.4591E+2	1.1637E+2	8.8395E+1	6.7518E+1	4.7898E+1	3.3692E+1	2.3835E+1	1.7981E+1	1.3677E+1	1.0991E+1	9.2766E+0	7.8216E+0	6.8659E+0	6.1668E+0	5.6241E+0	5.2271E+0	4.9151E+0	4.6726E+0
2.3888E+3	8.5010E+2	4.1010E+2	3.5433E+2	2.1157E+2	1.7505E+2	1.4666E+2	1.1670E+2	8.8969E+1	6.8435E+1	4.8301E+1	3.4073E+1	2.4086E+1	1.8139E+1	1.3763E+1	1.1038E+1	9.3079E+0	7.8314E+0	6.8752E+0	6.1714E+0	5.6273E+0	5.2283E+0	4.9161E+0	4.6734E+0
3.2086E+3	8.2616E+2	4.2901E+2	3.5436E+2	2.1596E+2	1.7802E+2	1.4856E+2	1.1889E+2	9.1209E+1	6.8867E+1	4.8792E+1	3.4319E+1	2.4203E+1	1.8298E+1	1.3831E+1	1.1097E+1	9.3247E+0	7.8454E+0	6.8820E+0	6.1751E+0	5.6292E+0	5.2300E+0	4.9178E+0	4.6740E+0
2.4222E+3	8.4560E+2	4.2473E+2	3.5487E+2	2.0225E+2	1.7459E+2	1.4843E+2	1.1878E+2	9.1598E+1	6.9983E+1	4.9387E+1	3.4723E+1	2.4453E+1	1.8369E+1	1.3884E+1	1.1121E+1	9.3541E+0	7.8624E+0	6.8894E+0	6.1819E+0	5.6334E+0	5.2319E+0	4.9183E+0	4.6750E+0
1.9399E+3	8.6249E+2	3.7929E+2	3.5357E+2	2.0796E+2	1.7910E+2	1.5105E+2	1.2015E+2	9.2712E+1	7.0204E+1	4.9704E+1	3.5103E+1	2.4663E+1	1.8503E+1	1.3957E+1	1.1163E+1	9.3824E+0	7.8773E+0	6.8992E+0	6.1865E+0	5.6362E+0	5.2336E+0	4.9194E+0	4.6758E+0
1.6863E+3	8.8070E+2	4.0557E+2	3.4728E+2	2.0915E+2	1.8261E+2	1.5256E+2	1.2337E+2	9.3645E+1	7.1698E+1	5.0328E+1	3.5481E+1	2.4835E+1	1.8669E+1	1.4025E+1	1.1212E+1	9.4036E+0	7.8887E+0	6.9050E+0	6.1898E+0	5.6390E+0	5.2353E+0	4.9203E+0	4.6762E+0
1.8509E+3	7.3388E+2	4.2019E+2	3.4385E+2	2.1246E+2	1.8330E+2	1.5309E+2	1.2172E+2	9.4709E+1	7.1622E+1	5.0946E+1	3.5634E+1	2.5025E+1	1.8773E+1	1.4104E+1	1.1246E+1	9.4210E+0	7.9038E+0	6.9160E+0	6.1951E+0	5.6410E+0	5.2362E+0	4.9210E+0	4.6761E+0
1.4331E+3	9.1867E+2	4.0434E+2	3.5854E+2	2.1210E+2	1.8333E+2	1.5392E+2	1.2463E+2	9.5424E+1	7.2437E+1	5.1367E+1	3.5905E+1	2.5167E+1	1.8934E+1	1.4185E+1	1.1291E+1	9.4402E+0	7.9180E+0	6.9236E+0	6.2016E+0	5.6454E+0	5.2389E+0	4.9223E+0	4.6775E+0
2.2563E+3	6.2661E+2	4.3801E+2	3.5103E+2	2.1615E+2	1.8767E+2	1.5643E+2	1.2491E+2	9.6442E+1	7.3244E+1	5.1446E+1	3.6418E+1	2.5414E+1	1.8975E+1	1.4239E+1	1.1318E+1	9.4746E+0	7.9288E+0	6.9301E+0	6.2046E+0	5.6472E+0	5.2402E+0	4.9237E+0	4.6779E+0
1.5472E+3	8.3981E+2	4.0773E+2	3.4028E+2	2.0872E+2	1.8421E+2	1.5439E+2	1.2637E+2	9.7274E+1	7.4176E+1	5.2399E+1	3.6766E+1	2.5659E+1	1.9081E+1	1.4291E+1	1.1356E+1	9.5004E+0	7.9441E+0	6.9368E+0	6.2089E+0	5.6495E+0	5.2414E+0	4.9245E+0	4.6791E+0
1.8327E+3	7.7603E+2	4.3121E+2	3.4080E+2	2.1553E+2	1.8375E+2	1.5653E+2	1.2752E+2	9.8057E+1	7.4520E+1	5.2729E+1	3.7061E+1	2.5758E+1	1.9205E+1	1.4362E+1	1.1394E+1	9.5149E+0	7.9578E+0	6.9446E+0	6.2149E+0	5.6521E+0	5.2428E+0	4.9247E+0	4.6790E+0
1.8370E+3	8.3066E+2	3.8928E+2	3.5650E+2	2.1249E+2	1.8558E+2	1.5654E+2	1.2885E+2	9.7922E+1	7.5836E+1	5.3425E+1	3.7307E+1	2.6004E+1	1.9311E+1	1.4432E+1	1.1438E+1	9.5423E+0	7.9667E+0	6.9520E+0	6.2197E+0	5.6558E+0	5.2443E+0	4.9262E+0	4.6796E+0
1.2234E+3	8.1900E+2	4.3888E+2	3.4388E+2	2.2130E+2	1.8841E+2	1.6006E+2	1.2923E+2	1.0046E+2	7.5928E+1	5.3677E+1	3.7565E+1	2.6114E+1	1.9492E+1	1.4511E+1	1.1467E+1	9.5666E+0	7.9885E+0	6.9630E+0	6.2228E+0	5.6571E+0	5.2460E+0	4.9273E+0	4.6800E+0
1.6184E+3	7.5327E+2	4.2037E+2	3.4781E+2	2.2115E+2	1.8941E+2	1.5917E+2	1.3006E+2	9.9942E+1	7.6382E+1	5.4196E+1	3.7933E+1	2.6341E+1	1.9570E+1	1.4567E+1	1.1521E+1	9.5949E+0	8.0017E+0	6.9717E+0	6.2287E+0	5.6615E+0	5.2482E+0	4.9284E+0	4.6816E+0
2.2811E+3	6.6470E+2	4.0713E+2	3.4509E+2	2.1799E+2	1.8881E+2	1.5998E+2	1.3011E+2	1.0072E+2	7.7611E+1	5.4780E+1	3.8260E+1	2.6616E+1	1.9713E+1	1.4640E+1	1.1562E+1	9.6246E+0	8.0193E+0	6.9808E+0	6.2348E+0	5.6636E+0	5.2509E+0	4.9294E+0	4.6820E+0
1.8589E+3	7.0167E+2	3.4759E+2	3.5415E+2	2.1582E+2	1.8578E+2	1.5907E+2	1.3183E+2	1.0131E+2	7.8802E+1	5.5342E+1	3.8733E+1	2.6801E+1	1.9857E+1	1.4720E+1	1.1613E+1	9.6468E+0	8.0267E+0	6.9881E+0	6.2396E+0	5.6670E+0	5.2521E+0	4.9303E+0	4.6826E+0
1.1116E+3	7.0061E+2	4.3849E+2	3.2682E+2	2.2028E+2	1.9379E+2	1.6117E+2	1.3092E+2	1.0340E+2	7.9070E+1	5.5753E+1	3.9140E+1	2.7117E+1	1.9996E+1	1.4803E+1	1.1664E+1	9.6744E+0	8.0482E+0	6.9991E+0	6.2453E+0	5.6704E+0	5.2535E+0	4.9318E+0	4.6831E+0
1.5424E+3	7.5202E+2	3.8389E+2	3.4757E+2	2.2173E+2	1.8983E+2	1.6159E+2	1.3426E+2	1.0391E+2	7.9377E+1	5.6341E+1	3.9322E+1	2.7264E+1	2.0185E+1	1.4905E+1	1.1690E+1	9.7140E+0	8.0606E+0	7.0062E+0	6.2505E+0	5.6738E+0	5.2558E+0	4.9327E+0	4.6845E+0
1.8838E+3	1.0205E+3	3.5696E+2	3.4294E+2	2.1474E+2	1.8776E+2	1.6128E+2	1.3492E+2	1.0379E+2	8.0106E+1	5.7069E+1	3.9671E+1	2.7501E+1	2.0293E+1	1.4972E+1	1.1740E+1	9.7392E+0	8.0803E+0	7.0200E+0	6.2586E+0	5.6779E+0	5.2581E+0	4.9340E+0	4.6848E+0
1.7401E+3	9.1620E+2	3.7752E+2	3.4668E+2	2.1737E+2	1.8951E+2	1.6401E+2	1.3493E+2	1.0515E+2	8.1309E+1	5.7465E+1	4.0103E+1	2.7699E+1	2.0446E+1	1.5070E+1	1.1797E+1	9.7720E+0	8.0994E+0	7.0289E+0	6.2634E+0	5.6806E+0	5.2606E+0	4.9354E+0	4.6851E+0
1.5161E+3	7.5159E+2	3.9209E+2	3.4326E+2	2.1778E+2	1.9149E+2	1.6374E+2	1.3515E+2	1.0590E+2	8.1839E+1	5.8114E+1	4.0440E+1	2.8005E+1	2.0603E+1	1.5146E+1	1.1844E+1	9.8061E+0	8.1139E+0	7.0389E+0	6.2704E+0	5.6845E+0	5.2625E+0	4.9366E+0	4.6863E+0
1.4725E+3	7.0729E+2	3.6949E+2	3.3112E+2	2.2276E+2	1.9309E+2	1.6399E+2	1.3661E+2	1.0668E+2	8.2437E+1	5.8761E+1	4.0933E+1	2.8261E+1	2.0753E+1	1.5229E+1	1.1901E+1	9.8305E+0	8.1367E+0	7.0503E+0	6.2757E+0	5.6879E+0	5.2642E+0	4.9376E+0	4.6869E+0
1.6651E+3	7.6664E+2	3.6839E+2	3.3219E+2	2.1891E+2	1.9042E+2	1.6578E+2	1.3637E+2	1.0737E+2	8.2752E+1	5.8966E+1	4.1112E+1	2.8428E+1	2.0889E+1	1.5319E+1	1.1931E+1	9.8717E+0	8.1411E+0	7.0614E+0	6.2824E+0	5.6915E+0	5.2662E+0	4.9386E+0	4.6879E+0
1.6410E+3	6.7021E+2	3.5930E+2	3.3454E+2	2.1908E+2	1.9033E+2	1.6520E+2	1.3708E+2	1.0715E+2	8.3806E+1	5.9934E+1	4.1518E+1	2.8611E+1	2.1020E+1	1.5404E+1	1.1990E+1	9.8980E+0	8.1656E+0	7.0700E+0	6.2876E+0	5.6955E+0	5.2687E+0	4.9403E+0	4.6886E+0
1.4486E+3	7.4992E+2	3.8783E+2	3.2914E+2	2.2086E+2	1.9338E+2	1.6618E+2	1.3720E+2	1.0910E+2	8.4488E+1	6.0184E+1	4.1985E+1	2.8891E+1	2.1173E+1	1.5496E+1	1.2051E+1	9.9288E+0	8.1842E+0	7.0824E+0	6.2953E+0	5.6994E+0	5.2707E+0	4.9419E+0	4.6895E+0
2.6609E+3	6.9838E+2	3.5923E+2	3.3053E+2	2.1826E+2	1.9116E+2	1.6583E+2	1.3850E+2	1.0913E+2	8.5230E+1	6.0820E+1	4.2371E+1	2.9112E+1	2.1340E+1	1.5582E+1	1.2102E+1	9.9621E+0	8.2025E+0	7.0912E+0	6.3017E+0	5.7021E+0	5.2733E+0	4.9428E+0	4.6900E+0
1.4006E+3	6.7510E+2	3.8318E+2	3.1997E+2	2.1959E+2	1.9460E+2	1.6768E+2	1.3789E+2	1.1080E+2	8.5530E+1	6.1012E+1	4.2823E+1	2.9467E+1	2.1494E+1	1.5669E+1	1.2154E+1	9.9973E+0	8.2203E+0	7.1042E+0	6.3041E+0	5.7053E+0	5.2757E+0	4.9434E+0	4.6907E+0
1.4571E+3	6.4295E+2	3.8641E+2	3.1978E+2	2.1937E+2	1.9418E+2	1.6704E+2	1.3959E+2	1.1086E+2	8.6366E+1	6.1689E+1	4.3108E+1	2.9636E+1	2.1602E+1	1.5732E+1	1.2201E+1	1.0027E+1	8.2393E+0	7.1127E+0	6.3142E+0	5.7104E+0	5.2775E+0	4.9460E+0	4.6916E+0
1.7193E+3	7.4288E+2	3.3899E+2	3.3265E+2	2.1140E+2	1.8979E+2	1.6504E+2	1.4062E+2	1.1059E+2	8.7083E+1	6.2220E+1	4.3293E+1	2.9788E+1	2.1804E+1	1.5843E+1	1.2248E+1	1.0055E+1	8.2529E+0	7.1248E+0	6.3183E+0	5.7124E+0	5.2792E+0	4.9469E+0	4.6924E+0
1.1315E+3	5.7291E+2	3.8257E+2	3.1578E+2	2.1756E+2	1.9378E+2	1.6696E+2	1.3946E+2	1.1265E+2	8.7357E+1	6.2597E+1	4.3807E+1	3.0114E+1	2.1929E+1	1.5922E+1	1.2311E+1	1.0080E+1	8.2744E+0	7.1340E+0	6.3253E+0	5.7170E+0	5.2809E+0	4.9481E+0	4.6931E+0
1.4532E+3	7.0906E+2	3.6002E+2	3.2007E+2	2.1483E+2	1.9107E+2	1.6642E+2	1.4238E+2	1.1201E+2	8.8441E+1	6.3271E+1	4.4128E+1	3.0260E+1	2.2097E+1	1.6004E+1	1.2346E+1	1.0116E+1	8.2906E+0	7.1413E+0	6.3305E+0	5.7201E+0	5.2833E+0	4.9489E+0	4.6935E+0
2.3893E+3	7.0977E+2	3.2613E+2	3.2392E+2	2.1029E+2	1.8999E+2	1.6757E+2	1.4172E+2	1.1284E+2	8.8876E+1	6.3885E+1	4.4546E+1	3.0611E+1	2.2260E+1	1.6106E+1	1.2414E+1	1.0144E+1	8.3158E+0	7.1544E+0	6.3380E+0	5.7245E+0	5.2857E+0	4.9497E+0	4.6944E+0
1.0706E+3	6.0929E+2	3.7606E+2	3.0428E+2	2.1561E+2	1.9401E+2	1.6694E+2	1.4011E+2	1.1405E+2	8.9041E+1	6.3964E+1	4.4867E+1	3.0812E+1	2.2352E+1	1.6168E+1	1.2466E+1	1.0182E+1	8.3315E+0	7.1661E+0	6.3443E+0	5.7284E+0	5.2880E+0	4.9523E+0	4.6957E+0
1.0077E+3	6.2469E+2	3.5175E+2	3.0704E+2	2.0954E+2	1.9122E+2	1.6567E+2	1.4260E+2	1.1401E+2	9.0008E+1	6.4674E+1	4.5264E+1	3.0961E+1	2.2550E+1	1.6278E+1	1.2497E+1	1.0221E+1	8.3446E+0	7.1778E+0	6.3497E+0	5.7319E+0	5.2904E+0	4.9530E+0	4.6958E+0
1.0735E+3	6.2293E+2	3.5867E+2	3.0837E+2	2.1373E+2	1.9118E+2	1.6742E+2	1.4216E+2	1.1467E+2	9.0401E+1	6.5180E+1	4.5721E+1	3.1263E+1	2.2720E+1	1.6386E+1	1.2565E+1	1.0255E+1	8.3624E+0	7.1908E+0	6.3579E+0	5.7363E+0	5.2927E+0	4.9546E+0	4.6969E+0
1.3726E+3	7.1472E+2	3.2807E+2	3.0512E+2	2.1066E+2	1.8761E+2	1.6626E+2	1.4359E+2	1.1445E+2	9.1065E+1	6.5993E+1	4.6008E+1	3.1562E+1	2.2913E+1	1.6480E+1	1.2637E+1	1.0290E+1	8.3930E+0	7.2012E+0	6.3657E+0	5.7403E+0	5.2953E+0	4.9560E+0	4.6976E+0
1.9586E+3	6.8180E+2	3.3401E+2	3.0722E+2	2.0989E+2	1.8884E+2	1.6873E+2	1.4400E+2	1.1548E+2	9.1266E+1	6.6185E+1	4.6542E+1	3.1925E+1	2.2997E+1	1.6535E+1	1.2722E+1	1.0311E+1	8.4121E+0	7.2140E+0	6.3687E+0	5.7422E+0	5.2968E+0	4.9570E+0	4.6989E+0
1.1790E+3	5.4312E+2	3.6592E+2	3.0037E+2	2.1283E+2	1.9057E+2	1.6720E+2	1.4227E+2	1.1614E+2	9.1727E+1	6.6465E+1	4.6853E+1	3.2086E+1	2.3165E+1	1.6635E+1	1.2743E+1	1.0355E+1	8.4268E+0	7.2212E+0	6.3786E+0	5.7478E+0	5.3002E+0	4.9589E+0	4.6996E+0
1.5839E+3	6.1881E+2	3.2531E+2	2.9861E+2	2.0450E+2	1.8666E+2	1.6749E+2	1.4347E+2	1.1563E+2	9.2860E+1	6.7274E+1	4.7099E+1	3.2261E+1	2.3333E+1	1.6733E+1	1.2799E+1	1.0380E+1	8.4477E+0	7.2363E+0	6.3849E+0	5.7510E+0	5.3024E+0	4.9601E+0	4.7000E+0
1.0154E+3	5.3593E+2	3.5764E+2	2.8892E+2	2.0903E+2	1.8926E+2	1.6794E+2	1.4247E+2	1.1685E+2	9.2859E+1	6.7502E+1	4.7608E+1	3.2612E+1	2.3532E+1	1.6865E+1	1.2869E+1	1.0432E+1	8.4733E+0	7.2476E+0	6.3931E+0	5.7567E+0	5.3047E+0	4.9616E+0	4.7014E+0
1.1947E+3	7.4909E+2	2.8856E+2	2.9578E+2	2.0576E+2	1.8448E+2	1.6509E+2	1.4562E+2	1.1676E+2	9.3843E+1	6.8531E+1	4.7884E+1	3.2814E+1	2.3741E+1	1.6959E+1	1.2934E+1	1.0467E+1	8.4937E+0	7.2597E+0	6.4018E+0	5.7604E+0	5.3069E+0	4.9631E+0	4.7018E+0
1.5170E+3	5.8379E+2	3.3070E+2	2.9108E+2	2.0884E+2	1.8835E+2	1.6832E+2	1.4311E+2	1.1818E+2	9.3267E+1	6.8214E+1	4.8461E+1	3.3196E+1	2.3825E+1	1.7029E+1	1.3005E+1	1.0507E+1	8.5071E+0	7.2772E+0	6.4084E+0	5.7647E+0	5.3086E+0	4.9649E+0	4.7024E+0
1.0405E+3	5.6817E+2	3.3494E+2	2.8908E+2	2.0868E+2	1.8700E+2	1.6650E+2	1.4308E+2	1.1696E+2	9.4189E+1	6.9028E+1	4.8638E+1	3.3300E+1	2.4019E+1	1.7132E+1	1.3047E+1	1.0537E+1	8.5306E+0	7.2864E+0	6.4146E+0	5.7688E+0	5.3121E+0	4.9659E+0	4.7038E+0
9.9969E+2	4.9082E+2	3.1934E+2	2.8026E+2	2.0575E+2	1.8628E+2	1.6584E+2	1.4306E+2	1.1765E+2	9.4378E+1	6.9460E+1	4.9050E+1	3.3579E+1	2.4192E+1	1.7238E+1	1.3111E+1	1.0571E+1	8.5534E+0	7.2977E+0	6.4226E+0	5.7736E+0	5.3142E+0	4.9680E+0	4.7048E+0
9.4360E+2	5.9845E+2	3.0641E+2	2.8704E+2	2.0301E+2	1.8343E+2	1.6517E+2	1.4509E+2	1.1832E+2	9.4956E+1	6.9929E+1	4.9397E+1	3.3861E+1	2.4367E+1	1.7347E+1	1.3178E+1	1.0617E+1	8.5761E+0	7.3101E+0	6.4306E+0	5.7774E+0	5.3173E+0	4.9687E+0	4.7055E+0
1.2537E+3	5.6416E+2	3.1068E+2	2.8382E+2	1.9969E+2	1.8373E+2	1.6521E+2	1.4399E+2	1.1837E+2	9.5247E+1	7.0046E+1	4.9680E+1	3.4136E+1	2.4516E+1	1.7444E+1	1.3242E+1	1.0652E+1	8.5959E+0	7.3231E+0	6.4382E+0	5.7815E+0	5.3194E+0	4.9701E+0	4.7064E+0
7.8914E+2	5.8374E+2	3.1818E+2	2.8462E+2	2.0296E+2	1.8292E+2	1.6512E+2	1.4443E+2	1.1893E+2	9.5644E+1	7.0634E+1	5.0210E+1	3.4456E+1	2.4658E+1	1.7518E+1	1.3295E+1	1.0705E+1	8.6186E+0	7.3331E+0	6.4446E+0	5.7873E+0	5.3222E+0	4.9722E+0	4.7074E+0
9.2884E+2	5.2917E+2	3.0732E+2	2.7431E+2	1.9989E+2	1.8402E+2	1.6366E+2	1.4310E+2	1.1826E+2	9.6366E+1	7.0976E+1	5.0472E+1	3.4604E+1	2.4854E+1	1.7648E+1	1.3364E+1	1.0735E+1	8.6414E+0	7.3511E+0	6.4536E+0	5.7909E+0	5.3258E+0	4.9737E+0	4.7084E+0
8.2636E+2	5.2733E+2	3.2604E+2	2.6777E+2	2.0149E+2	1.8291E+2	1.6481E+2	1.4348E+2	1.1931E+2	9.6563E+1	7.1310E+1	5.0973E+1	3.4888E+1	2.4977E+1	1.7728E+1	1.3404E+1	1.0771E+1	8.6629E+0	7.3600E+0	6.4594E+0	5.7951E+0	5.3278E+0	4.9748E+0	4.7093E+0
1.0364E+3	5.1476E+2	2.9286E+2	2.7554E+2	1.9865E+2	1.8153E+2	1.6312E+2	1.4434E+2	1.1903E+2	9.6531E+1	7.1991E+1	5.1060E+1	3.5150E+1	2.5169E+1	1.7835E+1	1.3477E+1	1.0810E+1	8.6823E+0	7.3743E+0	6.4670E+0	5.7984E+0	5.3298E+0	4.9764E+0	4.7101E+0
9.0268E+2	5.1817E+2	2.8940E+2	2.7221E+2	1.9894E+2	1.8041E+2	1.6299E+2	1.4447E+2	1.1920E+2	9.7159E+1	7.2356E+1	5.1482E+1	3.5388E+1	2.5364E+1	1.7947E+1	1.3537E+1	1.0846E+1	8.7068E+0	7.3880E+0	6.4748E+0	5.8046E+0	5.3329E+0	4.9779E+0	4.7109E+0
1.0649E+3	5.2866E+2	2.8798E+2	2.6656E+2	1.9377E+2	1.7759E+2	1.6171E+2	1.4394E+2	1.1908E+2	9.7173E+1	7.2603E+1	5.1962E+1	3.5809E+1	2.5497E+1	1.8044E+1	1.3613E+1	1.0904E+1	8.7372E+0	7.4029E+0	6.4850E+0	5.8091E+0	5.3362E+0	4.9802E+0	4.7120E+0
1.0978E+3	4.7368E+2	3.1326E+2	2.5868E+2	1.9583E+2	1.8051E+2	1.6242E+2	1.4211E+2	1.1959E+2	9.7279E+1	7.2800E+1	5.2190E+1	3.5910E+1	2.5654E+1	1.8136E+1	1.3665E+1	1.0929E+1	8.7527E+0	7.4142E+0	6.4913E+0	5.8134E+0	5.3387E+0	4.9815E+0	4.7132E+0
8.8647E+2	4.9242E+2	2.9441E+2	2.6461E+2	1.9299E+2	1.7721E+2	1.6093E+2	1.4324E+2	1.1938E+2	9.8106E+1	7.3306E+1	5.2578E+1	3.6178E+1	2.5847E+1	1.8255E+1	1.3728E+1	1.0972E+1	8.7740E+0	7.4296E+0	6.5002E+0	5.8183E+0	5.3414E+0	4.9832E+0	4.7142E+0
7.8745E+2	5.5260E+2	2.8357E+2	2.5869E+2	1.9278E+2	1.7726E+2	1.6079E+2	1.4376E+2	1.1990E+2	9.8113E+1	7.3685E+1	5.2948E+1	3.6464E+1	2.6014E+1	1.8364E+1	1.3791E+1	1.1017E+1	8.7984E+0	7.4422E+0	6.5077E+0	5.8224E+0	5.3440E+0	4.9848E+0	4.7147E+0
1.4763E+3	5.3583E+2	2.7371E+2	2.5980E+2	1.8887E+2	1.7476E+2	1.5870E+2	1.4320E+2	1.1924E+2	9.8327E+1	7.4117E+1	5.3142E+1	3.6732E+1	2.6187E+1	1.8474E+1	1.3868E+1	1.1062E+1	8.8230E+0	7.4586E+0	6.5177E+0	5.8275E+0	5.3469E+0	4.9863E+0	4.7156E+0
7.2600E+2	4.0999E+2	2.9671E+2	2.4501E+2	1.9445E+2	1.7901E+2	1.6095E+2	1.4076E+2	1.2042E+2	9.8119E+1	7.4104E+1	5.3744E+1	3.6970E+1	2.6407E+1	1.8618E+1	1.3929E+1	1.1102E+1	8.8513E+0	7.4734E+0	6.5267E+0	5.8338E+0	5.3506E+0	4.9882E+0	4.7170E+0
9.0647E+2	5.7911E+2	2.4543E+2	2.5556E+2	1.8306E+2	1.7066E+2	1.5655E+2	1.4304E+2	1.1814E+2	9.8886E+1	7.4821E+1	5.3783E+1	3.7272E+1	2.6583E+1	1.8685E+1	1.4011E+1	1.1152E+1	8.8760E+0	7.4880E+0	6.5356E+0	5.8383E+0	5.3534E+0	4.9904E+0	4.7184E+0
7.5479E+2	4.2644E+2	2.9708E+2	2.4472E+2	1.8974E+2	1.7596E+2	1.5844E+2	1.4044E+2	1.2018E+2	9.8735E+1	7.4898E+1	5.4352E+1	3.7494E+1	2.6753E+1	1.8828E+1	1.4075E+1	1.1189E+1	8.9004E+0	7.5040E+0	6.5432E+0	5.8429E+0	5.3555E+0	4.9917E+0	4.7188E+0
7.9115E+2	4.4589E+2	2.8617E+2	2.3868E+2	1.8806E+2	1.7418E+2	1.5768E+2	1.4073E+2	1.2004E+2	9.9285E+1	7.5364E+1	5.4621E+1	3.7765E+1	2.6993E+1	1.8962E+1	1.4149E+1	1.1240E+1	8.9248E+0	7.5181E+0	6.5509E+0	5.8488E+0	5.3591E+0	4.9938E+0	4.7202E+0
8.9505E+2	5.1180E+2	2.6336E+2	2.4891E+2	1.8401E+2	1.6850E+2	1.5579E+2	1.4036E+2	1.1887E+2	9.9319E+1	7.5662E+1	5.4963E+1	3.8063E+1	2.7148E+1	1.9062E+1	1.4222E+1	1.1286E+1	8.9547E+0	7.5336E+0	6.5606E+0	5.8539E+0	5.3622E+0	4.9947E+0	4.7211E+0
1.3360E+3	4.2862E+2	2.6705E+2	2.4305E+2	1.8282E+2	1.7049E+2	1.5692E+2	1.3987E+2	1.1985E+2	9.8797E+1	7.5619E+1	5.5409E+1	3.8338E+1	2.7293E+1	1.9194E+1	1.4271E+1	1.1309E+1	8.9696E+0	7.5433E+0	6.5705E+0	5.8588E+0	5.3660E+0	4.9966E+0	4.7224E+0
7.7427E+2	4.3498E+2	2.7033E+2	2.3890E+2	1.8032E+2	1.6819E+2	1.5555E+2	1.3936E+2	1.1873E+2	9.9381E+1	7.6258E+1	5.5570E+1	3.8550E+1	2.7462E+1	1.9278E+1	1.4348E+1	1.1362E+1	8.9983E+0	7.5618E+0	6.5781E+0	5.8633E+0	5.3683E+0	4.9994E+0	4.7236E+0
5.5925E+2	4.3902E+2	2.7226E+2	2.3383E+2	1.8267E+2	1.6921E+2	1.5455E+2	1.3886E+2	1.1910E+2	9.9667E+1	7.6403E+1	5.5887E+1	3.8787E+1	2.7674E+1	1.9389E+1	1.4423E+1	1.1403E+1	9.0222E+0	7.5759E+0	6.5854E+0	5.8682E+0	5.3715E+0	5.0004E+0	4.7242E+0
9.5837E+2	4.2761E+2	2.4956E+2	2.3285E+2	1.7883E+2	1.6628E+2	1.5315E+2	1.3911E+2	1.1889E+2	9.9658E+1	7.6707E+1	5.6172E+1	3.9069E+1	2.7817E+1	1.9498E+1	1.4478E+1	1.1442E+1	9.0439E+0	7.5871E+0	6.5945E+0	5.8735E+0	5.3735E+0	5.0020E+0	4.7252E+0
7.8702E+2	3.8893E+2	2.6449E+2	2.2839E+2	1.7876E+2	1.6718E+2	1.5339E+2	1.3834E+2	1.1907E+2	9.9853E+1	7.7000E+1	5.6558E+1	3.9249E+1	2.8019E+1	1.9619E+1	1.4546E+1	1.1490E+1	9.0681E+0	7.6029E+0	6.6016E+0	5.8777E+0	5.3765E+0	5.0036E+0	4.7261E+0
9.2123E+2	4.0607E+2	2.5104E+2	2.3576E+2	1.7794E+2	1.6539E+2	1.5303E+2	1.3795E+2	1.1888E+2	9.9478E+1	7.6766E+1	5.6819E+1	3.9456E+1	2.8123E+1	1.9698E+1	1.4601E+1	1.1516E+1	9.0844E+0	7.6143E+0	6.6106E+0	5.8817E+0	5.3789E+0	5.0052E+0	4.7273E+0
7.2062E+2	4.1699E+2	2.4174E+2	2.2581E+2	1.7323E+2	1.6285E+2	1.5112E+2	1.3789E+2	1.1872E+2	9.9957E+1	7.7169E+1	5.6939E+1	3.9772E+1	2.8302E+1	1.9832E+1	1.4673E+1	1.1569E+1	9.1166E+0	7.6340E+0	6.6201E+0	5.8880E+0	5.3830E+0	5.0074E+0	4.7285E+0
8.0950E+2	4.0391E+2	2.3445E+2	2.2781E+2	1.7365E+2	1.6166E+2	1.5045E+2	1.3843E+2	1.1763E+2	9.9815E+1	7.7746E+1	5.7274E+1	4.0076E+1	2.8517E+1	1.9951E+1	1.4749E+1	1.1617E+1	9.1406E+0	7.6491E+0	6.6301E+0	5.8933E+0	5.3858E+0	5.0090E+0	4.7295E+0
7.4477E+2	3.9288E+2	2.4596E+2	2.2547E+2	1.7377E+2	1.6195E+2	1.4959E+2	1.3626E+2	1.1811E+2	9.9783E+1	7.7689E+1	5.7468E+1	4.0220E+1	2.8687E+1	2.0049E+1	1.4809E+1	1.1660E+1	9.1685E+0	7.6636E+0	6.6382E+0	5.8979E+0	5.3889E+0	5.0110E+0	4.7300E+0
6.9017E+2	3.8654E+2	2.4376E+2	2.2063E+2	1.7142E+2	1.6068E+2	1.4919E+2	1.3551E+2	1.1846E+2	9.9698E+1	7.7822E+1	5.8006E+1	4.0529E+1	2.8904E+1	2.0202E+1	1.4911E+1	1.1710E+1	9.1998E+0	7.6813E+0	6.6468E+0	5.9038E+0	5.3913E+0	5.0123E+0	4.7313E+0
7.4672E+2	3.8226E+2	2.4172E+2	2.1749E+2	1.6939E+2	1.6028E+2	1.4808E+2	1.3537E+2	1.1764E+2	9.9754E+1	7.7863E+1	5.8096E+1	4.0694E+1	2.9009E+1	2.0273E+1	1.4956E+1	1.1742E+1	9.2198E+0	7.6918E+0	6.6540E+0	5.9091E+0	5.3945E+0	5.0140E+0	4.7323E+0
8.7132E+2	3.6753E+2	2.4196E+2	2.1715E+2	1.6945E+2	1.5889E+2	1.4733E+2	1.3453E+2	1.1740E+2	9.9701E+1	7.8288E+1	5.8163E+1	4.0851E+1	2.9132E+1	2.0346E+1	1.5015E+1	1.1782E+1	9.2395E+0	7.7050E+0	6.6636E+0	5.9126E+0	5.3974E+0	5.0161E+0	4.7328E+0
8.2363E+2	4.0270E+2	2.3193E+2	2.1422E+2	1.6744E+2	1.5709E+2	1.4629E+2	1.3428E+2	1.1684E+2	9.9899E+1	7.8407E+1	5.8573E+1	4.1215E+1	2.9369E+1	2.0526E+1	1.5109E+1	1.1842E+1	9.2757E+0	7.7277E+0	6.6745E+0	5.9205E+0	5.4009E+0	5.0184E+0	4.7346E+0
6.3529E+2	3.4154E+2	2.3834E+2	2.1168E+2	1.6688E+2	1.5818E+2	1.4582E+2	1.3396E+2	1.1704E+2	9.9857E+1	7.8693E+1	5.8904E+1	4.1401E+1	2.9549E+1	2.0621E+1	1.5188E+1	1.1885E+1	9.3014E+0	7.7400E+0	6.6844E+0	5.9248E+0	5.4047E+0	5.0199E+0	4.7356E+0
7.0285E+2	3.8641E+2	2.1431E+2	2.1476E+2	1.6419E+2	1.5400E+2	1.4517E+2	1.3355E+2	1.1622E+2	9.9309E+1	7.8584E+1	5.9222E+1	4.1685E+1	2.9771E+1	2.0767E+1	1.5277E+1	1.1942E+1	9.3292E+0	7.7549E+0	6.6944E+0	5.9295E+0	5.4073E+0	5.0217E+0	4.7367E+0
8.6424E+2	3.4682E+2	2.3430E+2	2.0737E+2	1.6501E+2	1.5522E+2	1.4418E+2	1.3237E+2	1.1635E+2	9.9425E+1	7.8931E+1	5.9213E+1	4.1736E+1	2.9815E+1	2.0807E+1	1.5299E+1	1.1962E+1	9.3455E+0	7.7688E+0	6.7022E+0	5.9352E+0	5.4106E+0	5.0235E+0	4.7376E+0
8.4791E+2	3.9510E+2	2.0988E+2	2.0654E+2	1.6129E+2	1.5180E+2	1.4245E+2	1.3244E+2	1.1577E+2	9.9668E+1	7.8753E+1	5.9535E+1	4.2061E+1	3.0020E+1	2.0954E+1	1.5382E+1	1.2011E+1	9.3755E+0	7.7845E+0	6.7101E+0	5.9398E+0	5.4134E+0	5.0251E+0	4.7387E+0
5.1565E+2	3.3154E+2	2.2860E+2	2.0175E+2	1.6360E+2	1.5233E+2	1.4251E+2	1.3161E+2	1.1569E+2	9.9624E+1	7.9159E+1	5.9792E+1	4.2189E+1	3.0235E+1	2.1074E+1	1.5464E+1	1.2071E+1	9.4065E+0	7.8023E+0	6.7214E+0	5.9464E+0	5.4165E+0	5.0273E+0	4.7396E+0
7.5172E+2	3.1027E+2	2.3093E+2	2.0062E+2	1.6215E+2	1.5193E+2	1.4198E+2	1.3018E+2	1.1566E+2	9.9136E+1	7.9265E+1	6.0002E+1	4.2469E+1	3.0418E+1	2.1195E+1	1.5539E+1	1.2121E+1	9.4347E+0	7.8186E+0	6.7320E+0	5.9517E+0	5.4198E+0	5.0291E+0	4.7411E+0
5.6931E+2	3.9536E+2	2.0652E+2	2.0287E+2	1.5785E+2	1.4892E+2	1.4082E+2	1.3033E+2	1.1474E+2	9.8943E+1	7.9114E+1	6.0391E+1	4.2730E+1	3.0686E+1	2.1326E+1	1.5632E+1	1.2182E+1	9.4588E+0	7.8363E+0	6.7406E+0	5.9590E+0	5.4243E+0	5.0316E+0	4.7422E+0
6.0958E+2	3.1193E+2	2.3481E+2	1.9743E+2	1.5908E+2	1.5070E+2	1.3975E+2	1.2868E+2	1.1473E+2	9.9038E+1	7.9298E+1	6.0235E+1	4.2749E+1	3.0703E+1	2.1380E+1	1.5667E+1	1.2203E+1	9.4801E+0	7.8455E+0	6.7490E+0	5.9627E+0	5.4264E+0	5.0330E+0	4.7435E+0
6.9455E+2	3.7548E+2	2.0031E+2	1.9819E+2	1.5410E+2	1.4598E+2	1.3783E+2	1.2995E+2	1.1377E+2	9.8868E+1	7.9397E+1	6.0514E+1	4.3155E+1	3.0860E+1	2.1535E+1	1.5769E+1	1.2256E+1	9.5118E+0	7.8636E+0	6.7588E+0	5.9691E+0	5.4306E+0	5.0350E+0	4.7441E+0
7.5377E+2	3.5152E+2	2.1135E+2	1.9422E+2	1.5428E+2	1.4658E+2	1.3766E+2	1.2813E+2	1.1334E+2	9.8697E+1	7.9441E+1	6.0945E+1	4.3313E+1	3.1099E+1	2.1653E+1	1.5842E+1	1.2308E+1	9.5368E+0	7.8844E+0	6.7691E+0	5.9747E+0	5.4335E+0	5.0370E+0	4.7451E+0
5.8071E+2	3.1905E+2	2.2020E+2	1.9135E+2	1.5495E+2	1.4604E+2	1.3777E+2	1.2744E+2	1.1339E+2	9.8624E+1	7.9495E+1	6.0998E+1	4.3494E+1	3.1303E+1	2.1777E+1	1.5921E+1	1.2361E+1	9.5673E+0	7.9011E+0	6.7790E+0	5.9801E+0	5.4367E+0	5.0386E+0	4.7465E+0
5.2039E+2	3.0875E+2	2.1659E+2	1.8930E+2	1.5550E+2	1.4617E+2	1.3708E+2	1.2604E+2	1.1318E+2	9.8441E+1	7.9369E+1	6.1207E+1	4.3615E+1	3.1461E+1	2.1841E+1	1.5968E+1	1.2396E+1	9.5920E+0	7.9159E+0	6.7899E+0	5.9861E+0	5.4402E+0	5.0404E+0	4.7474E+0
6.2816E+2	3.1927E+2	2.0626E+2	1.9034E+2	1.5218E+2	1.4357E+2	1.3579E+2	1.2603E+2	1.1220E+2	9.8144E+1	7.9582E+1	6.1188E+1	4.3801E+1	3.1502E+1	2.1952E+1	1.6039E+1	1.2448E+1	9.6174E+0	7.9310E+0	6.7957E+0	5.9899E+0	5.4425E+0	5.0424E+0	4.7488E+0
5.8658E+2	3.3954E+2	2.0673E+2	1.8777E+2	1.4933E+2	1.4255E+2	1.3433E+2	1.2546E+2	1.1218E+2	9.7899E+1	7.9555E+1	6.1483E+1	4.4028E+1	3.1701E+1	2.2085E+1	1.6125E+1	1.2492E+1	9.6464E+0	7.9464E+0	6.8069E+0	5.9963E+0	5.4468E+0	5.0447E+0	4.7499E+0
7.6356E+2	3.3429E+2	1.8843E+2	1.8900E+2	1.4785E+2	1.4019E+2	1.3319E+2	1.2592E+2	1.1113E+2	9.7630E+1	7.9472E+1	6.1709E+1	4.4290E+1	3.1890E+1	2.2199E+1	1.6198E+1	1.2538E+1	9.6677E+0	7.9635E+0	6.8160E+0	6.0011E+0	5.4493E+0	5.0459E+0	4.7507E+0
4.9509E+2	2.8816E+2	2.1209E+2	1.8009E+2	1.4839E+2	1.4195E+2	1.3326E+2	1.2310E+2	1.1132E+2	9.7727E+1	7.9729E+1	6.1748E+1	4.4430E+1	3.2080E+1	2.2307E+1	1.6263E+1	1.2592E+1	9.7058E+0	7.9820E+0	6.8284E+0	6.0079E+0	5.4530E+0	5.0482E+0	4.7519E+0
4.9084E+2	2.8293E+2	2.0479E+2	1.8005E+2	1.4894E+2	1.4040E+2	1.3237E+2	1.2294E+2	1.1102E+2	9.7326E+1	7.9443E+1	6.2047E+1	4.4527E+1	3.2276E+1	2.2378E+1	1.6321E+1	1.2626E+1	9.7339E+0	7.9955E+0	6.8356E+0	6.0130E+0	5.4567E+0	5.0503E+0	4.7534E+0
7.1993E+2	2.9116E+2	2.0049E+2	1.7978E+2	1.4610E+2	1.3979E+2	1.3121E+2	1.2277E+2	1.1035E+2	9.7146E+1	7.9540E+1	6.1931E+1	4.4691E+1	3.2331E+1	2.2476E+1	1.6373E+1	1.2666E+1	9.7492E+0	8.0096E+0	6.8440E+0	6.0184E+0	5.4586E+0	5.0518E+0	4.7543E+0
5.8926E+2	3.0595E+2	1.9876E+2	1.7821E+2	1.4517E+2	1.3760E+2	1.3065E+2	1.2220E+2	1.1017E+2	9.6789E+1	7.9726E+1	6.2211E+1	4.4916E+1	3.2509E+1	2.2615E+1	1.6467E+1	1.2720E+1	9.7808E+0	8.0313E+0	6.8558E+0	6.0245E+0	5.4627E+0	5.0542E+0	4.7553E+0
5.9444E+2	2.8911E+2	1.9384E+2	1.7885E+2	1.4265E+2	1.3655E+2	1.2953E+2	1.2221E+2	1.0940E+2	9.6441E+1	7.9475E+1	6.2432E+1	4.5118E+1	3.2714E+1	2.2722E+1	1.6538E+1	1.2769E+1	9.8135E+0	8.0436E+0	6.8643E+0	6.0304E+0	5.4661E+0	5.0559E+0	4.7563E+0
4.2994E+2	3.0691E+2	1.8510E+2	1.7544E+2	1.4099E+2	1.3460E+2	1.2834E+2	1.2147E+2	1.0849E+2	9.6404E+1	7.9523E+1	6.2615E+1	4.5350E+1	3.2912E+1	2.2861E+1	1.6632E+1	1.2824E+1	9.8484E+0	8.0654E+0	6.8777E+0	6.0369E+0	5.4702E+0	5.0582E+0	4.7577E+0
4.9439E+2	2.6838E+2	1.9267E+2	1.7218E+2	1.4318E+2	1.3518E+2	1.2859E+2	1.2025E+2	1.0892E+2	9.5960E+1	7.9493E+1	6.2540E+1	4.5384E+1	3.3017E+1	2.2917E+1	1.6679E+1	1.2868E+1	9.8722E+0	8.0841E+0	6.8885E+0	6.0444E+0	5.4730E+0	5.0603E+0	4.7588E+0
4.8611E+2	2.6294E+2	1.9543E+2	1.6992E+2	1.4107E+2	1.3428E+2	1.2751E+2	1.1889E+2	1.0827E+2	9.5794E+1	7.9521E+1	6.2654E+1	4.5569E+1	3.3134E+1	2.3048E+1	1.6765E+1	1.2917E+1	9.9007E+0	8.0979E+0	6.8980E+0	6.0489E+0	5.4771E+0	5.0626E+0	4.7604E+0
7.1876E+2	3.0168E+2	1.7863E+2	1.7230E+2	1.3824E+2	1.3158E+2	1.2596E+2	1.1896E+2	1.0739E+2	9.5146E+1	7.9248E+1	6.2908E+1	4.5801E+1	3.3357E+1	2.3175E+1	1.6838E+1	1.2969E+1	9.9338E+0	8.1162E+0	6.9105E+0	6.0564E+0	5.4812E+0	5.0646E+0	4.7614E+0
5.0528E+2	2.7767E+2	1.7915E+2	1.6961E+2	1.3791E+2	1.3108E+2	1.2504E+2	1.1811E+2	1.0685E+2	9.5066E+1	7.9436E+1	6.2959E+1	4.5932E+1	3.3503E+1	2.3289E+1	1.6934E+1	1.3020E+1	9.9639E+0	8.1347E+0	6.9193E+0	6.0623E+0	5.4849E+0	5.0665E+0	4.7627E+0
4.7171E+2	2.6109E+2	1.9052E+2	1.6506E+2	1.3692E+2	1.3101E+2	1.2426E+2	1.1657E+2	1.0651E+2	9.5018E+1	7.9266E+1	6.3033E+1	4.6141E+1	3.3706E+1	2.3455E+1	1.7021E+1	1.3090E+1	1.0001E+1	8.1568E+0	6.9330E+0	6.0693E+0	5.4893E+0	5.0690E+0	4.7642E+0
5.4401E+2	2.7534E+2	1.7449E+2	1.6763E+2	1.3531E+2	1.2929E+2	1.2388E+2	1.1665E+2	1.0619E+2	9.4022E+1	7.9026E+1	6.3109E+1	4.6117E+1	3.3782E+1	2.3452E+1	1.7052E+1	1.3121E+1	1.0011E+1	8.1719E+0	6.9382E+0	6.0721E+0	5.4912E+0	5.0704E+0	4.7654E+0
3.7928E+2	2.6016E+2	1.8328E+2	1.6266E+2	1.3602E+2	1.2903E+2	1.2306E+2	1.1520E+2	1.0560E+2	9.4180E+1	7.9208E+1	6.3127E+1	4.6364E+1	3.3944E+1	2.3630E+1	1.7165E+1	1.3179E+1	1.0055E+1	8.1950E+0	6.9540E+0	6.0815E+0	5.4963E+0	5.0735E+0	4.7669E+0
4.8830E+2	2.6338E+2	1.6906E+2	1.6335E+2	1.3382E+2	1.2660E+2	1.2134E+2	1.1526E+2	1.0466E+2	9.3656E+1	7.8795E+1	6.3288E+1	4.6527E+1	3.4143E+1	2.3740E+1	1.7230E+1	1.3231E+1	1.0085E+1	8.2127E+0	6.9646E+0	6.0878E+0	5.5001E+0	5.0754E+0	4.7675E+0
5.6694E+2	2.7601E+2	1.6327E+2	1.6205E+2	1.3064E+2	1.2497E+2	1.2029E+2	1.1470E+2	1.0384E+2	9.3184E+1	7.8758E+1	6.3482E+1	4.6725E+1	3.4340E+1	2.3872E+1	1.7337E+1	1.3303E+1	1.0122E+1	8.2352E+0	6.9775E+0	6.0966E+0	5.5051E+0	5.0785E+0	4.7696E+0
4.8126E+2	2.5932E+2	1.7885E+2	1.5774E+2	1.3088E+2	1.2553E+2	1.1961E+2	1.1278E+2	1.0373E+2	9.3111E+1	7.8804E+1	6.3385E+1	4.6918E+1	3.4466E+1	2.4018E+1	1.7414E+1	1.3354E+1	1.0157E+1	8.2551E+0	6.9893E+0	6.1018E+0	5.5085E+0	5.0805E+0	4.7703E+0
4.3032E+2	2.4549E+2	1.7680E+2	1.5734E+2	1.3172E+2	1.2542E+2	1.1942E+2	1.1219E+2	1.0356E+2	9.2739E+1	7.8523E+1	6.3226E+1	4.6897E+1	3.4493E+1	2.4102E+1	1.7496E+1	1.3414E+1	1.0177E+1	8.2687E+0	6.9999E+0	6.1077E+0	5.5115E+0	5.0821E+0	4.7714E+0
6.1519E+2	2.5817E+2	1.6474E+2	1.5853E+2	1.2710E+2	1.2262E+2	1.1776E+2	1.1279E+2	1.0245E+2	9.2272E+1	7.8280E+1	6.3597E+1	4.7035E+1	3.4713E+1	2.4173E+1	1.7533E+1	1.3441E+1	1.0203E+1	8.2835E+0	7.0099E+0	6.1141E+0	5.5154E+0	5.0842E+0	4.7728E+0
3.6424E+2	2.3499E+2	1.7674E+2	1.5315E+2	1.2929E+2	1.2320E+2	1.1760E+2	1.1045E+2	1.0220E+2	9.2267E+1	7.8349E+1	6.3436E+1	4.7236E+1	3.4821E+1	2.4339E+1	1.7641E+1	1.3508E+1	1.0243E+1	8.3061E+0	7.0218E+0	6.1212E+0	5.5199E+0	5.0870E+0	4.7746E+0
4.2524E+2	2.4198E+2	1.6387E+2	1.5328E+2	1.2592E+2	1.2144E+2	1.1647E+2	1.1071E+2	1.0158E+2	9.1823E+1	7.8147E+1	6.3655E+1	4.7354E+1	3.5022E+1	2.4435E+1	1.7716E+1	1.3560E+1	1.0273E+1	8.3257E+0	7.0329E+0	6.1281E+0	5.5230E+0	5.0891E+0	4.7756E+0
4.3837E+2	2.3309E+2	1.6787E+2	1.5242E+2	1.2682E+2	1.2055E+2	1.1602E+2	1.1003E+2	1.0137E+2	9.1452E+1	7.7983E+1	6.3642E+1	4.7432E+1	3.5108E+1	2.4549E+1	1.7804E+1	1.3604E+1	1.0301E+1	8.3399E+0	7.0423E+0	6.1328E+0	5.5271E+0	5.0902E+0	4.7764E+0
4.7531E+2	2.4808E+2	1.6052E+2	1.5085E+2	1.2452E+2	1.1997E+2	1.1507E+2	1.0921E+2	1.0077E+2	9.1120E+1	7.7929E+1	6.3568E+1	4.7542E+1	3.5204E+1	2.4599E+1	1.7834E+1	1.3637E+1	1.0319E+1	8.3568E+0	7.0524E+0	6.1395E+0	5.5304E+0	5.0928E+0	4.7778E+0
3.4682E+2	2.2270E+2	1.6825E+2	1.4699E+2	1.2437E+2	1.1975E+2	1.1430E+2	1.0829E+2	9.9972E+1	9.0765E+1	7.7875E+1	6.3524E+1	4.7718E+1	3.5320E+1	2.4729E+1	1.7915E+1	1.3700E+1	1.0356E+1	8.3760E+0	7.0646E+0	6.1462E+0	5.5345E+0	5.0952E+0	4.7794E+0
4.1936E+2	2.5396E+2	1.5311E+2	1.4883E+2	1.2124E+2	1.1708E+2	1.1282E+2	1.0818E+2	9.9461E+1	9.0189E+1	7.7520E+1	6.3755E+1	4.7785E+1	3.5556E+1	2.4846E+1	1.8016E+1	1.3767E+1	1.0393E+1	8.3987E+0	7.0800E+0	6.1527E+0	5.5392E+0	5.0979E+0	4.7810E+0
4.4705E+2	2.2298E+2	1.6185E+2	1.4575E+2	1.2212E+2	1.1690E+2	1.1241E+2	1.0737E+2	9.8862E+1	8.9861E+1	7.7455E+1	6.3752E+1	4.7939E+1	3.5690E+1	2.4995E+1	1.8109E+1	1.3826E+1	1.0433E+1	8.4214E+0	7.0906E+0	6.1611E+0	5.5432E+0	5.1002E+0	4.7820E+0
4.1953E+2	2.3750E+2	1.5645E+2	1.4517E+2	1.2105E+2	1.1636E+2	1.1168E+2	1.0636E+2	9.8341E+1	8.9350E+1	7.7176E+1	6.3650E+1	4.8034E+1	3.5770E+1	2.5124E+1	1.8201E+1	1.3874E+1	1.0470E+1	8.4446E+0	7.1015E+0	6.1673E+0	5.5470E+0	5.1019E+0	4.7835E+0
4.3185E+2	2.2422E+2	1.5632E+2	1.4305E+2	1.2005E+2	1.1536E+2	1.1113E+2	1.0571E+2	9.7874E+1	8.9155E+1	7.7119E+1	6.3587E+1	4.8040E+1	3.5842E+1	2.5159E+1	1.8242E+1	1.3908E+1	1.0483E+1	8.4552E+0	7.1101E+0	6.1734E+0	5.5505E+0	5.1047E+0	4.7845E+0
4.8399E+2	2.3650E+2	1.5189E+2	1.4371E+2	1.1885E+2	1.1359E+2	1.0983E+2	1.0488E+2	9.7075E+1	8.8733E+1	7.6794E+1	6.3735E+1	4.8191E+1	3.6028E+1	2.5278E+1	1.8323E+1	1.3971E+1	1.0521E+1	8.4776E+0	7.1227E+0	6.1805E+0	5.5543E+0	5.1069E+0	4.7861E+0
3.5206E+2	2.1954E+2	1.5246E+2	1.3985E+2	1.1898E+2	1.1376E+2	1.0924E+2	1.0367E+2	9.6668E+1	8.8527E+1	7.6675E+1	6.3589E+1	4.8341E+1	3.6167E+1	2.5433E+1	1.8425E+1	1.4037E+1	1.0564E+1	8.5029E+0	7.1385E+0	6.1891E+0	5.5602E+0	5.1095E+0	4.7874E+0
4.3606E+2	2.2245E+2	1.4645E+2	1.4132E+2	1.1544E+2	1.1113E+2	1.0813E+2	1.0415E+2	9.6055E+1	8.7563E+1	7.6353E+1	6.3721E+1	4.8390E+1	3.6303E+1	2.5527E+1	1.8505E+1	1.4092E+1	1.0598E+1	8.5216E+0	7.1482E+0	6.1953E+0	5.5630E+0	5.1118E+0	4.7890E+0
3.5144E+2	2.1120E+2	1.5492E+2	1.3943E+2	1.1680E+2	1.1209E+2	1.0795E+2	1.0244E+2	9.5832E+1	8.7475E+1	7.6310E+1	6.3447E+1	4.8455E+1	3.6351E+1	2.5688E+1	1.8588E+1	1.4136E+1	1.0624E+1	8.5378E+0	7.1655E+0	6.2046E+0	5.5672E+0	5.1142E+0	4.7902E+0
5.0045E+2	2.2736E+2	1.4049E+2	1.3769E+2	1.1345E+2	1.0952E+2	1.0668E+2	1.0278E+2	9.4869E+1	8.6876E+1	7.5811E+1	6.3597E+1	4.8484E+1	3.6494E+1	2.5741E+1	1.8663E+1	1.4193E+1	1.0662E+1	8.5609E+0	7.1740E+0	6.2094E+0	5.5710E+0	5.1165E+0	4.7915E+0
3.6679E+2	2.1261E+2	1.4761E+2	1.3563E+2	1.1350E+2	1.0895E+2	1.0570E+2	1.0156E+2	9.4436E+1	8.6638E+1	7.5792E+1	6.3542E+1	4.8626E+1	3.6617E+1	2.5871E+1	1.8754E+1	1.4254E+1	1.0700E+1	8.5852E+0	7.1889E+0	6.2193E+0	5.5769E+0	5.1198E+0	4.7931E+0
3.2315E+2	2.1065E+2	1.4645E+2	1.3360E+2	1.1381E+2	1.0880E+2	1.0465E+2	1.0044E+2	9.3711E+1	8.6155E+1	7.5682E+1	6.3395E+1	4.8770E+1	3.6775E+1	2.5996E+1	1.8851E+1	1.4319E+1	1.0740E+1	8.6107E+0	7.2037E+0	6.2269E+0	5.5813E+0	5.1224E+0	4.7944E+0
5.0033E+2	2.3262E+2	1.4022E+2	1.3380E+2	1.1073E+2	1.0701E+2	1.0411E+2	1.0043E+2	9.3144E+1	8.5528E+1	7.5143E+1	6.3485E+1	4.8778E+1	3.6883E+1	2.6120E+1	1.8930E+1	1.4363E+1	1.0769E+1	8.6248E+0	7.2141E+0	6.2332E+0	5.5848E+0	5.1240E+0	4.7959E+0
3.1915E+2	1.8974E+2	1.4746E+2	1.3012E+2	1.1323E+2	1.0864E+2	1.0392E+2	9.8317E+1	9.2800E+1	8.5432E+1	7.5313E+1	6.3111E+1	4.8924E+1	3.6958E+1	2.6245E+1	1.8984E+1	1.4437E+1	1.0803E+1	8.6522E+0	7.2259E+0	6.2406E+0	5.5893E+0	5.1275E+0	4.7972E+0
3.6753E+2	2.0527E+2	1.3591E+2	1.2995E+2	1.0996E+2	1.0574E+2	1.0251E+2	9.8977E+1	9.2187E+1	8.4836E+1	7.4799E+1	6.3282E+1	4.8830E+1	3.7028E+1	2.6300E+1	1.9058E+1	1.4468E+1	1.0828E+1	8.6632E+0	7.2370E+0	6.2468E+0	5.5932E+0	5.1294E+0	4.7985E+0
4.7741E+2	2.1022E+2	1.3496E+2	1.3016E+2	1.0791E+2	1.0427E+2	1.0182E+2	9.8464E+1	9.1619E+1	8.4229E+1	7.4442E+1	6.3279E+1	4.8908E+1	3.7163E+1	2.6432E+1	1.9151E+1	1.4530E+1	1.0866E+1	8.6897E+0	7.2521E+0	6.2549E+0	5.5984E+0	5.1321E+0	4.8000E+0
3.6215E+2	1.9244E+2	1.3781E+2	1.2779E+2	1.0768E+2	1.0436E+2	1.0094E+2	9.7276E+1	9.1008E+1	8.3917E+1	7.4357E+1	6.3116E+1	4.9004E+1	3.7304E+1	2.6544E+1	1.9245E+1	1.4601E+1	1.0912E+1	8.7161E+0	7.2673E+0	6.2637E+0	5.6032E+0	5.1350E+0	4.8017E+0
3.4404E+2	2.0255E+2	1.3408E+2	1.2724E+2	1.0643E+2	1.0289E+2	9.9953E+1	9.6681E+1	9.0280E+1	8.3464E+1	7.3952E+1	6.3058E+1	4.9083E+1	3.7422E+1	2.6676E+1	1.9338E+1	1.4669E+1	1.0950E+1	8.7415E+0	7.2817E+0	6.2734E+0	5.6082E+0	5.1380E+0	4.8034E+0
3.3141E+2	1.8330E+2	1.3936E+2	1.2517E+2	1.0714E+2	1.0347E+2	9.9801E+1	9.5316E+1	8.9912E+1	8.3340E+1	7.3992E+1	6.2792E+1	4.9178E+1	3.7486E+1	2.6758E+1	1.9386E+1	1.4729E+1	1.0987E+1	8.7646E+0	7.2972E+0	6.2806E+0	5.6122E+0	5.1405E+0	4.8051E+0
3.2237E+2	2.0205E+2	1.3075E+2	1.2568E+2	1.0420E+2	1.0125E+2	9.8543E+1	9.5506E+1	8.9168E+1	8.2580E+1	7.3376E+1	6.2777E+1	4.9100E+1	3.7561E+1	2.6856E+1	1.9487E+1	1.4770E+1	1.1011E+1	8.7848E+0	7.3075E+0	6.2890E+0	5.6174E+0	5.1435E+0	4.8066E+0
3.5495E+2	1.9370E+2	1.3168E+2	1.2323E+2	1.0450E+2	1.0033E+2	9.7797E+1	9.4584E+1	8.8812E+1	8.1926E+1	7.3167E+1	6.2720E+1	4.9184E+1	3.7692E+1	2.6973E+1	1.9565E+1	1.4841E+1	1.1063E+1	8.8091E+0	7.3248E+0	6.2958E+0	5.6223E+0	5.1458E+0	4.8081E+0
3.3963E+2	1.8200E+2	1.3695E+2	1.2265E+2	1.0467E+2	1.0052E+2	9.7262E+1	9.3593E+1	8.8085E+1	8.1696E+1	7.2994E+1	6.2516E+1	4.9276E+1	3.7785E+1	2.7071E+1	1.9655E+1	1.4906E+1	1.1101E+1	8.8332E+0	7.3388E+0	6.3045E+0	5.6273E+0	5.1484E+0	4.8094E+0
3.2434E+2	1.9538E+2	1.2712E+2	1.2173E+2	1.0267E+2	9.8726E+1	9.6225E+1	9.3155E+1	8.7803E+1	8.1066E+1	7.2743E+1	6.2588E+1	4.9307E+1	3.7890E+1	2.7204E+1	1.9741E+1	1.4962E+1	1.1138E+1	8.8560E+0	7.3521E+0	6.3137E+0	5.6317E+0	5.1508E+0	4.8105E+0
2.6148E+2	1.7298E+2	1.3753E+2	1.1956E+2	1.0373E+2	9.9890E+1	9.5918E+1	9.1631E+1	8.6962E+1	8.1418E+1	7.2603E+1	6.2169E+1	4.9418E+1	3.7986E+1	2.7248E+1	1.9800E+1	1.5023E+1	1.1172E+1	8.8753E+0	7.3640E+0	6.3221E+0	5.6364E+0	5.1537E+0	4.8122E+0
3.8330E+2	1.8785E+2	1.2448E+2	1.1988E+2	1.0077E+2	9.7404E+1	9.5028E+1	9.1906E+1	8.6510E+1	8.0339E+1	7.2158E+1	6.2245E+1	4.9318E+1	3.8002E+1	2.7365E+1	1.9861E+1	1.5067E+1	1.1202E+1	8.8947E+0	7.3750E+0	6.3275E+0	5.6399E+0	5.1558E+0	4.8135E+0
3.6378E+2	1.9802E+2	1.2374E+2	1.1974E+2	9.9114E+1	9.6053E+1	9.4218E+1	9.1272E+1	8.5802E+1	7.9468E+1	7.1651E+1	6.2172E+1	4.9340E+1	3.8111E+1	2.7479E+1	1.9948E+1	1.5142E+1	1.1246E+1	8.9215E+0	7.3925E+0	6.3374E+0	5.6451E+0	5.1588E+0	4.8155E+0
3.2250E+2	1.7491E+2	1.2731E+2	1.1628E+2	9.9232E+1	9.6080E+1	9.3427E+1	9.0388E+1	8.5409E+1	7.9610E+1	7.1630E+1	6.2014E+1	4.9417E+1	3.8222E+1	2.7550E+1	2.0029E+1	1.5194E+1	1.1277E+1	8.9415E+0	7.4046E+0	6.3442E+0	5.6499E+0	5.1616E+0	4.8167E+0
3.0073E+2	1.6532E+2	1.2735E+2	1.1573E+2	9.9417E+1	9.5656E+1	9.2810E+1	8.9591E+1	8.4751E+1	7.9114E+1	7.1541E+1	6.1864E+1	4.9497E+1	3.8319E+1	2.7673E+1	2.0121E+1	1.5256E+1	1.1316E+1	8.9662E+0	7.4185E+0	6.3526E+0	5.6551E+0	5.1641E+0	4.8184E+0
2.8029E+2	1.7029E+2	1.3024E+2	1.1478E+2	9.9411E+1	9.6155E+1	9.2566E+1	8.8389E+1	8.4335E+1	7.9091E+1	7.1336E+1	6.1599E+1	4.9502E+1	3.8393E+1	2.7688E+1	2.0179E+1	1.5283E+1	1.1336E+1	8.9832E+0	7.4316E+0	6.3585E+0	5.6593E+0	5.1664E+0	4.8198E+0
3.5449E+2	1.7864E+2	1.2191E+2	1.1451E+2	9.6833E+1	9.3591E+1	9.1520E+1	8.8868E+1	8.3893E+1	7.8265E+1	7.0632E+1	6.1611E+1	4.9414E+1	3.8401E+1	2.7812E+1	2.0232E+1	1.5346E+1	1.1374E+1	9.0017E+0	7.4412E+0	6.3660E+0	5.6631E+0	5.1687E+0	4.8211E+0
3.7085E+2	1.7814E+2	1.1865E+2	1.1401E+2	9.5626E+1	9.2608E+1	9.1024E+1	8.8350E+1	8.3386E+1	7.7869E+1	7.0479E+1	6.1521E+1	4.9455E+1	3.8460E+1	2.7901E+1	2.0312E+1	1.5412E+1	1.1410E+1	9.0266E+0	7.4567E+0	6.3745E+0	5.6671E+0	5.1721E+0	4.8225E+0
2.5782E+2	1.6127E+2	1.2607E+2	1.1070E+2	9.6419E+1	9.3512E+1	9.0243E+1	8.6968E+1	8.2623E+1	7.7780E+1	7.0426E+1	6.1315E+1	4.9519E+1	3.8622E+1	2.7982E+1	2.0411E+1	1.5463E+1	1.1450E+1	9.0520E+0	7.4713E+0	6.3830E+0	5.6734E+0	5.1745E+0	4.8241E+0
3.0560E+2	1.8034E+2	1.1721E+2	1.1166E+2	9.4245E+1	9.1478E+1	8.9366E+1	8.6895E+1	8.2216E+1	7.6935E+1	6.9872E+1	6.1236E+1	4.9450E+1	3.8635E+1	2.8105E+1	2.0480E+1	1.5528E+1	1.1492E+1	9.0753E+0	7.4866E+0	6.3904E+0	5.6777E+0	5.1774E+0	4.8256E+0
2.8870E+2	1.5469E+2	1.2457E+2	1.0979E+2	9.5955E+1	9.2358E+1	8.9302E+1	8.5449E+1	8.1855E+1	7.6980E+1	7.0072E+1	6.0934E+1	4.9528E+1	3.8750E+1	2.8112E+1	2.0542E+1	1.5545E+1	1.1507E+1	9.0907E+0	7.4940E+0	6.3984E+0	5.6817E+0	5.1789E+0	4.8266E+0
3.0526E+2	1.6641E+2	1.1328E+2	1.1038E+2	9.3102E+1	9.0175E+1	8.8323E+1	8.6016E+1	8.1403E+1	7.6221E+1	6.9523E+1	6.1007E+1	4.9429E+1	3.8716E+1	2.8204E+1	2.0582E+1	1.5612E+1	1.1542E+1	9.1110E+0	7.5092E+0	6.4057E+0	5.6858E+0	5.1819E+0	4.8281E+0
3.1636E+2	1.7108E+2	1.1470E+2	1.0903E+2	9.2121E+1	8.9567E+1	8.7723E+1	8.5182E+1	8.0968E+1	7.5449E+1	6.9104E+1	6.0867E+1	4.9455E+1	3.8796E+1	2.8308E+1	2.0670E+1	1.5668E+1	1.1575E+1	9.1359E+0	7.5225E+0	6.4134E+0	5.6903E+0	5.1842E+0	4.8296E+0
2.5040E+2	1.5764E+2	1.1739E+2	1.0778E+2	9.2334E+1	8.9530E+1	8.6971E+1	8.4183E+1	8.0426E+1	7.5282E+1	6.8993E+1	6.0674E+1	4.9484E+1	3.8923E+1	2.8377E+1	2.0773E+1	1.5729E+1	1.1620E+1	9.1605E+0	7.5365E+0	6.4220E+0	5.6955E+0	5.1876E+0	4.8308E+0
2.7568E+2	1.5924E+2	1.1822E+2	1.0611E+2	9.2053E+1	8.8939E+1	8.6574E+1	8.3448E+1	7.9868E+1	7.5041E+1	6.8716E+1	6.0480E+1	4.9494E+1	3.9004E+1	2.8473E+1	2.0854E+1	1.5787E+1	1.1661E+1	9.1847E+0	7.5521E+0	6.4300E+0	5.7005E+0	5.1903E+0	4.8328E+0
2.9757E+2	1.5755E+2	1.1429E+2	1.0585E+2	9.1064E+1	8.8148E+1	8.6001E+1	8.3062E+1	7.9390E+1	7.4645E+1	6.8319E+1	6.0189E+1	4.9467E+1	3.9013E+1	2.8489E+1	2.0909E+1	1.5820E+1	1.1689E+1	9.1991E+0	7.5653E+0	6.4386E+0	5.7054E+0	5.1925E+0	4.8347E+0
2.9462E+2	1.5907E+2	1.1214E+2	1.0580E+2	8.9518E+1	8.6873E+1	8.5261E+1	8.2913E+1	7.8901E+1	7.4033E+1	6.8036E+1	6.0159E+1	4.9411E+1	3.9030E+1	2.8573E+1	2.0962E+1	1.5872E+1	1.1717E+1	9.2226E+0	7.5746E+0	6.4441E+0	5.7091E+0	5.1952E+0	4.8358E+0
3.0471E+2	1.5270E+2	1.1255E+2	1.0396E+2	8.9595E+1	8.6486E+1	8.4659E+1	8.2372E+1	7.8352E+1	7.4046E+1	6.7892E+1	6.0031E+1	4.9377E+1	3.9104E+1	2.8672E+1	2.1034E+1	1.5928E+1	1.1753E+1	9.2455E+0	7.5903E+0	6.4539E+0	5.7144E+0	5.1977E+0	4.8371E+0
2.1648E+2	1.4279E+2	1.1465E+2	1.0198E+2	8.9029E+1	8.6406E+1	8.3940E+1	8.1253E+1	7.7662E+1	7.3642E+1	6.7510E+1	5.9836E+1	4.9353E+1	3.9181E+1	2.8784E+1	2.1126E+1	1.6004E+1	1.1800E+1	9.2746E+0	7.6084E+0	6.4639E+0	5.7207E+0	5.2018E+0	4.8392E+0
3.0730E+2	1.4873E+2	1.0941E+2	1.0277E+2	8.8153E+1	8.5548E+1	8.3417E+1	8.1109E+1	7.7464E+1	7.2953E+1	6.7251E+1	5.9595E+1	4.9365E+1	3.9243E+1	2.8852E+1	2.1216E+1	1.6050E+1	1.1839E+1	9.2943E+0	7.6228E+0	6.4722E+0	5.7238E+0	5.2038E+0	4.8404E+0
2.7045E+2	1.5165E+2	1.1061E+2	1.0139E+2	8.7583E+1	8.4890E+1	8.3056E+1	8.0382E+1	7.6850E+1	7.2524E+1	6.6802E+1	5.9453E+1	4.9321E+1	3.9258E+1	2.8880E+1	2.1251E+1	1.6088E+1	1.1864E+1	9.3118E+0	7.6326E+0	6.4775E+0	5.7281E+0	5.2064E+0	4.8415E+0
2.7270E+2	1.5396E+2	1.0694E+2	1.0111E+2	8.6164E+1	8.3739E+1	8.2259E+1	8.0006E+1	7.6387E+1	7.1969E+1	6.6513E+1	5.9262E+1	4.9257E+1	3.9282E+1	2.8968E+1	2.1341E+1	1.6153E+1	1.1906E+1	9.3376E+0	7.6484E+0	6.4875E+0	5.7339E+0	5.2091E+0	4.8432E+0
2.6686E+2	1.4983E+2	1.0459E+2	1.0029E+2	8.5123E+1	8.3070E+1	8.1688E+1	7.9309E+1	7.5922E+1	7.1479E+1	6.6174E+1	5.9122E+1	4.9235E+1	3.9335E+1	2.9063E+1	2.1411E+1	1.6204E+1	1.1946E+1	9.3614E+0	7.6648E+0	6.4964E+0	5.7387E+0	5.2120E+0	4.8454E+0
3.1895E+2	1.5276E+2	1.0351E+2	1.0019E+2	8.4825E+1	8.2254E+1	8.1156E+1	7.8901E+1	7.5354E+1	7.1282E+1	6.5931E+1	5.8918E+1	4.9204E+1	3.9394E+1	2.9144E+1	2.1501E+1	1.6278E+1	1.1988E+1	9.3897E+0	7.6784E+0	6.5057E+0	5.7445E+0	5.2153E+0	4.8465E+0
2.3782E+2	1.4037E+2	1.1019E+2	9.7085E+1	8.5704E+1	8.3126E+1	8.0427E+1	7.7577E+1	7.4737E+1	7.1093E+1	6.5780E+1	5.8677E+1	4.9174E+1	3.9479E+1	2.9240E+1	2.1557E+1	1.6343E+1	1.2024E+1	9.4179E+0	7.6943E+0	6.5161E+0	5.7494E+0	5.2175E+0	4.8480E+0
2.5749E+2	1.4627E+2	1.0498E+2	9.7634E+1	8.4123E+1	8.1349E+1	7.9787E+1	7.7714E+1	7.4439E+1	7.0553E+1	6.5301E+1	5.8574E+1	4.9052E+1	3.9423E+1	2.9241E+1	2.1592E+1	1.6357E+1	1.2045E+1	9.4271E+0	7.7036E+0	6.5199E+0	5.7532E+0	5.2202E+0	4.8492E+0
2.6310E+2	1.4279E+2	1.0263E+2	9.6217E+1	8.3089E+1	8.0750E+1	7.9376E+1	7.7159E+1	7.3932E+1	6.9999E+1	6.5058E+1	5.8354E+1	4.9029E+1	3.9471E+1	2.9318E+1	2.1677E+1	1.6421E+1	1.2090E+1	9.4557E+0	7.7194E+0	6.5299E+0	5.7587E+0	5.2231E+0	4.8510E+0
2.1739E+2	1.3281E+2	1.0480E+2	9.5437E+1	8.3085E+1	8.0563E+1	7.8679E+1	7.6485E+1	7.3308E+1	6.9630E+1	6.4817E+1	5.8188E+1	4.8945E+1	3.9496E+1	2.9387E+1	2.1737E+1	1.6479E+1	1.2125E+1	9.4799E+0	7.7341E+0	6.5383E+0	5.7629E+0	5.2258E+0	4.8523E+0
2.5886E+2	1.4942E+2	1.0060E+2	9.5057E+1	8.1412E+1	7.9027E+1	7.8036E+1	7.6277E+1	7.3048E+1	6.8916E+1	6.4329E+1	5.7913E+1	4.8961E+1	3.9569E+1	2.9459E+1	2.1835E+1	1.6545E+1	1.2168E+1	9.5103E+0	7.7510E+0	6.5484E+0	5.7687E+0	5.2288E+0	4.8541E+0
2.1584E+2	1.3159E+2	1.0340E+2	9.3775E+1	8.2228E+1	7.9646E+1	7.7656E+1	7.4998E+1	7.2396E+1	6.8874E+1	6.4181E+1	5.7733E+1	4.8887E+1	3.9592E+1	2.9557E+1	2.1878E+1	1.6611E+1	1.2204E+1	9.5310E+0	7.7694E+0	6.5568E+0	5.7746E+0	5.2322E+0	4.8557E+0
2.9562E+2	1.4439E+2	9.7922E+1	9.3963E+1	8.0344E+1	7.8148E+1	7.7220E+1	7.5468E+1	7.2201E+1	6.8270E+1	6.3782E+1	5.7516E+1	4.8789E+1	3.9561E+1	2.9543E+1	2.1931E+1	1.6641E+1	1.2218E+1	9.5470E+0	7.7783E+0	6.5625E+0	5.7779E+0	5.2341E+0	4.8566E+0
2.2427E+2	1.2692E+2	1.0484E+2	9.1862E+1	8.1363E+1	7.8895E+1	7.6418E+1	7.4208E+1	7.1512E+1	6.8286E+1	6.3710E+1	5.7495E+1	4.8696E+1	3.9571E+1	2.9627E+1	2.1979E+1	1.6687E+1	1.2263E+1	9.5698E+0	7.7916E+0	6.5713E+0	5.7829E+0	5.2369E+0	4.8581E+0
2.2148E+2	1.3037E+2	9.9358E+1	9.2331E+1	8.0143E+1	7.7565E+1	7.6149E+1	7.3820E+1	7.1112E+1	6.7656E+1	6.3305E+1	5.7176E+1	4.8705E+1	3.9626E+1	2.9713E+1	2.2044E+1	1.6750E+1	1.2292E+1	9.5925E+0	7.8066E+0	6.5803E+0	5.7876E+0	5.2390E+0	4.8594E+0
2.3137E+2	1.3069E+2	9.9069E+1	9.1740E+1	7.8921E+1	7.7093E+1	7.5428E+1	7.3369E+1	7.0797E+1	6.7287E+1	6.2993E+1	5.7048E+1	4.8663E+1	3.9658E+1	2.9776E+1	2.2111E+1	1.6805E+1	1.2331E+1	9.6143E+0	7.8194E+0	6.5894E+0	5.7930E+0	5.2420E+0	4.8611E+0
2.1780E+2	1.3073E+2	9.7274E+1	9.0663E+1	7.9249E+1	7.6982E+1	7.5142E+1	7.2792E+1	7.0401E+1	6.7024E+1	6.2874E+1	5.6832E+1	4.8595E+1	3.9687E+1	2.9841E+1	2.2147E+1	1.6843E+1	1.2362E+1	9.6348E+0	7.8300E+0	6.5965E+0	5.7977E+0	5.2452E+0	4.8625E+0
2.1829E+2	1.3229E+2	9.7112E+1	8.9818E+1	7.8062E+1	7.5979E+1	7.4579E+1	7.2751E+1	6.9926E+1	6.6541E+1	6.2464E+1	5.6678E+1	4.8499E+1	3.9631E+1	2.9832E+1	2.2210E+1	1.6884E+1	1.2385E+1	9.6535E+0	7.8446E+0	6.6023E+0	5.8006E+0	5.2469E+0	4.8637E+0
2.2434E+2	1.3260E+2	9.4657E+1	8.9498E+1	7.7457E+1	7.5335E+1	7.4060E+1	7.2128E+1	6.9541E+1	6.6186E+1	6.2147E+1	5.6434E+1	4.8460E+1	3.9678E+1	2.9923E+1	2.2268E+1	1.6938E+1	1.2427E+1	9.6789E+0	7.8579E+0	6.6119E+0	5.8062E+0	5.2495E+0	4.8651E+0
1.8986E+2	1.2101E+2	9.6918E+1	8.8125E+1	7.7345E+1	7.5232E+1	7.3619E+1	7.1482E+1	6.9033E+1	6.5977E+1	6.1938E+1	5.6296E+1	4.8312E+1	3.9659E+1	2.9989E+1	2.2335E+1	1.6995E+1	1.2465E+1	9.7048E+0	7.8754E+0	6.6210E+0	5.8108E+0	5.2523E+0	4.8669E+0
2.2300E+2	1.3520E+2	9.1897E+1	8.8348E+1	7.5713E+1	7.3750E+1	7.3029E+1	7.1280E+1	6.8768E+1	6.5210E+1	6.1479E+1	5.5961E+1	4.8323E+1	3.9721E+1	3.0048E+1	2.2401E+1	1.7059E+1	1.2510E+1	9.7321E+0	7.8916E+0	6.6308E+0	5.8173E+0	5.2554E+0	4.8681E+0
2.3992E+2	1.2815E+2	9.1362E+1	8.7650E+1	7.5606E+1	7.3741E+1	7.2553E+1	7.0589E+1	6.8184E+1	6.4989E+1	6.1256E+1	5.5793E+1	4.8212E+1	3.9701E+1	3.0109E+1	2.2459E+1	1.7095E+1	1.2545E+1	9.7570E+0	7.9076E+0	6.6380E+0	5.8222E+0	5.2585E+0	4.8696E+0
1.9434E+2	1.2139E+2	9.4610E+1	8.6474E+1	7.5685E+1	7.3629E+1	7.1936E+1	7.0099E+1	6.7657E+1	6.4888E+1	6.0993E+1	5.5735E+1	4.8085E+1	3.9639E+1	3.0109E+1	2.2494E+1	1.7123E+1	1.2565E+1	9.7714E+0	7.9164E+0	6.6447E+0	5.8252E+0	5.2602E+0	4.8708E+0
2.3677E+2	1.2806E+2	9.1472E+1	8.6456E+1	7.4315E+1	7.2622E+1	7.1444E+1	6.9724E+1	6.7390E+1	6.4214E+1	6.0641E+1	5.5381E+1	4.8029E+1	3.9676E+1	3.0177E+1	2.2564E+1	1.7195E+1	1.2611E+1	9.8017E+0	7.9372E+0	6.6556E+0	5.8322E+0	5.2643E+0	4.8724E+0
2.8276E+2	1.3138E+2	8.6812E+1	8.6802E+1	7.3310E+1	7.1508E+1	7.1248E+1	6.9538E+1	6.7191E+1	6.3667E+1	6.0266E+1	5.5106E+1	4.7969E+1	3.9745E+1	3.0258E+1	2.2615E+1	1.7251E+1	1.2655E+1	9.8284E+0	7.9526E+0	6.6655E+0	5.8372E+0	5.2660E+0	4.8739E+0
1.7069E+2	1.1463E+2	9.3391E+1	8.3456E+1	7.4412E+1	7.2089E+1	7.0268E+1	6.8264E+1	6.6257E+1	6.3729E+1	6.0080E+1	5.5094E+1	4.7756E+1	3.9653E+1	3.0295E+1	2.2708E+1	1.7308E+1	1.2697E+1	9.8532E+0	7.9680E+0	6.6762E+0	5.8436E+0	5.2699E+0	4.8758E+0
2.1151E+2	1.2001E+2	9.0393E+1	8.3980E+1	7.3610E+1	7.1490E+1	7.0196E+1	6.8088E+1	6.6059E+1	6.3321E+1	5.9832E+1	5.4814E+1	4.7690E+1	3.9624E+1	3.0334E+1	2.2744E+1	1.7338E+1	1.2720E+1	9.8718E+0	7.9778E+0	6.6802E+0	5.8475E+0	5.2718E+0	4.8769E+0
2.1476E+2	1.2282E+2	8.6794E+1	8.3772E+1	7.1946E+1	7.0191E+1	6.9582E+1	6.7943E+1	6.5853E+1	6.2690E+1	5.9446E+1	5.4506E+1	4.7652E+1	3.9647E+1	3.0371E+1	2.2766E+1	1.7376E+1	1.2758E+1	9.8957E+0	7.9935E+0	6.6912E+0	5.8516E+0	5.2751E+0	4.8789E+0
2.0269E+2	1.1777E+2	8.8406E+1	8.2292E+1	7.2177E+1	7.0242E+1	6.9191E+1	6.7206E+1	6.5217E+1	6.2377E+1	5.9140E+1	5.4322E+1	4.7486E+1	3.9622E+1	3.0417E+1	2.2854E+1	1.7443E+1	1.2797E+1	9.9247E+0	8.0110E+0	6.7014E+0	5.8588E+0	5.2784E+0	4.8803E+0
2.2801E+2	1.1798E+2	8.7346E+1	8.2523E+1	7.1203E+1	6.9477E+1	6.8551E+1	6.6908E+1	6.4834E+1	6.1913E+1	5.8846E+1	5.4065E+1	4.7424E+1	3.9626E+1	3.0474E+1	2.2911E+1	1.7501E+1	1.2838E+1	9.9503E+0	8.0293E+0	6.7113E+0	5.8641E+0	5.2817E+0	4.8818E+0
1.6399E+2	1.1670E+2	8.7228E+1	8.0688E+1	7.0923E+1	6.9205E+1	6.7982E+1	6.6218E+1	6.4106E+1	6.1573E+1	5.8406E+1	5.3809E+1	4.7262E+1	3.9567E+1	3.0524E+1	2.2999E+1	1.7572E+1	1.2893E+1	9.9832E+0	8.0503E+0	6.7244E+0	5.8712E+0	5.2859E+0	4.8843E+0
2.4285E+2	1.1855E+2	8.4842E+1	8.1835E+1	7.0420E+1	6.8594E+1	6.7698E+1	6.5790E+1	6.3946E+1	6.1225E+1	5.8257E+1	5.3631E+1	4.7106E+1	3.9507E+1	3.0545E+1	2.3042E+1	1.7602E+1	1.2903E+1	9.9991E+0	8.0643E+0	6.7329E+0	5.8749E+0	5.2877E+0	4.8855E+0
1.9558E+2	1.1453E+2	8.4165E+1	7.9422E+1	7.0648E+1	6.8436E+1	6.6902E+1	6.5175E+1	6.3543E+1	6.0881E+1	5.7893E+1	5.3425E+1	4.7015E+1	3.9509E+1	3.0560E+1	2.3078E+1	1.7648E+1	1.2946E+1	1.0025E+1	8.0776E+0	6.7411E+0	5.8814E+0	5.2911E+0	4.8872E+0
1.9526E+2	1.1437E+2	8.5568E+1	7.8781E+1	6.9422E+1	6.7710E+1	6.6484E+1	6.4853E+1	6.3060E+1	6.0469E+1	5.7524E+1	5.3155E+1	4.6881E+1	3.9474E+1	3.0597E+1	2.3133E+1	1.7705E+1	1.2990E+1	1.0054E+1	8.0949E+0	6.7513E+0	5.8874E+0	5.2944E+0	4.8888E+0
1.7999E+2	1.0960E+2	8.3766E+1	7.9323E+1	6.8933E+1	6.7262E+1	6.6204E+1	6.4537E+1	6.2555E+1	6.0078E+1	5.7284E+1	5.2943E+1	4.6765E+1	3.9445E+1	3.0651E+1	2.3190E+1	1.7756E+1	1.3029E+1	1.0080E+1	8.1122E+0	6.7615E+0	5.8928E+0	5.2977E+0	4.8907E+0
1.9142E+2	1.1729E+2	8.1533E+1	7.8636E+1	6.8049E+1	6.6276E+1	6.5803E+1	6.4228E+1	6.2305E+1	5.9658E+1	5.6950E+1	5.2644E+1	4.6712E+1	3.9474E+1	3.0718E+1	2.3259E+1	1.7813E+1	1.3067E+1	1.0108E+1	8.1300E+0	6.7718E+0	5.8992E+0	5.3007E+0	4.8920E+0
1.8134E+2	1.1064E+2	8.2175E+1	7.7994E+1	6.8086E+1	6.6359E+1	6.5304E+1	6.3473E+1	6.1815E+1	5.9471E+1	5.6745E+1	5.2565E+1	4.6527E+1	3.9344E+1	3.0666E+1	2.3301E+1	1.7858E+1	1.3095E+1	1.0128E+1	8.1393E+0	6.7775E+0	5.9023E+0	5.3033E+0	4.8934E+0
1.9672E+2	1.1021E+2	8.3468E+1	7.7275E+1	6.7547E+1	6.5829E+1	6.5023E+1	6.3508E+1	6.1624E+1	5.9107E+1	5.6508E+1	5.2378E+1	4.6503E+1	3.9350E+1	3.0709E+1	2.3331E+1	1.7884E+1	1.3111E+1	1.0144E+1	8.1531E+0	6.7848E+0	5.9068E+0	5.3054E+0	4.8947E+0
1.8278E+2	1.1254E+2	8.0543E+1	7.6369E+1	6.6692E+1	6.5074E+1	6.4209E+1	6.2967E+1	6.1046E+1	5.8726E+1	5.6131E+1	5.2147E+1	4.6346E+1	3.9304E+1	3.0731E+1	2.3400E+1	1.7950E+1	1.3164E+1	1.0176E+1	8.1707E+0	6.7966E+0	5.9133E+0	5.3092E+0	4.8967E+0
1.5344E+2	1.0556E+2	8.3050E+1	7.5439E+1	6.7066E+1	6.5224E+1	6.3814E+1	6.2316E+1	6.0570E+1	5.8458E+1	5.5864E+1	5.1931E+1	4.6196E+1	3.9273E+1	3.0778E+1	2.3443E+1	1.7992E+1	1.3201E+1	1.0201E+1	8.1892E+0	6.8062E+0	5.9197E+0	5.3123E+0	4.8982E+0
1.8663E+2	1.1013E+2	7.9129E+1	7.6029E+1	6.5790E+1	6.4229E+1	6.3612E+1	6.1942E+1	6.0445E+1	5.8038E+1	5.5608E+1	5.1668E+1	4.6089E+1	3.9238E+1	3.0807E+1	2.3515E+1	1.8060E+1	1.3248E+1	1.0226E+1	8.2050E+0	6.8178E+0	5.9260E+0	5.3154E+0	4.8996E+0
1.5624E+2	1.0028E+2	8.2977E+1	7.4312E+1	6.6719E+1	6.4973E+1	6.3177E+1	6.1423E+1	5.9892E+1	5.8106E+1	5.5371E+1	5.1679E+1	4.5921E+1	3.9176E+1	3.0777E+1	2.3500E+1	1.8063E+1	1.3254E+1	1.0238E+1	8.2128E+0	6.8209E+0	5.9279E+0	5.3172E+0	4.9007E+0
1.6276E+2	1.0661E+2	8.1318E+1	7.5566E+1	6.5097E+1	6.4020E+1	6.3179E+1	6.1257E+1	5.9716E+1	5.7369E+1	5.5090E+1	5.1305E+1	4.5882E+1	3.9155E+1	3.0825E+1	2.3570E+1	1.8119E+1	1.3295E+1	1.0265E+1	8.2285E+0	6.8327E+0	5.9341E+0	5.3205E+0	4.9026E+0
1.8735E+2	1.0559E+2	7.7752E+1	7.4472E+1	6.4586E+1	6.2904E+1	6.2463E+1	6.0996E+1	5.9459E+1	5.6989E+1	5.4774E+1	5.1056E+1	4.5782E+1	3.9124E+1	3.0855E+1	2.3625E+1	1.8167E+1	1.3335E+1	1.0290E+1	8.2450E+0	6.8419E+0	5.9398E+0	5.3235E+0	4.9046E+0
1.6403E+2	1.0466E+2	7.8342E+1	7.3810E+1	6.4538E+1	6.2733E+1	6.2041E+1	6.0668E+1	5.9004E+1	5.6823E+1	5.4560E+1	5.0879E+1	4.5634E+1	3.9077E+1	3.0874E+1	2.3678E+1	1.8226E+1	1.3380E+1	1.0316E+1	8.2646E+0	6.8516E+0	5.9453E+0	5.3266E+0	4.9060E+0
1.4077E+2	9.7736E+1	7.9748E+1	7.2309E+1	6.4731E+1	6.2983E+1	6.1473E+1	5.9802E+1	5.8423E+1	5.6686E+1	5.4287E+1	5.0815E+1	4.5439E+1	3.9005E+1	3.0876E+1	2.3703E+1	1.8261E+1	1.3408E+1	1.0340E+1	8.2798E+0	6.8615E+0	5.9521E+0	5.3300E+0	4.9077E+0
1.6673E+2	1.0084E+2	7.8480E+1	7.2062E+1	6.3857E+1	6.2191E+1	6.1102E+1	5.9657E+1	5.8174E+1	5.6219E+1	5.3987E+1	5.0482E+1	4.5375E+1	3.8946E+1	3.0883E+1	2.3731E+1	1.8300E+1	1.3435E+1	1.0357E+1	8.2930E+0	6.8696E+0	5.9558E+0	5.3322E+0	4.9091E+0
1.9712E+2	1.0536E+2	7.4165E+1	7.2506E+1	6.2579E+1	6.1238E+1	6.0942E+1	5.9513E+1	5.8126E+1	5.5739E+1	5.3743E+1	5.0183E+1	4.5271E+1	3.8919E+1	3.0910E+1	2.3788E+1	1.8347E+1	1.3475E+1	1.0383E+1	8.3091E+0	6.8782E+0	5.9628E+0	5.3358E+0	4.9107E+0
1.5913E+2	9.9817E+1	7.7793E+1	7.1196E+1	6.3300E+1	6.1301E+1	6.0348E+1	5.8922E+1	5.7522E+1	5.5610E+1	5.3458E+1	5.0065E+1	4.5100E+1	3.8873E+1	3.0918E+1	2.3820E+1	1.8385E+1	1.3508E+1	1.0408E+1	8.3248E+0	6.8879E+0	5.9672E+0	5.3388E+0	4.9121E+0
1.8356E+2	1.0029E+2	7.4245E+1	7.1605E+1	6.2141E+1	6.0427E+1	5.9963E+1	5.8611E+1	5.7276E+1	5.5074E+1	5.3156E+1	4.9758E+1	4.4969E+1	3.8792E+1	3.0933E+1	2.3884E+1	1.8442E+1	1.3554E+1	1.0440E+1	8.3437E+0	6.8999E+0	5.9741E+0	5.3426E+0	4.9145E+0
1.4038E+2	9.3261E+1	7.6404E+1	6.9946E+1	6.2240E+1	6.0796E+1	5.9409E+1	5.7798E+1	5.6653E+1	5.5011E+1	5.2828E+1	4.9653E+1	4.4753E+1	3.8721E+1	3.0922E+1	2.3888E+1	1.8471E+1	1.3580E+1	1.0471E+1	8.3595E+0	6.9100E+0	5.9804E+0	5.3467E+0	4.9163E+0
1.7521E+2	1.0180E+2	7.5040E+1	7.0101E+1	6.1215E+1	5.9811E+1	5.9281E+1	5.7856E+1	5.6541E+1	5.4624E+1	5.2566E+1	4.9397E+1	4.4677E+1	3.8664E+1	3.0925E+1	2.3933E+1	1.8509E+1	1.3612E+1	1.0483E+1	8.3714E+0	6.9192E+0	5.9843E+0	5.3485E+0	4.9175E+0
1.6873E+2	9.5988E+1	7.3921E+1	6.9428E+1	6.1265E+1	5.9617E+1	5.8849E+1	5.7528E+1	5.6097E+1	5.4260E+1	5.2395E+1	4.9201E+1	4.4541E+1	3.8605E+1	3.0938E+1	2.3968E+1	1.8550E+1	1.3647E+1	1.0508E+1	8.3869E+0	6.9266E+0	5.9896E+0	5.3516E+0	4.9191E+0
1.5124E+2	9.4318E+1	7.4731E+1	6.8337E+1	6.0651E+1	5.9293E+1	5.8378E+1	5.6929E+1	5.5678E+1	5.3909E+1	5.2004E+1	4.8943E+1	4.4365E+1	3.8549E+1	3.0952E+1	2.4014E+1	1.8601E+1	1.3687E+1	1.0539E+1	8.4090E+0	6.9390E+0	5.9976E+0	5.3554E+0	4.9214E+0
1.8456E+2	9.8956E+1	7.0316E+1	6.9323E+1	5.9558E+1	5.8158E+1	5.8161E+1	5.6732E+1	5.5523E+1	5.3473E+1	5.1798E+1	4.8679E+1	4.4235E+1	3.8466E+1	3.0942E+1	2.4055E+1	1.8648E+1	1.3723E+1	1.0568E+1	8.4263E+0	6.9496E+0	6.0031E+0	5.3592E+0	4.9234E+0
1.3497E+2	9.0156E+1	7.3073E+1	6.7879E+1	6.0048E+1	5.8524E+1	5.7596E+1	5.5982E+1	5.4838E+1	5.3286E+1	5.1424E+1	4.8536E+1	4.4035E+1	3.8398E+1	3.0952E+1	2.4077E+1	1.8691E+1	1.3763E+1	1.0592E+1	8.4454E+0	6.9623E+0	6.0106E+0	5.3632E+0	4.9253E+0
1.4973E+2	9.0970E+1	7.0828E+1	6.7843E+1	5.9361E+1	5.7777E+1	5.7367E+1	5.5949E+1	5.4802E+1	5.2960E+1	5.1217E+1	4.8309E+1	4.3944E+1	3.8332E+1	3.0926E+1	2.4091E+1	1.8706E+1	1.3777E+1	1.0609E+1	8.4544E+0	6.9680E+0	6.0133E+0	5.3648E+0	4.9266E+0
1.4937E+2	9.2377E+1	7.0710E+1	6.6879E+1	5.8787E+1	5.7442E+1	5.6846E+1	5.5553E+1	5.4303E+1	5.2519E+1	5.0903E+1	4.8023E+1	4.3769E+1	3.8247E+1	3.0943E+1	2.4140E+1	1.8759E+1	1.3823E+1	1.0641E+1	8.4757E+0	6.9811E+0	6.0212E+0	5.3694E+0	4.9287E+0
1.7165E+2	9.2757E+1	7.0477E+1	6.6518E+1	5.8714E+1	5.7056E+1	5.6538E+1	5.5079E+1	5.4010E+1	5.2272E+1	5.0600E+1	4.7833E+1	4.3626E+1	3.8195E+1	3.0951E+1	2.4174E+1	1.8799E+1	1.3859E+1	1.0666E+1	8.4932E+0	6.9909E+0	6.0275E+0	5.3727E+0	4.9301E+0
1.4013E+2	9.0251E+1	7.0450E+1	6.5965E+1	5.7992E+1	5.6728E+1	5.6078E+1	5.4807E+1	5.3661E+1	5.2005E+1	5.0297E+1	4.7602E+1	4.3488E+1	3.8126E+1	3.0957E+1	2.4212E+1	1.8846E+1	1.3901E+1	1.0692E+1	8.5104E+0	7.0017E+0	6.0338E+0	5.3763E+0	4.9325E+0
1.4754E+2	8.7143E+1	7.0951E+1	6.5391E+1	5.8054E+1	5.6689E+1	5.5646E+1	5.4227E+1	5.3134E+1	5.1729E+1	4.9992E+1	4.7445E+1	4.3286E+1	3.8064E+1	3.0959E+1	2.4229E+1	1.8891E+1	1.3940E+1	1.0717E+1	8.5244E+0	7.0099E+0	6.0395E+0	5.3799E+0	4.9346E+0
1.5521E+2	8.9946E+1	6.7788E+1	6.5413E+1	5.7009E+1	5.5870E+1	5.5536E+1	5.4240E+1	5.3135E+1	5.1472E+1	4.9901E+1	4.7217E+1	4.3178E+1	3.7955E+1	3.0924E+1	2.4242E+1	1.8908E+1	1.3956E+1	1.0732E+1	8.5359E+0	7.0180E+0	6.0441E+0	5.3822E+0	4.9355E+0
1.3457E+2	8.5725E+1	6.8620E+1	6.4652E+1	5.7215E+1	5.5805E+1	5.5004E+1	5.3833E+1	5.2690E+1	5.1134E+1	4.9594E+1	4.7020E+1	4.3028E+1	3.7897E+1	3.0924E+1	2.4270E+1	1.8956E+1	1.3994E+1	1.0759E+1	8.5549E+0	7.0299E+0	6.0513E+0	5.3861E+0	4.9379E+0
1.3869E+2	8.7789E+1	6.7953E+1	6.4235E+1	5.6384E+1	5.5035E+1	5.4752E+1	5.3365E+1	5.2401E+1	5.0755E+1	4.9302E+1	4.6756E+1	4.2844E+1	3.7801E+1	3.0918E+1	2.4311E+1	1.9003E+1	1.4039E+1	1.0791E+1	8.5768E+0	7.0427E+0	6.0584E+0	5.3897E+0	4.9401E+0
1.4310E+2	8.9127E+1	6.7116E+1	6.3719E+1	5.6123E+1	5.4728E+1	5.4248E+1	5.2920E+1	5.2010E+1	5.0390E+1	4.8982E+1	4.6483E+1	4.2687E+1	3.7732E+1	3.0903E+1	2.4343E+1	1.9045E+1	1.4079E+1	1.0819E+1	8.5940E+0	7.0540E+0	6.0650E+0	5.3938E+0	4.9418E+0
1.2366E+2	8.3578E+1	6.8683E+1	6.2741E+1	5.6376E+1	5.5005E+1	5.3792E+1	5.2474E+1	5.1469E+1	5.0256E+1	4.8646E+1	4.6341E+1	4.2583E+1	3.7697E+1	3.0908E+1	2.4374E+1	1.9079E+1	1.4099E+1	1.0840E+1	8.6092E+0	7.0631E+0	6.0706E+0	5.3971E+0	4.9438E+0
1.4430E+2	8.5245E+1	6.6307E+1	6.2993E+1	5.5583E+1	5.4219E+1	5.3748E+1	5.2407E+1	5.1441E+1	4.9930E+1	4.8601E+1	4.6134E+1	4.2417E+1	3.7580E+1	3.0879E+1	2.4367E+1	1.9095E+1	1.4125E+1	1.0860E+1	8.6218E+0	7.0709E+0	6.0749E+0	5.3994E+0	4.9450E+0
1.3110E+2	8.8836E+1	6.5184E+1	6.2698E+1	5.5041E+1	5.3674E+1	5.3315E+1	5.2067E+1	5.1170E+1	4.9650E+1	4.8298E+1	4.5901E+1	4.2229E+1	3.7482E+1	3.0870E+1	2.4396E+1	1.9139E+1	1.4166E+1	1.0890E+1	8.6409E+0	7.0832E+0	6.0824E+0	5.4032E+0	4.9471E+0
1.3027E+2	8.5396E+1	6.5671E+1	6.1674E+1	5.4506E+1	5.3502E+1	5.2873E+1	5.1597E+1	5.0685E+1	4.9259E+1	4.7929E+1	4.5638E+1	4.2078E+1	3.7404E+1	3.0862E+1	2.4437E+1	1.9190E+1	1.4203E+1	1.0920E+1	8.6608E+0	7.0964E+0	6.0894E+0	5.4078E+0	4.9498E+0
1.4302E+2	8.6410E+1	6.4229E+1	6.1794E+1	5.4143E+1	5.2894E+1	5.2612E+1	5.1395E+1	5.0467E+1	4.8967E+1	4.7677E+1	4.5407E+1	4.1901E+1	3.7324E+1	3.0848E+1	2.4462E+1	1.9231E+1	1.4242E+1	1.0949E+1	8.6805E+0	7.1068E+0	6.0964E+0	5.4118E+0	4.9519E+0
1.4147E+2	8.4771E+1	6.4486E+1	6.1458E+1	5.4309E+1	5.2799E+1	5.2236E+1	5.0881E+1	5.0091E+1	4.8751E+1	4.7382E+1	4.5238E+1	4.1753E+1	3.7241E+1	3.0843E+1	2.4487E+1	1.9265E+1	1.4264E+1	1.0968E+1	8.6932E+0	7.1163E+0	6.1032E+0	5.4151E+0	4.9538E+0
1.1682E+2	8.2175E+1	6.5800E+1	6.0250E+1	5.4070E+1	5.2603E+1	5.1924E+1	5.0676E+1	4.9708E+1	4.8498E+1	4.7146E+1	4.5047E+1	4.1653E+1	3.7163E+1	3.0809E+1	2.4489E+1	1.9277E+1	1.4288E+1	1.0986E+1	8.7084E+0	7.1246E+0	6.1075E+0	5.4180E+0	4.9550E+0
1.5309E+2	8.4061E+1	6.2669E+1	6.0679E+1	5.3127E+1	5.1834E+1	5.1655E+1	5.0379E+1	4.9583E+1	4.8144E+1	4.6961E+1	4.4825E+1	4.1419E+1	3.7058E+1	3.0803E+1	2.4528E+1	1.9333E+1	1.4328E+1	1.1017E+1	8.7254E+0	7.1381E+0	6.1150E+0	5.4224E+0	4.9576E+0
1.4346E+2	8.1379E+1	6.4082E+1	5.9705E+1	5.2983E+1	5.1729E+1	5.1217E+1	4.9998E+1	4.9143E+1	4.7883E+1	4.6631E+1	4.4598E+1	4.1283E+1	3.6983E+1	3.0787E+1	2.4555E+1	1.9365E+1	1.4362E+1	1.1041E+1	8.7449E+0	7.1488E+0	6.1221E+0	5.4260E+0	4.9593E+0
1.4992E+2	8.2501E+1	6.2213E+1	5.9753E+1	5.2273E+1	5.1228E+1	5.0985E+1	4.9749E+1	4.8961E+1	4.7603E+1	4.6414E+1	4.4365E+1	4.1127E+1	3.6891E+1	3.0770E+1	2.4579E+1	1.9405E+1	1.4398E+1	1.1069E+1	8.7633E+0	7.1604E+0	6.1290E+0	5.4304E+0	4.9619E+0
1.1708E+2	7.8818E+1	6.3666E+1	5.9050E+1	5.2574E+1	5.1294E+1	5.0578E+1	4.9246E+1	4.8518E+1	4.7407E+1	4.6103E+1	4.4190E+1	4.0997E+1	3.6835E+1	3.0744E+1	2.4585E+1	1.9409E+1	1.4417E+1	1.1083E+1	8.7777E+0	7.1667E+0	6.1341E+0	5.4333E+0	4.9635E+0
1.2236E+2	7.8781E+1	6.2538E+1	5.8324E+1	5.2169E+1	5.0933E+1	5.0350E+1	4.9111E+1	4.8319E+1	4.7127E+1	4.5957E+1	4.4025E+1	4.0873E+1	3.6740E+1	3.0730E+1	2.4588E+1	1.9436E+1	1.4440E+1	1.1104E+1	8.7908E+0	7.1757E+0	6.1393E+0	5.4363E+0	4.9652E+0
1.2485E+2	7.6218E+1	6.2914E+1	5.8058E+1	5.1816E+1	5.0593E+1	4.9997E+1	4.8747E+1	4.8038E+1	4.6861E+1	4.5646E+1	4.3794E+1	4.0740E+1	3.6644E+1	3.0692E+1	2.4603E+1	1.9473E+1	1.4477E+1	1.1130E+1	8.8092E+0	7.1879E+0	6.1464E+0	5.4402E+0	4.9675E+0
1.3089E+2	8.0630E+1	6.0988E+1	5.8004E+1	5.1113E+1	5.0043E+1	4.9752E+1	4.8528E+1	4.7793E+1	4.6542E+1	4.5473E+1	4.3577E+1	4.0514E+1	3.6534E+1	3.0676E+1	2.4639E+1	1.9513E+1	1.4512E+1	1.1160E+1	8.8306E+0	7.2010E+0	6.1544E+0	5.4451E+0	4.9700E+0
1.1773E+2	7.9219E+1	6.0260E+1	5.7605E+1	5.0973E+1	4.9633E+1	4.9434E+1	4.8238E+1	4.7448E+1	4.6263E+1	4.5195E+1	4.3355E+1	4.0373E+1	3.6450E+1	3.0666E+1	2.4665E+1	1.9544E+1	1.4548E+1	1.1188E+1	8.8495E+0	7.2119E+0	6.1608E+0	5.4493E+0	4.9723E+0
1.1869E+2	7.4679E+1	6.2327E+1	5.6914E+1	5.1179E+1	5.0045E+1	4.8984E+1	4.7828E+1	4.7066E+1	4.6176E+1	4.4899E+1	4.3227E+1	4.0314E+1	3.6420E+1	3.0614E+1	2.4638E+1	1.9540E+1	1.4564E+1	1.1205E+1	8.8552E+0	7.2194E+0	6.1650E+0	5.4513E+0	4.9740E+0
1.1444E+2	7.6141E+1	6.1037E+1	5.6304E+1	5.0651E+1	4.9428E+1	4.8745E+1	4.7717E+1	4.6898E+1	4.5866E+1	4.4758E+1	4.3006E+1	4.0129E+1	3.6278E+1	3.0583E+1	2.4651E+1	1.9578E+1	1.4595E+1	1.1225E+1	8.8768E+0	7.2303E+0	6.1718E+0	5.4551E+0	4.9764E+0
1.3026E+2	7.6859E+1	5.8993E+1	5.6639E+1	4.9926E+1	4.8816E+1	4.8617E+1	4.7377E+1	4.6754E+1	4.5561E+1	4.4599E+1	4.2824E+1	3.9942E+1	3.6209E+1	3.0575E+1	2.4678E+1	1.9606E+1	1.4629E+1	1.1254E+1	8.8924E+0	7.2413E+0	6.1791E+0	5.4598E+0	4.9782E+0
1.0395E+2	7.3793E+1	6.0002E+1	5.6157E+1	4.9967E+1	4.8739E+1	4.8191E+1	4.6938E+1	4.6329E+1	4.5308E+1	4.4256E+1	4.2596E+1	3.9824E+1	3.6126E+1	3.0536E+1	2.4688E+1	1.9640E+1	1.4664E+1	1.1282E+1	8.9124E+0	7.2536E+0	6.1858E+0	5.4635E+0	4.9805E+0
1.2439E+2	7.3893E+1	5.8413E+1	5.5806E+1	4.9660E+1	4.8448E+1	4.7872E+1	4.6720E+1	4.6036E+1	4.5028E+1	4.4016E+1	4.2400E+1	3.9660E+1	3.6056E+1	3.0512E+1	2.4707E+1	1.9666E+1	1.4697E+1	1.1307E+1	8.9299E+0	7.2644E+0	6.1927E+0	5.4675E+0	4.9830E+0
1.1950E+2	7.1468E+1	6.0459E+1	5.6038E+1	4.9198E+1	4.8295E+1	4.7714E+1	4.6630E+1	4.5847E+1	4.4916E+1	4.3929E+1	4.2288E+1	3.9564E+1	3.5962E+1	3.0471E+1	2.4685E+1	1.9666E+1	1.4704E+1	1.1313E+1	8.9351E+0	7.2688E+0	6.1957E+0	5.4695E+0	4.9841E+0
1.1634E+2	7.4900E+1	5.8206E+1	5.5234E+1	4.8892E+1	4.7936E+1	4.7542E+1	4.6382E+1	4.5700E+1	4.4648E+1	4.3704E+1	4.2157E+1	3.9439E+1	3.5902E+1	3.0460E+1	2.4698E+1	1.9684E+1	1.4731E+1	1.1334E+1	8.9491E+0	7.2778E+0	6.2015E+0	5.4726E+0	4.9852E+0
1.1164E+2	7.8807E+1	5.6872E+1	5.3639E+1	4.8182E+1	4.7637E+1	4.7578E+1	4.5952E+1	4.5369E+1	4.4428E+1	4.3451E+1	4.1974E+1	3.9298E+1	3.5815E+1	3.0441E+1	2.4712E+1	1.9710E+1	1.4765E+1	1.1360E+1	8.9672E+0	7.2897E+0	6.2089E+0	5.4774E+0	4.9880E+0
1.0576E+2	6.8661E+1	5.9511E+1	5.4067E+1	4.8748E+1	4.7602E+1	4.6800E+1	4.5800E+1	4.5027E+1	4.4185E+1	4.3175E+1	4.1736E+1	3.9207E+1	3.5723E+1	3.0386E+1	2.4719E+1	1.9749E+1	1.4791E+1	1.1381E+1	8.9832E+0	7.2999E+0	6.2147E+0	5.4807E+0	4.9900E+0
1.0729E+2	7.3194E+1	5.6847E+1	5.4102E+1	4.8277E+1	4.7193E+1	4.6610E+1	4.5500E+1	4.4822E+1	4.3958E+1	4.2987E+1	4.1580E+1	3.9031E+1	3.5654E+1	3.0356E+1	2.4718E+1	1.9782E+1	1.4816E+1	1.1405E+1	9.0048E+0	7.3134E+0	6.2224E+0	5.4847E+0	4.9924E+0
1.2235E+2	7.4043E+1	5.6420E+1	5.3986E+1	4.7940E+1	4.6906E+1	4.6569E+1	4.5399E+1	4.4794E+1	4.3826E+1	4.2947E+1	4.1494E+1	3.8915E+1	3.5578E+1	3.0342E+1	2.4723E+1	1.9773E+1	1.4827E+1	1.1414E+1	9.0098E+0	7.3167E+0	6.2259E+0	5.4865E+0	4.9934E+0
1.0712E+2	6.8659E+1	5.7741E+1	5.3149E+1	4.7776E+1	4.6733E+1	4.6131E+1	4.5030E+1	4.4418E+1	4.3569E+1	4.2624E+1	4.1226E+1	3.8766E+1	3.5463E+1	3.0286E+1	2.4718E+1	1.9805E+1	1.4862E+1	1.1444E+1	9.0313E+0	7.3306E+0	6.2342E+0	5.4919E+0	4.9969E+0
9.9901E+1	6.5632E+1	5.9056E+1	5.1943E+1	4.7311E+1	4.6258E+1	4.5770E+1	4.4815E+1	4.4176E+1	4.3280E+1	4.2365E+1	4.1022E+1	3.8582E+1	3.5353E+1	3.0227E+1	2.4711E+1	1.9834E+1	1.4888E+1	1.1471E+1	9.0487E+0	7.3426E+0	6.2423E+0	5.4963E+0	4.9994E+0
1.1408E+2	7.2305E+1	5.5020E+1	5.3394E+1	4.6875E+1	4.5962E+1	4.5756E+1	4.4558E+1	4.4094E+1	4.3162E+1	4.2266E+1	4.0882E+1	3.8448E+1	3.5292E+1	3.0217E+1	2.4726E+1	1.9860E+1	1.4919E+1	1.1494E+1	9.0657E+0	7.3529E+0	6.2486E+0	5.4998E+0	5.0013E+0
9.4203E+1	6.6409E+1	5.7269E+1	5.2135E+1	4.7087E+1	4.6117E+1	4.5215E+1	4.4208E+1	4.3581E+1	4.2832E+1	4.1904E+1	4.0602E+1	3.8377E+1	3.5154E+1	3.0153E+1	2.4719E+1	1.9889E+1	1.4948E+1	1.1521E+1	9.0818E+0	7.3655E+0	6.2556E+0	5.5045E+0	5.0037E+0
1.1120E+2	6.9871E+1	5.5371E+1	5.2388E+1	4.6600E+1	4.5608E+1	4.5239E+1	4.4128E+1	4.3594E+1	4.2706E+1	4.1887E+1	4.0568E+1	3.8225E+1	3.5118E+1	3.0134E+1	2.4710E+1	1.9889E+1	1.4954E+1	1.1528E+1	9.0903E+0	7.3694E+0	6.2593E+0	5.5067E+0	5.0051E+0
9.7407E+1	6.9796E+1	5.5534E+1	5.1831E+1	4.6392E+1	4.5355E+1	4.4919E+1	4.3877E+1	4.3273E+1	4.2468E+1	4.1636E+1	4.0350E+1	3.8077E+1	3.5012E+1	3.0092E+1	2.4721E+1	1.9914E+1	1.4989E+1	1.1557E+1	9.1115E+0	7.3833E+0	6.2674E+0	5.5119E+0	5.0077E+0
1.0186E+2	6.7547E+1	5.5160E+1	5.1566E+1	4.6153E+1	4.5094E+1	4.4606E+1	4.3579E+1	4.3052E+1	4.2278E+1	4.1402E+1	4.0174E+1	3.7946E+1	3.4922E+1	3.0048E+1	2.4717E+1	1.9939E+1	1.5016E+1	1.1579E+1	9.1276E+0	7.3949E+0	6.2733E+0	5.5152E+0	5.0103E+0
1.1324E+2	6.8621E+1	5.3050E+1	5.1933E+1	4.5568E+1	4.4628E+1	4.4617E+1	4.3348E+1	4.2965E+1	4.2069E+1	4.1268E+1	4.0025E+1	3.7764E+1	3.4853E+1	3.0012E+1	2.4714E+1	1.9969E+1	1.5043E+1	1.1606E+1	9.1472E+0	7.4064E+0	6.2809E+0	5.5202E+0	5.0129E+0
8.9140E+1	6.6183E+1	5.5316E+1	5.0412E+1	4.5850E+1	4.4814E+1	4.3946E+1	4.3016E+1	4.2409E+1	4.1736E+1	4.0861E+1	3.9724E+1	3.7666E+1	3.4694E+1	2.9943E+1	2.4728E+1	1.9980E+1	1.5078E+1	1.1626E+1	9.1646E+0	7.4171E+0	6.2900E+0	5.5249E+0	5.0155E+0
1.0566E+2	6.6899E+1	5.3030E+1	5.0793E+1	4.5346E+1	4.4200E+1	4.4075E+1	4.2910E+1	4.2485E+1	4.1624E+1	4.0836E+1	3.9673E+1	3.7508E+1	3.4652E+1	2.9918E+1	2.4696E+1	1.9993E+1	1.5084E+1	1.1645E+1	9.1747E+0	7.4255E+0	6.2943E+0	5.5275E+0	5.0171E+0
9.6054E+1	6.5631E+1	5.2984E+1	5.0390E+1	4.5091E+1	4.4044E+1	4.3680E+1	4.2670E+1	4.2165E+1	4.1370E+1	4.0610E+1	3.9461E+1	3.7382E+1	3.4542E+1	2.9855E+1	2.4695E+1	2.0017E+1	1.5117E+1	1.1667E+1	9.1943E+0	7.4365E+0	6.3015E+0	5.5322E+0	5.0197E+0
1.0096E+2	6.5595E+1	5.3129E+1	4.9927E+1	4.4851E+1	4.3900E+1	4.3412E+1	4.2357E+1	4.1820E+1	4.1108E+1	4.0334E+1	3.9231E+1	3.7217E+1	3.4406E+1	2.9798E+1	2.4696E+1	2.0032E+1	1.5149E+1	1.1690E+1	9.2133E+0	7.4502E+0	6.3101E+0	5.5371E+0	5.0226E+0
1.0007E+2	6.6580E+1	5.2777E+1	4.9844E+1	4.4442E+1	4.3471E+1	4.3230E+1	4.2087E+1	4.1655E+1	4.0932E+1	4.0123E+1	3.9047E+1	3.7074E+1	3.4317E+1	2.9758E+1	2.4698E+1	2.0057E+1	1.5175E+1	1.1719E+1	9.2330E+0	7.4633E+0	6.3171E+0	5.5419E+0	5.0256E+0
9.7785E+1	6.4441E+1	5.2292E+1	4.9320E+1	4.4392E+1	4.3459E+1	4.2887E+1	4.1893E+1	4.1346E+1	4.0699E+1	3.9920E+1	3.8863E+1	3.6951E+1	3.4219E+1	2.9710E+1	2.4695E+1	2.0059E+1	1.5198E+1	1.1731E+1	9.2432E+0	7.4720E+0	6.3227E+0	5.5453E+0	5.0273E+0
9.9588E+1	6.4954E+1	5.2070E+1	4.9355E+1	4.3943E+1	4.3136E+1	4.2786E+1	4.1754E+1	4.1293E+1	4.0583E+1	3.9819E+1	3.8769E+1	3.6833E+1	3.4141E+1	2.9659E+1	2.4667E+1	2.0068E+1	1.5209E+1	1.1748E+1	9.2549E+0	7.4808E+0	6.3284E+0	5.5485E+0	5.0294E+0
9.4149E+1	6.2842E+1	5.2610E+1	4.8644E+1	4.3894E+1	4.2947E+1	4.2441E+1	4.1495E+1	4.0974E+1	4.0310E+1	3.9587E+1	3.8532E+1	3.6694E+1	3.4028E+1	2.9621E+1	2.4671E+1	2.0082E+1	1.5238E+1	1.1773E+1	9.2746E+0	7.4923E+0	6.3366E+0	5.5531E+0	5.0321E+0
9.8761E+1	6.4250E+1	5.0487E+1	4.8917E+1	4.3319E+1	4.2568E+1	4.2389E+1	4.1221E+1	4.0838E+1	4.0172E+1	3.9392E+1	3.8378E+1	3.6525E+1	3.3909E+1	2.9551E+1	2.4661E+1	2.0104E+1	1.5271E+1	1.1800E+1	9.2941E+0	7.5059E+0	6.3453E+0	5.5580E+0	5.0351E+0
9.2967E+1	6.5591E+1	5.0570E+1	4.8394E+1	4.3254E+1	4.2320E+1	4.1970E+1	4.0983E+1	4.0554E+1	3.9882E+1	3.9165E+1	3.8173E+1	3.6378E+1	3.3814E+1	2.9500E+1	2.4662E+1	2.0119E+1	1.5297E+1	1.1825E+1	9.3151E+0	7.5190E+0	6.3519E+0	5.5633E+0	5.0382E+0
9.0614E+1	6.1723E+1	5.1785E+1	4.7732E+1	4.3403E+1	4.2476E+1	4.1622E+1	4.0777E+1	4.0217E+1	3.9645E+1	3.8915E+1	3.7947E+1	3.6265E+1	3.3685E+1	2.9473E+1	2.4658E+1	2.0110E+1	1.5303E+1	1.1841E+1	9.3257E+0	7.5252E+0	6.3574E+0	5.5659E+0	5.0397E+0
1.0746E+2	6.2701E+1	5.0139E+1	4.8143E+1	4.2792E+1	4.1961E+1	4.1677E+1	4.0551E+1	4.0221E+1	3.9595E+1	3.8815E+1	3.7894E+1	3.6127E+1	3.3627E+1	2.9409E+1	2.4629E+1	2.0126E+1	1.5323E+1	1.1856E+1	9.3381E+0	7.5340E+0	6.3635E+0	5.5694E+0	5.0417E+0
8.5696E+1	6.1197E+1	5.0619E+1	4.7232E+1	4.2732E+1	4.1722E+1	4.1279E+1	4.0331E+1	3.9874E+1	3.9279E+1	3.8560E+1	3.7640E+1	3.5959E+1	3.3503E+1	2.9359E+1	2.4632E+1	2.0143E+1	1.5354E+1	1.1883E+1	9.3593E+0	7.5493E+0	6.3734E+0	5.5753E+0	5.0450E+0
1.0293E+2	6.4674E+1	4.9122E+1	4.7699E+1	4.2114E+1	4.1282E+1	4.1283E+1	4.0062E+1	3.9788E+1	3.9173E+1	3.8449E+1	3.7551E+1	3.5852E+1	3.3419E+1	2.9292E+1	2.4621E+1	2.0156E+1	1.5376E+1	1.1907E+1	9.3786E+0	7.5611E+0	6.3810E+0	5.5794E+0	5.0473E+0
9.6219E+1	6.0408E+1	4.9989E+1	4.6673E+1	4.2108E+1	4.1265E+1	4.0821E+1	3.9822E+1	3.9423E+1	3.8825E+1	3.8170E+1	3.7285E+1	3.5664E+1	3.3279E+1	2.9244E+1	2.4618E+1	2.0172E+1	1.5403E+1	1.1933E+1	9.3963E+0	7.5748E+0	6.3893E+0	5.5850E+0	5.0507E+0
9.2584E+1	6.0607E+1	4.9833E+1	4.6563E+1	4.2117E+1	4.1143E+1	4.0580E+1	3.9645E+1	3.9174E+1	3.8635E+1	3.7964E+1	3.7120E+1	3.5562E+1	3.3163E+1	2.9205E+1	2.4598E+1	2.0171E+1	1.5409E+1	1.1946E+1	9.4057E+0	7.5819E+0	6.3936E+0	5.5882E+0	5.0525E+0
9.4524E+1	6.0208E+1	4.8485E+1	4.6471E+1	4.1563E+1	4.0733E+1	4.0524E+1	3.9446E+1	3.9084E+1	3.8518E+1	3.7849E+1	3.7012E+1	3.5433E+1	3.3075E+1	2.9136E+1	2.4588E+1	2.0176E+1	1.5428E+1	1.1965E+1	9.4222E+0	7.5929E+0	6.4008E+0	5.5922E+0	5.0550E+0
8.9381E+1	6.0240E+1	4.8522E+1	4.6087E+1	4.1437E+1	4.0588E+1	4.0235E+1	3.9216E+1	3.8854E+1	3.8321E+1	3.7630E+1	3.6822E+1	3.5278E+1	3.2970E+1	2.9086E+1	2.4571E+1	2.0190E+1	1.5457E+1	1.1990E+1	9.4390E+0	7.6052E+0	6.4087E+0	5.5972E+0	5.0578E+0
8.6581E+1	6.0883E+1	4.8391E+1	4.5843E+1	4.1242E+1	4.0316E+1	4.0060E+1	3.8998E+1	3.8658E+1	3.8119E+1	3.7444E+1	3.6625E+1	3.5136E+1	3.2859E+1	2.9034E+1	2.4560E+1	2.0204E+1	1.5479E+1	1.2012E+1	9.4570E+0	7.6178E+0	6.4168E+0	5.6019E+0	5.0605E+0
8.8996E+1	6.0461E+1	4.8057E+1	4.5703E+1	4.1050E+1	4.0079E+1	3.9853E+1	3.8829E+1	3.8439E+1	3.7926E+1	3.7248E+1	3.6474E+1	3.5009E+1	3.2757E+1	2.8977E+1	2.4550E+1	2.0216E+1	1.5502E+1	1.2033E+1	9.4759E+0	7.6284E+0	6.4248E+0	5.6067E+0	5.0631E+0
8.6570E+1	5.8549E+1	4.8826E+1	4.5261E+1	4.1041E+1	4.0147E+1	3.9451E+1	3.8647E+1	3.8155E+1	3.7676E+1	3.7061E+1	3.6269E+1	3.4863E+1	3.2659E+1	2.8944E+1	2.4512E+1	2.0213E+1	1.5511E+1	1.2039E+1	9.4868E+0	7.6375E+0	6.4292E+0	5.6095E+0	5.0655E+0
8.2005E+1	5.9031E+1	4.8175E+1	4.5050E+1	4.0558E+1	3.9822E+1	3.9379E+1	3.8486E+1	3.8080E+1	3.7558E+1	3.6920E+1	3.6163E+1	3.4740E+1	3.2555E+1	2.8877E+1	2.4503E+1	2.0219E+1	1.5529E+1	1.2063E+1	9.5012E+0	7.6474E+0	6.4364E+0	5.6143E+0	5.0679E+0
8.7586E+1	5.8930E+1	4.7531E+1	4.4876E+1	4.0346E+1	3.9551E+1	3.9217E+1	3.8247E+1	3.7885E+1	3.7401E+1	3.6728E+1	3.5996E+1	3.4609E+1	3.2452E+1	2.8825E+1	2.4496E+1	2.0234E+1	1.5554E+1	1.2085E+1	9.5178E+0	7.6607E+0	6.4440E+0	5.6192E+0	5.0707E+0
8.7344E+1	5.7131E+1	4.7874E+1	4.4431E+1	4.0261E+1	3.9402E+1	3.8868E+1	3.8031E+1	3.7573E+1	3.7131E+1	3.6520E+1	3.5793E+1	3.4444E+1	3.2350E+1	2.8754E+1	2.4471E+1	2.0245E+1	1.5581E+1	1.2111E+1	9.5397E+0	7.6734E+0	6.4531E+0	5.6246E+0	5.0734E+0
9.8483E+1	5.9758E+1	4.5567E+1	4.4901E+1	3.9916E+1	3.9046E+1	3.8978E+1	3.7746E+1	3.7540E+1	3.7052E+1	3.6377E+1	3.5673E+1	3.4366E+1	3.2224E+1	2.8736E+1	2.4465E+1	2.0262E+1	1.5606E+1	1.2133E+1	9.5538E+0	7.6823E+0	6.4602E+0	5.6277E+0	5.0755E+0
7.5095E+1	5.6626E+1	4.7371E+1	4.3704E+1	3.9888E+1	3.9125E+1	3.8449E+1	3.7630E+1	3.7222E+1	3.6793E+1	3.6199E+1	3.5478E+1	3.4181E+1	3.2159E+1	2.8666E+1	2.4426E+1	2.0250E+1	1.5608E+1	1.2140E+1	9.5627E+0	7.6906E+0	6.4650E+0	5.6315E+0	5.0782E+0
8.6796E+1	5.7090E+1	4.5851E+1	4.4232E+1	3.9576E+1	3.8706E+1	3.8502E+1	3.7442E+1	3.7181E+1	3.6709E+1	3.6069E+1	3.5397E+1	3.4139E+1	3.2063E+1	2.8622E+1	2.4418E+1	2.0260E+1	1.5628E+1	1.2157E+1	9.5779E+0	7.6997E+0	6.4715E+0	5.6349E+0	5.0802E+0
8.5892E+1	5.6707E+1	4.5768E+1	4.3638E+1	3.9280E+1	3.8537E+1	3.8205E+1	3.7244E+1	3.6949E+1	3.6504E+1	3.5885E+1	3.5203E+1	3.3968E+1	3.1944E+1	2.8561E+1	2.4401E+1	2.0267E+1	1.5651E+1	1.2183E+1	9.5974E+0	7.7125E+0	6.4788E+0	5.6404E+0	5.0832E+0
8.4989E+1	5.5919E+1	4.6251E+1	4.3320E+1	3.9013E+1	3.8351E+1	3.7963E+1	3.7026E+1	3.6694E+1	3.6269E+1	3.5642E+1	3.5023E+1	3.3812E+1	3.1832E+1	2.8497E+1	2.4369E+1	2.0280E+1	1.5673E+1	1.2208E+1	9.6130E+0	7.7264E+0	6.4878E+0	5.6454E+0	5.0864E+0
8.4283E+1	5.5597E+1	4.5166E+1	4.3112E+1	3.9023E+1	3.8268E+1	3.7766E+1	3.6806E+1	3.6487E+1	3.6086E+1	3.5479E+1	3.4836E+1	3.3684E+1	3.1723E+1	2.8448E+1	2.4351E+1	2.0284E+1	1.5688E+1	1.2225E+1	9.6305E+0	7.7378E+0	6.4952E+0	5.6502E+0	5.0893E+0
7.4756E+1	5.3607E+1	4.6678E+1	4.2599E+1	3.8872E+1	3.8080E+1	3.7531E+1	3.6754E+1	3.6327E+1	3.5906E+1	3.5367E+1	3.4720E+1	3.3560E+1	3.1664E+1	2.8379E+1	2.4322E+1	2.0269E+1	1.5692E+1	1.2233E+1	9.6370E+0	7.7439E+0	6.5000E+0	5.6528E+0	5.0908E+0
8.4956E+1	5.7060E+1	4.4416E+1	4.3118E+1	3.8393E+1	3.7656E+1	3.7567E+1	3.6498E+1	3.6242E+1	3.5824E+1	3.5190E+1	3.4584E+1	3.3459E+1	3.1509E+1	2.8322E+1	2.4302E+1	2.0283E+1	1.5716E+1	1.2258E+1	9.6552E+0	7.7575E+0	6.5084E+0	5.6580E+0	5.0943E+0
8.7295E+1	5.6351E+1	4.4651E+1	4.2640E+1	3.8262E+1	3.7549E+1	3.7293E+1	3.6298E+1	3.6029E+1	3.5636E+1	3.5016E+1	3.4422E+1	3.3313E+1	3.1398E+1	2.8276E+1	2.4275E+1	2.0284E+1	1.5733E+1	1.2275E+1	9.6725E+0	7.7688E+0	6.5157E+0	5.6631E+0	5.0965E+0
8.5075E+1	5.4593E+1	4.4444E+1	4.2394E+1	3.8089E+1	3.7338E+1	3.7068E+1	3.6091E+1	3.5802E+1	3.5433E+1	3.4818E+1	3.4254E+1	3.3157E+1	3.1307E+1	2.8210E+1	2.4254E+1	2.0293E+1	1.5750E+1	1.2297E+1	9.6933E+0	7.7802E+0	6.5237E+0	5.6677E+0	5.0997E+0
7.8480E+1	5.3264E+1	4.5046E+1	4.1624E+1	3.8064E+1	3.7336E+1	3.6672E+1	3.5913E+1	3.5514E+1	3.5121E+1	3.4641E+1	3.4044E+1	3.2988E+1	3.1215E+1	2.8129E+1	2.4224E+1	2.0275E+1	1.5762E+1	1.2314E+1	9.7073E+0	7.7926E+0	6.5319E+0	5.6730E+0	5.1019E+0
8.1683E+1	5.4957E+1	4.3674E+1	4.1991E+1	3.7610E+1	3.6958E+1	3.6748E+1	3.5711E+1	3.5476E+1	3.5121E+1	3.4487E+1	3.3957E+1	3.2919E+1	3.1106E+1	2.8085E+1	2.4187E+1	2.0282E+1	1.5771E+1	1.2324E+1	9.7191E+0	7.7994E+0	6.5366E+0	5.6759E+0	5.1045E+0
7.6961E+1	5.3209E+1	4.4081E+1	4.1753E+1	3.7638E+1	3.6882E+1	3.6517E+1	3.5629E+1	3.5300E+1	3.4919E+1	3.4375E+1	3.3812E+1	3.2776E+1	3.1010E+1	2.8028E+1	2.4167E+1	2.0279E+1	1.5784E+1	1.2340E+1	9.7316E+0	7.8097E+0	6.5436E+0	5.6805E+0	5.1069E+0
7.1102E+1	5.2194E+1	4.4203E+1	4.1274E+1	3.7422E+1	3.6690E+1	3.6266E+1	3.5409E+1	3.5055E+1	3.4719E+1	3.4167E+1	3.3637E+1	3.2631E+1	3.0911E+1	2.7957E+1	2.4145E+1	2.0281E+1	1.5804E+1	1.2365E+1	9.7506E+0	7.8250E+0	6.5525E+0	5.6862E+0	5.1106E+0
8.1595E+1	5.2538E+1	4.3224E+1	4.1217E+1	3.7113E+1	3.6457E+1	3.6159E+1	3.5175E+1	3.4943E+1	3.4580E+1	3.3989E+1	3.3490E+1	3.2510E+1	3.0797E+1	2.7905E+1	2.4119E+1	2.0278E+1	1.5822E+1	1.2386E+1	9.7672E+0	7.8365E+0	6.5605E+0	5.6909E+0	5.1133E+0
7.2977E+1	5.1955E+1	4.3637E+1	4.0619E+1	3.7087E+1	3.6344E+1	3.5763E+1	3.5034E+1	3.4654E+1	3.4294E+1	3.3823E+1	3.3298E+1	3.2318E+1	3.0695E+1	2.7808E+1	2.4093E+1	2.0275E+1	1.5841E+1	1.2406E+1	9.7842E+0	7.8487E+0	6.5692E+0	5.6959E+0	5.1164E+0
7.7254E+1	5.1071E+1	4.3194E+1	4.0667E+1	3.6916E+1	3.6217E+1	3.5801E+1	3.4959E+1	3.4619E+1	3.4306E+1	3.3756E+1	3.3253E+1	3.2298E+1	3.0645E+1	2.7785E+1	2.4067E+1	2.0268E+1	1.5840E+1	1.2410E+1	9.7869E+0	7.8511E+0	6.5714E+0	5.6977E+0	5.1173E+0
8.1820E+1	5.1893E+1	4.2246E+1	4.0756E+1	3.6614E+1	3.5943E+1	3.5726E+1	3.4712E+1	3.4482E+1	3.4168E+1	3.3590E+1	3.3095E+1	3.2173E+1	3.0518E+1	2.7740E+1	2.4031E+1	2.0267E+1	1.5855E+1	1.2428E+1	9.8039E+0	7.8640E+0	6.5791E+0	5.7029E+0	5.1204E+0
7.5648E+1	5.2043E+1	4.2765E+1	4.0301E+1	3.6509E+1	3.5787E+1	3.5456E+1	3.4538E+1	3.4286E+1	3.3948E+1	3.3408E+1	3.2913E+1	3.2015E+1	3.0411E+1	2.7656E+1	2.4010E+1	2.0262E+1	1.5875E+1	1.2453E+1	9.8235E+0	7.8767E+0	6.5883E+0	5.7079E+0	5.1238E+0
7.6911E+1	5.2461E+1	4.1982E+1	4.0048E+1	3.6242E+1	3.5534E+1	3.5284E+1	3.4363E+1	3.4112E+1	3.3812E+1	3.3243E+1	3.2764E+1	3.1882E+1	3.0301E+1	2.7591E+1	2.3979E+1	2.0260E+1	1.5892E+1	1.2474E+1	9.8411E+0	7.8880E+0	6.5966E+0	5.7130E+0	5.1268E+0
6.9966E+1	4.8309E+1	4.3121E+1	3.9510E+1	3.6411E+1	3.5640E+1	3.4875E+1	3.4307E+1	3.3878E+1	3.3529E+1	3.3116E+1	3.2636E+1	3.1740E+1	3.0276E+1	2.7516E+1	2.3975E+1	2.0266E+1	1.5901E+1	1.2480E+1	9.8524E+0	7.8979E+0	6.6009E+0	5.7160E+0	5.1284E+0
7.3585E+1	5.1534E+1	4.1585E+1	3.9747E+1	3.5854E+1	3.5249E+1	3.4982E+1	3.4062E+1	3.3810E+1	3.3534E+1	3.2940E+1	3.2497E+1	3.1648E+1	3.0135E+1	2.7467E+1	2.3925E+1	2.0244E+1	1.5913E+1	1.2498E+1	9.8649E+0	7.9075E+0	6.6078E+0	5.7209E+0	5.1310E+0
7.4907E+1	5.1920E+1	4.0857E+1	3.9959E+1	3.5745E+1	3.5003E+1	3.4884E+1	3.3816E+1	3.3665E+1	3.3373E+1	3.2786E+1	3.2337E+1	3.1533E+1	3.0002E+1	2.7399E+1	2.3891E+1	2.0240E+1	1.5930E+1	1.2517E+1	9.8833E+0	7.9209E+0	6.6163E+0	5.7264E+0	5.1346E+0
7.6820E+1	5.0233E+1	4.1229E+1	3.9323E+1	3.5518E+1	3.4861E+1	3.4538E+1	3.3644E+1	3.3378E+1	3.3101E+1	3.2568E+1	3.2141E+1	3.1340E+1	2.9870E+1	2.7294E+1	2.3848E+1	2.0234E+1	1.5949E+1	1.2541E+1	9.9041E+0	7.9368E+0	6.6274E+0	5.7328E+0	5.1384E+0
7.7880E+1	4.9850E+1	4.1078E+1	3.9204E+1	3.5335E+1	3.4664E+1	3.4417E+1	3.3474E+1	3.3244E+1	3.2965E+1	3.2431E+1	3.1990E+1	3.1222E+1	2.9785E+1	2.7238E+1	2.3841E+1	2.0237E+1	1.5964E+1	1.2556E+1	9.9178E+0	7.9466E+0	6.6355E+0	5.7377E+0	5.1414E+0
6.8274E+1	4.8391E+1	4.1639E+1	3.8384E+1	3.5335E+1	3.4643E+1	3.3985E+1	3.3404E+1	3.3003E+1	3.2673E+1	3.2308E+1	3.1880E+1	3.1065E+1	2.9708E+1	2.7145E+1	2.3801E+1	2.0233E+1	1.5962E+1	1.2566E+1	9.9298E+0	7.9548E+0	6.6417E+0	5.7416E+0	5.1437E+0
6.8329E+1	4.8063E+1	4.1531E+1	3.8548E+1	3.5103E+1	3.4440E+1	3.4020E+1	3.3292E+1	3.2945E+1	3.2656E+1	3.2185E+1	3.1781E+1	3.1002E+1	2.9645E+1	2.7116E+1	2.3783E+1	2.0221E+1	1.5968E+1	1.2574E+1	9.9380E+0	7.9623E+0	6.6454E+0	5.7440E+0	5.1451E+0
7.3596E+1	4.9658E+1	3.9700E+1	3.8910E+1	3.4834E+1	3.4193E+1	3.4059E+1	3.3006E+1	3.2842E+1	3.2620E+1	3.2024E+1	3.1626E+1	3.0901E+1	2.9537E+1	2.7049E+1	2.3757E+1	2.0217E+1	1.5983E+1	1.2590E+1	9.9517E+0	7.9728E+0	6.6530E+0	5.7491E+0	5.1481E+0
6.7780E+1	4.8635E+1	4.0479E+1	3.8363E+1	3.4704E+1	3.4115E+1	3.3797E+1	3.2924E+1	3.2653E+1	3.2389E+1	3.1902E+1	3.1507E+1	3.0773E+1	2.9434E+1	2.6995E+1	2.3725E+1	2.0210E+1	1.5996E+1	1.2608E+1	9.9675E+0	7.9847E+0	6.6609E+0	5.7540E+0	5.1513E+0
7.3512E+1	4.8745E+1	3.9478E+1	3.8376E+1	3.4472E+1	3.3866E+1	3.3671E+1	3.2677E+1	3.2498E+1	3.2261E+1	3.1706E+1	3.1319E+1	3.0629E+1	2.9313E+1	2.6905E+1	2.3686E+1	2.0208E+1	1.6008E+1	1.2629E+1	9.9863E+0	7.9991E+0	6.6704E+0	5.7602E+0	5.1552E+0
5.6650E+1	4.4857E+1	4.2081E+1	3.6925E+1	3.4627E+1	3.4002E+1	3.3092E+1	3.2776E+1	3.2308E+1	3.1929E+1	3.1684E+1	3.1275E+1	3.0514E+1	2.9269E+1	2.6855E+1	2.3646E+1	2.0199E+1	1.6004E+1	1.2642E+1	9.9966E+0	8.0051E+0	6.6751E+0	5.7627E+0	5.1569E+0
7.2167E+1	4.9371E+1	3.9111E+1	3.7993E+1	3.4254E+1	3.3580E+1	3.3416E+1	3.2420E+1	3.2249E+1	3.2024E+1	3.1451E+1	3.1099E+1	3.0412E+1	2.9167E+1	2.6788E+1	2.3631E+1	2.0194E+1	1.6014E+1	1.2651E+1	1.0009E+1	8.0160E+0	6.6826E+0	5.7673E+0	5.1594E+0
7.1799E+1	4.8551E+1	3.9036E+1	3.7668E+1	3.4062E+1	3.3430E+1	3.3200E+1	3.2268E+1	3.2065E+1	3.1842E+1	3.1317E+1	3.0940E+1	3.0279E+1	2.9058E+1	2.6713E+1	2.3595E+1	2.0183E+1	1.6031E+1	1.2669E+1	1.0026E+1	8.0287E+0	6.6914E+0	5.7728E+0	5.1626E+0
7.0438E+1	4.6982E+1	3.9263E+1	3.7331E+1	3.3942E+1	3.3322E+1	3.2976E+1	3.2161E+1	3.1882E+1	3.1676E+1	3.1173E+1	3.0818E+1	3.0147E+1	2.8962E+1	2.6640E+1	2.3562E+1	2.0182E+1	1.6039E+1	1.2689E+1	1.0043E+1	8.0395E+0	6.6988E+0	5.7780E+0	5.1662E+0
6.6553E+1	4.6262E+1	3.9423E+1	3.7063E+1	3.3835E+1	3.3196E+1	3.2786E+1	3.2045E+1	3.1768E+1	3.1482E+1	3.1087E+1	3.0722E+1	3.0047E+1	2.8874E+1	2.6585E+1	2.3529E+1	2.0172E+1	1.6050E+1	1.2702E+1	1.0055E+1	8.0496E+0	6.7056E+0	5.7827E+0	5.1688E+0
7.0507E+1	4.5904E+1	3.9037E+1	3.6870E+1	3.3678E+1	3.3100E+1	3.2588E+1	3.1868E+1	3.1595E+1	3.1350E+1	3.0928E+1	3.0581E+1	2.9912E+1	2.8784E+1	2.6513E+1	2.3488E+1	2.0154E+1	1.6053E+1	1.2712E+1	1.0066E+1	8.0599E+0	6.7133E+0	5.7867E+0	5.1714E+0
7.0395E+1	4.7203E+1	3.8420E+1	3.7205E+1	3.3460E+1	3.2904E+1	3.2703E+1	3.1742E+1	3.1520E+1	3.1339E+1	3.0808E+1	3.0487E+1	2.9855E+1	2.8737E+1	2.6467E+1	2.3480E+1	2.0153E+1	1.6054E+1	1.2720E+1	1.0072E+1	8.0651E+0	6.7167E+0	5.7889E+0	5.1726E+0
6.0681E+1	4.5429E+1	3.9160E+1	3.6373E+1	3.3405E+1	3.2766E+1	3.2266E+1	3.1656E+1	3.1332E+1	3.1096E+1	3.0702E+1	3.0354E+1	2.9722E+1	2.8611E+1	2.6397E+1	2.3424E+1	2.0140E+1	1.6068E+1	1.2739E+1	1.0091E+1	8.0791E+0	6.7265E+0	5.7953E+0	5.1766E+0
6.2924E+1	4.5534E+1	3.8824E+1	3.6442E+1	3.3181E+1	3.2648E+1	3.2200E+1	3.1499E+1	3.1216E+1	3.0979E+1	3.0544E+1	3.0242E+1	2.9607E+1	2.8525E+1	2.6338E+1	2.3399E+1	2.0135E+1	1.6077E+1	1.2755E+1	1.0104E+1	8.0892E+0	6.7335E+0	5.8003E+0	5.1792E+0
6.8763E+1	4.6623E+1	3.7690E+1	3.6492E+1	3.3033E+1	3.2391E+1	3.2152E+1	3.1276E+1	3.1042E+1	3.0858E+1	3.0368E+1	3.0039E+1	2.9450E+1	2.8417E+1	2.6250E+1	2.3359E+1	2.0122E+1	1.6092E+1	1.2771E+1	1.0123E+1	8.1037E+0	6.7422E+0	5.8059E+0	5.1830E+0
5.7874E+1	4.3745E+1	3.9455E+1	3.5584E+1	3.3119E+1	3.2443E+1	3.1752E+1	3.1350E+1	3.0935E+1	3.0640E+1	3.0390E+1	3.0055E+1	2.9430E+1	2.8359E+1	2.6249E+1	2.3317E+1	2.0095E+1	1.6092E+1	1.2771E+1	1.0128E+1	8.1040E+0	6.7453E+0	5.8075E+0	5.1844E+0
6.8628E+1	4.6070E+1	3.7660E+1	3.6248E+1	3.2765E+1	3.2157E+1	3.1889E+1	3.1052E+1	3.0820E+1	3.0639E+1	3.0140E+1	2.9849E+1	2.9278E+1	2.8273E+1	2.6150E+1	2.3293E+1	2.0093E+1	1.6097E+1	1.2788E+1	1.0142E+1	8.1179E+0	6.7529E+0	5.8130E+0	5.1878E+0
6.4096E+1	4.6541E+1	3.7024E+1	3.6186E+1	3.2537E+1	3.2033E+1	3.1810E+1	3.0810E+1	3.0665E+1	3.0498E+1	3.0003E+1	2.9686E+1	2.9140E+1	2.8174E+1	2.6067E+1	2.3252E+1	2.0078E+1	1.6111E+1	1.2802E+1	1.0159E+1	8.1293E+0	6.7622E+0	5.8185E+0	5.1907E+0
6.7194E+1	4.4702E+1	3.7418E+1	3.5629E+1	3.2408E+1	3.1877E+1	3.1567E+1	3.0709E+1	3.0503E+1	3.0334E+1	2.9862E+1	2.9571E+1	2.9022E+1	2.8066E+1	2.5995E+1	2.3207E+1	2.0064E+1	1.6117E+1	1.2821E+1	1.0173E+1	8.1421E+0	6.7706E+0	5.8245E+0	5.1944E+0
6.4936E+1	4.3162E+1	3.7990E+1	3.5247E+1	3.2407E+1	3.1809E+1	3.1216E+1	3.0701E+1	3.0355E+1	3.0104E+1	2.9780E+1	2.9482E+1	2.8920E+1	2.7944E+1	2.5944E+1	2.3162E+1	2.0047E+1	1.6121E+1	1.2839E+1	1.0189E+1	8.1554E+0	6.7785E+0	5.8293E+0	5.1978E+0
5.7382E+1	4.3671E+1	3.7708E+1	3.5102E+1	3.2190E+1	3.1672E+1	3.1247E+1	3.0552E+1	3.0284E+1	3.0035E+1	2.9681E+1	2.9389E+1	2.8839E+1	2.7884E+1	2.5885E+1	2.3134E+1	2.0031E+1	1.6121E+1	1.2839E+1	1.0195E+1	8.1598E+0	6.7826E+0	5.8326E+0	5.1994E+0
6.6396E+1	4.5186E+1	3.6559E+1	3.5464E+1	3.2053E+1	3.1443E+1	3.1268E+1	3.0315E+1	3.0125E+1	2.9990E+1	2.9481E+1	2.9225E+1	2.8701E+1	2.7815E+1	2.5814E+1	2.3095E+1	2.0016E+1	1.6129E+1	1.2853E+1	1.0208E+1	8.1714E+0	6.7905E+0	5.8375E+0	5.2021E+0
5.9154E+1	4.3565E+1	3.6892E+1	3.4929E+1	3.1895E+1	3.1313E+1	3.0966E+1	3.0244E+1	3.0007E+1	2.9786E+1	2.9388E+1	2.9109E+1	2.8596E+1	2.7695E+1	2.5743E+1	2.3052E+1	2.0003E+1	1.6135E+1	1.2867E+1	1.0223E+1	8.1841E+0	6.7994E+0	5.8431E+0	5.2057E+0
6.2024E+1	4.4079E+1	3.6596E+1	3.4824E+1	3.1833E+1	3.1252E+1	3.0847E+1	3.0095E+1	2.9869E+1	2.9668E+1	2.9266E+1	2.9008E+1	2.8482E+1	2.7617E+1	2.5685E+1	2.3023E+1	1.9992E+1	1.6142E+1	1.2883E+1	1.0236E+1	8.1937E+0	6.8065E+0	5.8477E+0	5.2086E+0
3.9659E+1	4.6464E+1	3.6366E+1	3.1160E+1	3.6039E+1	3.1835E+1	3.4182E+1	3.0634E+1	3.3752E+1	3.2690E+1	3.5841E+1	2.2344E+1	2.9967E+1	2.8368E+1	2.2548E+1	2.4419E+1	1.9522E+1	1.7322E+1	1.2892E+1	1.0077E+1	8.5113E+0	6.9895E+0	5.8120E+0	5.3109E+0
-9.8935E+3	8.7559E+3	-1.7278E+4	2.8983E+3	-1.0397E+3	-1.5105E+3	-8.8829E+2	1.2124E+3	-1.4505E+3	1.3833E+3	-1.4901E+3	2.1261E+3	-8.0539E+2	-2.3077E+2	8.5205E+2	-9.1730E+2	6.5341E+2	8.5100E+0	7.0656E+2	1.7707E+2	5.3745E+2	-4.7105E+2	-7.8630E+2	-1.8159E+2
