2.4529E+2	2.2691E+2	1.9611E+2	1.4420E+2	1.1512E+2	9.8564E+1	8.4781E+1	7.1269E+1	5.6766E+1	4.5713E+1	3.8324E+1	3.0310E+1	2.7258E+1	2.2112E+1	2.0407E+1	1.7908E+1	1.5465E+1	1.2942E+1	1.1098E+1	9.4638E+0	7.7814E+0	6.4192E+0	5.2498E+0	4.4244E+0	3.5786E+0	2.9252E+0	2.4412E+0	1.9234E+0	1.5056E+0	1.1286E+0	7.7040E-1	3.9280E-1	3.4666E-2	-3.9367E-1	-9.0867E-1
2.1299E+2	1.9522E+2	1.8966E+2	1.4115E+2	1.0183E+2	8.7232E+1	7.5739E+1	6.3728E+1	4.9682E+1	4.3475E+1	3.3692E+1	2.7405E+1	2.4095E+1	2.0009E+1	1.8459E+1	1.6263E+1	1.3876E+1	1.1943E+1	1.0359E+1	8.8215E+0	7.3369E+0	6.1170E+0	5.0465E+0	4.1940E+0	3.4543E+0	2.8762E+0	2.3884E+0	1.8997E+0	1.4593E+0	1.1192E+0	7.4814E-1	3.7697E-1	5.0480E-3	-4.0219E-1	-9.3833E-1
2.2537E+2	1.9889E+2	1.8335E+2	1.2713E+2	9.3757E+1	8.1812E+1	6.5483E+1	5.4733E+1	4.5276E+1	3.9544E+1	3.1370E+1	2.5063E+1	2.2463E+1	1.8500E+1	1.7170E+1	1.5099E+1	1.3113E+1	1.1319E+1	9.8032E+0	8.4797E+0	7.1371E+0	5.8872E+0	4.9094E+0	4.1662E+0	3.4038E+0	2.8141E+0	2.3381E+0	1.8422E+0	1.4578E+0	1.0835E+0	7.2344E-1	3.8189E-1	8.3609E-4	-4.1930E-1	-9.2766E-1
2.3391E+2	2.0121E+2	1.7406E+2	1.2269E+2	8.3014E+1	7.2168E+1	6.4563E+1	5.1543E+1	4.3946E+1	3.6834E+1	2.7940E+1	2.3488E+1	2.1102E+1	1.7500E+1	1.6500E+1	1.4411E+1	1.2531E+1	1.0992E+1	9.5638E+0	8.1612E+0	6.9152E+0	5.8033E+0	4.8402E+0	4.0713E+0	3.3863E+0	2.7812E+0	2.3236E+0	1.8364E+0	1.4348E+0	1.0638E+0	7.0601E-1	3.7962E-1	-8.2381E-3	-4.4350E-1	-8.9948E-1
2.3958E+2	2.0179E+2	1.6189E+2	1.2239E+2	8.2208E+1	7.2939E+1	5.7951E+1	5.1093E+1	4.2519E+1	3.4603E+1	2.7855E+1	2.2372E+1	1.9966E+1	1.6855E+1	1.5885E+1	1.3964E+1	1.2227E+1	1.0629E+1	9.3236E+0	8.1060E+0	6.7760E+0	5.7597E+0	4.7912E+0	4.0795E+0	3.2978E+0	2.7696E+0	2.3328E+0	1.8479E+0	1.4246E+0	1.0673E+0	7.0945E-1	3.7473E-1	-1.5348E-2	-4.3779E-1	-9.6169E-1
2.4368E+2	1.9973E+2	1.5155E+2	1.2031E+2	7.9170E+1	6.6516E+1	5.7197E+1	4.5225E+1	3.9432E+1	3.2934E+1	2.5196E+1	2.1515E+1	1.9228E+1	1.6316E+1	1.5229E+1	1.3572E+1	1.1944E+1	1.0333E+1	9.0973E+0	7.9075E+0	6.6665E+0	5.6563E+0	4.7171E+0	4.0028E+0	3.3260E+0	2.7387E+0	2.2987E+0	1.8128E+0	1.4132E+0	1.0647E+0	7.0536E-1	3.4873E-1	-2.5498E-2	-4.5556E-1	-9.3702E-1
2.4635E+2	1.9513E+2	1.4371E+2	1.1240E+2	7.0911E+1	6.2791E+1	5.2528E+1	4.5373E+1	3.6018E+1	3.1237E+1	2.5362E+1	2.0720E+1	1.8611E+1	1.5781E+1	1.4677E+1	1.3179E+1	1.1667E+1	1.0089E+1	8.9541E+0	7.7476E+0	6.5908E+0	5.5548E+0	4.6672E+0	3.9496E+0	3.2640E+0	2.7205E+0	2.2762E+0	1.7901E+0	1.3982E+0	1.0572E+0	7.0476E-1	3.6038E-1	-2.1983E-2	-4.4780E-1	-9.3463E-1
2.4631E+2	1.8764E+2	1.3886E+2	1.0184E+2	7.0170E+1	6.1804E+1	5.1988E+1	4.3082E+1	3.4596E+1	2.9371E+1	2.3984E+1	1.9956E+1	1.7932E+1	1.5282E+1	1.4272E+1	1.2855E+1	1.1240E+1	9.9451E+0	8.6360E+0	7.6038E+0	6.4287E+0	5.5051E+0	4.5945E+0	3.9151E+0	3.2616E+0	2.6739E+0	2.2386E+0	1.7835E+0	1.3799E+0	1.0387E+0	6.9947E-1	3.4609E-1	-3.6570E-2	-4.5088E-1	-9.4398E-1
2.4463E+2	1.7761E+2	1.3788E+2	9.6387E+1	6.8563E+1	5.5901E+1	4.7447E+1	3.8959E+1	3.4204E+1	2.8120E+1	2.2489E+1	1.9325E+1	1.7316E+1	1.4839E+1	1.3827E+1	1.2495E+1	1.0840E+1	9.5631E+0	8.5265E+0	7.4056E+0	6.3342E+0	5.4352E+0	4.6014E+0	3.8694E+0	3.2074E+0	2.6635E+0	2.2270E+0	1.7580E+0	1.3932E+0	1.0290E+0	6.8019E-1	3.1312E-1	-1.7657E-2	-4.3425E-1	-9.7004E-1
2.3910E+2	1.6754E+2	1.3677E+2	9.6097E+1	6.1894E+1	5.6200E+1	4.6865E+1	3.9299E+1	3.3329E+1	2.6605E+1	2.2553E+1	1.8447E+1	1.6530E+1	1.4275E+1	1.3404E+1	1.2054E+1	1.0653E+1	9.3470E+0	8.3186E+0	7.2861E+0	6.1724E+0	5.3062E+0	4.4804E+0	3.8383E+0	3.1432E+0	2.6652E+0	2.2014E+0	1.7581E+0	1.3952E+0	1.0197E+0	6.5676E-1	3.2752E-1	-2.9260E-2	-4.6114E-1	-9.8474E-1
2.3402E+2	1.5931E+2	1.3354E+2	9.5096E+1	6.0702E+1	5.2349E+1	4.3822E+1	3.6609E+1	3.1495E+1	2.5702E+1	2.0832E+1	1.7854E+1	1.6123E+1	1.3846E+1	1.3033E+1	1.1716E+1	1.0405E+1	9.2301E+0	8.0912E+0	7.1471E+0	6.1225E+0	5.2379E+0	4.4267E+0	3.8203E+0	3.1525E+0	2.6136E+0	2.2269E+0	1.7607E+0	1.3684E+0	1.0083E+0	6.7703E-1	3.3368E-1	-3.8007E-2	-4.5409E-1	-9.3903E-1
2.2650E+2	1.5399E+2	1.2816E+2	9.0760E+1	5.9707E+1	5.0252E+1	4.3031E+1	3.5451E+1	2.9257E+1	2.5194E+1	2.0711E+1	1.7218E+1	1.5805E+1	1.3497E+1	1.2712E+1	1.1526E+1	1.0128E+1	8.9868E+0	8.0336E+0	7.0717E+0	6.0997E+0	5.1639E+0	4.3659E+0	3.7590E+0	3.1367E+0	2.6049E+0	2.2005E+0	1.6934E+0	1.3583E+0	1.0085E+0	6.5746E-1	3.2294E-1	-6.7972E-2	-4.5208E-1	-9.9739E-1
2.2096E+2	1.5019E+2	1.2286E+2	8.5364E+1	5.5575E+1	5.0126E+1	4.0820E+1	3.5389E+1	2.8982E+1	2.4331E+1	1.9994E+1	1.6970E+1	1.5493E+1	1.3286E+1	1.2490E+1	1.1325E+1	1.0011E+1	8.8800E+0	7.9494E+0	7.0523E+0	6.0661E+0	5.1711E+0	4.3883E+0	3.7400E+0	3.1030E+0	2.6043E+0	2.1753E+0	1.7236E+0	1.3414E+0	1.0134E+0	6.4828E-1	3.1196E-1	-5.5994E-2	-4.6473E-1	-9.5790E-1
2.1432E+2	1.4659E+2	1.1627E+2	8.1282E+1	5.4699E+1	4.6719E+1	4.0143E+1	3.2692E+1	2.8840E+1	2.3688E+1	1.9393E+1	1.6575E+1	1.5084E+1	1.2981E+1	1.2229E+1	1.1090E+1	9.8142E+0	8.7835E+0	7.8833E+0	6.9549E+0	5.9957E+0	5.1755E+0	4.3582E+0	3.7167E+0	3.0925E+0	2.5930E+0	2.1467E+0	1.7077E+0	1.3381E+0	9.9006E-1	6.6287E-1	3.1684E-1	-5.5837E-2	-4.5712E-1	-9.3956E-1
2.0771E+2	1.4388E+2	1.1096E+2	7.9869E+1	5.3957E+1	4.6167E+1	3.8709E+1	3.2913E+1	2.8218E+1	2.3000E+1	1.9241E+1	1.6291E+1	1.4729E+1	1.2809E+1	1.2059E+1	1.0972E+1	9.7488E+0	8.6819E+0	7.6754E+0	6.8248E+0	5.9548E+0	5.0810E+0	4.2743E+0	3.6820E+0	3.0894E+0	2.5729E+0	2.1447E+0	1.7025E+0	1.3390E+0	9.8659E-1	6.6952E-1	3.1976E-1	-6.9709E-2	-4.8319E-1	-9.6766E-1
2.0010E+2	1.4203E+2	1.0659E+2	7.8877E+1	5.0113E+1	4.4720E+1	3.7654E+1	3.2153E+1	2.6808E+1	2.1910E+1	1.8481E+1	1.5924E+1	1.4365E+1	1.2578E+1	1.1769E+1	1.0649E+1	9.5159E+0	8.4662E+0	7.6350E+0	6.7692E+0	5.8790E+0	5.0296E+0	4.2517E+0	3.7035E+0	3.0625E+0	2.5354E+0	2.1429E+0	1.7006E+0	1.3326E+0	9.8376E-1	6.4650E-1	3.1267E-1	-7.3494E-2	-4.7070E-1	-9.6665E-1
1.9199E+2	1.3945E+2	1.0402E+2	7.6745E+1	4.8621E+1	4.1919E+1	3.6343E+1	2.9866E+1	2.5739E+1	2.1703E+1	1.8086E+1	1.5517E+1	1.4111E+1	1.2261E+1	1.1581E+1	1.0457E+1	9.3966E+0	8.3442E+0	7.5296E+0	6.6593E+0	5.7937E+0	4.9933E+0	4.2424E+0	3.6243E+0	3.0643E+0	2.5446E+0	2.1158E+0	1.6909E+0	1.3097E+0	9.7991E-1	6.5278E-1	3.0353E-1	-6.8151E-2	-4.7633E-1	-9.6331E-1
1.8374E+2	1.3596E+2	1.0247E+2	7.1982E+1	4.8866E+1	4.2325E+1	3.5100E+1	3.0295E+1	2.4613E+1	2.0820E+1	1.7619E+1	1.5142E+1	1.3914E+1	1.2071E+1	1.1370E+1	1.0353E+1	9.2574E+0	8.2269E+0	7.3914E+0	6.5529E+0	5.7478E+0	4.9307E+0	4.2539E+0	3.6306E+0	3.0328E+0	2.5148E+0	2.0988E+0	1.7065E+0	1.3145E+0	9.6461E-1	6.3741E-1	3.0086E-1	-5.2576E-2	-4.6648E-1	-9.8579E-1
1.7565E+2	1.3124E+2	1.0100E+2	6.6939E+1	4.5101E+1	3.8850E+1	3.3931E+1	2.8628E+1	2.4816E+1	2.0355E+1	1.7252E+1	1.4717E+1	1.3602E+1	1.1783E+1	1.1237E+1	1.0198E+1	9.0778E+0	8.2052E+0	7.2793E+0	6.5082E+0	5.6758E+0	4.9463E+0	4.1659E+0	3.6096E+0	2.9745E+0	2.5178E+0	2.0837E+0	1.6772E+0	1.2992E+0	9.8629E-1	6.2856E-1	2.8399E-1	-6.8403E-2	-4.5677E-1	-9.7824E-1
1.6918E+2	1.2594E+2	9.8544E+1	6.4822E+1	4.3399E+1	3.9462E+1	3.2697E+1	2.7563E+1	2.4377E+1	2.0375E+1	1.7554E+1	1.4350E+1	1.3160E+1	1.1474E+1	1.0878E+1	9.9890E+0	8.9767E+0	7.9336E+0	7.1848E+0	6.4648E+0	5.5957E+0	4.8502E+0	4.1145E+0	3.5961E+0	2.9675E+0	2.4954E+0	2.0972E+0	1.6623E+0	1.3093E+0	9.7842E-1	6.3069E-1	3.0928E-1	-7.4715E-2	-4.9228E-1	-9.3408E-1
1.6595E+2	1.2098E+2	9.4984E+1	6.6002E+1	4.4722E+1	3.8472E+1	3.2052E+1	2.8233E+1	2.3489E+1	1.9748E+1	1.6074E+1	1.4211E+1	1.2974E+1	1.1328E+1	1.0646E+1	9.8202E+0	8.8165E+0	7.9185E+0	7.1814E+0	6.3612E+0	5.5350E+0	4.7863E+0	4.1201E+0	3.4984E+0	2.9447E+0	2.4874E+0	2.0847E+0	1.6589E+0	1.2879E+0	9.5239E-1	6.2479E-1	2.8740E-1	-8.0495E-2	-4.6970E-1	-9.5422E-1
1.6452E+2	1.1669E+2	9.1044E+1	6.6496E+1	4.2396E+1	3.6084E+1	3.1206E+1	2.6345E+1	2.2664E+1	1.9816E+1	1.6704E+1	1.4086E+1	1.2869E+1	1.1225E+1	1.0603E+1	9.6391E+0	8.7273E+0	7.8480E+0	7.0570E+0	6.2756E+0	5.5213E+0	4.7724E+0	4.0998E+0	3.5216E+0	2.9427E+0	2.4630E+0	2.0643E+0	1.6361E+0	1.2835E+0	9.5146E-1	6.1096E-1	2.9726E-1	-7.9217E-2	-4.6648E-1	-9.6717E-1
1.6533E+2	1.1384E+2	8.7416E+1	6.4720E+1	4.1279E+1	3.7893E+1	3.1714E+1	2.7299E+1	2.2796E+1	1.9731E+1	1.6100E+1	1.3969E+1	1.2732E+1	1.0997E+1	1.0531E+1	9.5370E+0	8.5350E+0	7.7468E+0	6.9766E+0	6.2920E+0	5.5036E+0	4.7472E+0	4.0676E+0	3.5079E+0	2.9407E+0	2.4305E+0	2.0665E+0	1.6449E+0	1.2822E+0	9.5821E-1	5.9605E-1	2.7784E-1	-3.3196E-2	-4.6278E-1	-9.9568E-1
1.6652E+2	1.1151E+2	8.5820E+1	6.1818E+1	4.3408E+1	3.6232E+1	3.1010E+1	2.6885E+1	2.3263E+1	1.9687E+1	1.5953E+1	1.3874E+1	1.2595E+1	1.1079E+1	1.0436E+1	9.4349E+0	8.4652E+0	7.6211E+0	6.8824E+0	6.1655E+0	5.3804E+0	4.7007E+0	4.0593E+0	3.4959E+0	2.9101E+0	2.4468E+0	2.0744E+0	1.6114E+0	1.2735E+0	9.3573E-1	6.2469E-1	2.8775E-1	-8.3845E-2	-4.8199E-1	-9.7601E-1
1.6896E+2	1.1123E+2	8.6952E+1	6.0756E+1	4.1885E+1	3.6443E+1	3.1300E+1	2.5663E+1	2.3226E+1	1.9875E+1	1.6457E+1	1.3659E+1	1.2519E+1	1.0927E+1	1.0270E+1	9.4215E+0	8.4405E+0	7.6675E+0	6.9049E+0	6.1430E+0	5.3321E+0	4.6815E+0	4.0208E+0	3.4651E+0	2.9067E+0	2.4092E+0	2.0497E+0	1.6217E+0	1.2576E+0	9.1510E-1	5.9640E-1	2.7969E-1	-7.6807E-2	-4.9555E-1	-9.7696E-1
1.7183E+2	1.1322E+2	8.9492E+1	6.2826E+1	4.0682E+1	3.7482E+1	3.1211E+1	2.7019E+1	2.2562E+1	1.9374E+1	1.5727E+1	1.3554E+1	1.2298E+1	1.0885E+1	1.0286E+1	9.4042E+0	8.4632E+0	7.6406E+0	6.8663E+0	6.1119E+0	5.3090E+0	4.6548E+0	3.9875E+0	3.4144E+0	2.9168E+0	2.4218E+0	2.0281E+0	1.6082E+0	1.2580E+0	9.2498E-1	6.0177E-1	2.5411E-1	-9.9890E-2	-5.0505E-1	-9.6842E-1
1.7512E+2	1.1564E+2	9.1780E+1	6.5656E+1	4.3386E+1	3.5584E+1	3.1752E+1	2.6373E+1	2.1821E+1	1.9710E+1	1.6146E+1	1.3507E+1	1.2490E+1	1.0860E+1	1.0303E+1	9.4266E+0	8.4707E+0	7.6051E+0	6.8675E+0	6.1036E+0	5.2877E+0	4.6546E+0	3.9999E+0	3.4187E+0	2.8919E+0	2.4045E+0	2.0391E+0	1.6091E+0	1.2585E+0	9.1281E-1	5.9210E-1	2.7228E-1	-9.3744E-2	-5.1731E-1	-9.6195E-1
1.7776E+2	1.1917E+2	9.3928E+1	6.5543E+1	4.2693E+1	3.7803E+1	3.1064E+1	2.6424E+1	2.2393E+1	1.9858E+1	1.5832E+1	1.3648E+1	1.2552E+1	1.0828E+1	1.0338E+1	9.4638E+0	8.4112E+0	7.5538E+0	6.8709E+0	6.0826E+0	5.3499E+0	4.6190E+0	3.9707E+0	3.4502E+0	2.8503E+0	2.3911E+0	2.0289E+0	1.5924E+0	1.2502E+0	8.9632E-1	5.8793E-1	2.8262E-1	-8.2462E-2	-4.8270E-1	-9.9341E-1
1.8029E+2	1.2190E+2	9.4457E+1	6.4241E+1	4.1329E+1	3.7115E+1	3.2092E+1	2.7418E+1	2.3125E+1	2.0170E+1	1.5890E+1	1.3725E+1	1.2548E+1	1.0799E+1	1.0267E+1	9.4908E+0	8.4152E+0	7.5541E+0	6.7615E+0	6.1000E+0	5.3194E+0	4.5856E+0	3.9582E+0	3.4303E+0	2.8366E+0	2.3607E+0	2.0120E+0	1.5787E+0	1.2401E+0	8.9649E-1	5.9050E-1	2.7504E-1	-1.1849E-1	-4.8708E-1	-9.9687E-1
1.8239E+2	1.2407E+2	9.3538E+1	6.3399E+1	4.3865E+1	3.6867E+1	3.1243E+1	2.6198E+1	2.3306E+1	1.9797E+1	1.6408E+1	1.3858E+1	1.2506E+1	1.0843E+1	1.0332E+1	9.3981E+0	8.4837E+0	7.5470E+0	6.8217E+0	6.0489E+0	5.2678E+0	4.6080E+0	3.9565E+0	3.4032E+0	2.8567E+0	2.3992E+0	1.9924E+0	1.5852E+0	1.2290E+0	9.1860E-1	5.9162E-1	2.4315E-1	-9.2286E-2	-4.8733E-1	-9.9551E-1
1.8312E+2	1.2469E+2	9.2500E+1	6.4999E+1	4.3597E+1	3.8787E+1	3.2578E+1	2.7397E+1	2.2917E+1	1.9896E+1	1.5760E+1	1.3738E+1	1.2584E+1	1.0952E+1	1.0354E+1	9.3473E+0	8.4882E+0	7.4753E+0	6.7716E+0	6.0797E+0	5.3227E+0	4.5796E+0	3.9459E+0	3.3892E+0	2.8237E+0	2.3544E+0	1.9862E+0	1.5850E+0	1.2287E+0	9.0413E-1	5.8801E-1	2.5579E-1	-9.8765E-2	-4.9153E-1	-1.0074E+0
1.8335E+2	1.2489E+2	9.1813E+1	6.7244E+1	4.3039E+1	3.7096E+1	3.1994E+1	2.7664E+1	2.2985E+1	2.0040E+1	1.6715E+1	1.3833E+1	1.2565E+1	1.0940E+1	1.0429E+1	9.3913E+0	8.5206E+0	7.5213E+0	6.7539E+0	6.0649E+0	5.2645E+0	4.5974E+0	3.9078E+0	3.3504E+0	2.8315E+0	2.3384E+0	1.9696E+0	1.5712E+0	1.2112E+0	8.9766E-1	5.7105E-1	2.4572E-1	-1.1023E-1	-5.0626E-1	-9.6966E-1
1.8359E+2	1.2401E+2	9.3305E+1	6.8542E+1	4.4764E+1	3.8876E+1	3.2621E+1	2.7078E+1	2.3367E+1	2.0132E+1	1.6000E+1	1.3821E+1	1.2689E+1	1.1031E+1	1.0406E+1	9.3628E+0	8.4259E+0	7.6197E+0	6.7407E+0	5.9820E+0	5.2497E+0	4.5919E+0	3.8863E+0	3.3778E+0	2.8116E+0	2.3527E+0	1.9849E+0	1.5633E+0	1.2013E+0	8.9172E-1	5.5949E-1	2.4173E-1	-1.0554E-1	-5.2859E-1	-1.0010E+0
1.8349E+2	1.2354E+2	9.4675E+1	6.7849E+1	4.5194E+1	3.8595E+1	3.2217E+1	2.7968E+1	2.3870E+1	2.0030E+1	1.6348E+1	1.3902E+1	1.2674E+1	1.0992E+1	1.0359E+1	9.4827E+0	8.4340E+0	7.5223E+0	6.7915E+0	6.0321E+0	5.2757E+0	4.5670E+0	3.9119E+0	3.3222E+0	2.8322E+0	2.3548E+0	1.9751E+0	1.5780E+0	1.2255E+0	8.9680E-1	5.6270E-1	2.4989E-1	-1.0733E-1	-4.9627E-1	-9.9968E-1
1.8242E+2	1.2300E+2	9.6898E+1	6.7175E+1	4.4142E+1	3.8530E+1	3.3465E+1	2.7445E+1	2.3805E+1	2.0009E+1	1.6687E+1	1.3905E+1	1.2812E+1	1.1078E+1	1.0390E+1	9.4433E+0	8.5209E+0	7.5181E+0	6.7088E+0	6.0586E+0	5.2739E+0	4.5565E+0	3.9157E+0	3.3384E+0	2.8274E+0	2.3413E+0	1.9799E+0	1.5589E+0	1.2168E+0	9.1419E-1	5.8203E-1	2.4672E-1	-1.0843E-1	-5.1047E-1	-9.8879E-1
1.8203E+2	1.2331E+2	9.8388E+1	6.7543E+1	4.5413E+1	3.9625E+1	3.3012E+1	2.7755E+1	2.3852E+1	2.0040E+1	1.6452E+1	1.4108E+1	1.2769E+1	1.1030E+1	1.0477E+1	9.5180E+0	8.4321E+0	7.5094E+0	6.7425E+0	6.0370E+0	5.2473E+0	4.5510E+0	3.8820E+0	3.3411E+0	2.7861E+0	2.3410E+0	1.9505E+0	1.5516E+0	1.2090E+0	8.8467E-1	5.6185E-1	2.2969E-1	-1.0064E-1	-5.1391E-1	-9.9998E-1
1.8174E+2	1.2452E+2	9.8592E+1	6.8337E+1	4.5469E+1	3.8828E+1	3.3610E+1	2.8513E+1	2.3923E+1	2.0224E+1	1.7086E+1	1.4092E+1	1.2824E+1	1.0958E+1	1.0516E+1	9.5088E+0	8.4627E+0	7.5177E+0	6.6930E+0	6.0301E+0	5.1887E+0	4.5446E+0	3.8689E+0	3.3381E+0	2.7741E+0	2.3627E+0	1.9648E+0	1.5451E+0	1.1769E+0	8.6766E-1	5.5046E-1	2.2697E-1	-1.3671E-1	-5.1529E-1	-9.9782E-1
1.8158E+2	1.2493E+2	9.8724E+1	6.9935E+1	4.4867E+1	3.9865E+1	3.3277E+1	2.8254E+1	2.4086E+1	2.0153E+1	1.6035E+1	1.4162E+1	1.2901E+1	1.1094E+1	1.0438E+1	9.5628E+0	8.4925E+0	7.5918E+0	6.7461E+0	5.9754E+0	5.2231E+0	4.5323E+0	3.8666E+0	3.3299E+0	2.7726E+0	2.2991E+0	1.9485E+0	1.5145E+0	1.1823E+0	8.9678E-1	5.3796E-1	2.2681E-1	-1.1413E-1	-5.1894E-1	-1.0088E+0
1.8110E+2	1.2700E+2	9.7702E+1	6.9542E+1	4.6016E+1	3.9721E+1	3.3994E+1	2.8548E+1	2.4644E+1	2.0360E+1	1.6818E+1	1.4164E+1	1.2916E+1	1.1146E+1	1.0442E+1	9.4763E+0	8.4799E+0	7.5351E+0	6.7663E+0	5.9945E+0	5.2297E+0	4.5248E+0	3.9039E+0	3.3244E+0	2.7436E+0	2.3070E+0	1.9560E+0	1.5303E+0	1.2047E+0	8.7663E-1	5.5076E-1	2.3874E-1	-1.1629E-1	-5.2059E-1	-9.7175E-1
1.8160E+2	1.2853E+2	9.7284E+1	6.9313E+1	4.6616E+1	3.9354E+1	3.3399E+1	2.8558E+1	2.4352E+1	2.0265E+1	1.6971E+1	1.4262E+1	1.2863E+1	1.1189E+1	1.0563E+1	9.5639E+0	8.5409E+0	7.5195E+0	6.7744E+0	5.9495E+0	5.1958E+0	4.4969E+0	3.8677E+0	3.3275E+0	2.7618E+0	2.3497E+0	1.9304E+0	1.5575E+0	1.1778E+0	8.8508E-1	5.5673E-1	2.1831E-1	-1.2485E-1	-5.2262E-1	-1.0191E+0
1.8319E+2	1.2955E+2	9.7466E+1	6.9077E+1	4.5884E+1	4.0502E+1	3.4257E+1	2.8599E+1	2.4266E+1	2.0365E+1	1.7178E+1	1.4182E+1	1.2939E+1	1.1155E+1	1.0591E+1	9.5703E+0	8.5169E+0	7.6158E+0	6.8273E+0	6.0558E+0	5.2019E+0	4.5133E+0	3.8514E+0	3.3034E+0	2.7750E+0	2.2949E+0	1.9505E+0	1.5205E+0	1.2125E+0	8.7831E-1	5.6403E-1	2.3989E-1	-1.1885E-1	-5.1364E-1	-1.0005E+0
1.8514E+2	1.2934E+2	9.8890E+1	7.0218E+1	4.6268E+1	4.0165E+1	3.3734E+1	2.9029E+1	2.4335E+1	2.0644E+1	1.7019E+1	1.4442E+1	1.3090E+1	1.1217E+1	1.0626E+1	9.6108E+0	8.5443E+0	7.6191E+0	6.7869E+0	5.9712E+0	5.1822E+0	4.5020E+0	3.8686E+0	3.3291E+0	2.7514E+0	2.3112E+0	1.9271E+0	1.4967E+0	1.1969E+0	8.7643E-1	5.4095E-1	2.2048E-1	-1.0657E-1	-5.1275E-1	-1.0057E+0
1.8610E+2	1.3004E+2	9.9917E+1	7.0969E+1	4.7041E+1	4.0342E+1	3.4175E+1	2.8685E+1	2.4689E+1	2.0582E+1	1.6780E+1	1.4351E+1	1.3128E+1	1.1230E+1	1.0592E+1	9.5663E+0	8.5722E+0	7.6340E+0	6.8277E+0	6.0064E+0	5.2001E+0	4.5324E+0	3.8467E+0	3.3020E+0	2.7441E+0	2.2973E+0	1.9092E+0	1.5144E+0	1.1751E+0	8.5837E-1	5.4118E-1	2.3191E-1	-1.3986E-1	-5.3142E-1	-1.0006E+0
1.8678E+2	1.3015E+2	1.0106E+2	7.0735E+1	4.6495E+1	4.0547E+1	3.4069E+1	2.8537E+1	2.4795E+1	2.0413E+1	1.7339E+1	1.4451E+1	1.3114E+1	1.1254E+1	1.0655E+1	9.6228E+0	8.5382E+0	7.5780E+0	6.8012E+0	6.0385E+0	5.2097E+0	4.5015E+0	3.8229E+0	3.2841E+0	2.7370E+0	2.2942E+0	1.9201E+0	1.4999E+0	1.1920E+0	8.6018E-1	5.5346E-1	2.0872E-1	-1.3182E-1	-5.0556E-1	-1.0059E+0
1.8834E+2	1.2995E+2	1.0144E+2	7.1010E+1	4.6797E+1	4.0594E+1	3.4917E+1	2.9219E+1	2.4779E+1	2.0622E+1	1.7179E+1	1.4492E+1	1.3127E+1	1.1266E+1	1.0709E+1	9.6873E+0	8.5853E+0	7.6345E+0	6.8263E+0	6.0079E+0	5.2443E+0	4.5098E+0	3.8520E+0	3.3116E+0	2.7424E+0	2.2676E+0	1.9242E+0	1.5010E+0	1.2004E+0	8.8535E-1	5.4586E-1	2.1473E-1	-1.1230E-1	-5.2939E-1	-9.8423E-1
1.8979E+2	1.2934E+2	1.0143E+2	7.0517E+1	4.7414E+1	4.1453E+1	3.4196E+1	2.8980E+1	2.4941E+1	2.0793E+1	1.7400E+1	1.4544E+1	1.3203E+1	1.1374E+1	1.0803E+1	9.7274E+0	8.6835E+0	7.6499E+0	6.8266E+0	6.0643E+0	5.1901E+0	4.5600E+0	3.8071E+0	3.3085E+0	2.7650E+0	2.2929E+0	1.9362E+0	1.5102E+0	1.1773E+0	8.5484E-1	5.2212E-1	2.2342E-1	-1.2731E-1	-5.4011E-1	-1.0121E+0
1.9064E+2	1.2965E+2	1.0137E+2	7.0920E+1	4.7084E+1	4.1530E+1	3.5147E+1	2.9334E+1	2.4962E+1	2.0985E+1	1.7377E+1	1.4610E+1	1.3297E+1	1.1411E+1	1.0733E+1	9.7561E+0	8.6788E+0	7.6314E+0	6.8173E+0	6.1100E+0	5.1988E+0	4.4676E+0	3.8642E+0	3.3016E+0	2.7570E+0	2.3090E+0	1.9382E+0	1.5104E+0	1.1866E+0	8.6040E-1	5.2483E-1	2.1402E-1	-1.3491E-1	-5.4963E-1	-1.0118E+0
1.9171E+2	1.2972E+2	1.0096E+2	7.1940E+1	4.7124E+1	4.0910E+1	3.4358E+1	2.9528E+1	2.4857E+1	2.0906E+1	1.7350E+1	1.4631E+1	1.3289E+1	1.1460E+1	1.0713E+1	9.7968E+0	8.6802E+0	7.6811E+0	6.9188E+0	6.0519E+0	5.2399E+0	4.5298E+0	3.8846E+0	3.3237E+0	2.7398E+0	2.3181E+0	1.9170E+0	1.5094E+0	1.1574E+0	8.5902E-1	5.3541E-1	2.0637E-1	-1.3310E-1	-5.1037E-1	-9.9960E-1
1.9230E+2	1.2980E+2	1.0081E+2	7.2684E+1	4.7449E+1	4.1276E+1	3.5289E+1	2.9525E+1	2.4966E+1	2.1017E+1	1.7726E+1	1.4672E+1	1.3375E+1	1.1537E+1	1.0892E+1	9.7807E+0	8.7349E+0	7.6716E+0	6.8559E+0	6.0554E+0	5.2420E+0	4.4960E+0	3.8489E+0	3.3179E+0	2.7427E+0	2.2964E+0	1.9109E+0	1.5246E+0	1.1641E+0	8.4156E-1	5.2955E-1	2.3164E-1	-1.4294E-1	-5.4148E-1	-9.9601E-1
1.9306E+2	1.3094E+2	1.0102E+2	7.2164E+1	4.7394E+1	4.1483E+1	3.4714E+1	2.9975E+1	2.5405E+1	2.1478E+1	1.7303E+1	1.4705E+1	1.3308E+1	1.1563E+1	1.0853E+1	9.7595E+0	8.7492E+0	7.7414E+0	6.8445E+0	6.0714E+0	5.2544E+0	4.5495E+0	3.8410E+0	3.2872E+0	2.7382E+0	2.2828E+0	1.9240E+0	1.4859E+0	1.1619E+0	8.5932E-1	5.2369E-1	2.2784E-1	-1.2772E-1	-5.4150E-1	-1.0077E+0
1.9354E+2	1.3174E+2	1.0177E+2	7.1996E+1	4.7705E+1	4.1603E+1	3.5679E+1	2.9540E+1	2.5384E+1	2.1318E+1	1.7370E+1	1.4745E+1	1.3502E+1	1.1598E+1	1.0898E+1	9.7973E+0	8.7719E+0	7.7017E+0	6.9269E+0	6.0321E+0	5.2909E+0	4.5103E+0	3.8942E+0	3.3040E+0	2.7296E+0	2.3244E+0	1.9184E+0	1.4898E+0	1.1585E+0	8.4058E-1	5.2058E-1	1.8121E-1	-1.3997E-1	-5.0667E-1	-9.8940E-1
1.9352E+2	1.3292E+2	1.0306E+2	7.1851E+1	4.8369E+1	4.1829E+1	3.4799E+1	2.9582E+1	2.5278E+1	2.1250E+1	1.7676E+1	1.4745E+1	1.3456E+1	1.1532E+1	1.0881E+1	9.8153E+0	8.7053E+0	7.7298E+0	6.8621E+0	6.0422E+0	5.2588E+0	4.5802E+0	3.8483E+0	3.2735E+0	2.7383E+0	2.2630E+0	1.9161E+0	1.4972E+0	1.1573E+0	8.3369E-1	5.2327E-1	2.2091E-1	-1.2951E-1	-5.3390E-1	-1.0131E+0
1.9363E+2	1.3375E+2	1.0373E+2	7.2812E+1	4.8431E+1	4.1487E+1	3.6039E+1	2.9713E+1	2.5551E+1	2.1444E+1	1.7347E+1	1.4906E+1	1.3503E+1	1.1624E+1	1.0878E+1	9.8134E+0	8.7759E+0	7.7092E+0	6.9051E+0	6.1089E+0	5.2451E+0	4.5180E+0	3.8656E+0	3.2658E+0	2.7630E+0	2.2826E+0	1.9197E+0	1.4927E+0	1.1724E+0	8.2975E-1	5.2774E-1	1.9475E-1	-1.3744E-1	-5.1966E-1	-1.0201E+0
1.9312E+2	1.3367E+2	1.0355E+2	7.3059E+1	4.8220E+1	4.1942E+1	3.5262E+1	2.9955E+1	2.5439E+1	2.1879E+1	1.7782E+1	1.4975E+1	1.3509E+1	1.1583E+1	1.0924E+1	9.9043E+0	8.7463E+0	7.7617E+0	6.8783E+0	6.0895E+0	5.2471E+0	4.5423E+0	3.8458E+0	3.3107E+0	2.7266E+0	2.2787E+0	1.8872E+0	1.4909E+0	1.1609E+0	8.5523E-1	5.2944E-1	1.9928E-1	-1.2510E-1	-5.3909E-1	-1.0041E+0
1.9306E+2	1.3444E+2	1.0357E+2	7.3733E+1	4.8974E+1	4.1655E+1	3.5860E+1	3.0120E+1	2.5728E+1	2.1552E+1	1.7650E+1	1.4915E+1	1.3593E+1	1.1590E+1	1.0878E+1	9.9512E+0	8.7679E+0	7.7726E+0	6.9465E+0	6.0934E+0	5.2931E+0	4.5280E+0	3.7905E+0	3.2821E+0	2.7067E+0	2.2770E+0	1.9031E+0	1.5037E+0	1.1458E+0	8.6568E-1	5.2678E-1	2.0415E-1	-1.2438E-1	-5.4464E-1	-1.0163E+0
1.9275E+2	1.3447E+2	1.0328E+2	7.3154E+1	4.8376E+1	4.2696E+1	3.5618E+1	3.0628E+1	2.5524E+1	2.1849E+1	1.7699E+1	1.4949E+1	1.3519E+1	1.1682E+1	1.1026E+1	9.9298E+0	8.7962E+0	7.8263E+0	6.9084E+0	6.1051E+0	5.2353E+0	4.5465E+0	3.8347E+0	3.3073E+0	2.7441E+0	2.2707E+0	1.8807E+0	1.4877E+0	1.1618E+0	8.2294E-1	5.3305E-1	2.0640E-1	-1.5302E-1	-5.2294E-1	-1.0022E+0
1.9230E+2	1.3406E+2	1.0263E+2	7.3104E+1	4.8299E+1	4.2835E+1	3.6127E+1	3.0236E+1	2.5453E+1	2.1652E+1	1.7870E+1	1.4916E+1	1.3721E+1	1.1712E+1	1.1002E+1	9.9737E+0	8.7803E+0	7.8100E+0	6.9370E+0	6.0787E+0	5.2254E+0	4.5589E+0	3.8574E+0	3.2628E+0	2.7442E+0	2.2776E+0	1.9188E+0	1.4859E+0	1.1669E+0	8.4256E-1	5.1959E-1	1.9880E-1	-1.4410E-1	-5.4717E-1	-9.9417E-1
1.9241E+2	1.3317E+2	1.0312E+2	7.3280E+1	4.9094E+1	4.1989E+1	3.5642E+1	3.0135E+1	2.6029E+1	2.2033E+1	1.7779E+1	1.5086E+1	1.3571E+1	1.1824E+1	1.0962E+1	9.9538E+0	8.7831E+0	7.7092E+0	6.9638E+0	6.1461E+0	5.2782E+0	4.5355E+0	3.8523E+0	3.2769E+0	2.7377E+0	2.2655E+0	1.8872E+0	1.4725E+0	1.1651E+0	8.3050E-1	5.0048E-1	1.9687E-1	-1.4811E-1	-5.4596E-1	-9.9468E-1
1.9276E+2	1.3338E+2	1.0365E+2	7.4273E+1	4.9096E+1	4.2839E+1	3.6328E+1	3.0489E+1	2.5876E+1	2.1910E+1	1.7958E+1	1.5014E+1	1.3649E+1	1.1769E+1	1.1062E+1	9.9947E+0	8.8025E+0	7.7986E+0	6.9406E+0	6.1298E+0	5.2260E+0	4.5641E+0	3.8790E+0	3.2662E+0	2.7300E+0	2.2674E+0	1.8575E+0	1.4924E+0	1.1397E+0	8.0894E-1	5.3192E-1	2.0214E-1	-1.3880E-1	-5.4487E-1	-1.0108E+0
1.9233E+2	1.3346E+2	1.0428E+2	7.4744E+1	4.8692E+1	4.2600E+1	3.5725E+1	3.0151E+1	2.5964E+1	2.2009E+1	1.7950E+1	1.5088E+1	1.3765E+1	1.1810E+1	1.1123E+1	1.0006E+1	8.8483E+0	7.8530E+0	7.0092E+0	6.1772E+0	5.2418E+0	4.5181E+0	3.8147E+0	3.2791E+0	2.7053E+0	2.2867E+0	1.8690E+0	1.4669E+0	1.1608E+0	8.2010E-1	5.0103E-1	1.9032E-1	-1.4815E-1	-5.2373E-1	-1.0351E+0
3.5518E+2	2.2234E+2	4.3079E+1	1.1967E+2	3.2068E+1	4.3741E+1	2.0295E+1	1.5908E+1	3.6688E+1	1.0913E+1	1.8625E+1	1.3958E+1	1.4242E+1	1.2412E+1	1.1328E+1	1.0624E+1	9.3272E+0	8.0357E+0	6.5889E+0	6.0426E+0	5.3138E+0	4.3359E+0	3.7359E+0	3.3742E+0	2.7238E+0	2.3086E+0	1.8496E+0	1.5140E+0	1.1141E+0	8.4511E-1	5.0514E-1	2.2506E-1	-1.1944E-1	-5.0258E-1	-9.3583E-1
4.7084E+2	2.7396E+2	-1.9693E+1	1.8563E+2	3.8298E+1	2.7753E+1	7.6803E+1	6.0204E+1	5.5439E+1	1.1389E+1	1.4042E+1	2.0346E+1	1.6359E+1	1.7458E+1	1.6333E+1	1.4445E+1	1.1467E+1	1.0655E+1	8.1179E+0	7.0735E+0	6.1558E+0	4.9383E+0	4.3412E+0	3.7029E+0	2.8167E+0	2.3608E+0	2.0701E+0	1.6058E+0	1.2686E+0	9.4238E-1	6.3630E-1	3.4442E-1	5.7931E-2	-2.6756E-1	-6.6210E-1
2.9746E+2	2.3388E+2	1.2979E+2	1.2673E+2	8.8570E+1	7.7071E+1	5.2413E+1	4.9176E+1	3.9467E+1	3.1514E+1	3.1114E+1	2.4161E+1	2.0964E+1	1.8392E+1	1.6900E+1	1.5257E+1	1.3032E+1	1.1199E+1	9.7151E+0	8.4331E+0	6.9177E+0	5.7372E+0	4.7223E+0	3.8681E+0	3.1743E+0	2.5875E+0	2.1287E+0	1.6769E+0	1.2752E+0	9.9770E-1	6.7615E-1	3.7904E-1	3.7906E-2	-3.1394E-1	-7.3421E-1
3.0549E+2	1.8228E+2	1.6714E+2	1.1634E+2	8.0635E+1	6.7551E+1	6.5511E+1	4.9749E+1	4.2056E+1	3.6539E+1	2.9401E+1	2.6169E+1	2.3325E+1	1.9668E+1	1.7989E+1	1.6245E+1	1.3852E+1	1.1915E+1	1.0332E+1	8.8355E+0	7.2283E+0	6.0907E+0	4.8792E+0	4.0425E+0	3.2722E+0	2.6785E+0	2.1978E+0	1.7272E+0	1.3515E+0	1.0116E+0	6.9895E-1	3.8595E-1	5.9549E-2	-2.9884E-1	-7.2355E-1
2.9770E+2	1.5610E+2	1.8429E+2	1.1543E+2	8.3854E+1	7.7316E+1	6.2527E+1	5.9096E+1	4.6938E+1	3.8955E+1	3.3283E+1	2.7304E+1	2.4671E+1	2.0438E+1	1.9029E+1	1.6884E+1	1.4528E+1	1.2649E+1	1.0789E+1	9.0646E+0	7.4483E+0	6.2579E+0	5.0549E+0	4.1951E+0	3.3438E+0	2.7697E+0	2.2682E+0	1.7725E+0	1.3866E+0	1.0343E+0	7.1934E-1	3.8828E-1	5.6490E-2	-2.7584E-1	-7.0619E-1
2.9092E+2	2.3403E+2	1.8432E+2	1.2837E+2	9.2945E+1	8.1401E+1	6.9504E+1	5.6823E+1	5.0652E+1	4.1116E+1	3.4123E+1	2.8236E+1	2.5460E+1	2.1256E+1	2.0010E+1	1.7433E+1	1.5136E+1	1.2957E+1	1.1150E+1	9.4475E+0	7.7462E+0	6.3795E+0	5.1447E+0	4.2659E+0	3.4480E+0	2.7938E+0	2.3190E+0	1.8037E+0	1.4104E+0	1.0542E+0	7.0845E-1	4.0104E-1	7.6261E-2	-2.8985E-1	-6.9405E-1
3.1557E+2	2.2774E+2	1.8278E+2	1.3491E+2	9.3567E+1	8.1854E+1	7.0232E+1	6.0050E+1	5.1025E+1	4.3065E+1	3.5285E+1	2.9178E+1	2.6183E+1	2.1957E+1	2.0451E+1	1.8122E+1	1.5577E+1	1.3238E+1	1.1377E+1	9.6681E+0	7.9335E+0	6.5171E+0	5.2282E+0	4.3323E+0	3.4669E+0	2.8200E+0	2.3619E+0	1.8062E+0	1.4238E+0	1.0739E+0	7.4451E-1	4.2144E-1	6.5708E-2	-2.7314E-1	-7.0282E-1
3.1258E+2	2.2682E+2	1.8235E+2	1.3515E+2	9.3921E+1	8.3003E+1	7.1453E+1	6.0835E+1	5.2115E+1	4.4024E+1	3.6227E+1	2.9959E+1	2.6767E+1	2.2548E+1	2.0896E+1	1.8499E+1	1.5897E+1	1.3584E+1	1.1634E+1	9.8283E+0	8.0835E+0	6.6024E+0	5.2966E+0	4.4156E+0	3.5479E+0	2.9001E+0	2.3711E+0	1.8508E+0	1.4274E+0	1.0967E+0	7.3985E-1	4.4266E-1	6.4121E-2	-2.5585E-1	-6.9675E-1
3.1102E+2	2.2859E+2	1.8268E+2	1.3613E+2	9.5671E+1	8.3907E+1	7.2418E+1	6.1337E+1	5.2977E+1	4.5025E+1	3.6932E+1	3.0489E+1	2.7470E+1	2.2972E+1	2.1366E+1	1.8827E+1	1.6227E+1	1.3730E+1	1.1872E+1	1.0022E+1	8.1453E+0	6.6865E+0	5.3962E+0	4.4513E+0	3.5914E+0	2.9171E+0	2.3907E+0	1.8888E+0	1.4695E+0	1.1081E+0	7.5947E-1	4.1784E-1	1.1952E-1	-2.4817E-1	-6.3758E-1
3.1006E+2	2.3034E+2	1.8219E+2	1.3643E+2	9.6534E+1	8.5320E+1	7.3873E+1	6.3141E+1	5.4088E+1	4.5926E+1	3.7290E+1	3.1229E+1	2.7932E+1	2.3456E+1	2.1755E+1	1.9214E+1	1.6487E+1	1.4048E+1	1.1985E+1	1.0121E+1	8.2530E+0	6.8212E+0	5.4521E+0	4.4918E+0	3.6185E+0	2.9187E+0	2.4084E+0	1.9024E+0	1.4818E+0	1.1048E+0	7.5762E-1	4.5500E-1	1.0648E-1	-2.5684E-1	-6.6356E-1
3.1098E+2	2.3118E+2	1.8386E+2	1.3792E+2	9.6763E+1	8.6679E+1	7.4412E+1	6.4038E+1	5.4965E+1	4.6740E+1	3.7891E+1	3.1678E+1	2.8401E+1	2.3867E+1	2.2187E+1	1.9432E+1	1.6743E+1	1.4197E+1	1.2194E+1	1.0247E+1	8.3987E+0	6.8477E+0	5.5122E+0	4.5359E+0	3.6488E+0	2.9700E+0	2.4447E+0	1.9143E+0	1.4870E+0	1.1376E+0	7.6328E-1	4.4149E-1	1.1926E-1	-2.4817E-1	-6.9300E-1
3.1091E+2	2.3290E+2	1.8496E+2	1.3985E+2	9.9193E+1	8.6758E+1	7.5836E+1	6.4546E+1	5.5990E+1	4.7418E+1	3.8803E+1	3.2290E+1	2.8856E+1	2.4264E+1	2.2498E+1	1.9848E+1	1.6978E+1	1.4482E+1	1.2321E+1	1.0388E+1	8.4607E+0	6.8912E+0	5.5528E+0	4.5396E+0	3.6796E+0	2.9872E+0	2.4557E+0	1.9141E+0	1.5015E+0	1.1346E+0	7.6465E-1	4.4864E-1	1.1688E-1	-2.4802E-1	-6.3560E-1
3.1313E+2	2.3248E+2	1.8787E+2	1.4162E+2	9.9706E+1	8.9042E+1	7.6294E+1	6.5807E+1	5.6512E+1	4.8099E+1	3.9355E+1	3.2660E+1	2.9246E+1	2.4454E+1	2.2633E+1	2.0059E+1	1.7088E+1	1.4608E+1	1.2468E+1	1.0480E+1	8.5569E+0	7.0169E+0	5.6263E+0	4.6040E+0	3.6993E+0	3.0159E+0	2.4839E+0	1.9381E+0	1.5006E+0	1.1373E+0	7.9723E-1	4.4897E-1	1.3947E-1	-2.3003E-1	-6.7616E-1
3.1406E+2	2.3266E+2	1.9000E+2	1.4174E+2	9.9984E+1	8.8925E+1	7.7494E+1	6.5874E+1	5.6698E+1	4.8787E+1	3.9384E+1	3.3118E+1	2.9660E+1	2.4786E+1	2.2971E+1	2.0218E+1	1.7301E+1	1.4683E+1	1.2625E+1	1.0586E+1	8.6659E+0	7.0123E+0	5.6590E+0	4.6704E+0	3.7138E+0	3.0419E+0	2.5180E+0	1.9682E+0	1.5112E+0	1.1522E+0	7.6378E-1	4.6909E-1	1.3008E-1	-2.5830E-1	-6.6494E-1
3.1586E+2	2.3125E+2	1.9010E+2	1.4161E+2	1.0192E+2	8.9873E+1	7.7872E+1	6.7396E+1	5.7989E+1	4.9136E+1	4.0391E+1	3.3372E+1	2.9983E+1	2.5060E+1	2.3337E+1	2.0487E+1	1.7476E+1	1.4912E+1	1.2673E+1	1.0633E+1	8.7148E+0	7.0604E+0	5.7068E+0	4.6865E+0	3.7500E+0	3.0487E+0	2.5095E+0	1.9620E+0	1.5328E+0	1.1592E+0	7.7827E-1	4.5740E-1	1.2972E-1	-2.4289E-1	-6.7043E-1
3.1760E+2	2.3055E+2	1.9071E+2	1.4181E+2	1.0278E+2	9.1709E+1	7.9327E+1	6.8489E+1	5.9069E+1	5.0225E+1	4.0801E+1	3.3929E+1	3.0321E+1	2.5300E+1	2.3601E+1	2.0669E+1	1.7668E+1	1.5004E+1	1.2792E+1	1.0718E+1	8.7448E+0	7.1363E+0	5.6978E+0	4.7064E+0	3.7485E+0	3.0530E+0	2.5262E+0	1.9686E+0	1.5228E+0	1.1509E+0	8.0014E-1	4.8167E-1	1.2466E-1	-2.4152E-1	-6.4148E-1
3.1856E+2	2.3076E+2	1.8963E+2	1.4404E+2	1.0273E+2	9.1177E+1	7.9897E+1	6.8305E+1	5.9288E+1	5.0507E+1	4.0694E+1	3.4310E+1	3.0610E+1	2.5579E+1	2.3694E+1	2.0802E+1	1.7825E+1	1.5096E+1	1.2876E+1	1.0768E+1	8.8122E+0	7.2004E+0	5.7624E+0	4.7160E+0	3.8081E+0	3.0909E+0	2.5420E+0	1.9912E+0	1.5482E+0	1.1760E+0	8.0017E-1	4.7600E-1	1.2579E-1	-2.2568E-1	-6.8115E-1
3.1972E+2	2.3113E+2	1.8874E+2	1.4602E+2	1.0451E+2	9.3218E+1	8.0556E+1	6.9639E+1	5.9479E+1	5.1014E+1	4.1766E+1	3.4524E+1	3.0966E+1	2.5849E+1	2.3920E+1	2.1033E+1	1.7884E+1	1.5252E+1	1.2990E+1	1.0892E+1	8.7962E+0	7.2060E+0	5.8349E+0	4.7978E+0	3.8036E+0	3.0875E+0	2.5500E+0	1.9644E+0	1.5412E+0	1.1650E+0	7.9233E-1	4.6987E-1	1.2538E-1	-2.5907E-1	-6.6238E-1
3.2038E+2	2.3223E+2	1.8906E+2	1.4658E+2	1.0550E+2	9.3718E+1	8.1342E+1	7.0094E+1	5.9995E+1	5.1766E+1	4.1651E+1	3.4821E+1	3.1186E+1	2.5992E+1	2.4146E+1	2.1179E+1	1.8080E+1	1.5333E+1	1.3042E+1	1.0912E+1	8.9212E+0	7.2730E+0	5.8038E+0	4.7786E+0	3.8147E+0	3.1030E+0	2.5626E+0	1.9923E+0	1.5691E+0	1.1634E+0	8.0584E-1	4.8575E-1	1.2108E-1	-2.4340E-1	-6.7233E-1
3.2050E+2	2.3391E+2	1.9047E+2	1.4635E+2	1.0505E+2	9.3757E+1	8.2078E+1	7.0318E+1	6.0929E+1	5.1933E+1	4.2606E+1	3.5281E+1	3.1542E+1	2.6290E+1	2.4318E+1	2.1392E+1	1.8198E+1	1.5485E+1	1.3144E+1	1.1022E+1	8.9639E+0	7.2860E+0	5.8550E+0	4.7658E+0	3.8533E+0	3.1238E+0	2.5431E+0	1.9957E+0	1.5650E+0	1.1684E+0	8.1868E-1	4.7615E-1	1.3447E-1	-2.3197E-1	-6.7565E-1
3.2010E+2	2.3530E+2	1.9258E+2	1.4627E+2	1.0670E+2	9.5892E+1	8.2632E+1	7.1412E+1	6.2043E+1	5.2031E+1	4.2494E+1	3.5496E+1	3.1789E+1	2.6460E+1	2.4497E+1	2.1517E+1	1.8397E+1	1.5524E+1	1.3162E+1	1.1056E+1	8.9503E+0	7.2969E+0	5.9071E+0	4.8122E+0	3.8573E+0	3.1142E+0	2.5901E+0	2.0061E+0	1.5709E+0	1.1705E+0	7.9819E-1	4.8060E-1	1.4878E-1	-2.2460E-1	-6.6261E-1
3.1887E+2	2.3688E+2	1.9472E+2	1.4797E+2	1.0747E+2	9.5183E+1	8.3242E+1	7.1332E+1	6.2391E+1	5.2913E+1	4.2820E+1	3.5752E+1	3.1985E+1	2.6619E+1	2.4623E+1	2.1553E+1	1.8479E+1	1.5600E+1	1.3176E+1	1.1126E+1	8.9939E+0	7.3319E+0	5.8794E+0	4.8369E+0	3.8549E+0	3.1122E+0	2.5587E+0	2.0184E+0	1.5752E+0	1.1697E+0	8.1507E-1	4.6948E-1	1.3217E-1	-2.0905E-1	-6.7878E-1
3.1866E+2	2.3832E+2	1.9587E+2	1.4918E+2	1.0770E+2	9.6623E+1	8.4504E+1	7.2154E+1	6.2373E+1	5.3121E+1	4.3643E+1	3.5957E+1	3.2116E+1	2.6774E+1	2.4754E+1	2.1781E+1	1.8542E+1	1.5656E+1	1.3319E+1	1.1134E+1	9.0180E+0	7.3393E+0	5.9073E+0	4.8744E+0	3.8884E+0	3.1628E+0	2.5592E+0	2.0294E+0	1.5537E+0	1.1835E+0	8.1095E-1	4.9485E-1	1.5759E-1	-2.5825E-1	-6.6525E-1
3.1767E+2	2.3890E+2	1.9616E+2	1.5102E+2	1.0896E+2	9.7294E+1	8.4562E+1	7.3457E+1	6.3054E+1	5.3806E+1	4.3778E+1	3.6302E+1	3.2400E+1	2.7010E+1	2.4922E+1	2.1930E+1	1.8661E+1	1.5780E+1	1.3368E+1	1.1165E+1	9.0839E+0	7.3658E+0	5.9418E+0	4.8476E+0	3.8770E+0	3.1362E+0	2.6095E+0	2.0317E+0	1.6020E+0	1.2038E+0	8.3342E-1	4.9360E-1	1.4360E-1	-2.3216E-1	-6.3168E-1
3.1675E+2	2.3915E+2	1.9612E+2	1.5078E+2	1.1036E+2	9.7569E+1	8.5554E+1	7.3184E+1	6.3416E+1	5.3993E+1	4.4043E+1	3.6524E+1	3.2657E+1	2.7105E+1	2.5139E+1	2.2063E+1	1.8718E+1	1.5840E+1	1.3384E+1	1.1194E+1	9.0832E+0	7.4028E+0	5.9576E+0	4.8895E+0	3.9140E+0	3.1833E+0	2.5925E+0	2.0189E+0	1.5902E+0	1.1843E+0	8.2838E-1	4.9433E-1	1.3527E-1	-2.5743E-1	-6.4818E-1
3.1704E+2	2.3871E+2	1.9549E+2	1.5062E+2	1.0991E+2	9.9008E+1	8.5732E+1	7.4181E+1	6.4268E+1	5.4153E+1	4.4459E+1	3.6836E+1	3.2816E+1	2.7377E+1	2.5292E+1	2.2114E+1	1.8759E+1	1.5852E+1	1.3432E+1	1.1291E+1	9.1507E+0	7.4481E+0	5.9696E+0	4.8777E+0	3.9295E+0	3.1729E+0	2.6155E+0	2.0134E+0	1.5820E+0	1.2061E+0	8.3092E-1	4.8691E-1	1.4096E-1	-2.2207E-1	-6.2818E-1
3.1615E+2	2.3842E+2	1.9601E+2	1.5175E+2	1.1103E+2	9.9330E+1	8.6585E+1	7.4986E+1	6.4761E+1	5.4927E+1	4.5094E+1	3.7106E+1	3.3015E+1	2.7516E+1	2.5379E+1	2.2237E+1	1.8974E+1	1.6006E+1	1.3472E+1	1.1347E+1	9.1487E+0	7.4327E+0	5.9912E+0	4.9161E+0	3.9380E+0	3.1743E+0	2.6092E+0	2.0473E+0	1.5889E+0	1.1888E+0	8.0498E-1	4.9015E-1	1.2078E-1	-2.2827E-1	-6.1442E-1
3.1639E+2	2.3886E+2	1.9721E+2	1.5317E+2	1.1235E+2	1.0018E+2	8.7121E+1	7.4940E+1	6.4722E+1	5.5013E+1	4.5224E+1	3.7278E+1	3.3182E+1	2.7630E+1	2.5510E+1	2.2321E+1	1.9006E+1	1.6039E+1	1.3577E+1	1.1323E+1	9.2141E+0	7.4673E+0	6.0009E+0	4.8929E+0	3.9264E+0	3.2074E+0	2.6313E+0	2.0607E+0	1.6089E+0	1.2062E+0	8.1203E-1	4.7863E-1	1.5191E-1	-2.0675E-1	-6.6614E-1
3.1583E+2	2.3834E+2	1.9836E+2	1.5514E+2	1.1225E+2	1.0125E+2	8.8249E+1	7.6283E+1	6.5280E+1	5.5299E+1	4.5226E+1	3.7495E+1	3.3456E+1	2.7768E+1	2.5675E+1	2.2464E+1	1.9070E+1	1.6082E+1	1.3611E+1	1.1396E+1	9.2455E+0	7.4754E+0	6.0058E+0	4.9239E+0	3.9333E+0	3.1671E+0	2.6328E+0	2.0437E+0	1.5882E+0	1.2043E+0	8.1314E-1	4.9128E-1	1.3641E-1	-2.3314E-1	-6.5284E-1
3.1649E+2	2.3903E+2	2.0034E+2	1.5536E+2	1.1312E+2	1.0113E+2	8.8323E+1	7.6290E+1	6.6076E+1	5.5608E+1	4.5825E+1	3.7694E+1	3.3657E+1	2.7900E+1	2.5799E+1	2.2555E+1	1.9160E+1	1.6148E+1	1.3693E+1	1.1437E+1	9.2499E+0	7.5211E+0	6.0090E+0	4.9150E+0	3.9373E+0	3.1944E+0	2.6422E+0	2.0422E+0	1.5945E+0	1.1899E+0	8.5201E-1	4.8363E-1	1.4439E-1	-2.5838E-1	-6.3696E-1
3.1797E+2	2.4099E+2	2.0198E+2	1.5521E+2	1.1471E+2	1.0270E+2	8.9505E+1	7.6859E+1	6.6658E+1	5.6074E+1	4.5838E+1	3.7920E+1	3.3791E+1	2.7995E+1	2.5909E+1	2.2678E+1	1.9224E+1	1.6228E+1	1.3714E+1	1.1466E+1	9.2764E+0	7.5308E+0	6.0301E+0	4.9522E+0	3.9385E+0	3.2023E+0	2.6354E+0	2.0485E+0	1.6003E+0	1.2201E+0	8.1989E-1	4.8738E-1	1.4675E-1	-2.1625E-1	-6.5381E-1
3.1960E+2	2.4254E+2	2.0297E+2	1.5557E+2	1.1468E+2	1.0268E+2	8.9582E+1	7.7875E+1	6.6989E+1	5.6441E+1	4.6152E+1	3.8155E+1	3.3953E+1	2.8143E+1	2.6007E+1	2.2751E+1	1.9305E+1	1.6272E+1	1.3782E+1	1.1479E+1	9.3022E+0	7.5441E+0	6.0164E+0	4.9463E+0	3.9493E+0	3.2027E+0	2.6153E+0	2.0229E+0	1.6072E+0	1.2260E+0	8.4539E-1	4.9901E-1	1.5596E-1	-2.1301E-1	-6.4288E-1
3.2136E+2	2.4487E+2	2.0317E+2	1.5743E+2	1.1527E+2	1.0366E+2	9.0717E+1	7.7852E+1	6.7085E+1	5.6877E+1	4.6427E+1	3.8377E+1	3.4099E+1	2.8290E+1	2.6168E+1	2.2811E+1	1.9402E+1	1.6344E+1	1.3799E+1	1.1528E+1	9.3405E+0	7.5740E+0	6.0540E+0	4.9554E+0	3.9600E+0	3.2128E+0	2.6514E+0	2.0543E+0	1.6061E+0	1.2044E+0	8.4320E-1	5.0091E-1	1.5730E-1	-1.9535E-1	-6.6925E-1
3.2306E+2	2.4638E+2	2.0302E+2	1.5909E+2	1.1688E+2	1.0480E+2	9.0728E+1	7.8640E+1	6.7602E+1	5.7155E+1	4.6596E+1	3.8524E+1	3.4299E+1	2.8441E+1	2.6288E+1	2.2947E+1	1.9463E+1	1.6351E+1	1.3840E+1	1.1551E+1	9.3303E+0	7.6136E+0	6.0550E+0	4.9803E+0	3.9851E+0	3.1969E+0	2.6376E+0	2.0638E+0	1.6138E+0	1.2268E+0	8.3786E-1	4.8451E-1	1.4169E-1	-2.2075E-1	-6.4799E-1
3.2398E+2	2.4673E+2	2.0351E+2	1.5963E+2	1.1698E+2	1.0476E+2	9.1830E+1	7.9147E+1	6.8117E+1	5.7487E+1	4.7067E+1	3.8702E+1	3.4455E+1	2.8539E+1	2.6349E+1	2.2994E+1	1.9533E+1	1.6409E+1	1.3889E+1	1.1581E+1	9.3553E+0	7.5862E+0	6.0584E+0	4.9858E+0	3.9962E+0	3.2464E+0	2.6192E+0	2.0792E+0	1.6053E+0	1.2455E+0	8.2939E-1	5.0620E-1	1.4843E-1	-2.3203E-1	-6.5103E-1
3.2643E+2	2.4854E+2	2.0392E+2	1.5995E+2	1.1744E+2	1.0606E+2	9.1888E+1	7.9251E+1	6.8721E+1	5.7875E+1	4.6952E+1	3.8899E+1	3.4593E+1	2.8652E+1	2.6443E+1	2.3091E+1	1.9601E+1	1.6472E+1	1.3917E+1	1.1608E+1	9.3850E+0	7.6204E+0	6.0824E+0	4.9857E+0	3.9621E+0	3.2197E+0	2.6596E+0	2.0627E+0	1.6092E+0	1.1936E+0	8.4588E-1	5.0957E-1	1.6000E-1	-2.2053E-1	-6.3491E-1
3.2844E+2	2.4929E+2	2.0529E+2	1.6001E+2	1.1917E+2	1.0609E+2	9.3129E+1	8.0372E+1	6.8852E+1	5.8239E+1	4.7503E+1	3.9065E+1	3.4719E+1	2.8767E+1	2.6558E+1	2.3167E+1	1.9635E+1	1.6513E+1	1.3963E+1	1.1605E+1	9.4029E+0	7.6246E+0	6.1073E+0	5.0039E+0	3.9951E+0	3.2334E+0	2.6455E+0	2.0719E+0	1.6105E+0	1.2073E+0	8.5023E-1	5.2024E-1	1.4425E-1	-2.1843E-1	-6.1360E-1
3.2958E+2	2.4906E+2	2.0734E+2	1.6131E+2	1.1929E+2	1.0668E+2	9.2893E+1	8.0471E+1	6.9155E+1	5.8633E+1	4.7656E+1	3.9208E+1	3.4900E+1	2.8846E+1	2.6664E+1	2.3230E+1	1.9680E+1	1.6565E+1	1.3991E+1	1.1661E+1	9.4273E+0	7.6489E+0	6.1122E+0	5.0012E+0	4.0196E+0	3.2460E+0	2.6821E+0	2.0607E+0	1.6431E+0	1.2043E+0	8.4278E-1	4.9526E-1	1.4955E-1	-2.4407E-1	-6.5663E-1
3.3036E+2	2.4897E+2	2.0924E+2	1.6311E+2	1.1947E+2	1.0800E+2	9.4143E+1	8.0858E+1	6.9607E+1	5.8943E+1	4.7793E+1	3.9391E+1	3.5074E+1	2.8947E+1	2.6735E+1	2.3291E+1	1.9713E+1	1.6587E+1	1.4029E+1	1.1700E+1	9.4161E+0	7.6494E+0	6.1013E+0	5.0183E+0	3.9935E+0	3.2281E+0	2.6513E+0	2.0586E+0	1.6179E+0	1.2197E+0	8.4479E-1	4.9675E-1	1.4774E-1	-2.1278E-1	-6.4576E-1
3.3178E+2	2.4922E+2	2.1057E+2	1.6442E+2	1.2123E+2	1.0783E+2	9.3928E+1	8.1754E+1	7.0169E+1	5.9211E+1	4.8216E+1	3.9609E+1	3.5170E+1	2.9030E+1	2.6809E+1	2.3382E+1	1.9804E+1	1.6634E+1	1.4059E+1	1.1714E+1	9.4572E+0	7.6472E+0	6.1332E+0	5.0213E+0	3.9954E+0	3.2520E+0	2.6561E+0	2.0947E+0	1.6177E+0	1.2362E+0	8.5019E-1	5.0222E-1	1.3490E-1	-2.1176E-1	-6.7660E-1
3.3375E+2	2.4925E+2	2.1117E+2	1.6471E+2	1.2145E+2	1.0929E+2	9.5295E+1	8.1493E+1	7.0598E+1	5.9584E+1	4.8278E+1	3.9766E+1	3.5282E+1	2.9152E+1	2.6904E+1	2.3488E+1	1.9825E+1	1.6660E+1	1.4108E+1	1.1746E+1	9.4779E+0	7.6631E+0	6.1290E+0	5.0160E+0	4.0129E+0	3.2342E+0	2.6764E+0	2.0771E+0	1.6158E+0	1.2483E+0	8.3944E-1	5.1066E-1	1.6233E-1	-2.2836E-1	-6.4158E-1
3.3327E+2	2.5056E+2	2.1143E+2	1.6460E+2	1.2153E+2	1.0959E+2	9.5029E+1	8.2337E+1	7.0915E+1	5.9916E+1	4.8568E+1	3.9926E+1	3.5423E+1	2.9267E+1	2.6991E+1	2.3550E+1	1.9912E+1	1.6739E+1	1.4118E+1	1.1737E+1	9.4930E+0	7.6690E+0	6.1389E+0	5.0409E+0	4.0270E+0	3.2660E+0	2.6536E+0	2.0744E+0	1.6036E+0	1.2252E+0	8.5470E-1	5.0350E-1	1.1487E-1	-2.1876E-1	-6.5420E-1
3.3269E+2	2.5311E+2	2.1126E+2	1.6570E+2	1.2301E+2	1.0978E+2	9.6353E+1	8.2868E+1	7.0949E+1	6.0342E+1	4.8702E+1	4.0049E+1	3.5568E+1	2.9367E+1	2.7093E+1	2.3595E+1	1.9965E+1	1.6758E+1	1.4154E+1	1.1760E+1	9.5175E+0	7.6903E+0	6.1643E+0	5.0165E+0	4.0141E+0	3.2557E+0	2.6708E+0	2.0845E+0	1.6175E+0	1.2185E+0	8.5046E-1	4.8860E-1	1.4710E-1	-2.1318E-1	-6.4055E-1
3.3376E+2	2.5474E+2	2.1167E+2	1.6721E+2	1.2377E+2	1.1133E+2	9.6029E+1	8.2759E+1	7.1236E+1	6.0597E+1	4.8810E+1	4.0172E+1	3.5721E+1	2.9469E+1	2.7159E+1	2.3660E+1	2.0029E+1	1.6776E+1	1.4198E+1	1.1793E+1	9.5340E+0	7.7246E+0	6.1660E+0	5.0296E+0	3.9987E+0	3.2467E+0	2.6722E+0	2.0853E+0	1.6292E+0	1.2422E+0	8.5816E-1	5.3199E-1	1.4058E-1	-2.1588E-1	-6.5827E-1
3.3321E+2	2.5687E+2	2.1317E+2	1.6910E+2	1.2352E+2	1.1098E+2	9.7470E+1	8.3929E+1	7.2051E+1	6.0733E+1	4.9178E+1	4.0328E+1	3.5825E+1	2.9559E+1	2.7244E+1	2.3705E+1	2.0062E+1	1.6859E+1	1.4199E+1	1.1846E+1	9.5251E+0	7.7300E+0	6.1747E+0	5.0524E+0	4.0373E+0	3.2722E+0	2.6827E+0	2.0820E+0	1.6113E+0	1.2301E+0	8.6546E-1	4.9938E-1	1.5878E-1	-2.2641E-1	-6.4218E-1
3.3410E+2	2.5809E+2	2.1505E+2	1.6934E+2	1.2500E+2	1.1186E+2	9.7176E+1	8.3966E+1	7.2494E+1	6.0875E+1	4.9080E+1	4.0483E+1	3.5927E+1	2.9620E+1	2.7335E+1	2.3758E+1	2.0110E+1	1.6868E+1	1.4228E+1	1.1842E+1	9.5482E+0	7.7392E+0	6.1649E+0	5.0443E+0	4.0415E+0	3.2453E+0	2.6541E+0	2.0813E+0	1.6226E+0	1.2316E+0	8.6924E-1	5.1065E-1	1.4539E-1	-2.3129E-1	-6.3174E-1
3.3411E+2	2.6016E+2	2.1703E+2	1.6915E+2	1.2587E+2	1.1260E+2	9.8513E+1	8.4255E+1	7.2529E+1	6.1317E+1	4.9617E+1	4.0623E+1	3.6020E+1	2.9673E+1	2.7414E+1	2.3804E+1	2.0146E+1	1.6905E+1	1.4250E+1	1.1855E+1	9.5803E+0	7.7476E+0	6.1690E+0	5.0356E+0	4.0508E+0	3.2624E+0	2.6902E+0	2.1058E+0	1.6145E+0	1.2259E+0	8.4230E-1	5.2270E-1	1.7126E-1	-2.0554E-1	-6.7274E-1
3.3511E+2	2.6113E+2	2.1853E+2	1.6967E+2	1.2561E+2	1.1265E+2	9.8110E+1	8.5186E+1	7.2622E+1	6.1452E+1	4.9532E+1	4.0783E+1	3.6129E+1	2.9748E+1	2.7494E+1	2.3890E+1	2.0187E+1	1.6941E+1	1.4278E+1	1.1885E+1	9.5768E+0	7.7485E+0	6.1852E+0	5.0555E+0	4.0525E+0	3.2711E+0	2.6742E+0	2.0851E+0	1.6199E+0	1.1998E+0	8.3651E-1	5.0420E-1	1.7810E-1	-2.0788E-1	-6.4504E-1
3.3586E+2	2.6139E+2	2.1944E+2	1.7127E+2	1.2698E+2	1.1394E+2	9.9479E+1	8.5014E+1	7.3019E+1	6.1765E+1	4.9858E+1	4.0918E+1	3.6280E+1	2.9853E+1	2.7532E+1	2.3949E+1	2.0245E+1	1.6948E+1	1.4290E+1	1.1904E+1	9.5827E+0	7.7515E+0	6.1958E+0	5.0532E+0	4.0681E+0	3.3067E+0	2.6865E+0	2.0934E+0	1.6305E+0	1.2317E+0	8.4644E-1	5.0494E-1	1.4297E-1	-2.1742E-1	-6.4762E-1
3.3770E+2	2.6156E+2	2.1981E+2	1.7312E+2	1.2778E+2	1.1402E+2	9.9034E+1	8.5632E+1	7.3659E+1	6.1852E+1	5.0096E+1	4.1016E+1	3.6373E+1	2.9926E+1	2.7579E+1	2.3971E+1	2.0285E+1	1.6990E+1	1.4356E+1	1.1918E+1	9.5973E+0	7.7744E+0	6.2273E+0	5.0539E+0	4.0416E+0	3.2865E+0	2.6896E+0	2.0974E+0	1.6138E+0	1.2244E+0	8.7074E-1	5.0957E-1	1.4805E-1	-2.0932E-1	-6.0038E-1
3.3943E+2	2.6204E+2	2.1989E+2	1.7401E+2	1.2775E+2	1.1467E+2	1.0024E+2	8.6150E+1	7.3994E+1	6.2121E+1	5.0103E+1	4.1119E+1	3.6482E+1	3.0013E+1	2.7672E+1	2.4086E+1	2.0280E+1	1.7039E+1	1.4354E+1	1.1925E+1	9.6360E+0	7.7811E+0	6.2208E+0	5.0715E+0	4.0464E+0	3.2885E+0	2.6962E+0	2.1004E+0	1.6262E+0	1.2354E+0	8.4489E-1	5.1206E-1	1.3888E-1	-2.0357E-1	-6.1840E-1
3.4117E+2	2.6242E+2	2.1995E+2	1.7402E+2	1.2879E+2	1.1560E+2	1.0011E+2	8.6126E+1	7.4107E+1	6.2466E+1	5.0495E+1	4.1238E+1	3.6527E+1	3.0086E+1	2.7754E+1	2.4077E+1	2.0327E+1	1.7056E+1	1.4368E+1	1.1945E+1	9.6419E+0	7.7743E+0	6.2146E+0	5.0678E+0	4.0641E+0	3.2955E+0	2.6700E+0	2.0828E+0	1.6406E+0	1.2311E+0	8.5337E-1	5.0079E-1	1.5873E-1	-2.0579E-1	-6.2628E-1
3.4340E+2	2.6394E+2	2.2155E+2	1.7443E+2	1.2978E+2	1.1554E+2	1.0115E+2	8.6821E+1	7.4204E+1	6.2497E+1	5.0460E+1	4.1371E+1	3.6654E+1	3.0180E+1	2.7802E+1	2.4152E+1	2.0379E+1	1.7072E+1	1.4385E+1	1.1946E+1	9.6466E+0	7.7959E+0	6.2080E+0	5.1074E+0	4.0637E+0	3.2975E+0	2.6942E+0	2.0853E+0	1.6559E+0	1.2601E+0	8.4561E-1	5.0967E-1	1.4166E-1	-2.3599E-1	-5.9065E-1
3.4576E+2	2.6626E+2	2.2341E+2	1.7586E+2	1.2983E+2	1.1634E+2	1.0133E+2	8.7061E+1	7.4660E+1	6.2778E+1	5.0743E+1	4.1498E+1	3.6727E+1	3.0205E+1	2.7837E+1	2.4200E+1	2.0394E+1	1.7113E+1	1.4416E+1	1.1963E+1	9.6547E+0	7.7990E+0	6.2568E+0	5.0761E+0	4.0909E+0	3.2926E+0	2.7010E+0	2.0854E+0	1.6324E+0	1.2269E+0	8.5204E-1	5.0822E-1	1.8272E-1	-2.0921E-1	-6.3935E-1
3.4766E+2	2.6642E+2	2.2471E+2	1.7706E+2	1.3047E+2	1.1673E+2	1.0213E+2	8.7179E+1	7.5142E+1	6.2896E+1	5.0889E+1	4.1622E+1	3.6840E+1	3.0254E+1	2.7891E+1	2.4193E+1	2.0473E+1	1.7148E+1	1.4412E+1	1.1983E+1	9.6529E+0	7.8159E+0	6.2549E+0	5.1028E+0	4.0653E+0	3.3061E+0	2.6996E+0	2.1031E+0	1.6321E+0	1.2289E+0	8.5654E-1	5.0178E-1	1.4526E-1	-2.1232E-1	-6.9327E-1
3.4986E+2	2.6874E+2	2.2667E+2	1.7829E+2	1.3150E+2	1.1735E+2	1.0206E+2	8.8000E+1	7.5313E+1	6.2912E+1	5.0870E+1	4.1737E+1	3.6907E+1	3.0330E+1	2.7947E+1	2.4254E+1	2.0488E+1	1.7144E+1	1.4449E+1	1.2014E+1	9.6795E+0	7.8235E+0	6.2282E+0	5.0961E+0	4.0707E+0	3.2837E+0	2.6949E+0	2.1099E+0	1.6280E+0	1.2323E+0	8.4532E-1	5.0280E-1	1.7718E-1	-1.9877E-1	-6.4814E-1
3.5158E+2	2.7055E+2	2.2787E+2	1.7861E+2	1.3148E+2	1.1818E+2	1.0284E+2	8.7848E+1	7.5437E+1	6.3150E+1	5.1315E+1	4.1783E+1	3.7009E+1	3.0387E+1	2.8000E+1	2.4328E+1	2.0525E+1	1.7196E+1	1.4478E+1	1.2022E+1	9.6860E+0	7.8196E+0	6.2488E+0	5.1073E+0	4.0691E+0	3.2950E+0	2.6790E+0	2.1091E+0	1.6416E+0	1.2345E+0	8.5443E-1	5.2058E-1	1.7279E-1	-2.1538E-1	-6.3099E-1
3.5407E+2	2.7247E+2	2.2850E+2	1.7861E+2	1.3215E+2	1.1800E+2	1.0255E+2	8.8391E+1	7.5476E+1	6.3322E+1	5.1103E+1	4.1872E+1	3.7083E+1	3.0450E+1	2.8034E+1	2.4346E+1	2.0553E+1	1.7204E+1	1.4473E+1	1.2017E+1	9.6989E+0	7.8277E+0	6.2528E+0	5.1237E+0	4.0759E+0	3.2782E+0	2.6852E+0	2.0937E+0	1.6460E+0	1.2480E+0	8.6457E-1	5.0324E-1	1.5573E-1	-1.9233E-1	-6.6647E-1
3.5533E+2	2.7386E+2	2.2874E+2	1.7938E+2	1.3337E+2	1.1925E+2	1.0368E+2	8.8978E+1	7.5961E+1	6.3711E+1	5.1470E+1	4.1993E+1	3.7182E+1	3.0506E+1	2.8106E+1	2.4401E+1	2.0579E+1	1.7242E+1	1.4503E+1	1.2043E+1	9.7061E+0	7.8537E+0	6.2650E+0	5.1077E+0	4.0627E+0	3.2956E+0	2.7126E+0	2.0869E+0	1.6243E+0	1.2422E+0	8.4143E-1	4.8828E-1	1.5713E-1	-2.0856E-1	-6.1178E-1
3.5662E+2	2.7475E+2	2.2857E+2	1.8099E+2	1.3323E+2	1.1943E+2	1.0362E+2	8.8703E+1	7.6412E+1	6.3749E+1	5.1540E+1	4.2090E+1	3.7254E+1	3.0567E+1	2.8159E+1	2.4458E+1	2.0603E+1	1.7255E+1	1.4524E+1	1.2052E+1	9.7060E+0	7.8461E+0	6.2980E+0	5.1297E+0	4.0745E+0	3.3038E+0	2.7059E+0	2.0915E+0	1.6459E+0	1.2429E+0	8.5378E-1	5.2226E-1	1.6623E-1	-2.0090E-1	-6.2681E-1
3.5770E+2	2.7536E+2	2.2972E+2	1.8267E+2	1.3401E+2	1.1966E+2	1.0449E+2	8.9617E+1	7.6654E+1	6.3941E+1	5.1614E+1	4.2194E+1	3.7323E+1	3.0646E+1	2.8209E+1	2.4485E+1	2.0617E+1	1.7270E+1	1.4534E+1	1.2055E+1	9.7422E+0	7.8533E+0	6.2783E+0	5.1204E+0	4.1000E+0	3.3022E+0	2.6976E+0	2.1152E+0	1.6344E+0	1.2310E+0	8.5320E-1	4.9686E-1	1.5866E-1	-2.0513E-1	-6.1062E-1
3.5855E+2	2.7586E+2	2.3099E+2	1.8337E+2	1.3517E+2	1.2088E+2	1.0441E+2	8.9752E+1	7.6779E+1	6.4162E+1	5.1935E+1	4.2323E+1	3.7378E+1	3.0685E+1	2.8248E+1	2.4518E+1	2.0644E+1	1.7319E+1	1.4546E+1	1.2050E+1	9.7389E+0	7.8498E+0	6.2814E+0	5.1277E+0	4.0982E+0	3.2950E+0	2.7139E+0	2.1125E+0	1.6094E+0	1.2181E+0	8.7394E-1	5.0783E-1	1.4805E-1	-2.0620E-1	-6.2801E-1
3.5895E+2	2.7611E+2	2.3303E+2	1.8328E+2	1.3521E+2	1.2065E+2	1.0512E+2	9.0015E+1	7.6821E+1	6.4564E+1	5.1787E+1	4.2422E+1	3.7475E+1	3.0735E+1	2.8277E+1	2.4530E+1	2.0656E+1	1.7317E+1	1.4563E+1	1.2113E+1	9.7528E+0	7.8850E+0	6.2751E+0	5.1263E+0	4.0991E+0	3.3257E+0	2.7088E+0	2.0950E+0	1.6568E+0	1.2384E+0	8.4977E-1	5.0095E-1	1.6267E-1	-2.1057E-1	-6.2949E-1
3.5988E+2	2.7694E+2	2.3483E+2	1.8350E+2	1.3564E+2	1.2175E+2	1.0541E+2	9.0778E+1	7.7280E+1	6.4645E+1	5.2049E+1	4.2489E+1	3.7577E+1	3.0784E+1	2.8321E+1	2.4563E+1	2.0712E+1	1.7326E+1	1.4586E+1	1.2087E+1	9.7519E+0	7.8842E+0	6.2918E+0	5.1211E+0	4.1063E+0	3.2930E+0	2.7221E+0	2.1067E+0	1.6362E+0	1.2419E+0	8.7232E-1	5.2705E-1	1.6581E-1	-2.1941E-1	-6.5483E-1
3.6067E+2	2.7786E+2	2.3646E+2	1.8491E+2	1.3692E+2	1.2218E+2	1.0617E+2	9.0609E+1	7.7722E+1	6.4781E+1	5.2078E+1	4.2560E+1	3.7663E+1	3.0828E+1	2.8409E+1	2.4624E+1	2.0746E+1	1.7375E+1	1.4602E+1	1.2115E+1	9.7744E+0	7.8790E+0	6.2704E+0	5.1255E+0	4.1123E+0	3.3167E+0	2.7265E+0	2.0964E+0	1.6443E+0	1.2173E+0	8.4490E-1	5.2533E-1	1.7103E-1	-2.0955E-1	-6.4118E-1
3.6173E+2	2.7924E+2	2.3748E+2	1.8672E+2	1.3709E+2	1.2230E+2	1.0615E+2	9.1112E+1	7.7895E+1	6.4974E+1	5.2258E+1	4.2649E+1	3.7696E+1	3.0913E+1	2.8460E+1	2.4652E+1	2.0783E+1	1.7377E+1	1.4630E+1	1.2122E+1	9.7601E+0	7.9160E+0	6.2959E+0	5.1203E+0	4.1091E+0	3.3126E+0	2.7161E+0	2.1215E+0	1.6397E+0	1.2264E+0	8.5419E-1	5.1644E-1	1.5558E-1	-1.7783E-1	-6.3124E-1
3.6215E+2	2.8158E+2	2.3772E+2	1.8779E+2	1.3739E+2	1.2339E+2	1.0694E+2	9.1751E+1	7.7938E+1	6.5276E+1	5.2581E+1	4.2760E+1	3.7769E+1	3.0963E+1	2.8494E+1	2.4701E+1	2.0818E+1	1.7393E+1	1.4664E+1	1.2129E+1	9.7903E+0	7.8999E+0	6.2945E+0	5.1509E+0	4.1108E+0	3.3119E+0	2.7241E+0	2.1111E+0	1.6393E+0	1.2453E+0	8.5006E-1	5.0941E-1	1.7143E-1	-1.9044E-1	-6.8127E-1
3.6364E+2	2.8372E+2	2.3788E+2	1.8800E+2	1.3880E+2	1.2329E+2	1.0706E+2	9.1502E+1	7.8099E+1	6.5499E+1	5.2443E+1	4.2871E+1	3.7870E+1	3.1026E+1	2.8526E+1	2.4737E+1	2.0859E+1	1.7421E+1	1.4652E+1	1.2152E+1	9.7823E+0	7.9175E+0	6.3112E+0	5.1645E+0	4.1024E+0	3.3050E+0	2.7238E+0	2.1112E+0	1.6574E+0	1.2537E+0	8.5853E-1	5.0645E-1	1.6361E-1	-2.2017E-1	-6.2964E-1
3.6530E+2	2.8588E+2	2.3855E+2	1.8822E+2	1.3889E+2	1.2403E+2	1.0775E+2	9.2196E+1	7.8507E+1	6.5679E+1	5.2681E+1	4.2974E+1	3.7962E+1	3.1069E+1	2.8563E+1	2.4777E+1	2.0878E+1	1.7451E+1	1.4659E+1	1.2169E+1	9.7952E+0	7.9025E+0	6.3271E+0	5.1614E+0	4.1284E+0	3.3115E+0	2.7212E+0	2.1165E+0	1.6543E+0	1.2540E+0	8.6427E-1	5.1006E-1	1.5532E-1	-1.9604E-1	-6.2838E-1
3.6795E+2	2.8717E+2	2.4013E+2	1.8909E+2	1.3924E+2	1.2461E+2	1.0772E+2	9.2222E+1	7.8853E+1	6.5878E+1	5.2764E+1	4.3042E+1	3.7987E+1	3.1104E+1	2.8634E+1	2.4828E+1	2.0886E+1	1.7466E+1	1.4692E+1	1.2183E+1	9.7937E+0	7.9076E+0	6.3243E+0	5.1819E+0	4.1116E+0	3.3291E+0	2.7247E+0	2.1303E+0	1.6451E+0	1.2374E+0	8.3034E-1	5.0111E-1	1.3355E-1	-2.1622E-1	-6.1282E-1
3.6942E+2	2.8887E+2	2.4162E+2	1.9063E+2	1.4020E+2	1.2470E+2	1.0823E+2	9.2412E+1	7.9066E+1	6.6030E+1	5.2934E+1	4.3061E+1	3.8031E+1	3.1149E+1	2.8639E+1	2.4844E+1	2.0912E+1	1.7487E+1	1.4721E+1	1.2207E+1	9.8092E+0	7.9319E+0	6.3474E+0	5.1546E+0	4.1370E+0	3.3171E+0	2.7203E+0	2.1298E+0	1.6476E+0	1.2410E+0	8.5539E-1	5.2194E-1	1.9910E-1	-2.1804E-1	-6.5711E-1
3.7173E+2	2.9029E+2	2.4339E+2	1.9207E+2	1.4062E+2	1.2575E+2	1.0872E+2	9.3143E+1	7.9070E+1	6.6155E+1	5.3146E+1	4.3193E+1	3.8093E+1	3.1170E+1	2.8702E+1	2.4881E+1	2.0941E+1	1.7510E+1	1.4688E+1	1.2203E+1	9.8344E+0	7.9219E+0	6.3236E+0	5.1472E+0	4.1327E+0	3.3331E+0	2.7270E+0	2.1073E+0	1.6524E+0	1.2425E+0	8.5109E-1	5.0309E-1	1.7675E-1	-1.9401E-1	-6.3487E-1
3.7403E+2	2.9090E+2	2.4505E+2	1.9252E+2	1.4076E+2	1.2580E+2	1.0898E+2	9.3147E+1	7.9199E+1	6.6452E+1	5.3042E+1	4.3271E+1	3.8205E+1	3.1220E+1	2.8711E+1	2.4888E+1	2.0983E+1	1.7511E+1	1.4727E+1	1.2218E+1	9.8273E+0	7.9327E+0	6.3393E+0	5.1666E+0	4.1264E+0	3.3217E+0	2.7361E+0	2.0995E+0	1.6524E+0	1.2560E+0	8.6199E-1	5.2780E-1	1.9309E-1	-2.0057E-1	-6.1845E-1
3.7644E+2	2.9137E+2	2.4697E+2	1.9240E+2	1.4204E+2	1.2610E+2	1.0934E+2	9.3469E+1	7.9585E+1	6.6695E+1	5.3400E+1	4.3309E+1	3.8258E+1	3.1264E+1	2.8792E+1	2.4924E+1	2.0977E+1	1.7523E+1	1.4735E+1	1.2242E+1	9.8469E+0	7.9309E+0	6.3353E+0	5.1702E+0	4.1318E+0	3.3385E+0	2.7406E+0	2.1185E+0	1.6485E+0	1.2598E+0	8.7659E-1	5.3309E-1	1.8009E-1	-2.1401E-1	-6.1995E-1
3.7891E+2	2.9178E+2	2.4709E+2	1.9329E+2	1.4241E+2	1.2716E+2	1.0977E+2	9.4026E+1	8.0056E+1	6.6769E+1	5.3354E+1	4.3382E+1	3.8329E+1	3.1338E+1	2.8837E+1	2.4978E+1	2.1007E+1	1.7554E+1	1.4740E+1	1.2233E+1	9.8474E+0	7.9457E+0	6.3322E+0	5.1889E+0	4.1283E+0	3.3493E+0	2.7394E+0	2.1058E+0	1.6644E+0	1.2430E+0	8.6313E-1	5.4421E-1	1.5482E-1	-2.0960E-1	-6.4540E-1
3.8121E+2	2.9270E+2	2.4740E+2	1.9450E+2	1.4216E+2	1.2685E+2	1.1010E+2	9.3774E+1	8.0129E+1	6.6872E+1	5.3380E+1	4.3498E+1	3.8335E+1	3.1375E+1	2.8841E+1	2.4992E+1	2.0996E+1	1.7575E+1	1.4761E+1	1.2252E+1	9.8561E+0	7.9565E+0	6.3569E+0	5.1886E+0	4.1519E+0	3.3286E+0	2.7304E+0	2.1129E+0	1.6515E+0	1.2558E+0	8.6933E-1	5.2563E-1	1.6639E-1	-1.8976E-1	-6.2539E-1
3.8337E+2	2.9402E+2	2.4778E+2	1.9606E+2	1.4332E+2	1.2777E+2	1.1034E+2	9.4392E+1	8.0104E+1	6.7105E+1	5.3675E+1	4.3558E+1	3.8393E+1	3.1398E+1	2.8859E+1	2.4996E+1	2.1021E+1	1.7569E+1	1.4768E+1	1.2268E+1	9.8756E+0	7.9589E+0	6.3409E+0	5.1915E+0	4.1239E+0	3.3371E+0	2.7447E+0	2.1261E+0	1.6426E+0	1.2574E+0	8.5471E-1	5.0297E-1	1.7682E-1	-1.9065E-1	-6.5194E-1
3.8453E+2	2.9563E+2	2.4875E+2	1.9660E+2	1.4399E+2	1.2802E+2	1.1088E+2	9.4610E+1	8.0367E+1	6.7163E+1	5.3504E+1	4.3640E+1	3.8466E+1	3.1444E+1	2.8907E+1	2.5032E+1	2.1075E+1	1.7568E+1	1.4777E+1	1.2275E+1	9.8916E+0	7.9426E+0	6.3568E+0	5.1895E+0	4.1257E+0	3.3519E+0	2.7429E+0	2.1361E+0	1.6662E+0	1.2539E+0	8.7214E-1	5.0956E-1	1.8567E-1	-2.1197E-1	-6.1287E-1
3.8683E+2	2.9758E+2	2.4986E+2	1.9674E+2	1.4393E+2	1.2841E+2	1.1108E+2	9.4573E+1	8.0601E+1	6.7271E+1	5.3809E+1	4.3673E+1	3.8542E+1	3.1484E+1	2.8964E+1	2.5092E+1	2.1076E+1	1.7624E+1	1.4775E+1	1.2279E+1	9.8849E+0	7.9917E+0	6.3572E+0	5.2073E+0	4.1347E+0	3.3265E+0	2.7412E+0	2.1189E+0	1.6366E+0	1.2472E+0	8.6243E-1	5.2394E-1	1.6986E-1	-1.7826E-1	-6.3399E-1
3.8843E+2	2.9979E+2	2.5196E+2	1.9737E+2	1.4494E+2	1.2933E+2	1.1150E+2	9.5316E+1	8.1119E+1	6.7504E+1	5.3858E+1	4.3753E+1	3.8614E+1	3.1534E+1	2.9005E+1	2.5113E+1	2.1129E+1	1.7639E+1	1.4805E+1	1.2273E+1	9.9091E+0	7.9730E+0	6.3648E+0	5.2151E+0	4.1444E+0	3.3665E+0	2.7467E+0	2.1431E+0	1.6641E+0	1.2624E+0	8.8745E-1	5.2203E-1	1.6454E-1	-1.9920E-1	-6.2264E-1
3.8985E+2	3.0204E+2	2.5395E+2	1.9825E+2	1.4582E+2	1.2898E+2	1.1178E+2	9.5239E+1	8.1144E+1	6.7586E+1	5.3922E+1	4.3820E+1	3.8633E+1	3.1541E+1	2.9037E+1	2.5147E+1	2.1158E+1	1.7637E+1	1.4818E+1	1.2304E+1	9.8970E+0	7.9943E+0	6.3721E+0	5.2141E+0	4.1427E+0	3.3453E+0	2.7449E+0	2.1167E+0	1.6463E+0	1.2462E+0	8.6398E-1	5.3463E-1	1.8956E-1	-2.0887E-1	-6.1357E-1
3.9098E+2	3.0376E+2	2.5557E+2	2.0010E+2	1.4575E+2	1.3003E+2	1.1232E+2	9.5635E+1	8.0992E+1	6.7708E+1	5.4168E+1	4.3936E+1	3.8706E+1	3.1611E+1	2.9057E+1	2.5169E+1	2.1169E+1	1.7661E+1	1.4841E+1	1.2317E+1	9.9104E+0	7.9942E+0	6.3902E+0	5.2044E+0	4.1417E+0	3.3517E+0	2.7316E+0	2.1425E+0	1.6457E+0	1.2630E+0	8.8506E-1	5.5496E-1	1.5786E-1	-2.0327E-1	-6.2929E-1
3.9136E+2	3.0467E+2	2.5609E+2	2.0092E+2	1.4655E+2	1.3059E+2	1.1250E+2	9.6154E+1	8.1357E+1	6.7736E+1	5.4034E+1	4.4009E+1	3.8786E+1	3.1626E+1	2.9128E+1	2.5208E+1	2.1214E+1	1.7711E+1	1.4865E+1	1.2327E+1	9.9292E+0	8.0039E+0	6.3684E+0	5.2047E+0	4.1718E+0	3.3365E+0	2.7563E+0	2.1199E+0	1.6676E+0	1.2570E+0	8.6407E-1	5.3157E-1	1.6545E-1	-1.7500E-1	-6.0879E-1
3.9256E+2	3.0609E+2	2.5655E+2	2.0136E+2	1.4738E+2	1.3064E+2	1.1323E+2	9.6069E+1	8.1703E+1	6.7875E+1	5.4451E+1	4.4074E+1	3.8856E+1	3.1717E+1	2.9143E+1	2.5234E+1	2.1228E+1	1.7730E+1	1.4860E+1	1.2350E+1	9.9397E+0	8.0135E+0	6.3750E+0	5.2144E+0	4.1516E+0	3.3457E+0	2.7508E+0	2.1226E+0	1.6607E+0	1.2482E+0	8.9013E-1	5.1862E-1	1.6587E-1	-1.9045E-1	-6.2459E-1
3.9386E+2	3.0646E+2	2.5707E+2	2.0164E+2	1.4729E+2	1.3164E+2	1.1317E+2	9.6521E+1	8.2045E+1	6.8044E+1	5.4304E+1	4.4137E+1	3.8911E+1	3.1785E+1	2.9185E+1	2.5254E+1	2.1227E+1	1.7709E+1	1.4888E+1	1.2350E+1	9.9468E+0	8.0335E+0	6.3835E+0	5.2099E+0	4.1551E+0	3.3399E+0	2.7346E+0	2.1455E+0	1.6366E+0	1.2387E+0	8.8626E-1	5.1196E-1	1.6372E-1	-1.9748E-1	-6.1448E-1
3.9434E+2	3.0732E+2	2.5762E+2	2.0232E+2	1.4797E+2	1.3148E+2	1.1375E+2	9.6908E+1	8.2111E+1	6.8105E+1	5.4516E+1	4.4232E+1	3.8946E+1	3.1785E+1	2.9216E+1	2.5295E+1	2.1246E+1	1.7739E+1	1.4902E+1	1.2355E+1	9.9543E+0	8.0185E+0	6.4058E+0	5.2192E+0	4.1718E+0	3.3481E+0	2.7306E+0	2.1569E+0	1.6846E+0	1.2564E+0	8.8227E-1	5.1128E-1	1.8632E-1	-2.0094E-1	-6.1851E-1
3.9638E+2	3.0794E+2	2.5881E+2	2.0384E+2	1.4892E+2	1.3221E+2	1.1384E+2	9.6827E+1	8.2085E+1	6.8316E+1	5.4598E+1	4.4243E+1	3.8962E+1	3.1812E+1	2.9240E+1	2.5313E+1	2.1264E+1	1.7743E+1	1.4891E+1	1.2369E+1	9.9533E+0	8.0467E+0	6.3948E+0	5.2342E+0	4.1542E+0	3.3576E+0	2.7669E+0	2.1123E+0	1.6783E+0	1.2464E+0	8.5803E-1	5.1146E-1	1.7684E-1	-1.8184E-1	-6.0095E-1
3.9706E+2	3.0845E+2	2.6033E+2	2.0513E+2	1.4880E+2	1.3287E+2	1.1463E+2	9.7529E+1	8.2228E+1	6.8447E+1	5.4620E+1	4.4296E+1	3.9061E+1	3.1869E+1	2.9300E+1	2.5360E+1	2.1287E+1	1.7773E+1	1.4926E+1	1.2383E+1	9.9763E+0	8.0331E+0	6.4176E+0	5.2505E+0	4.1491E+0	3.3590E+0	2.7488E+0	2.1547E+0	1.6463E+0	1.2524E+0	8.8591E-1	5.0165E-1	1.9087E-1	-2.0573E-1	-6.1535E-1
3.9833E+2	3.0969E+2	2.6220E+2	2.0578E+2	1.4931E+2	1.3255E+2	1.1438E+2	9.7467E+1	8.2821E+1	6.8423E+1	5.4869E+1	4.4381E+1	3.9111E+1	3.1869E+1	2.9310E+1	2.5376E+1	2.1303E+1	1.7775E+1	1.4926E+1	1.2404E+1	9.9841E+0	8.0569E+0	6.4145E+0	5.2347E+0	4.1699E+0	3.3477E+0	2.7737E+0	2.1350E+0	1.6676E+0	1.2532E+0	8.7015E-1	5.1365E-1	1.4277E-1	-1.9765E-1	-5.9891E-1
4.0155E+2	3.1188E+2	2.6358E+2	2.0595E+2	1.5025E+2	1.3360E+2	1.1502E+2	9.7659E+1	8.2930E+1	6.8727E+1	5.4819E+1	4.4458E+1	3.9167E+1	3.1908E+1	2.9374E+1	2.5424E+1	2.1333E+1	1.7816E+1	1.4967E+1	1.2386E+1	9.9752E+0	8.0376E+0	6.4215E+0	5.2499E+0	4.1655E+0	3.3656E+0	2.7594E+0	2.1495E+0	1.6820E+0	1.2853E+0	8.6472E-1	5.2228E-1	1.6473E-1	-1.9864E-1	-6.0677E-1
4.0227E+2	3.1355E+2	2.6521E+2	2.0584E+2	1.5039E+2	1.3361E+2	1.1492E+2	9.8180E+1	8.2943E+1	6.8847E+1	5.5032E+1	4.4550E+1	3.9196E+1	3.1960E+1	2.9391E+1	2.5451E+1	2.1369E+1	1.7840E+1	1.4963E+1	1.2408E+1	1.0005E+1	8.0502E+0	6.4303E+0	5.2391E+0	4.1805E+0	3.3558E+0	2.7579E+0	2.1426E+0	1.6680E+0	1.2693E+0	8.6862E-1	5.2019E-1	1.7214E-1	-1.8519E-1	-6.5780E-1
4.0453E+2	3.1553E+2	2.6537E+2	2.0749E+2	1.5078E+2	1.3408E+2	1.1567E+2	9.8296E+1	8.3069E+1	6.9181E+1	5.4827E+1	4.4598E+1	3.9231E+1	3.2009E+1	2.9458E+1	2.5493E+1	2.1383E+1	1.7802E+1	1.4981E+1	1.2408E+1	1.0012E+1	8.0544E+0	6.3989E+0	5.2373E+0	4.1743E+0	3.3935E+0	2.7618E+0	2.1340E+0	1.6592E+0	1.2458E+0	8.6001E-1	5.1311E-1	1.6939E-1	-2.1497E-1	-6.3491E-1
4.0707E+2	3.1716E+2	2.6557E+2	2.0902E+2	1.5181E+2	1.3460E+2	1.1572E+2	9.8593E+1	8.3420E+1	6.8924E+1	5.5046E+1	4.4624E+1	3.9288E+1	3.2106E+1	2.9447E+1	2.5442E+1	2.1399E+1	1.7819E+1	1.4937E+1	1.2396E+1	1.0010E+1	8.0215E+0	6.4330E+0	5.2687E+0	4.1947E+0	3.3420E+0	2.7512E+0	2.1626E+0	1.6544E+0	1.2730E+0	8.6646E-1	5.3904E-1	1.7471E-1	-1.8577E-1	-6.2009E-1
4.0985E+2	3.1849E+2	2.6643E+2	2.0951E+2	1.5170E+2	1.3467E+2	1.1652E+2	9.8667E+1	8.3715E+1	6.9200E+1	5.5419E+1	4.4743E+1	3.9434E+1	3.2054E+1	2.9602E+1	2.5573E+1	2.1472E+1	1.7926E+1	1.5055E+1	1.2445E+1	1.0058E+1	8.0402E+0	6.5051E+0	5.2616E+0	4.1887E+0	3.3725E+0	2.7517E+0	2.1564E+0	1.6759E+0	1.2509E+0	8.7608E-1	5.2126E-1	1.7000E-1	-1.8950E-1	-6.5504E-1
4.1237E+2	3.2055E+2	2.6712E+2	2.0958E+2	1.5212E+2	1.3558E+2	1.1634E+2	9.8565E+1	8.3861E+1	6.9581E+1	5.5369E+1	4.4767E+1	3.9396E+1	3.2104E+1	2.9502E+1	2.5542E+1	2.1474E+1	1.7837E+1	1.4974E+1	1.2413E+1	1.0075E+1	8.1092E+0	6.4698E+0	5.2935E+0	4.1604E+0	3.3504E+0	2.7600E+0	2.1636E+0	1.6829E+0	1.2793E+0	8.9986E-1	5.3896E-1	1.7779E-1	-2.1201E-1	-5.7322E-1
4.1449E+2	3.2095E+2	2.6854E+2	2.1030E+2	1.5356E+2	1.3568E+2	1.1691E+2	9.9289E+1	8.4084E+1	6.9514E+1	5.5260E+1	4.4838E+1	3.9469E+1	3.2200E+1	2.9598E+1	2.5565E+1	2.1449E+1	1.7867E+1	1.5098E+1	1.2466E+1	9.9973E+0	8.0466E+0	6.4680E+0	5.2395E+0	4.1779E+0	3.3782E+0	2.7810E+0	2.1524E+0	1.6957E+0	1.2400E+0	8.7559E-1	5.2877E-1	1.7827E-1	-2.0507E-1	-6.3590E-1
4.1661E+2	3.2219E+2	2.7054E+2	2.1110E+2	1.5337E+2	1.3605E+2	1.1658E+2	9.9474E+1	8.3858E+1	6.9682E+1	5.5583E+1	4.4844E+1	3.9527E+1	3.2145E+1	2.9612E+1	2.5681E+1	2.1450E+1	1.7990E+1	1.5024E+1	1.2443E+1	1.0028E+1	8.0679E+0	6.4440E+0	5.2509E+0	4.1805E+0	3.3856E+0	2.7769E+0	2.1523E+0	1.6757E+0	1.2733E+0	8.7537E-1	5.3526E-1	1.7608E-1	-2.1267E-1	-6.0022E-1
4.1744E+2	3.2218E+2	2.7223E+2	2.1270E+2	1.5334E+2	1.3651E+2	1.1751E+2	9.9507E+1	8.3982E+1	6.9613E+1	5.5212E+1	4.4913E+1	3.9518E+1	3.2272E+1	2.9601E+1	2.5600E+1	2.1438E+1	1.7985E+1	1.5049E+1	1.2497E+1	1.0095E+1	8.0887E+0	6.4586E+0	5.2641E+0	4.1878E+0	3.3726E+0	2.7787E+0	2.1549E+0	1.6794E+0	1.2707E+0	8.7825E-1	5.1290E-1	2.0136E-1	-1.9322E-1	-5.8527E-1
4.1972E+2	3.2310E+2	2.7316E+2	2.1394E+2	1.5438E+2	1.3677E+2	1.1713E+2	9.9849E+1	8.4415E+1	7.0010E+1	5.5916E+1	4.5041E+1	3.9534E+1	3.2271E+1	2.9633E+1	2.5645E+1	2.1510E+1	1.7902E+1	1.5039E+1	1.2444E+1	1.0057E+1	8.1095E+0	6.4630E+0	5.2823E+0	4.2098E+0	3.3846E+0	2.8017E+0	2.1664E+0	1.6766E+0	1.2499E+0	8.7635E-1	5.2678E-1	1.6103E-1	-2.0129E-1	-6.4939E-1
4.2054E+2	3.2444E+2	2.7416E+2	2.1376E+2	1.5498E+2	1.3728E+2	1.1818E+2	9.9789E+1	8.4741E+1	7.0177E+1	5.5513E+1	4.5112E+1	3.9665E+1	3.2320E+1	2.9553E+1	2.5699E+1	2.1543E+1	1.7952E+1	1.5092E+1	1.2480E+1	1.0023E+1	8.1060E+0	6.4751E+0	5.2779E+0	4.2040E+0	3.3899E+0	2.7761E+0	2.1587E+0	1.6729E+0	1.2448E+0	8.7641E-1	5.1941E-1	1.5714E-1	-1.8637E-1	-6.3789E-1
4.2263E+2	3.2562E+2	2.7432E+2	2.1456E+2	1.5497E+2	1.3787E+2	1.1837E+2	1.0065E+2	8.4740E+1	7.0680E+1	5.5740E+1	4.5136E+1	3.9767E+1	3.2281E+1	2.9735E+1	2.5687E+1	2.1602E+1	1.8024E+1	1.5116E+1	1.2477E+1	1.0047E+1	8.1037E+0	6.4702E+0	5.2790E+0	4.2019E+0	3.3856E+0	2.7893E+0	2.1453E+0	1.6836E+0	1.2712E+0	8.8416E-1	5.4044E-1	1.8729E-1	-1.7469E-1	-6.0326E-1
4.2208E+2	3.2710E+2	2.7459E+2	2.1483E+2	1.5552E+2	1.3767E+2	1.1867E+2	1.0072E+2	8.4428E+1	7.0568E+1	5.5817E+1	4.5231E+1	3.9801E+1	3.2356E+1	2.9738E+1	2.5723E+1	2.1554E+1	1.8045E+1	1.5119E+1	1.2468E+1	1.0087E+1	8.0875E+0	6.4562E+0	5.2672E+0	4.2143E+0	3.3969E+0	2.7921E+0	2.1553E+0	1.6781E+0	1.2854E+0	8.9255E-1	5.3343E-1	1.8773E-1	-2.1689E-1	-5.9702E-1
4.2389E+2	3.2874E+2	2.7488E+2	2.1556E+2	1.5635E+2	1.3856E+2	1.1850E+2	1.0032E+2	8.4629E+1	7.0683E+1	5.5790E+1	4.5255E+1	3.9748E+1	3.2414E+1	2.9791E+1	2.5772E+1	2.1610E+1	1.7987E+1	1.5087E+1	1.2446E+1	1.0056E+1	8.1095E+0	6.4540E+0	5.3068E+0	4.2185E+0	3.3828E+0	2.7786E+0	2.1561E+0	1.6618E+0	1.2848E+0	8.7870E-1	5.3112E-1	1.9310E-1	-2.0939E-1	-6.1075E-1
4.2453E+2	3.3043E+2	2.7624E+2	2.1755E+2	1.5613E+2	1.3848E+2	1.1943E+2	1.0103E+2	8.5019E+1	7.0760E+1	5.6158E+1	4.5310E+1	3.9852E+1	3.2467E+1	2.9793E+1	2.5718E+1	2.1562E+1	1.8089E+1	1.5117E+1	1.2567E+1	1.0086E+1	8.1519E+0	6.4769E+0	5.2833E+0	4.2000E+0	3.3766E+0	2.7848E+0	2.1623E+0	1.6775E+0	1.2716E+0	8.9003E-1	5.3863E-1	1.8677E-1	-2.0115E-1	-6.2703E-1
4.2582E+2	3.3244E+2	2.7806E+2	2.1752E+2	1.5743E+2	1.3945E+2	1.1924E+2	1.0099E+2	8.5682E+1	7.0958E+1	5.5895E+1	4.5458E+1	3.9885E+1	3.2447E+1	2.9862E+1	2.5788E+1	2.1618E+1	1.8070E+1	1.5143E+1	1.2482E+1	1.0069E+1	8.1044E+0	6.4673E+0	5.2762E+0	4.2116E+0	3.3901E+0	2.7991E+0	2.1719E+0	1.6738E+0	1.2606E+0	8.6328E-1	5.4632E-1	1.8480E-1	-1.9228E-1	-6.1503E-1
4.2744E+2	3.3261E+2	2.7983E+2	2.1814E+2	1.5756E+2	1.3948E+2	1.1953E+2	1.0109E+2	8.5487E+1	7.0484E+1	5.6302E+1	4.5316E+1	3.9922E+1	3.2563E+1	2.9873E+1	2.5824E+1	2.1697E+1	1.8004E+1	1.5110E+1	1.2597E+1	1.0090E+1	8.1388E+0	6.4707E+0	5.2809E+0	4.1957E+0	3.3909E+0	2.7873E+0	2.1651E+0	1.7080E+0	1.2636E+0	8.9461E-1	5.3543E-1	1.9980E-1	-1.8242E-1	-5.9737E-1
4.2742E+2	3.3509E+2	2.8129E+2	2.1823E+2	1.5770E+2	1.3976E+2	1.1965E+2	1.0175E+2	8.5665E+1	7.1091E+1	5.6098E+1	4.5491E+1	3.9997E+1	3.2550E+1	2.9922E+1	2.5829E+1	2.1649E+1	1.8042E+1	1.5166E+1	1.2569E+1	1.0060E+1	8.1556E+0	6.5051E+0	5.2872E+0	4.2161E+0	3.3794E+0	2.7550E+0	2.1597E+0	1.6953E+0	1.2882E+0	8.8522E-1	5.1887E-1	1.8435E-1	-2.0549E-1	-6.2253E-1
4.3004E+2	3.3545E+2	2.8216E+2	2.1971E+2	1.5871E+2	1.4029E+2	1.2076E+2	1.0192E+2	8.5743E+1	7.1274E+1	5.6521E+1	4.5520E+1	4.0013E+1	3.2569E+1	2.9922E+1	2.5826E+1	2.1706E+1	1.8093E+1	1.5149E+1	1.2572E+1	1.0131E+1	8.1447E+0	6.5155E+0	5.2830E+0	4.2327E+0	3.4010E+0	2.7728E+0	2.1642E+0	1.6818E+0	1.2748E+0	8.9954E-1	5.2602E-1	1.7514E-1	-1.9741E-1	-6.2667E-1
4.3085E+2	3.3655E+2	2.8289E+2	2.2097E+2	1.5935E+2	1.4032E+2	1.2048E+2	1.0178E+2	8.6123E+1	7.1401E+1	5.6447E+1	4.5630E+1	4.0051E+1	3.2605E+1	2.9860E+1	2.5932E+1	2.1719E+1	1.8154E+1	1.5174E+1	1.2577E+1	1.0144E+1	8.1710E+0	6.4715E+0	5.2963E+0	4.2158E+0	3.4303E+0	2.7955E+0	2.1552E+0	1.6886E+0	1.2696E+0	8.7419E-1	5.5846E-1	1.9982E-1	-1.8307E-1	-6.0165E-1
4.3235E+2	3.3662E+2	2.8322E+2	2.2187E+2	1.5893E+2	1.4067E+2	1.2136E+2	1.0232E+2	8.6022E+1	7.1566E+1	5.6298E+1	4.5557E+1	4.0111E+1	3.2746E+1	2.9991E+1	2.5923E+1	2.1731E+1	1.8155E+1	1.5156E+1	1.2562E+1	1.0119E+1	8.1658E+0	6.5496E+0	5.2920E+0	4.2076E+0	3.4269E+0	2.7960E+0	2.1506E+0	1.6962E+0	1.2623E+0	8.8582E-1	5.2782E-1	1.8034E-1	-1.9879E-1	-6.1160E-1
4.3620E+2	3.3816E+2	2.8395E+2	2.2174E+2	1.5969E+2	1.4153E+2	1.2114E+2	1.0234E+2	8.6780E+1	7.1678E+1	5.6849E+1	4.5570E+1	4.0175E+1	3.2734E+1	3.0052E+1	2.5893E+1	2.1704E+1	1.8185E+1	1.5200E+1	1.2627E+1	1.0147E+1	8.1774E+0	6.4998E+0	5.3201E+0	4.2166E+0	3.4182E+0	2.8049E+0	2.1524E+0	1.6855E+0	1.2750E+0	8.9590E-1	5.4499E-1	1.8083E-1	-2.0074E-1	-6.1467E-1
4.3715E+2	3.3915E+2	2.8484E+2	2.2183E+2	1.6046E+2	1.4125E+2	1.2154E+2	1.0276E+2	8.6116E+1	7.1300E+1	5.6519E+1	4.5750E+1	4.0167E+1	3.2665E+1	3.0064E+1	2.5926E+1	2.1814E+1	1.8253E+1	1.5201E+1	1.2593E+1	1.0163E+1	8.2145E+0	6.4896E+0	5.2907E+0	4.2319E+0	3.4088E+0	2.7800E+0	2.1789E+0	1.6765E+0	1.2618E+0	8.7509E-1	5.3441E-1	1.9080E-1	-1.8701E-1	-6.1317E-1
4.3968E+2	3.4033E+2	2.8597E+2	2.2257E+2	1.6034E+2	1.4213E+2	1.2116E+2	1.0276E+2	8.6722E+1	7.1643E+1	5.6644E+1	4.5780E+1	4.0243E+1	3.2765E+1	2.9983E+1	2.5974E+1	2.1787E+1	1.8231E+1	1.5231E+1	1.2584E+1	1.0159E+1	8.1692E+0	6.4682E+0	5.3055E+0	4.2427E+0	3.4194E+0	2.7919E+0	2.1859E+0	1.6670E+0	1.3031E+0	8.9509E-1	5.5416E-1	1.9187E-1	-1.9392E-1	-6.1059E-1
4.4175E+2	3.4172E+2	2.8758E+2	2.2390E+2	1.6114E+2	1.4206E+2	1.2240E+2	1.0270E+2	8.6944E+1	7.1606E+1	5.6873E+1	4.5859E+1	4.0218E+1	3.2717E+1	3.0088E+1	2.5985E+1	2.1862E+1	1.8209E+1	1.5228E+1	1.2654E+1	1.0172E+1	8.1845E+0	6.5028E+0	5.3316E+0	4.2191E+0	3.4099E+0	2.8094E+0	2.1676E+0	1.6788E+0	1.2823E+0	8.8091E-1	5.2734E-1	1.9491E-1	-1.8438E-1	-6.1131E-1
4.4393E+2	3.4434E+2	2.8943E+2	2.2533E+2	1.6158E+2	1.4235E+2	1.2218E+2	1.0320E+2	8.6983E+1	7.1777E+1	5.6697E+1	4.5891E+1	4.0212E+1	3.2851E+1	3.0080E+1	2.6011E+1	2.1865E+1	1.8136E+1	1.5283E+1	1.2637E+1	1.0172E+1	8.2311E+0	6.5463E+0	5.2907E+0	4.2227E+0	3.4233E+0	2.7734E+0	2.1547E+0	1.6911E+0	1.2625E+0	8.7142E-1	5.3687E-1	1.8568E-1	-1.8118E-1	-5.9494E-1
4.4616E+2	3.4603E+2	2.9034E+2	2.2538E+2	1.6136E+2	1.4294E+2	1.2282E+2	1.0308E+2	8.6765E+1	7.1617E+1	5.6941E+1	4.5972E+1	4.0315E+1	3.2817E+1	3.0117E+1	2.6044E+1	2.1869E+1	1.8242E+1	1.5256E+1	1.2586E+1	1.0186E+1	8.1842E+0	6.5370E+0	5.3103E+0	4.2316E+0	3.4475E+0	2.7970E+0	2.1885E+0	1.6930E+0	1.2622E+0	8.9795E-1	5.5014E-1	1.8329E-1	-1.8322E-1	-6.1782E-1
4.4776E+2	3.4704E+2	2.9113E+2	2.2543E+2	1.6194E+2	1.4293E+2	1.2258E+2	1.0364E+2	8.6806E+1	7.1740E+1	5.6690E+1	4.5956E+1	4.0420E+1	3.2906E+1	3.0113E+1	2.6108E+1	2.1860E+1	1.8249E+1	1.5265E+1	1.2659E+1	1.0179E+1	8.1510E+0	6.5043E+0	5.3307E+0	4.2128E+0	3.4093E+0	2.7952E+0	2.1708E+0	1.6690E+0	1.2593E+0	8.8405E-1	5.4710E-1	1.9211E-1	-1.8601E-1	-6.0772E-1
4.4619E+2	3.4702E+2	2.9141E+2	2.2649E+2	1.6233E+2	1.4335E+2	1.2267E+2	1.0374E+2	8.7080E+1	7.1809E+1	5.6974E+1	4.5962E+1	4.0389E+1	3.2866E+1	3.0158E+1	2.6031E+1	2.1851E+1	1.8242E+1	1.5316E+1	1.2675E+1	1.0159E+1	8.2050E+0	6.5703E+0	5.3373E+0	4.2509E+0	3.4136E+0	2.7893E+0	2.1645E+0	1.7021E+0	1.2974E+0	8.7750E-1	5.2957E-1	1.9022E-1	-1.8660E-1	-6.2103E-1
4.4922E+2	3.4866E+2	2.9153E+2	2.2658E+2	1.6241E+2	1.4364E+2	1.2297E+2	1.0347E+2	8.7321E+1	7.2354E+1	5.6979E+1	4.5985E+1	4.0426E+1	3.2940E+1	3.0104E+1	2.6100E+1	2.1827E+1	1.8258E+1	1.5271E+1	1.2693E+1	1.0168E+1	8.2371E+0	6.5262E+0	5.3406E+0	4.2276E+0	3.4165E+0	2.8038E+0	2.1502E+0	1.6940E+0	1.2948E+0	8.8448E-1	5.6299E-1	1.8201E-1	-1.7059E-1	-5.8889E-1
4.5102E+2	3.4966E+2	2.9242E+2	2.2790E+2	1.6294E+2	1.4398E+2	1.2362E+2	1.0387E+2	8.7634E+1	7.1939E+1	5.7401E+1	4.6097E+1	4.0496E+1	3.2904E+1	3.0155E+1	2.6015E+1	2.1963E+1	1.8323E+1	1.5320E+1	1.2674E+1	1.0151E+1	8.1860E+0	6.5429E+0	5.2954E+0	4.2146E+0	3.4296E+0	2.7944E+0	2.1884E+0	1.7258E+0	1.2789E+0	8.8294E-1	5.3214E-1	1.9729E-1	-2.0087E-1	-6.3577E-1
4.5198E+2	3.5030E+2	2.9353E+2	2.2817E+2	1.6354E+2	1.4392E+2	1.2330E+2	1.0418E+2	8.7725E+1	7.2066E+1	5.7098E+1	4.6015E+1	4.0461E+1	3.2995E+1	3.0225E+1	2.6039E+1	2.1911E+1	1.8286E+1	1.5324E+1	1.2675E+1	1.0226E+1	8.2083E+0	6.5539E+0	5.3373E+0	4.2343E+0	3.4298E+0	2.8052E+0	2.1849E+0	1.6849E+0	1.2753E+0	8.9794E-1	5.5237E-1	1.7044E-1	-1.7508E-1	-6.2803E-1
4.5391E+2	3.5071E+2	2.9399E+2	2.2860E+2	1.6363E+2	1.4427E+2	1.2366E+2	1.0408E+2	8.7278E+1	7.2261E+1	5.7255E+1	4.6098E+1	4.0500E+1	3.2850E+1	3.0280E+1	2.6092E+1	2.1842E+1	1.8230E+1	1.5282E+1	1.2646E+1	1.0124E+1	8.1970E+0	6.5335E+0	5.3169E+0	4.2616E+0	3.4067E+0	2.8277E+0	2.1907E+0	1.6973E+0	1.2882E+0	8.7230E-1	5.3867E-1	2.0918E-1	-1.8655E-1	-6.2114E-1
4.5407E+2	3.5144E+2	2.9538E+2	2.2899E+2	1.6385E+2	1.4439E+2	1.2392E+2	1.0453E+2	8.7558E+1	7.2022E+1	5.7231E+1	4.6205E+1	4.0517E+1	3.2951E+1	3.0278E+1	2.6141E+1	2.1906E+1	1.8247E+1	1.5262E+1	1.2681E+1	1.0187E+1	8.2023E+0	6.5386E+0	5.3270E+0	4.2216E+0	3.3979E+0	2.7826E+0	2.1887E+0	1.6978E+0	1.2804E+0	8.9639E-1	5.5837E-1	2.0110E-1	-1.8261E-1	-6.0436E-1
4.5533E+2	3.5251E+2	2.9698E+2	2.2946E+2	1.6428E+2	1.4489E+2	1.2382E+2	1.0424E+2	8.8060E+1	7.2044E+1	5.7168E+1	4.6159E+1	4.0591E+1	3.2939E+1	3.0231E+1	2.6111E+1	2.1888E+1	1.8276E+1	1.5326E+1	1.2702E+1	1.0176E+1	8.1773E+0	6.5394E+0	5.3552E+0	4.2599E+0	3.3935E+0	2.7846E+0	2.1637E+0	1.6625E+0	1.2858E+0	9.1033E-1	5.3213E-1	1.9019E-1	-1.4657E-1	-6.2143E-1
4.5546E+2	3.5362E+2	2.9795E+2	2.3073E+2	1.6460E+2	1.4500E+2	1.2421E+2	1.0456E+2	8.8208E+1	7.2626E+1	5.7752E+1	4.6163E+1	4.0590E+1	3.3070E+1	3.0291E+1	2.6152E+1	2.1943E+1	1.8216E+1	1.5319E+1	1.2738E+1	1.0184E+1	8.2224E+0	6.5108E+0	5.3042E+0	4.2505E+0	3.4329E+0	2.8104E+0	2.1845E+0	1.7150E+0	1.2807E+0	8.8042E-1	5.5425E-1	2.1872E-1	-1.5631E-1	-6.1575E-1
4.5708E+2	3.5554E+2	2.9838E+2	2.3153E+2	1.6443E+2	1.4573E+2	1.2469E+2	1.0520E+2	8.8201E+1	7.2572E+1	5.7174E+1	4.6245E+1	4.0653E+1	3.3110E+1	3.0288E+1	2.6167E+1	2.2019E+1	1.8272E+1	1.5377E+1	1.2772E+1	1.0196E+1	8.2223E+0	6.5235E+0	5.3321E+0	4.2669E+0	3.4233E+0	2.7999E+0	2.1837E+0	1.6791E+0	1.2482E+0	8.9986E-1	5.5537E-1	1.8620E-1	-1.9202E-1	-5.8732E-1
4.5835E+2	3.5705E+2	2.9805E+2	2.3152E+2	1.6579E+2	1.4533E+2	1.2455E+2	1.0438E+2	8.8104E+1	7.2807E+1	5.7585E+1	4.6320E+1	4.0698E+1	3.3074E+1	3.0252E+1	2.6238E+1	2.1970E+1	1.8269E+1	1.5354E+1	1.2743E+1	1.0220E+1	8.2204E+0	6.5491E+0	5.3381E+0	4.2749E+0	3.3987E+0	2.8257E+0	2.1763E+0	1.7172E+0	1.2823E+0	8.9940E-1	5.5093E-1	2.0381E-1	-1.8202E-1	-6.2434E-1
4.5925E+2	3.5856E+2	2.9895E+2	2.3153E+2	1.6534E+2	1.4638E+2	1.2516E+2	1.0532E+2	8.8972E+1	7.3075E+1	5.7402E+1	4.6286E+1	4.0810E+1	3.3031E+1	3.0299E+1	2.6199E+1	2.1945E+1	1.8341E+1	1.5338E+1	1.2687E+1	1.0225E+1	8.2120E+0	6.5583E+0	5.3345E+0	4.2577E+0	3.4119E+0	2.8279E+0	2.1734E+0	1.6897E+0	1.2777E+0	8.9611E-1	5.5606E-1	2.1262E-1	-1.7463E-1	-6.0392E-1
4.6187E+2	3.6084E+2	2.9991E+2	2.3210E+2	1.6591E+2	1.4656E+2	1.2526E+2	1.0518E+2	8.8763E+1	7.2551E+1	5.7400E+1	4.6446E+1	4.0728E+1	3.3110E+1	3.0399E+1	2.6285E+1	2.2012E+1	1.8349E+1	1.5348E+1	1.2733E+1	1.0198E+1	8.2212E+0	6.5579E+0	5.3291E+0	4.2590E+0	3.4353E+0	2.7990E+0	2.1754E+0	1.7048E+0	1.3033E+0	9.0441E-1	5.2347E-1	2.2179E-1	-1.7169E-1	-6.0786E-1
4.6413E+2	3.6165E+2	3.0133E+2	2.3377E+2	1.6698E+2	1.4677E+2	1.2532E+2	1.0510E+2	8.8999E+1	7.3352E+1	5.7622E+1	4.6483E+1	4.0794E+1	3.3141E+1	3.0390E+1	2.6257E+1	2.2092E+1	1.8322E+1	1.5350E+1	1.2710E+1	1.0252E+1	8.2169E+0	6.5586E+0	5.3775E+0	4.2467E+0	3.4416E+0	2.8016E+0	2.1744E+0	1.7000E+0	1.3037E+0	8.8421E-1	5.3601E-1	1.6564E-1	-1.4648E-1	-5.9462E-1
4.6485E+2	3.6362E+2	3.0326E+2	2.3512E+2	1.6709E+2	1.4725E+2	1.2524E+2	1.0581E+2	8.8932E+1	7.2989E+1	5.8000E+1	4.6504E+1	4.0826E+1	3.3199E+1	3.0390E+1	2.6343E+1	2.2062E+1	1.8356E+1	1.5355E+1	1.2711E+1	1.0260E+1	8.2348E+0	6.5791E+0	5.3747E+0	4.2517E+0	3.4548E+0	2.7910E+0	2.2082E+0	1.7108E+0	1.2725E+0	9.1034E-1	5.4814E-1	2.1380E-1	-1.7791E-1	-5.9288E-1
4.6768E+2	3.6385E+2	3.0454E+2	2.3544E+2	1.6689E+2	1.4722E+2	1.2583E+2	1.0571E+2	8.8654E+1	7.3154E+1	5.7606E+1	4.6492E+1	4.0869E+1	3.3213E+1	3.0463E+1	2.6254E+1	2.2043E+1	1.8367E+1	1.5439E+1	1.2750E+1	1.0264E+1	8.2480E+0	6.5973E+0	5.3579E+0	4.2728E+0	3.4353E+0	2.8032E+0	2.1795E+0	1.7114E+0	1.2945E+0	8.9502E-1	5.4687E-1	1.9855E-1	-1.6908E-1	-5.7654E-1
4.6951E+2	3.6387E+2	3.0541E+2	2.3523E+2	1.6786E+2	1.4779E+2	1.2619E+2	1.0618E+2	8.8894E+1	7.3510E+1	5.7925E+1	4.6467E+1	4.0890E+1	3.3241E+1	3.0497E+1	2.6339E+1	2.2021E+1	1.8355E+1	1.5399E+1	1.2719E+1	1.0226E+1	8.2618E+0	6.5720E+0	5.3888E+0	4.2640E+0	3.4517E+0	2.8151E+0	2.2012E+0	1.7109E+0	1.2834E+0	8.9962E-1	5.2778E-1	2.0796E-1	-1.8682E-1	-6.0276E-1
4.7172E+2	3.6449E+2	3.0601E+2	2.3558E+2	1.6815E+2	1.4795E+2	1.2656E+2	1.0664E+2	8.9416E+1	7.3723E+1	5.7657E+1	4.6579E+1	4.0895E+1	3.3231E+1	3.0514E+1	2.6266E+1	2.2063E+1	1.8424E+1	1.5422E+1	1.2728E+1	1.0279E+1	8.2561E+0	6.5693E+0	5.3590E+0	4.3192E+0	3.4667E+0	2.8035E+0	2.2020E+0	1.7207E+0	1.2727E+0	9.0725E-1	5.3343E-1	1.9117E-1	-1.7452E-1	-6.0826E-1
4.7429E+2	3.6508E+2	3.0635E+2	2.3638E+2	1.6810E+2	1.4788E+2	1.2647E+2	1.0594E+2	8.9231E+1	7.3611E+1	5.7541E+1	4.6700E+1	4.0944E+1	3.3282E+1	3.0494E+1	2.6331E+1	2.2055E+1	1.8462E+1	1.5412E+1	1.2810E+1	1.0302E+1	8.2613E+0	6.5622E+0	5.3753E+0	4.2689E+0	3.4168E+0	2.7998E+0	2.2087E+0	1.7169E+0	1.2867E+0	9.0540E-1	5.3559E-1	1.7710E-1	-1.7877E-1	-5.6904E-1
4.7603E+2	3.6645E+2	3.0613E+2	2.3758E+2	1.6874E+2	1.4855E+2	1.2651E+2	1.0644E+2	8.9111E+1	7.3430E+1	5.8147E+1	4.6633E+1	4.0979E+1	3.3341E+1	3.0505E+1	2.6448E+1	2.2096E+1	1.8424E+1	1.5431E+1	1.2787E+1	1.0271E+1	8.2390E+0	6.5710E+0	5.3530E+0	4.2412E+0	3.4391E+0	2.8364E+0	2.1776E+0	1.6959E+0	1.2986E+0	9.0035E-1	5.6220E-1	2.0617E-1	-1.5481E-1	-6.1876E-1
4.7771E+2	3.6742E+2	3.0743E+2	2.3822E+2	1.6896E+2	1.4845E+2	1.2662E+2	1.0657E+2	8.9106E+1	7.3815E+1	5.8332E+1	4.6681E+1	4.1008E+1	3.3379E+1	3.0477E+1	2.6378E+1	2.2105E+1	1.8385E+1	1.5473E+1	1.2794E+1	1.0286E+1	8.2557E+0	6.5910E+0	5.3529E+0	4.2519E+0	3.4158E+0	2.7839E+0	2.1825E+0	1.7275E+0	1.2822E+0	8.9444E-1	5.4066E-1	2.0110E-1	-1.7656E-1	-6.0310E-1
4.7915E+2	3.6891E+2	3.0829E+2	2.3821E+2	1.6907E+2	1.4909E+2	1.2714E+2	1.0636E+2	8.9575E+1	7.3709E+1	5.8235E+1	4.6775E+1	4.1094E+1	3.3352E+1	3.0542E+1	2.6389E+1	2.2166E+1	1.8399E+1	1.5463E+1	1.2837E+1	1.0272E+1	8.2627E+0	6.5880E+0	5.3947E+0	4.2850E+0	3.4277E+0	2.8105E+0	2.1921E+0	1.7036E+0	1.2748E+0	8.9037E-1	5.5504E-1	2.1280E-1	-1.8076E-1	-6.0936E-1
4.8073E+2	3.7145E+2	3.0977E+2	2.3832E+2	1.6952E+2	1.4903E+2	1.2693E+2	1.0685E+2	8.9579E+1	7.3785E+1	5.8306E+1	4.6773E+1	4.1151E+1	3.3308E+1	3.0626E+1	2.6405E+1	2.2204E+1	1.8463E+1	1.5496E+1	1.2764E+1	1.0316E+1	8.2613E+0	6.5963E+0	5.3664E+0	4.2888E+0	3.4050E+0	2.8087E+0	2.1716E+0	1.6998E+0	1.2799E+0	8.8370E-1	5.6199E-1	1.9089E-1	-1.4826E-1	-5.5606E-1
4.8183E+2	3.7319E+2	3.1135E+2	2.3936E+2	1.6988E+2	1.4913E+2	1.2707E+2	1.0738E+2	8.9968E+1	7.3743E+1	5.8481E+1	4.6805E+1	4.1186E+1	3.3358E+1	3.0613E+1	2.6492E+1	2.2202E+1	1.8474E+1	1.5481E+1	1.2867E+1	1.0275E+1	8.2908E+0	6.5522E+0	5.3511E+0	4.2895E+0	3.4278E+0	2.7992E+0	2.1943E+0	1.7250E+0	1.2793E+0	8.9815E-1	5.4973E-1	2.0114E-1	-1.8232E-1	-5.9458E-1
4.8185E+2	3.7323E+2	3.1206E+2	2.4060E+2	1.7009E+2	1.4973E+2	1.2777E+2	1.0745E+2	9.0043E+1	7.4012E+1	5.8535E+1	4.6829E+1	4.1260E+1	3.3455E+1	3.0692E+1	2.6473E+1	2.2197E+1	1.8504E+1	1.5544E+1	1.2836E+1	1.0302E+1	8.2515E+0	6.5853E+0	5.4130E+0	4.2980E+0	3.4711E+0	2.8248E+0	2.1751E+0	1.6908E+0	1.2944E+0	9.0322E-1	5.4890E-1	1.8907E-1	-1.7355E-1	-5.8348E-1
4.8316E+2	3.7536E+2	3.1308E+2	2.4145E+2	1.7095E+2	1.5008E+2	1.2772E+2	1.0754E+2	9.0066E+1	7.4241E+1	5.8375E+1	4.6797E+1	4.1239E+1	3.3423E+1	3.0654E+1	2.6459E+1	2.2222E+1	1.8516E+1	1.5419E+1	1.2813E+1	1.0325E+1	8.3070E+0	6.5955E+0	5.3771E+0	4.2622E+0	3.4589E+0	2.8142E+0	2.1858E+0	1.7132E+0	1.3011E+0	9.1314E-1	5.4925E-1	1.9838E-1	-1.6758E-1	-5.8749E-1
4.8446E+2	3.7628E+2	3.1353E+2	2.4159E+2	1.7118E+2	1.5003E+2	1.2812E+2	1.0764E+2	9.0050E+1	7.4235E+1	5.8843E+1	4.7013E+1	4.1190E+1	3.3523E+1	3.0737E+1	2.6462E+1	2.2254E+1	1.8488E+1	1.5522E+1	1.2777E+1	1.0327E+1	8.2796E+0	6.6017E+0	5.3773E+0	4.2828E+0	3.4599E+0	2.8403E+0	2.1857E+0	1.7237E+0	1.3109E+0	9.2191E-1	5.4844E-1	2.1582E-1	-1.9104E-1	-5.5043E-1
4.8506E+2	3.7699E+2	3.1365E+2	2.4166E+2	1.7081E+2	1.5088E+2	1.2802E+2	1.0807E+2	9.0098E+1	7.4076E+1	5.8612E+1	4.7035E+1	4.1363E+1	3.3523E+1	3.0743E+1	2.6470E+1	2.2234E+1	1.8531E+1	1.5523E+1	1.2827E+1	1.0299E+1	8.2933E+0	6.6062E+0	5.3932E+0	4.3089E+0	3.4663E+0	2.8164E+0	2.2033E+0	1.6996E+0	1.3093E+0	9.0021E-1	5.4860E-1	2.1226E-1	-1.4622E-1	-5.7934E-1
4.8696E+2	3.7745E+2	3.1453E+2	2.4264E+2	1.7132E+2	1.5037E+2	1.2826E+2	1.0782E+2	9.0417E+1	7.4176E+1	5.8443E+1	4.6977E+1	4.1257E+1	3.3498E+1	3.0811E+1	2.6576E+1	2.2344E+1	1.8513E+1	1.5535E+1	1.2853E+1	1.0266E+1	8.2681E+0	6.6156E+0	5.3861E+0	4.2550E+0	3.4658E+0	2.8186E+0	2.2038E+0	1.7090E+0	1.2767E+0	9.0601E-1	5.4969E-1	1.9288E-1	-1.8107E-1	-6.3815E-1
4.8835E+2	3.7818E+2	3.1512E+2	2.4294E+2	1.7174E+2	1.5097E+2	1.2833E+2	1.0776E+2	9.0202E+1	7.4182E+1	5.8600E+1	4.7003E+1	4.1294E+1	3.3563E+1	3.0739E+1	2.6531E+1	2.2272E+1	1.8513E+1	1.5541E+1	1.2837E+1	1.0319E+1	8.3281E+0	6.6403E+0	5.3955E+0	4.2848E+0	3.4752E+0	2.8258E+0	2.1807E+0	1.7135E+0	1.2957E+0	9.1841E-1	5.5005E-1	2.2098E-1	-1.6134E-1	-5.9433E-1
4.8787E+2	3.7811E+2	3.1556E+2	2.4405E+2	1.7154E+2	1.5191E+2	1.2899E+2	1.0807E+2	9.0331E+1	7.3933E+1	5.8256E+1	4.7093E+1	4.1325E+1	3.3524E+1	3.0877E+1	2.6598E+1	2.2198E+1	1.8530E+1	1.5526E+1	1.2893E+1	1.0336E+1	8.2757E+0	6.6017E+0	5.4043E+0	4.2742E+0	3.4296E+0	2.8291E+0	2.1802E+0	1.7169E+0	1.3162E+0	8.9773E-1	5.6018E-1	2.0612E-1	-1.7930E-1	-5.6206E-1
4.8914E+2	3.7944E+2	3.1795E+2	2.4460E+2	1.7211E+2	1.5101E+2	1.2859E+2	1.0796E+2	9.0754E+1	7.4599E+1	5.8899E+1	4.7118E+1	4.1392E+1	3.3625E+1	3.0887E+1	2.6602E+1	2.2241E+1	1.8564E+1	1.5542E+1	1.2901E+1	1.0400E+1	8.3192E+0	6.6009E+0	5.3921E+0	4.3209E+0	3.4743E+0	2.8215E+0	2.1919E+0	1.7224E+0	1.2814E+0	9.0446E-1	5.5554E-1	1.9484E-1	-1.7430E-1	-6.0126E-1
4.9189E+2	3.8099E+2	3.1910E+2	2.4433E+2	1.7306E+2	1.5198E+2	1.2950E+2	1.0819E+2	9.0782E+1	7.4490E+1	5.8790E+1	4.7234E+1	4.1466E+1	3.3626E+1	3.0862E+1	2.6608E+1	2.2292E+1	1.8553E+1	1.5591E+1	1.2856E+1	1.0362E+1	8.3254E+0	6.6367E+0	5.3932E+0	4.2883E+0	3.4734E+0	2.8099E+0	2.2058E+0	1.7244E+0	1.3033E+0	9.0880E-1	5.6027E-1	2.0983E-1	-1.7417E-1	-5.8812E-1
4.9371E+2	3.8259E+2	3.2056E+2	2.4513E+2	1.7321E+2	1.5170E+2	1.2894E+2	1.0829E+2	9.0946E+1	7.4509E+1	5.8911E+1	4.7216E+1	4.1463E+1	3.3637E+1	3.0847E+1	2.6594E+1	2.2309E+1	1.8559E+1	1.5540E+1	1.2868E+1	1.0357E+1	8.3435E+0	6.6022E+0	5.4064E+0	4.2893E+0	3.4761E+0	2.8316E+0	2.1932E+0	1.7193E+0	1.2962E+0	9.1964E-1	5.5618E-1	2.0664E-1	-1.5814E-1	-5.9245E-1
4.9615E+2	3.8458E+2	3.2047E+2	2.4583E+2	1.7315E+2	1.5232E+2	1.2991E+2	1.0871E+2	9.1252E+1	7.4471E+1	5.8811E+1	4.7332E+1	4.1528E+1	3.3677E+1	3.0872E+1	2.6649E+1	2.2348E+1	1.8628E+1	1.5593E+1	1.2921E+1	1.0355E+1	8.4039E+0	6.6373E+0	5.3954E+0	4.3067E+0	3.4784E+0	2.8763E+0	2.1994E+0	1.7164E+0	1.3104E+0	9.0841E-1	5.5833E-1	2.2388E-1	-1.7476E-1	-5.7199E-1
4.9727E+2	3.8590E+2	3.2034E+2	2.4708E+2	1.7402E+2	1.5277E+2	1.2924E+2	1.0901E+2	9.1063E+1	7.4368E+1	5.9062E+1	4.7263E+1	4.1533E+1	3.3689E+1	3.0868E+1	2.6672E+1	2.2313E+1	1.8611E+1	1.5595E+1	1.2870E+1	1.0344E+1	8.3300E+0	6.6239E+0	5.4200E+0	4.3130E+0	3.4806E+0	2.8452E+0	2.2102E+0	1.7132E+0	1.3060E+0	9.1367E-1	5.5808E-1	1.9984E-1	-1.8111E-1	-5.7524E-1
4.9895E+2	3.8683E+2	3.2087E+2	2.4757E+2	1.7365E+2	1.5216E+2	1.2993E+2	1.0883E+2	9.0923E+1	7.5061E+1	5.9046E+1	4.7282E+1	4.1567E+1	3.3648E+1	3.0866E+1	2.6675E+1	2.2339E+1	1.8570E+1	1.5539E+1	1.2895E+1	1.0356E+1	8.3430E+0	6.6612E+0	5.4072E+0	4.2971E+0	3.4657E+0	2.8285E+0	2.2025E+0	1.7460E+0	1.2917E+0	9.1620E-1	5.5517E-1	2.0648E-1	-1.6995E-1	-5.5921E-1
5.0012E+2	3.8687E+2	3.2246E+2	2.4780E+2	1.7422E+2	1.5317E+2	1.3011E+2	1.0892E+2	9.1134E+1	7.4796E+1	5.9067E+1	4.7294E+1	4.1596E+1	3.3805E+1	3.0874E+1	2.6656E+1	2.2358E+1	1.8538E+1	1.5545E+1	1.2966E+1	1.0375E+1	8.3245E+0	6.6529E+0	5.3865E+0	4.3031E+0	3.4543E+0	2.8589E+0	2.2216E+0	1.7254E+0	1.2939E+0	9.1197E-1	5.6068E-1	2.0775E-1	-1.7733E-1	-5.5452E-1
5.0360E+2	3.8865E+2	3.2285E+2	2.4757E+2	1.7492E+2	1.5325E+2	1.3047E+2	1.0914E+2	9.1406E+1	7.4991E+1	5.9145E+1	4.7433E+1	4.1626E+1	3.3656E+1	3.0959E+1	2.6721E+1	2.2378E+1	1.8665E+1	1.5634E+1	1.2879E+1	1.0416E+1	8.3395E+0	6.6411E+0	5.3839E+0	4.2963E+0	3.4769E+0	2.8298E+0	2.2092E+0	1.7361E+0	1.3175E+0	9.0170E-1	5.6071E-1	2.1161E-1	-1.4738E-1	-5.9750E-1
5.0589E+2	3.8978E+2	3.2442E+2	2.4862E+2	1.7508E+2	1.5336E+2	1.3028E+2	1.0908E+2	9.1084E+1	7.5194E+1	5.9099E+1	4.7398E+1	4.1566E+1	3.3783E+1	3.0972E+1	2.6753E+1	2.2388E+1	1.8683E+1	1.5701E+1	1.2906E+1	1.0365E+1	8.3614E+0	6.6227E+0	5.4308E+0	4.3239E+0	3.4619E+0	2.8174E+0	2.2027E+0	1.7206E+0	1.2999E+0	9.1044E-1	5.5284E-1	2.0112E-1	-1.7104E-1	-6.1850E-1
5.0704E+2	3.8976E+2	3.2548E+2	2.4920E+2	1.7496E+2	1.5404E+2	1.3056E+2	1.0914E+2	9.1457E+1	7.5005E+1	5.9134E+1	4.7470E+1	4.1574E+1	3.3839E+1	3.1028E+1	2.6722E+1	2.2346E+1	1.8713E+1	1.5661E+1	1.2961E+1	1.0378E+1	8.3570E+0	6.6798E+0	5.4394E+0	4.3317E+0	3.4983E+0	2.8495E+0	2.2143E+0	1.7212E+0	1.3050E+0	9.0135E-1	5.4125E-1	2.0486E-1	-1.8484E-1	-6.1699E-1
5.0778E+2	3.9056E+2	3.2668E+2	2.4995E+2	1.7573E+2	1.5395E+2	1.3053E+2	1.0952E+2	9.1482E+1	7.5112E+1	5.9356E+1	4.7521E+1	4.1711E+1	3.3744E+1	3.1013E+1	2.6829E+1	2.2395E+1	1.8606E+1	1.5605E+1	1.2945E+1	1.0357E+1	8.3962E+0	6.6397E+0	5.4195E+0	4.3144E+0	3.4897E+0	2.8500E+0	2.2161E+0	1.7095E+0	1.3196E+0	9.0006E-1	5.6128E-1	1.9443E-1	-1.5930E-1	-5.8421E-1
5.0797E+2	3.9363E+2	3.2616E+2	2.5034E+2	1.7573E+2	1.5413E+2	1.3085E+2	1.0974E+2	9.1635E+1	7.5017E+1	5.9502E+1	4.7593E+1	4.1689E+1	3.3847E+1	3.0934E+1	2.6816E+1	2.2462E+1	1.8704E+1	1.5679E+1	1.2963E+1	1.0387E+1	8.3702E+0	6.6452E+0	5.4167E+0	4.3070E+0	3.4583E+0	2.8453E+0	2.2067E+0	1.7242E+0	1.3170E+0	9.1336E-1	5.5938E-1	2.1406E-1	-1.5899E-1	-5.7514E-1
5.1046E+2	3.9297E+2	3.2738E+2	2.5130E+2	1.7618E+2	1.5485E+2	1.3107E+2	1.0963E+2	9.1761E+1	7.5275E+1	5.9476E+1	4.7532E+1	4.1798E+1	3.3841E+1	3.1056E+1	2.6783E+1	2.2468E+1	1.8718E+1	1.5637E+1	1.2929E+1	1.0450E+1	8.4133E+0	6.6858E+0	5.4486E+0	4.2821E+0	3.4726E+0	2.8385E+0	2.2102E+0	1.7324E+0	1.3212E+0	9.1795E-1	5.7558E-1	2.1053E-1	-1.7291E-1	-5.6555E-1
5.1258E+2	3.9427E+2	3.2806E+2	2.5104E+2	1.7664E+2	1.5446E+2	1.3179E+2	1.1000E+2	9.1729E+1	7.5259E+1	5.9620E+1	4.7507E+1	4.1879E+1	3.3970E+1	3.0993E+1	2.6836E+1	2.2494E+1	1.8702E+1	1.5713E+1	1.3004E+1	1.0368E+1	8.3493E+0	6.6548E+0	5.4199E+0	4.3093E+0	3.4778E+0	2.8705E+0	2.2151E+0	1.7308E+0	1.3051E+0	9.2281E-1	5.7198E-1	2.0312E-1	-1.7131E-1	-5.7593E-1
5.1381E+2	3.9587E+2	3.2832E+2	2.5299E+2	1.7696E+2	1.5554E+2	1.3078E+2	1.0997E+2	9.2089E+1	7.5670E+1	5.9145E+1	4.7610E+1	4.1879E+1	3.3953E+1	3.1028E+1	2.6827E+1	2.2536E+1	1.8742E+1	1.5690E+1	1.2957E+1	1.0380E+1	8.3944E+0	6.6689E+0	5.4224E+0	4.3002E+0	3.4730E+0	2.8382E+0	2.2245E+0	1.7477E+0	1.3231E+0	8.9379E-1	5.6585E-1	2.2211E-1	-1.7543E-1	-5.9607E-1
5.1492E+2	3.9733E+2	3.3050E+2	2.5315E+2	1.7695E+2	1.5555E+2	1.3191E+2	1.1045E+2	9.2275E+1	7.5381E+1	5.9405E+1	4.7771E+1	4.1862E+1	3.3972E+1	3.1081E+1	2.6864E+1	2.2515E+1	1.8747E+1	1.5700E+1	1.3017E+1	1.0442E+1	8.3737E+0	6.6693E+0	5.4376E+0	4.3154E+0	3.4610E+0	2.8404E+0	2.2144E+0	1.7281E+0	1.3052E+0	9.2671E-1	5.5763E-1	2.2977E-1	-1.5629E-1	-5.9937E-1
5.1573E+2	3.9836E+2	3.3085E+2	2.5322E+2	1.7736E+2	1.5561E+2	1.3180E+2	1.0998E+2	9.2745E+1	7.5735E+1	5.9329E+1	4.7643E+1	4.1879E+1	3.3904E+1	3.1127E+1	2.6907E+1	2.2521E+1	1.8666E+1	1.5717E+1	1.2949E+1	1.0422E+1	8.3871E+0	6.6748E+0	5.4178E+0	4.3111E+0	3.4951E+0	2.8706E+0	2.2221E+0	1.7370E+0	1.2811E+0	9.0589E-1	5.6750E-1	2.0706E-1	-1.8184E-1	-5.8669E-1
5.1595E+2	4.0069E+2	3.3253E+2	2.5382E+2	1.7742E+2	1.5582E+2	1.3222E+2	1.1013E+2	9.2177E+1	7.5653E+1	5.9401E+1	4.7769E+1	4.1894E+1	3.3941E+1	3.1182E+1	2.6960E+1	2.2445E+1	1.8764E+1	1.5695E+1	1.2995E+1	1.0423E+1	8.4135E+0	6.6339E+0	5.4519E+0	4.3368E+0	3.4830E+0	2.8268E+0	2.2315E+0	1.7223E+0	1.2939E+0	9.2565E-1	5.8089E-1	2.0992E-1	-1.4943E-1	-5.6692E-1
5.1766E+2	4.0179E+2	3.3372E+2	2.5398E+2	1.7777E+2	1.5582E+2	1.3188E+2	1.1117E+2	9.2395E+1	7.5722E+1	5.9529E+1	4.7826E+1	4.2001E+1	3.3990E+1	3.1162E+1	2.6861E+1	2.2477E+1	1.8775E+1	1.5653E+1	1.3005E+1	1.0451E+1	8.3658E+0	6.6914E+0	5.4257E+0	4.3233E+0	3.4969E+0	2.8387E+0	2.2136E+0	1.7088E+0	1.2894E+0	9.1537E-1	5.5966E-1	2.0700E-1	-1.5425E-1	-5.3136E-1
5.1849E+2	4.0239E+2	3.3470E+2	2.5502E+2	1.7840E+2	1.5609E+2	1.3260E+2	1.1078E+2	9.2448E+1	7.5820E+1	5.9582E+1	4.7763E+1	4.1985E+1	3.3957E+1	3.1165E+1	2.6929E+1	2.2543E+1	1.8740E+1	1.5740E+1	1.3008E+1	1.0425E+1	8.3658E+0	6.6997E+0	5.4597E+0	4.3228E+0	3.4603E+0	2.8631E+0	2.2208E+0	1.7359E+0	1.3102E+0	9.1648E-1	5.7202E-1	2.0201E-1	-1.5475E-1	-6.0591E-1
5.2085E+2	4.0324E+2	3.3479E+2	2.5564E+2	1.7923E+2	1.5632E+2	1.3240E+2	1.1070E+2	9.2797E+1	7.6047E+1	5.9588E+1	4.7829E+1	4.1927E+1	3.4063E+1	3.1144E+1	2.6950E+1	2.2541E+1	1.8746E+1	1.5668E+1	1.2987E+1	1.0444E+1	8.4046E+0	6.6572E+0	5.4463E+0	4.3338E+0	3.4651E+0	2.8526E+0	2.2315E+0	1.7255E+0	1.3086E+0	9.3499E-1	5.9122E-1	2.2540E-1	-1.7089E-1	-6.1784E-1
5.2286E+2	4.0341E+2	3.3540E+2	2.5649E+2	1.7848E+2	1.5670E+2	1.3278E+2	1.1106E+2	9.2816E+1	7.6092E+1	5.9479E+1	4.7818E+1	4.2044E+1	3.4052E+1	3.1251E+1	2.6880E+1	2.2517E+1	1.8793E+1	1.5779E+1	1.3005E+1	1.0468E+1	8.3918E+0	6.6783E+0	5.4794E+0	4.3196E+0	3.4916E+0	2.8673E+0	2.2155E+0	1.7317E+0	1.2969E+0	9.1564E-1	5.5454E-1	2.0766E-1	-1.6883E-1	-5.6911E-1
5.2504E+2	4.0474E+2	3.3549E+2	2.5663E+2	1.7931E+2	1.5741E+2	1.3281E+2	1.1091E+2	9.2697E+1	7.5711E+1	6.0194E+1	4.7933E+1	4.2135E+1	3.4087E+1	3.1275E+1	2.6926E+1	2.2543E+1	1.8758E+1	1.5710E+1	1.3080E+1	1.0449E+1	8.3986E+0	6.6896E+0	5.4298E+0	4.3139E+0	3.5077E+0	2.8528E+0	2.2140E+0	1.7484E+0	1.3194E+0	9.0442E-1	5.7691E-1	1.9555E-1	-1.8128E-1	-5.8272E-1
5.2730E+2	4.0492E+2	3.3641E+2	2.5680E+2	1.8020E+2	1.5696E+2	1.3346E+2	1.1129E+2	9.3089E+1	7.6300E+1	5.9824E+1	4.8001E+1	4.2122E+1	3.4092E+1	3.1353E+1	2.6965E+1	2.2622E+1	1.8802E+1	1.5743E+1	1.3049E+1	1.0463E+1	8.4323E+0	6.7034E+0	5.4459E+0	4.2807E+0	3.4784E+0	2.8424E+0	2.2316E+0	1.7199E+0	1.2954E+0	9.1445E-1	5.5267E-1	2.2784E-1	-1.8151E-1	-5.6194E-1
5.2938E+2	4.0776E+2	3.3829E+2	2.5770E+2	1.8007E+2	1.5763E+2	1.3337E+2	1.1132E+2	9.3068E+1	7.6248E+1	6.0188E+1	4.8079E+1	4.2080E+1	3.4110E+1	3.1371E+1	2.6984E+1	2.2610E+1	1.8868E+1	1.5833E+1	1.3035E+1	1.0465E+1	8.4364E+0	6.7151E+0	5.4365E+0	4.2991E+0	3.5008E+0	2.8512E+0	2.2265E+0	1.7401E+0	1.3088E+0	9.1924E-1	5.7205E-1	2.1896E-1	-1.5425E-1	-5.5689E-1
5.3230E+2	4.0845E+2	3.3977E+2	2.5911E+2	1.8045E+2	1.5803E+2	1.3388E+2	1.1144E+2	9.3214E+1	7.6552E+1	5.9805E+1	4.8104E+1	4.2162E+1	3.4183E+1	3.1342E+1	2.6958E+1	2.2684E+1	1.8833E+1	1.5712E+1	1.3052E+1	1.0473E+1	8.4481E+0	6.7438E+0	5.4535E+0	4.3240E+0	3.5084E+0	2.8606E+0	2.2207E+0	1.7353E+0	1.3196E+0	9.1277E-1	5.6776E-1	2.1113E-1	-1.7171E-1	-6.0051E-1
5.3441E+2	4.1066E+2	3.4063E+2	2.6013E+2	1.8086E+2	1.5811E+2	1.3368E+2	1.1192E+2	9.3331E+1	7.6404E+1	5.9941E+1	4.8093E+1	4.2180E+1	3.4211E+1	3.1431E+1	2.7033E+1	2.2622E+1	1.8837E+1	1.5816E+1	1.3024E+1	1.0481E+1	8.3934E+0	6.6849E+0	5.5033E+0	4.3340E+0	3.4942E+0	2.8555E+0	2.2314E+0	1.7374E+0	1.3064E+0	9.0218E-1	5.7853E-1	2.4074E-1	-1.5395E-1	-5.8941E-1
5.3753E+2	4.1301E+2	3.4307E+2	2.6047E+2	1.8090E+2	1.5894E+2	1.3429E+2	1.1212E+2	9.3161E+1	7.6251E+1	6.0435E+1	4.8091E+1	4.2309E+1	3.4298E+1	3.1484E+1	2.7050E+1	2.2704E+1	1.8910E+1	1.5752E+1	1.3093E+1	1.0479E+1	8.4325E+0	6.7025E+0	5.4571E+0	4.3453E+0	3.4939E+0	2.8570E+0	2.2152E+0	1.7348E+0	1.3215E+0	9.3131E-1	5.6247E-1	2.3009E-1	-1.5921E-1	-5.7248E-1
5.3946E+2	4.1472E+2	3.4314E+2	2.6095E+2	1.8183E+2	1.5871E+2	1.3419E+2	1.1229E+2	9.3113E+1	7.6604E+1	6.0202E+1	4.8281E+1	4.2307E+1	3.4284E+1	3.1347E+1	2.7053E+1	2.2679E+1	1.8890E+1	1.5856E+1	1.3062E+1	1.0454E+1	8.4202E+0	6.7055E+0	5.4981E+0	4.3357E+0	3.4890E+0	2.8855E+0	2.2368E+0	1.7404E+0	1.3208E+0	9.3543E-1	5.8129E-1	2.0230E-1	-1.7462E-1	-5.7853E-1
5.4014E+2	4.1524E+2	3.4390E+2	2.6093E+2	1.8253E+2	1.5918E+2	1.3443E+2	1.1255E+2	9.3722E+1	7.6936E+1	6.0633E+1	4.8305E+1	4.2301E+1	3.4309E+1	3.1425E+1	2.7111E+1	2.2757E+1	1.8936E+1	1.5761E+1	1.3126E+1	1.0489E+1	8.4122E+0	6.6841E+0	5.4757E+0	4.3432E+0	3.4884E+0	2.8776E+0	2.2343E+0	1.7380E+0	1.3267E+0	9.3018E-1	5.6731E-1	2.2562E-1	-1.6351E-1	-5.7741E-1
5.4322E+2	4.1729E+2	3.4447E+2	2.6216E+2	1.8236E+2	1.5910E+2	1.3477E+2	1.1245E+2	9.3964E+1	7.6922E+1	6.0209E+1	4.8283E+1	4.2397E+1	3.4316E+1	3.1432E+1	2.7127E+1	2.2767E+1	1.8893E+1	1.5850E+1	1.3064E+1	1.0530E+1	8.4626E+0	6.6899E+0	5.4533E+0	4.3590E+0	3.4965E+0	2.8740E+0	2.2376E+0	1.7593E+0	1.3027E+0	9.2981E-1	5.6302E-1	2.3357E-1	-1.6209E-1	-6.1886E-1
5.4484E+2	4.1801E+2	3.4438E+2	2.6317E+2	1.8231E+2	1.5925E+2	1.3527E+2	1.1336E+2	9.4007E+1	7.6637E+1	6.0229E+1	4.8435E+1	4.2453E+1	3.4366E+1	3.1518E+1	2.7136E+1	2.2752E+1	1.8869E+1	1.5779E+1	1.3103E+1	1.0482E+1	8.4566E+0	6.7857E+0	5.4659E+0	4.3571E+0	3.5217E+0	2.8727E+0	2.2093E+0	1.7480E+0	1.3109E+0	9.1067E-1	5.7607E-1	2.1482E-1	-1.8242E-1	-5.7097E-1
5.4391E+2	4.1815E+2	3.4645E+2	2.6306E+2	1.8314E+2	1.5935E+2	1.3491E+2	1.1265E+2	9.3968E+1	7.6769E+1	6.0357E+1	4.8404E+1	4.2388E+1	3.4399E+1	3.1544E+1	2.7125E+1	2.2727E+1	1.8929E+1	1.5859E+1	1.3073E+1	1.0543E+1	8.4626E+0	6.7035E+0	5.4669E+0	4.3731E+0	3.5105E+0	2.8568E+0	2.2351E+0	1.7354E+0	1.3111E+0	9.0786E-1	5.8765E-1	2.2973E-1	-1.5267E-1	-5.4500E-1
5.4614E+2	4.1948E+2	3.4689E+2	2.6388E+2	1.8306E+2	1.5994E+2	1.3527E+2	1.1270E+2	9.4072E+1	7.6385E+1	6.0426E+1	4.8448E+1	4.2406E+1	3.4406E+1	3.1502E+1	2.7189E+1	2.2776E+1	1.8901E+1	1.5839E+1	1.3109E+1	1.0483E+1	8.4914E+0	6.7492E+0	5.4483E+0	4.3431E+0	3.5289E+0	2.8754E+0	2.2379E+0	1.7410E+0	1.3311E+0	9.3105E-1	5.6417E-1	2.1484E-1	-1.5223E-1	-6.2072E-1
5.4799E+2	4.1965E+2	3.4877E+2	2.6390E+2	1.8325E+2	1.6049E+2	1.3521E+2	1.1303E+2	9.4230E+1	7.6703E+1	6.0262E+1	4.8453E+1	4.2480E+1	3.4315E+1	3.1490E+1	2.7243E+1	2.2734E+1	1.8930E+1	1.5843E+1	1.3107E+1	1.0520E+1	8.4886E+0	6.7319E+0	5.4675E+0	4.3160E+0	3.5090E+0	2.8781E+0	2.2509E+0	1.7380E+0	1.3144E+0	9.2443E-1	5.7161E-1	2.0958E-1	-1.6602E-1	-5.5014E-1
5.4947E+2	4.2144E+2	3.4942E+2	2.6488E+2	1.8374E+2	1.6029E+2	1.3543E+2	1.1322E+2	9.3949E+1	7.7181E+1	6.0483E+1	4.8456E+1	4.2458E+1	3.4395E+1	3.1477E+1	2.7218E+1	2.2808E+1	1.8946E+1	1.5851E+1	1.3154E+1	1.0506E+1	8.4613E+0	6.7291E+0	5.4818E+0	4.3319E+0	3.5027E+0	2.8627E+0	2.2148E+0	1.7483E+0	1.3053E+0	9.3095E-1	5.6284E-1	2.0433E-1	-1.3845E-1	-5.6589E-1
5.5055E+2	4.2284E+2	3.5083E+2	2.6604E+2	1.8392E+2	1.6078E+2	1.3620E+2	1.1356E+2	9.4557E+1	7.7152E+1	6.0526E+1	4.8485E+1	4.2488E+1	3.4419E+1	3.1588E+1	2.7218E+1	2.2760E+1	1.9016E+1	1.5851E+1	1.3114E+1	1.0505E+1	8.4949E+0	6.7114E+0	5.4887E+0	4.3155E+0	3.4876E+0	2.8757E+0	2.2562E+0	1.7281E+0	1.3013E+0	9.3070E-1	5.8543E-1	2.3351E-1	-1.6384E-1	-5.7073E-1
5.5066E+2	4.2357E+2	3.5091E+2	2.6645E+2	1.8403E+2	1.6155E+2	1.3593E+2	1.1351E+2	9.3976E+1	7.7127E+1	6.0471E+1	4.8479E+1	4.2503E+1	3.4448E+1	3.1544E+1	2.7234E+1	2.2801E+1	1.8927E+1	1.5836E+1	1.3110E+1	1.0524E+1	8.4726E+0	6.7151E+0	5.4812E+0	4.3746E+0	3.5326E+0	2.8823E+0	2.2342E+0	1.7230E+0	1.3059E+0	9.2440E-1	5.8200E-1	2.4014E-1	-1.7516E-1	-5.8840E-1
5.5296E+2	4.2516E+2	3.5116E+2	2.6651E+2	1.8489E+2	1.6110E+2	1.3605E+2	1.1295E+2	9.4565E+1	7.7192E+1	6.0628E+1	4.8477E+1	4.2600E+1	3.4450E+1	3.1636E+1	2.7214E+1	2.2793E+1	1.8946E+1	1.5864E+1	1.3103E+1	1.0548E+1	8.5190E+0	6.7710E+0	5.4846E+0	4.3299E+0	3.5348E+0	2.8353E+0	2.2425E+0	1.7445E+0	1.3307E+0	9.2915E-1	5.6392E-1	2.1408E-1	-1.5134E-1	-5.3445E-1
5.5448E+2	4.2788E+2	3.5167E+2	2.6683E+2	1.8491E+2	1.6127E+2	1.3648E+2	1.1376E+2	9.4850E+1	7.7314E+1	6.0831E+1	4.8565E+1	4.2615E+1	3.4456E+1	3.1562E+1	2.7194E+1	2.2825E+1	1.9003E+1	1.5920E+1	1.3111E+1	1.0547E+1	8.4551E+0	6.6963E+0	5.4913E+0	4.3567E+0	3.5139E+0	2.8707E+0	2.2384E+0	1.7423E+0	1.3104E+0	9.1732E-1	5.7643E-1	2.3174E-1	-1.4382E-1	-5.6767E-1
5.5695E+2	4.2945E+2	3.5313E+2	2.6738E+2	1.8532E+2	1.6187E+2	1.3650E+2	1.1372E+2	9.4733E+1	7.7168E+1	6.0541E+1	4.8722E+1	4.2583E+1	3.4478E+1	3.1702E+1	2.7239E+1	2.2812E+1	1.9017E+1	1.5909E+1	1.3214E+1	1.0501E+1	8.4936E+0	6.7222E+0	5.4705E+0	4.3407E+0	3.4773E+0	2.8784E+0	2.2485E+0	1.7510E+0	1.3061E+0	9.0709E-1	5.6474E-1	2.2692E-1	-1.4124E-1	-5.6711E-1
5.5998E+2	4.3104E+2	3.5488E+2	2.6909E+2	1.8596E+2	1.6180E+2	1.3688E+2	1.1408E+2	9.4952E+1	7.7678E+1	6.0847E+1	4.8792E+1	4.2657E+1	3.4548E+1	3.1565E+1	2.7272E+1	2.2924E+1	1.9024E+1	1.5870E+1	1.3167E+1	1.0534E+1	8.4616E+0	6.7454E+0	5.4745E+0	4.3825E+0	3.4922E+0	2.8817E+0	2.2269E+0	1.7189E+0	1.3250E+0	9.2514E-1	5.8488E-1	2.1710E-1	-1.6401E-1	-5.9108E-1
5.6206E+2	4.3237E+2	3.5621E+2	2.6987E+2	1.8643E+2	1.6267E+2	1.3706E+2	1.1446E+2	9.4647E+1	7.8031E+1	6.0900E+1	4.8746E+1	4.2622E+1	3.4554E+1	3.1591E+1	2.7307E+1	2.2916E+1	1.8992E+1	1.5926E+1	1.3054E+1	1.0577E+1	8.4536E+0	6.7611E+0	5.4833E+0	4.3354E+0	3.5198E+0	2.8830E+0	2.2549E+0	1.7471E+0	1.3269E+0	9.3600E-1	5.6621E-1	2.3072E-1	-1.7125E-1	-5.4325E-1
5.6487E+2	4.3381E+2	3.5790E+2	2.7046E+2	1.8630E+2	1.6290E+2	1.3695E+2	1.1411E+2	9.4806E+1	7.7902E+1	6.0728E+1	4.8714E+1	4.2790E+1	3.4598E+1	3.1670E+1	2.7347E+1	2.2824E+1	1.9026E+1	1.5896E+1	1.3190E+1	1.0558E+1	8.4354E+0	6.7612E+0	5.4859E+0	4.3661E+0	3.5185E+0	2.8823E+0	2.2367E+0	1.7420E+0	1.3085E+0	9.1646E-1	5.7539E-1	2.1570E-1	-1.4709E-1	-5.6934E-1
5.6765E+2	4.3431E+2	3.5925E+2	2.7051E+2	1.8709E+2	1.6288E+2	1.3769E+2	1.1419E+2	9.4735E+1	7.7647E+1	6.1273E+1	4.8745E+1	4.2688E+1	3.4578E+1	3.1725E+1	2.7300E+1	2.2880E+1	1.9021E+1	1.5945E+1	1.3188E+1	1.0507E+1	8.4944E+0	6.7397E+0	5.4763E+0	4.3686E+0	3.5180E+0	2.8652E+0	2.2184E+0	1.7594E+0	1.3337E+0	9.2266E-1	6.0366E-1	2.3966E-1	-1.6744E-1	-6.1484E-1
5.7119E+2	4.3570E+2	3.6018E+2	2.7015E+2	1.8759E+2	1.6355E+2	1.3750E+2	1.1472E+2	9.5514E+1	7.7784E+1	6.1089E+1	4.8821E+1	4.2800E+1	3.4640E+1	3.1762E+1	2.7331E+1	2.2904E+1	1.9030E+1	1.5924E+1	1.3190E+1	1.0553E+1	8.5128E+0	6.7798E+0	5.4683E+0	4.3544E+0	3.5330E+0	2.8768E+0	2.2524E+0	1.7567E+0	1.3395E+0	9.3043E-1	6.0083E-1	2.4607E-1	-1.3531E-1	-5.8546E-1
5.7381E+2	4.3652E+2	3.6091E+2	2.7243E+2	1.8762E+2	1.6344E+2	1.3819E+2	1.1485E+2	9.5592E+1	7.7958E+1	6.0696E+1	4.8931E+1	4.2800E+1	3.4701E+1	3.1706E+1	2.7361E+1	2.2915E+1	1.9105E+1	1.5906E+1	1.3185E+1	1.0535E+1	8.5136E+0	6.7460E+0	5.4884E+0	4.3480E+0	3.5109E+0	2.8772E+0	2.2447E+0	1.7442E+0	1.3067E+0	9.4859E-1	5.9165E-1	2.0928E-1	-1.6018E-1	-5.3785E-1
5.7790E+2	4.3892E+2	3.6180E+2	2.7374E+2	1.8822E+2	1.6418E+2	1.3823E+2	1.1526E+2	9.5292E+1	7.8156E+1	6.1348E+1	4.9022E+1	4.2864E+1	3.4721E+1	3.1826E+1	2.7361E+1	2.2955E+1	1.9059E+1	1.5966E+1	1.3259E+1	1.0592E+1	8.4945E+0	6.7532E+0	5.4762E+0	4.3433E+0	3.5189E+0	2.8708E+0	2.2404E+0	1.7506E+0	1.3282E+0	9.4253E-1	6.1144E-1	2.2168E-1	-1.4620E-1	-5.3822E-1
5.8143E+2	4.4047E+2	3.6107E+2	2.7494E+2	1.8931E+2	1.6447E+2	1.3865E+2	1.1517E+2	9.5408E+1	7.8131E+1	6.1157E+1	4.9035E+1	4.2913E+1	3.4911E+1	3.1803E+1	2.7499E+1	2.2980E+1	1.9059E+1	1.5963E+1	1.3201E+1	1.0600E+1	8.4817E+0	6.7716E+0	5.4915E+0	4.3401E+0	3.5060E+0	2.8832E+0	2.2620E+0	1.7406E+0	1.3173E+0	9.2729E-1	5.7966E-1	2.3186E-1	-1.6075E-1	-5.6636E-1
5.8133E+2	4.4314E+2	3.6487E+2	2.7481E+2	1.8907E+2	1.6477E+2	1.3889E+2	1.1552E+2	9.5694E+1	7.8483E+1	6.1427E+1	4.9071E+1	4.2980E+1	3.4694E+1	3.1954E+1	2.7433E+1	2.3024E+1	1.9129E+1	1.5969E+1	1.3247E+1	1.0587E+1	8.4511E+0	6.7426E+0	5.5056E+0	4.3999E+0	3.5386E+0	2.8668E+0	2.2351E+0	1.7529E+0	1.3226E+0	9.4466E-1	5.8358E-1	2.2665E-1	-1.5233E-1	-5.7702E-1
5.8342E+2	4.4569E+2	3.6574E+2	2.7543E+2	1.8935E+2	1.6540E+2	1.3884E+2	1.1567E+2	9.6098E+1	7.8047E+1	6.1430E+1	4.9156E+1	4.2998E+1	3.4812E+1	3.1924E+1	2.7554E+1	2.2967E+1	1.9106E+1	1.6010E+1	1.3258E+1	1.0637E+1	8.5444E+0	6.7808E+0	5.4927E+0	4.3784E+0	3.5535E+0	2.8903E+0	2.2404E+0	1.7632E+0	1.3133E+0	9.1794E-1	5.7749E-1	2.0307E-1	-1.3299E-1	-5.6105E-1
5.8353E+2	4.4581E+2	3.6705E+2	2.7635E+2	1.8959E+2	1.6486E+2	1.3896E+2	1.1583E+2	9.5894E+1	7.8113E+1	6.1409E+1	4.9152E+1	4.3070E+1	3.4799E+1	3.1864E+1	2.7495E+1	2.3007E+1	1.9112E+1	1.5991E+1	1.3154E+1	1.0618E+1	8.4975E+0	6.7308E+0	5.4964E+0	4.3587E+0	3.5203E+0	2.8640E+0	2.2384E+0	1.7642E+0	1.3267E+0	9.1861E-1	5.6691E-1	2.0379E-1	-1.6600E-1	-5.8216E-1
5.8735E+2	4.4800E+2	3.6875E+2	2.7722E+2	1.9006E+2	1.6520E+2	1.3924E+2	1.1570E+2	9.6220E+1	7.8478E+1	6.1672E+1	4.9148E+1	4.3102E+1	3.4865E+1	3.1867E+1	2.7500E+1	2.3013E+1	1.9177E+1	1.6017E+1	1.3222E+1	1.0578E+1	8.5152E+0	6.7483E+0	5.4803E+0	4.3909E+0	3.5266E+0	2.8963E+0	2.2385E+0	1.7292E+0	1.3359E+0	9.3060E-1	5.6259E-1	2.3885E-1	-1.4334E-1	-5.3586E-1
5.9004E+2	4.5079E+2	3.7032E+2	2.7828E+2	1.8987E+2	1.6585E+2	1.3965E+2	1.1607E+2	9.6426E+1	7.8129E+1	6.1626E+1	4.9257E+1	4.3150E+1	3.4932E+1	3.1970E+1	2.7456E+1	2.3048E+1	1.9066E+1	1.5987E+1	1.3204E+1	1.0579E+1	8.5495E+0	6.8124E+0	5.4760E+0	4.3549E+0	3.5114E+0	2.8683E+0	2.2444E+0	1.7572E+0	1.3215E+0	9.4554E-1	5.6759E-1	2.4072E-1	-1.4559E-1	-5.7469E-1
5.9222E+2	4.5233E+2	3.7067E+2	2.7849E+2	1.9103E+2	1.6597E+2	1.4033E+2	1.1618E+2	9.6654E+1	7.8697E+1	6.1435E+1	4.9311E+1	4.3154E+1	3.4884E+1	3.1947E+1	2.7469E+1	2.3046E+1	1.9130E+1	1.6021E+1	1.3230E+1	1.0615E+1	8.5094E+0	6.8009E+0	5.5137E+0	4.3446E+0	3.5364E+0	2.8947E+0	2.2571E+0	1.7582E+0	1.3329E+0	9.4501E-1	5.8271E-1	2.3218E-1	-1.5689E-1	-5.7142E-1
5.9668E+2	4.5479E+2	3.7259E+2	2.7929E+2	1.9117E+2	1.6701E+2	1.4018E+2	1.1637E+2	9.6664E+1	7.8608E+1	6.1758E+1	4.9325E+1	4.3229E+1	3.4969E+1	3.1975E+1	2.7530E+1	2.3032E+1	1.9192E+1	1.6037E+1	1.3253E+1	1.0613E+1	8.5133E+0	6.7576E+0	5.5129E+0	4.3779E+0	3.5391E+0	2.8776E+0	2.2506E+0	1.7679E+0	1.3257E+0	9.2428E-1	5.8964E-1	2.3907E-1	-1.5175E-1	-6.0582E-1
6.0099E+2	4.5613E+2	3.7481E+2	2.8051E+2	1.9208E+2	1.6692E+2	1.4053E+2	1.1651E+2	9.7065E+1	7.9100E+1	6.1825E+1	4.9386E+1	4.3226E+1	3.4939E+1	3.2060E+1	2.7611E+1	2.3146E+1	1.9155E+1	1.6060E+1	1.3217E+1	1.0639E+1	8.5377E+0	6.7583E+0	5.4945E+0	4.3781E+0	3.5207E+0	2.8736E+0	2.2596E+0	1.7528E+0	1.3244E+0	9.4963E-1	5.6793E-1	2.3285E-1	-1.5174E-1	-5.6479E-1
6.0003E+2	4.5646E+2	3.7409E+2	2.8086E+2	1.9197E+2	1.6712E+2	1.4043E+2	1.1679E+2	9.6760E+1	7.8787E+1	6.1614E+1	4.9352E+1	4.3221E+1	3.4998E+1	3.2030E+1	2.7597E+1	2.3018E+1	1.9149E+1	1.6067E+1	1.3209E+1	1.0618E+1	8.5638E+0	6.7875E+0	5.5060E+0	4.3740E+0	3.5356E+0	2.8856E+0	2.2286E+0	1.7657E+0	1.3214E+0	9.4205E-1	5.6950E-1	2.3033E-1	-1.3968E-1	-5.9754E-1
6.0393E+2	4.5841E+2	3.7581E+2	2.8153E+2	1.9224E+2	1.6712E+2	1.4052E+2	1.1675E+2	9.6838E+1	7.9182E+1	6.1582E+1	4.9407E+1	4.3285E+1	3.4961E+1	3.2039E+1	2.7572E+1	2.3083E+1	1.9152E+1	1.6038E+1	1.3278E+1	1.0601E+1	8.5096E+0	6.7608E+0	5.5183E+0	4.4039E+0	3.5352E+0	2.9005E+0	2.2404E+0	1.7703E+0	1.3423E+0	9.4377E-1	5.8051E-1	2.0914E-1	-1.5118E-1	-5.2516E-1
6.0528E+2	4.6014E+2	3.7729E+2	2.8232E+2	1.9300E+2	1.6763E+2	1.4097E+2	1.1709E+2	9.6655E+1	7.9253E+1	6.1792E+1	4.9431E+1	4.3325E+1	3.5036E+1	3.2060E+1	2.7562E+1	2.3103E+1	1.9190E+1	1.5997E+1	1.3211E+1	1.0640E+1	8.4917E+0	6.7561E+0	5.5043E+0	4.3734E+0	3.5214E+0	2.8676E+0	2.2332E+0	1.7422E+0	1.3303E+0	9.2838E-1	5.9207E-1	2.4069E-1	-1.4178E-1	-5.8284E-1
6.0854E+2	4.6150E+2	3.7773E+2	2.8306E+2	1.9306E+2	1.6768E+2	1.4108E+2	1.1707E+2	9.7410E+1	7.9069E+1	6.1606E+1	4.9391E+1	4.3293E+1	3.5001E+1	3.2037E+1	2.7647E+1	2.3074E+1	1.9152E+1	1.6008E+1	1.3239E+1	1.0619E+1	8.5300E+0	6.7718E+0	5.5020E+0	4.3681E+0	3.5227E+0	2.8896E+0	2.2584E+0	1.7645E+0	1.3298E+0	9.4137E-1	5.7157E-1	2.2415E-1	-1.4240E-1	-5.6205E-1
6.1037E+2	4.6321E+2	3.7951E+2	2.8346E+2	1.9342E+2	1.6810E+2	1.4134E+2	1.1720E+2	9.7599E+1	7.8863E+1	6.1423E+1	4.9489E+1	4.3226E+1	3.5057E+1	3.2085E+1	2.7646E+1	2.3052E+1	1.9178E+1	1.5991E+1	1.3272E+1	1.0617E+1	8.5352E+0	6.7612E+0	5.4922E+0	4.3680E+0	3.5331E+0	2.9058E+0	2.2263E+0	1.7468E+0	1.3457E+0	9.3212E-1	5.8037E-1	2.3238E-1	-1.7636E-1	-5.8435E-1
6.0983E+2	4.6510E+2	3.8125E+2	2.8343E+2	1.9299E+2	1.6828E+2	1.4161E+2	1.1684E+2	9.7079E+1	7.8879E+1	6.2125E+1	4.9596E+1	4.3175E+1	3.5001E+1	3.2034E+1	2.7556E+1	2.3088E+1	1.9222E+1	1.6131E+1	1.3274E+1	1.0602E+1	8.4857E+0	6.7891E+0	5.5134E+0	4.3819E+0	3.5167E+0	2.8932E+0	2.2412E+0	1.7468E+0	1.3299E+0	9.1971E-1	5.7815E-1	2.2536E-1	-1.4853E-1	-5.7926E-1
6.1621E+2	4.6825E+2	3.8185E+2	2.8605E+2	1.9473E+2	1.6913E+2	1.4164E+2	1.1768E+2	9.7603E+1	7.9208E+1	6.2010E+1	4.9610E+1	4.3368E+1	3.5108E+1	3.2169E+1	2.7707E+1	2.3128E+1	1.9177E+1	1.6109E+1	1.3329E+1	1.0606E+1	8.5409E+0	6.7937E+0	5.5329E+0	4.4038E+0	3.5244E+0	2.8832E+0	2.2652E+0	1.7640E+0	1.3271E+0	9.4279E-1	5.9104E-1	2.2763E-1	-1.5339E-1	-5.7564E-1
6.2020E+2	4.7093E+2	3.8303E+2	2.8682E+2	1.9459E+2	1.6927E+2	1.4235E+2	1.1818E+2	9.7605E+1	7.9558E+1	6.2011E+1	4.9578E+1	4.3436E+1	3.5134E+1	3.2100E+1	2.7685E+1	2.3155E+1	1.9219E+1	1.6103E+1	1.3292E+1	1.0673E+1	8.4944E+0	6.7678E+0	5.5557E+0	4.3822E+0	3.5487E+0	2.8773E+0	2.2535E+0	1.7578E+0	1.3366E+0	9.5312E-1	5.8914E-1	2.3732E-1	-1.2206E-1	-5.4405E-1
6.2179E+2	4.7123E+2	3.8627E+2	2.8745E+2	1.9553E+2	1.6956E+2	1.4277E+2	1.1809E+2	9.7934E+1	8.0122E+1	6.2657E+1	4.9837E+1	4.3522E+1	3.5138E+1	3.2139E+1	2.7691E+1	2.3215E+1	1.9313E+1	1.6134E+1	1.3287E+1	1.0654E+1	8.6200E+0	6.7773E+0	5.5532E+0	4.3933E+0	3.5325E+0	2.8662E+0	2.2593E+0	1.7641E+0	1.3283E+0	9.3412E-1	5.8307E-1	2.1394E-1	-1.3215E-1	-5.7986E-1
6.2283E+2	4.7184E+2	3.8716E+2	2.8873E+2	1.9559E+2	1.7017E+2	1.4223E+2	1.1814E+2	9.8403E+1	7.9996E+1	6.2275E+1	4.9679E+1	4.3551E+1	3.5181E+1	3.2268E+1	2.7735E+1	2.3188E+1	1.9255E+1	1.6138E+1	1.3292E+1	1.0660E+1	8.5601E+0	6.8170E+0	5.5384E+0	4.3988E+0	3.5424E+0	2.8954E+0	2.2683E+0	1.7742E+0	1.3209E+0	9.5643E-1	5.5962E-1	2.2755E-1	-1.4502E-1	-5.7725E-1
6.2809E+2	4.7484E+2	3.8791E+2	2.8874E+2	1.9620E+2	1.7033E+2	1.4307E+2	1.1860E+2	9.8173E+1	7.9570E+1	6.2301E+1	4.9724E+1	4.3527E+1	3.5143E+1	3.2305E+1	2.7745E+1	2.3164E+1	1.9276E+1	1.6113E+1	1.3295E+1	1.0660E+1	8.5704E+0	6.7899E+0	5.5210E+0	4.3709E+0	3.5211E+0	2.8978E+0	2.2596E+0	1.7532E+0	1.3260E+0	9.2100E-1	5.7151E-1	2.3451E-1	-1.3209E-1	-5.6142E-1
6.3124E+2	4.7654E+2	3.8926E+2	2.8961E+2	1.9656E+2	1.7045E+2	1.4312E+2	1.1867E+2	9.8590E+1	7.9722E+1	6.2551E+1	4.9866E+1	4.3556E+1	3.5278E+1	3.2220E+1	2.7780E+1	2.3160E+1	1.9251E+1	1.6081E+1	1.3346E+1	1.0713E+1	8.5442E+0	6.7890E+0	5.5248E+0	4.4074E+0	3.5332E+0	2.8862E+0	2.2634E+0	1.7626E+0	1.3232E+0	9.3557E-1	5.8264E-1	2.2106E-1	-1.3400E-1	-5.7046E-1
6.3069E+2	4.7819E+2	3.8938E+2	2.8978E+2	1.9685E+2	1.7077E+2	1.4362E+2	1.1836E+2	9.8323E+1	7.9972E+1	6.2224E+1	4.9856E+1	4.3591E+1	3.5243E+1	3.2261E+1	2.7799E+1	2.3245E+1	1.9244E+1	1.6054E+1	1.3315E+1	1.0643E+1	8.5840E+0	6.7986E+0	5.5131E+0	4.3929E+0	3.5196E+0	2.9067E+0	2.2439E+0	1.7470E+0	1.3317E+0	9.3534E-1	5.7575E-1	2.2551E-1	-1.3248E-1	-5.7833E-1
6.3897E+2	4.7954E+2	3.9279E+2	2.9151E+2	1.9754E+2	1.7143E+2	1.4383E+2	1.1909E+2	9.8659E+1	8.0294E+1	6.2462E+1	4.9948E+1	4.3691E+1	3.5349E+1	3.2258E+1	2.7864E+1	2.3306E+1	1.9274E+1	1.6127E+1	1.3325E+1	1.0672E+1	8.5556E+0	6.8174E+0	5.5315E+0	4.4049E+0	3.5380E+0	2.8779E+0	2.2428E+0	1.7662E+0	1.3341E+0	9.3053E-1	5.7375E-1	2.2538E-1	-1.1404E-1	-5.3820E-1
6.4168E+2	4.8261E+2	3.9371E+2	2.9260E+2	1.9770E+2	1.7182E+2	1.4380E+2	1.1937E+2	9.8538E+1	8.0337E+1	6.2692E+1	5.0026E+1	4.3769E+1	3.5333E+1	3.2363E+1	2.7886E+1	2.3326E+1	1.9351E+1	1.6105E+1	1.3369E+1	1.0664E+1	8.5377E+0	6.8038E+0	5.5561E+0	4.3929E+0	3.5023E+0	2.8927E+0	2.2364E+0	1.7519E+0	1.3378E+0	9.6791E-1	5.6727E-1	2.2496E-1	-1.3285E-1	-5.6281E-1
6.4186E+2	4.8414E+2	3.9426E+2	2.9281E+2	1.9845E+2	1.7190E+2	1.4426E+2	1.1922E+2	9.8614E+1	8.0204E+1	6.2500E+1	5.0016E+1	4.3725E+1	3.5344E+1	3.2361E+1	2.7888E+1	2.3255E+1	1.9335E+1	1.6142E+1	1.3336E+1	1.0663E+1	8.5823E+0	6.8027E+0	5.5263E+0	4.3678E+0	3.5525E+0	2.8686E+0	2.2471E+0	1.7823E+0	1.3419E+0	9.4108E-1	5.8796E-1	2.2763E-1	-1.6159E-1	-5.5705E-1
6.4603E+2	4.8714E+2	3.9609E+2	2.9390E+2	1.9881E+2	1.7249E+2	1.4442E+2	1.1954E+2	9.8969E+1	8.0395E+1	6.2717E+1	5.0052E+1	4.3782E+1	3.5413E+1	3.2337E+1	2.7854E+1	2.3333E+1	1.9340E+1	1.6161E+1	1.3267E+1	1.0637E+1	8.5593E+0	6.7898E+0	5.5054E+0	4.3746E+0	3.5484E+0	2.9049E+0	2.2520E+0	1.7782E+0	1.3207E+0	9.3825E-1	5.8634E-1	2.2407E-1	-1.4972E-1	-5.6079E-1
6.4996E+2	4.8963E+2	3.9804E+2	2.9593E+2	1.9935E+2	1.7262E+2	1.4496E+2	1.1988E+2	9.9260E+1	8.0899E+1	6.2660E+1	5.0253E+1	4.3761E+1	3.5406E+1	3.2457E+1	2.7849E+1	2.3279E+1	1.9376E+1	1.6177E+1	1.3323E+1	1.0698E+1	8.5972E+0	6.7954E+0	5.5137E+0	4.3921E+0	3.5335E+0	2.8880E+0	2.2564E+0	1.7580E+0	1.3310E+0	9.5539E-1	5.9161E-1	2.3302E-1	-1.4620E-1	-5.5304E-1
6.5317E+2	4.9312E+2	3.9976E+2	2.9665E+2	2.0054E+2	1.7310E+2	1.4469E+2	1.2030E+2	9.9597E+1	8.0818E+1	6.2677E+1	5.0218E+1	4.3895E+1	3.5471E+1	3.2436E+1	2.7889E+1	2.3309E+1	1.9320E+1	1.6147E+1	1.3403E+1	1.0687E+1	8.5315E+0	6.7954E+0	5.5213E+0	4.4031E+0	3.5441E+0	2.8958E+0	2.2580E+0	1.7643E+0	1.3599E+0	9.4659E-1	6.0789E-1	2.3821E-1	-1.4894E-1	-5.7941E-1
6.5710E+2	4.9540E+2	4.0235E+2	2.9725E+2	2.0093E+2	1.7388E+2	1.4596E+2	1.2019E+2	9.9664E+1	8.0798E+1	6.3137E+1	5.0316E+1	4.3950E+1	3.5450E+1	3.2540E+1	2.8062E+1	2.3368E+1	1.9323E+1	1.6202E+1	1.3356E+1	1.0745E+1	8.5811E+0	6.8011E+0	5.5507E+0	4.4104E+0	3.5289E+0	2.9125E+0	2.2569E+0	1.7507E+0	1.3487E+0	9.3812E-1	5.8493E-1	2.3886E-1	-1.5222E-1	-6.0242E-1
6.6035E+2	4.9682E+2	4.0334E+2	2.9854E+2	2.0120E+2	1.7425E+2	1.4567E+2	1.2020E+2	9.9926E+1	8.1212E+1	6.3273E+1	5.0370E+1	4.3971E+1	3.5485E+1	3.2561E+1	2.7994E+1	2.3407E+1	1.9426E+1	1.6242E+1	1.3449E+1	1.0734E+1	8.6079E+0	6.8340E+0	5.5130E+0	4.3873E+0	3.5668E+0	2.9064E+0	2.2390E+0	1.7750E+0	1.3314E+0	9.5604E-1	5.8966E-1	2.4142E-1	-1.6868E-1	-5.7570E-1
6.6129E+2	4.9784E+2	4.0431E+2	2.9823E+2	2.0160E+2	1.7446E+2	1.4660E+2	1.2060E+2	9.9269E+1	8.1297E+1	6.2900E+1	5.0302E+1	4.3928E+1	3.5493E+1	3.2555E+1	2.7989E+1	2.3346E+1	1.9417E+1	1.6269E+1	1.3388E+1	1.0640E+1	8.5834E+0	6.7899E+0	5.5223E+0	4.3780E+0	3.5553E+0	2.9087E+0	2.2413E+0	1.7623E+0	1.3379E+0	9.5147E-1	5.7754E-1	2.2824E-1	-1.2527E-1	-5.9025E-1
6.6585E+2	5.0022E+2	4.0607E+2	3.0036E+2	2.0202E+2	1.7453E+2	1.4592E+2	1.2081E+2	1.0011E+2	8.1121E+1	6.3504E+1	5.0314E+1	4.4103E+1	3.5566E+1	3.2617E+1	2.8011E+1	2.3476E+1	1.9462E+1	1.6211E+1	1.3413E+1	1.0731E+1	8.6006E+0	6.8419E+0	5.5302E+0	4.3923E+0	3.5540E+0	2.9007E+0	2.2669E+0	1.7698E+0	1.3274E+0	9.3748E-1	5.8461E-1	2.3568E-1	-1.4364E-1	-5.8629E-1
6.6994E+2	5.0293E+2	4.0784E+2	3.0118E+2	2.0250E+2	1.7520E+2	1.4704E+2	1.2144E+2	1.0013E+2	8.1559E+1	6.3402E+1	5.0632E+1	4.4148E+1	3.5631E+1	3.2697E+1	2.8083E+1	2.3478E+1	1.9438E+1	1.6199E+1	1.3411E+1	1.0675E+1	8.5618E+0	6.8169E+0	5.5777E+0	4.4061E+0	3.5478E+0	2.8963E+0	2.2556E+0	1.7712E+0	1.3445E+0	9.4488E-1	5.8299E-1	2.2748E-1	-1.3325E-1	-5.6878E-1
6.7466E+2	5.0502E+2	4.0935E+2	3.0165E+2	2.0284E+2	1.7577E+2	1.4700E+2	1.2121E+2	1.0060E+2	8.1766E+1	6.3387E+1	5.0538E+1	4.4245E+1	3.5681E+1	3.2648E+1	2.8129E+1	2.3441E+1	1.9463E+1	1.6283E+1	1.3406E+1	1.0732E+1	8.5979E+0	6.8326E+0	5.5739E+0	4.4267E+0	3.5426E+0	2.8791E+0	2.2564E+0	1.7580E+0	1.3481E+0	9.1865E-1	5.7873E-1	2.4163E-1	-1.3704E-1	-5.4818E-1
6.7732E+2	5.0695E+2	4.1042E+2	3.0272E+2	2.0369E+2	1.7587E+2	1.4753E+2	1.2136E+2	1.0015E+2	8.1104E+1	6.3532E+1	5.0632E+1	4.4188E+1	3.5742E+1	3.2649E+1	2.8136E+1	2.3498E+1	1.9422E+1	1.6255E+1	1.3388E+1	1.0716E+1	8.6324E+0	6.8123E+0	5.5657E+0	4.3893E+0	3.5544E+0	2.9118E+0	2.2661E+0	1.7708E+0	1.3524E+0	9.3047E-1	6.0260E-1	2.3835E-1	-1.3953E-1	-5.4838E-1
6.8089E+2	5.0855E+2	4.1167E+2	3.0382E+2	2.0355E+2	1.7629E+2	1.4777E+2	1.2175E+2	1.0048E+2	8.1664E+1	6.3486E+1	5.0729E+1	4.4297E+1	3.5692E+1	3.2674E+1	2.8075E+1	2.3489E+1	1.9469E+1	1.6306E+1	1.3391E+1	1.0690E+1	8.6062E+0	6.8397E+0	5.5296E+0	4.3720E+0	3.5416E+0	2.9084E+0	2.2620E+0	1.7689E+0	1.3433E+0	9.3675E-1	5.8918E-1	2.3611E-1	-1.4513E-1	-5.6077E-1
6.8441E+2	5.1161E+2	4.1384E+2	3.0464E+2	2.0451E+2	1.7669E+2	1.4771E+2	1.2182E+2	1.0038E+2	8.1715E+1	6.3668E+1	5.0602E+1	4.4439E+1	3.5785E+1	3.2684E+1	2.8060E+1	2.3510E+1	1.9556E+1	1.6248E+1	1.3428E+1	1.0716E+1	8.6129E+0	6.8025E+0	5.5617E+0	4.4062E+0	3.5546E+0	2.9197E+0	2.2431E+0	1.7819E+0	1.3522E+0	9.4593E-1	5.6620E-1	2.3238E-1	-1.2507E-1	-5.7865E-1
6.7998E+2	5.1249E+2	4.1142E+2	3.0278E+2	2.0305E+2	1.7799E+2	1.4894E+2	1.2119E+2	1.0027E+2	8.2436E+1	6.4173E+1	5.0716E+1	4.4428E+1	3.5860E+1	3.2835E+1	2.8181E+1	2.3502E+1	1.9551E+1	1.6303E+1	1.3437E+1	1.0747E+1	8.6285E+0	6.8184E+0	5.5623E+0	4.4014E+0	3.5719E+0	2.9086E+0	2.2817E+0	1.7637E+0	1.3306E+0	9.3013E-1	6.0299E-1	2.3918E-1	-1.3786E-1	-5.5281E-1
6.9212E+2	5.1599E+2	4.1758E+2	3.0673E+2	2.0524E+2	1.7773E+2	1.4823E+2	1.2212E+2	1.0099E+2	8.1958E+1	6.3930E+1	5.0816E+1	4.4445E+1	3.5827E+1	3.2764E+1	2.8256E+1	2.3541E+1	1.9541E+1	1.6311E+1	1.3422E+1	1.0708E+1	8.6585E+0	6.8415E+0	5.5452E+0	4.4011E+0	3.5513E+0	2.9160E+0	2.2631E+0	1.7575E+0	1.3489E+0	9.5157E-1	5.8576E-1	2.3600E-1	-1.4166E-1	-5.6885E-1
6.9719E+2	5.1931E+2	4.1978E+2	3.0725E+2	2.0605E+2	1.7810E+2	1.4850E+2	1.2229E+2	1.0133E+2	8.2023E+1	6.3955E+1	5.1009E+1	4.4486E+1	3.5936E+1	3.2837E+1	2.8266E+1	2.3618E+1	1.9578E+1	1.6302E+1	1.3453E+1	1.0769E+1	8.6263E+0	6.8657E+0	5.5750E+0	4.4313E+0	3.5541E+0	2.9240E+0	2.2753E+0	1.7794E+0	1.3284E+0	9.5411E-1	6.0122E-1	2.5328E-1	-1.4420E-1	-5.6802E-1
6.9951E+2	5.2089E+2	4.2072E+2	3.0865E+2	2.0689E+2	1.7841E+2	1.4904E+2	1.2314E+2	1.0147E+2	8.2648E+1	6.4106E+1	5.1029E+1	4.4574E+1	3.5897E+1	3.2835E+1	2.8312E+1	2.3656E+1	1.9566E+1	1.6396E+1	1.3438E+1	1.0722E+1	8.5847E+0	6.8419E+0	5.5665E+0	4.3807E+0	3.5525E+0	2.9009E+0	2.2754E+0	1.7861E+0	1.3337E+0	9.4694E-1	5.9298E-1	2.4468E-1	-1.5205E-1	-5.4836E-1
7.0266E+2	5.2316E+2	4.2206E+2	3.0960E+2	2.0722E+2	1.7922E+2	1.4876E+2	1.2354E+2	1.0177E+2	8.2507E+1	6.3933E+1	5.1143E+1	4.4659E+1	3.5945E+1	3.2964E+1	2.8268E+1	2.3655E+1	1.9639E+1	1.6326E+1	1.3487E+1	1.0760E+1	8.6354E+0	6.8688E+0	5.5721E+0	4.4331E+0	3.5742E+0	2.8916E+0	2.2705E+0	1.7842E+0	1.3446E+0	9.6598E-1	5.7116E-1	2.4369E-1	-1.3630E-1	-5.8823E-1
7.0477E+2	5.2434E+2	4.2421E+2	3.1007E+2	2.0789E+2	1.7969E+2	1.4962E+2	1.2324E+2	1.0177E+2	8.2364E+1	6.4420E+1	5.1181E+1	4.4688E+1	3.6069E+1	3.2949E+1	2.8306E+1	2.3660E+1	1.9643E+1	1.6403E+1	1.3490E+1	1.0794E+1	8.6655E+0	6.8429E+0	5.5795E+0	4.4146E+0	3.5558E+0	2.9293E+0	2.2674E+0	1.7732E+0	1.3440E+0	9.6858E-1	6.0654E-1	2.6316E-1	-1.4139E-1	-5.8430E-1
7.1091E+2	5.2732E+2	4.2459E+2	3.1224E+2	2.0820E+2	1.7985E+2	1.4980E+2	1.2358E+2	1.0197E+2	8.2759E+1	6.4485E+1	5.1383E+1	4.4636E+1	3.6068E+1	3.3063E+1	2.8378E+1	2.3636E+1	1.9685E+1	1.6380E+1	1.3508E+1	1.0809E+1	8.7060E+0	6.8479E+0	5.5907E+0	4.4157E+0	3.5492E+0	2.9260E+0	2.2776E+0	1.7883E+0	1.3484E+0	9.4652E-1	5.8985E-1	2.4838E-1	-1.2714E-1	-5.7460E-1
7.1283E+2	5.2838E+2	4.2650E+2	3.1235E+2	2.0825E+2	1.8003E+2	1.5015E+2	1.2391E+2	1.0198E+2	8.2418E+1	6.4351E+1	5.1267E+1	4.4830E+1	3.6127E+1	3.2994E+1	2.8344E+1	2.3714E+1	1.9570E+1	1.6361E+1	1.3513E+1	1.0782E+1	8.6231E+0	6.8557E+0	5.5285E+0	4.4192E+0	3.5799E+0	2.9252E+0	2.2698E+0	1.7673E+0	1.3292E+0	9.5671E-1	5.9185E-1	2.4598E-1	-1.4737E-1	-5.5519E-1
7.1413E+2	5.3076E+2	4.2808E+2	3.1292E+2	2.0867E+2	1.8069E+2	1.5080E+2	1.2435E+2	1.0258E+2	8.2748E+1	6.4308E+1	5.1371E+1	4.4897E+1	3.6161E+1	3.3017E+1	2.8526E+1	2.3729E+1	1.9669E+1	1.6402E+1	1.3503E+1	1.0789E+1	8.6653E+0	6.8703E+0	5.5881E+0	4.4423E+0	3.5675E+0	2.9109E+0	2.2749E+0	1.7759E+0	1.3651E+0	9.4602E-1	5.9822E-1	2.6043E-1	-1.3611E-1	-5.3660E-1
7.1750E+2	5.3231E+2	4.2969E+2	3.1369E+2	2.0988E+2	1.8098E+2	1.5093E+2	1.2415E+2	1.0267E+2	8.2840E+1	6.4536E+1	5.1375E+1	4.5000E+1	3.6116E+1	3.3107E+1	2.8417E+1	2.3710E+1	1.9626E+1	1.6433E+1	1.3552E+1	1.0806E+1	8.6479E+0	6.9075E+0	5.5980E+0	4.4322E+0	3.5545E+0	2.9210E+0	2.2729E+0	1.7817E+0	1.3309E+0	9.4889E-1	5.9516E-1	2.3755E-1	-1.2217E-1	-5.6267E-1
7.2173E+2	5.3455E+2	4.3182E+2	3.1524E+2	2.0997E+2	1.8095E+2	1.5102E+2	1.2453E+2	1.0289E+2	8.3263E+1	6.5004E+1	5.1561E+1	4.4920E+1	3.6151E+1	3.3169E+1	2.8524E+1	2.3809E+1	1.9696E+1	1.6430E+1	1.3593E+1	1.0817E+1	8.6308E+0	6.8570E+0	5.5483E+0	4.4151E+0	3.5747E+0	2.9031E+0	2.2791E+0	1.7883E+0	1.3496E+0	9.4640E-1	5.8744E-1	2.3949E-1	-1.2512E-1	-4.9648E-1
7.2511E+2	5.3769E+2	4.3339E+2	3.1604E+2	2.1045E+2	1.8194E+2	1.5159E+2	1.2478E+2	1.0291E+2	8.3389E+1	6.4845E+1	5.1634E+1	4.5000E+1	3.6302E+1	3.3153E+1	2.8506E+1	2.3751E+1	1.9746E+1	1.6415E+1	1.3562E+1	1.0884E+1	8.6609E+0	6.8879E+0	5.6011E+0	4.4321E+0	3.5808E+0	2.9368E+0	2.2694E+0	1.7661E+0	1.3279E+0	9.4508E-1	6.2410E-1	2.3804E-1	-1.4144E-1	-5.4552E-1
7.2807E+2	5.4044E+2	4.3408E+2	3.1734E+2	2.1139E+2	1.8245E+2	1.5213E+2	1.2500E+2	1.0326E+2	8.3540E+1	6.4983E+1	5.1706E+1	4.5101E+1	3.6430E+1	3.3244E+1	2.8580E+1	2.3791E+1	1.9702E+1	1.6520E+1	1.3548E+1	1.0861E+1	8.6860E+0	6.8755E+0	5.5723E+0	4.4221E+0	3.5623E+0	2.9349E+0	2.2817E+0	1.7809E+0	1.3523E+0	9.5896E-1	5.9999E-1	2.2661E-1	-1.3831E-1	-5.5578E-1
7.3140E+2	5.4296E+2	4.3518E+2	3.1787E+2	2.1177E+2	1.8245E+2	1.5231E+2	1.2518E+2	1.0311E+2	8.3966E+1	6.4953E+1	5.1722E+1	4.5165E+1	3.6336E+1	3.3232E+1	2.8490E+1	2.3811E+1	1.9785E+1	1.6499E+1	1.3533E+1	1.0798E+1	8.6814E+0	6.8721E+0	5.5949E+0	4.4289E+0	3.5768E+0	2.9314E+0	2.2764E+0	1.7757E+0	1.3539E+0	9.4399E-1	5.9632E-1	2.4850E-1	-1.2500E-1	-5.7621E-1
7.3598E+2	5.4689E+2	4.3736E+2	3.1891E+2	2.1210E+2	1.8338E+2	1.5241E+2	1.2567E+2	1.0385E+2	8.3827E+1	6.5644E+1	5.1879E+1	4.5337E+1	3.6505E+1	3.3347E+1	2.8624E+1	2.3849E+1	1.9804E+1	1.6502E+1	1.3566E+1	1.0873E+1	8.7081E+0	6.8931E+0	5.6174E+0	4.4274E+0	3.5907E+0	2.9431E+0	2.2710E+0	1.7777E+0	1.3544E+0	9.5523E-1	6.0836E-1	2.3669E-1	-1.5867E-1	-5.6651E-1
7.4084E+2	5.4948E+2	4.3952E+2	3.2103E+2	2.1315E+2	1.8343E+2	1.5310E+2	1.2570E+2	1.0344E+2	8.4373E+1	6.4863E+1	5.1998E+1	4.5339E+1	3.6476E+1	3.3470E+1	2.8669E+1	2.3964E+1	1.9753E+1	1.6504E+1	1.3499E+1	1.0915E+1	8.7234E+0	6.8840E+0	5.6364E+0	4.4562E+0	3.5731E+0	2.9053E+0	2.2961E+0	1.7828E+0	1.3457E+0	9.5246E-1	5.9255E-1	2.5797E-1	-1.0842E-1	-5.5149E-1
7.4437E+2	5.5222E+2	4.4213E+2	3.2277E+2	2.1412E+2	1.8461E+2	1.5335E+2	1.2620E+2	1.0411E+2	8.4106E+1	6.5002E+1	5.2033E+1	4.5263E+1	3.6525E+1	3.3443E+1	2.8676E+1	2.3973E+1	1.9805E+1	1.6503E+1	1.3569E+1	1.0910E+1	8.6969E+0	6.8935E+0	5.6026E+0	4.4155E+0	3.6052E+0	2.9355E+0	2.2888E+0	1.7705E+0	1.3530E+0	9.5870E-1	6.0180E-1	2.5105E-1	-1.5000E-1	-5.6083E-1
7.4931E+2	5.5402E+2	4.4462E+2	3.2310E+2	2.1402E+2	1.8493E+2	1.5356E+2	1.2623E+2	1.0418E+2	8.4693E+1	6.5212E+1	5.2127E+1	4.5435E+1	3.6519E+1	3.3441E+1	2.8752E+1	2.3918E+1	1.9856E+1	1.6550E+1	1.3672E+1	1.0903E+1	8.6998E+0	6.9200E+0	5.5761E+0	4.4601E+0	3.5905E+0	2.9330E+0	2.2638E+0	1.7722E+0	1.3389E+0	9.5400E-1	5.9070E-1	2.5396E-1	-1.3901E-1	-5.3349E-1
7.5434E+2	5.5521E+2	4.4628E+2	3.2353E+2	2.1523E+2	1.8500E+2	1.5422E+2	1.2672E+2	1.0462E+2	8.4482E+1	6.5852E+1	5.2204E+1	4.5601E+1	3.6713E+1	3.3559E+1	2.8816E+1	2.3991E+1	1.9866E+1	1.6548E+1	1.3674E+1	1.0845E+1	8.7595E+0	6.8897E+0	5.5974E+0	4.4611E+0	3.6032E+0	2.9581E+0	2.2951E+0	1.7883E+0	1.3488E+0	9.4750E-1	6.0853E-1	2.3436E-1	-1.1303E-1	-5.9818E-1
7.5729E+2	5.5710E+2	4.4675E+2	3.2410E+2	2.1548E+2	1.8576E+2	1.5443E+2	1.2702E+2	1.0452E+2	8.4845E+1	6.5803E+1	5.2250E+1	4.5602E+1	3.6649E+1	3.3525E+1	2.8829E+1	2.4087E+1	1.9805E+1	1.6554E+1	1.3654E+1	1.0912E+1	8.7510E+0	6.8969E+0	5.6221E+0	4.4767E+0	3.5418E+0	2.9611E+0	2.3001E+0	1.7855E+0	1.3553E+0	9.3420E-1	6.0885E-1	2.2406E-1	-1.1790E-1	-5.5570E-1
7.6489E+2	5.5938E+2	4.4862E+2	3.2572E+2	2.1573E+2	1.8563E+2	1.5518E+2	1.2702E+2	1.0511E+2	8.5186E+1	6.5743E+1	5.2410E+1	4.5703E+1	3.6876E+1	3.3680E+1	2.8825E+1	2.4122E+1	1.9974E+1	1.6643E+1	1.3664E+1	1.0908E+1	8.7389E+0	6.9260E+0	5.6077E+0	4.4833E+0	3.5996E+0	2.9456E+0	2.2880E+0	1.7730E+0	1.3503E+0	9.4391E-1	6.1335E-1	2.5574E-1	-1.1968E-1	-5.4642E-1
7.6739E+2	5.6211E+2	4.5040E+2	3.2754E+2	2.1662E+2	1.8709E+2	1.5549E+2	1.2763E+2	1.0502E+2	8.5490E+1	6.5938E+1	5.2477E+1	4.5813E+1	3.6932E+1	3.3692E+1	2.8972E+1	2.4114E+1	1.9982E+1	1.6673E+1	1.3664E+1	1.0900E+1	8.7374E+0	6.9415E+0	5.6397E+0	4.4705E+0	3.5967E+0	2.9522E+0	2.3149E+0	1.7804E+0	1.3607E+0	9.6122E-1	5.9237E-1	2.4655E-1	-1.3656E-1	-5.8039E-1
7.7095E+2	5.6479E+2	4.5218E+2	3.2906E+2	2.1752E+2	1.8722E+2	1.5588E+2	1.2781E+2	1.0522E+2	8.5365E+1	6.5860E+1	5.2534E+1	4.5921E+1	3.6930E+1	3.3734E+1	2.8960E+1	2.4152E+1	1.9983E+1	1.6696E+1	1.3699E+1	1.0950E+1	8.7952E+0	6.9724E+0	5.6372E+0	4.4592E+0	3.6010E+0	2.9332E+0	2.2760E+0	1.7947E+0	1.3721E+0	9.6044E-1	6.0188E-1	2.5061E-1	-1.3087E-1	-5.4993E-1
7.7651E+2	5.6595E+2	4.5309E+2	3.2876E+2	2.1788E+2	1.8771E+2	1.5605E+2	1.2811E+2	1.0587E+2	8.5822E+1	6.6702E+1	5.2604E+1	4.5924E+1	3.6923E+1	3.3874E+1	2.8983E+1	2.4244E+1	1.9991E+1	1.6684E+1	1.3686E+1	1.0927E+1	8.7960E+0	6.9360E+0	5.6011E+0	4.4813E+0	3.6016E+0	2.9389E+0	2.3111E+0	1.7744E+0	1.3459E+0	9.7064E-1	6.1021E-1	2.5598E-1	-1.1786E-1	-5.3416E-1
7.7823E+2	5.7056E+2	4.5583E+2	3.3039E+2	2.1870E+2	1.8786E+2	1.5633E+2	1.2806E+2	1.0594E+2	8.5623E+1	6.6165E+1	5.2736E+1	4.5953E+1	3.6914E+1	3.3818E+1	2.9034E+1	2.4214E+1	2.0067E+1	1.6705E+1	1.3720E+1	1.0994E+1	8.7885E+0	6.9674E+0	5.6241E+0	4.4895E+0	3.5944E+0	2.9533E+0	2.2957E+0	1.7790E+0	1.3328E+0	9.6657E-1	6.0122E-1	2.5544E-1	-1.4771E-1	-5.4016E-1
7.8067E+2	5.7196E+2	4.5706E+2	3.3085E+2	2.1884E+2	1.8778E+2	1.5660E+2	1.2861E+2	1.0589E+2	8.5512E+1	6.6624E+1	5.2700E+1	4.5999E+1	3.7030E+1	3.3816E+1	2.9036E+1	2.4183E+1	2.0011E+1	1.6691E+1	1.3730E+1	1.0935E+1	8.8112E+0	6.9338E+0	5.6532E+0	4.4575E+0	3.5926E+0	2.9587E+0	2.2954E+0	1.7772E+0	1.3766E+0	9.4723E-1	6.0949E-1	2.2448E-1	-1.1024E-1	-5.2959E-1
7.8467E+2	5.7578E+2	4.5980E+2	3.3261E+2	2.1878E+2	1.8882E+2	1.5719E+2	1.2900E+2	1.0634E+2	8.5839E+1	6.6575E+1	5.2905E+1	4.6104E+1	3.7043E+1	3.3824E+1	2.9046E+1	2.4294E+1	2.0074E+1	1.6689E+1	1.3762E+1	1.0960E+1	8.7899E+0	6.9603E+0	5.6611E+0	4.4831E+0	3.6105E+0	2.9595E+0	2.2889E+0	1.8114E+0	1.3463E+0	9.6299E-1	6.0660E-1	2.6188E-1	-1.2265E-1	-5.2766E-1
7.8755E+2	5.7686E+2	4.6074E+2	3.3309E+2	2.1991E+2	1.8940E+2	1.5761E+2	1.2921E+2	1.0644E+2	8.6216E+1	6.6696E+1	5.2947E+1	4.6236E+1	3.7136E+1	3.4014E+1	2.9131E+1	2.4301E+1	2.0096E+1	1.6786E+1	1.3815E+1	1.0975E+1	8.7866E+0	6.9735E+0	5.6499E+0	4.4893E+0	3.6351E+0	2.9526E+0	2.3071E+0	1.8252E+0	1.3576E+0	9.7113E-1	5.9780E-1	2.4120E-1	-1.2519E-1	-5.6131E-1
7.9137E+2	5.7968E+2	4.6248E+2	3.3428E+2	2.2072E+2	1.8968E+2	1.5751E+2	1.2937E+2	1.0665E+2	8.6296E+1	6.7065E+1	5.3073E+1	4.6376E+1	3.7274E+1	3.3995E+1	2.9173E+1	2.4300E+1	2.0100E+1	1.6776E+1	1.3841E+1	1.1000E+1	8.8062E+0	6.9589E+0	5.6744E+0	4.5138E+0	3.6205E+0	2.9585E+0	2.2835E+0	1.7906E+0	1.3570E+0	9.8602E-1	6.0214E-1	2.7285E-1	-1.1092E-1	-5.2699E-1
7.9342E+2	5.8147E+2	4.6249E+2	3.3501E+2	2.2078E+2	1.9041E+2	1.5777E+2	1.3000E+2	1.0706E+2	8.6168E+1	6.6450E+1	5.3110E+1	4.6344E+1	3.7261E+1	3.4100E+1	2.9224E+1	2.4374E+1	2.0113E+1	1.6776E+1	1.3821E+1	1.0996E+1	8.8188E+0	6.9994E+0	5.6377E+0	4.4998E+0	3.6168E+0	2.9554E+0	2.2917E+0	1.7991E+0	1.3540E+0	9.8003E-1	6.1288E-1	2.4512E-1	-1.2431E-1	-5.3155E-1
7.9653E+2	5.8340E+2	4.6374E+2	3.3533E+2	2.2143E+2	1.9054E+2	1.5858E+2	1.3000E+2	1.0758E+2	8.5856E+1	6.6956E+1	5.3225E+1	4.6412E+1	3.7335E+1	3.4130E+1	2.9237E+1	2.4392E+1	2.0172E+1	1.6830E+1	1.3798E+1	1.1041E+1	8.8425E+0	7.0230E+0	5.6568E+0	4.4809E+0	3.6347E+0	2.9565E+0	2.3003E+0	1.8248E+0	1.3597E+0	9.4995E-1	6.0963E-1	2.5010E-1	-1.2474E-1	-5.2388E-1
7.9800E+2	5.8348E+2	4.6528E+2	3.3666E+2	2.2183E+2	1.9107E+2	1.5839E+2	1.3007E+2	1.0699E+2	8.6467E+1	6.7378E+1	5.3255E+1	4.6433E+1	3.7344E+1	3.4153E+1	2.9265E+1	2.4352E+1	2.0205E+1	1.6833E+1	1.3829E+1	1.1036E+1	8.8203E+0	6.9669E+0	5.6692E+0	4.4757E+0	3.6386E+0	2.9317E+0	2.3233E+0	1.8092E+0	1.3792E+0	9.7154E-1	6.0424E-1	2.4851E-1	-1.1940E-1	-5.5363E-1
8.0150E+2	5.8569E+2	4.6666E+2	3.3824E+2	2.2213E+2	1.9126E+2	1.5914E+2	1.3072E+2	1.0734E+2	8.6577E+1	6.6892E+1	5.3371E+1	4.6604E+1	3.7381E+1	3.4139E+1	2.9305E+1	2.4395E+1	2.0168E+1	1.6818E+1	1.3849E+1	1.1006E+1	8.7991E+0	7.0055E+0	5.6730E+0	4.4890E+0	3.6291E+0	2.9975E+0	2.2829E+0	1.8173E+0	1.3674E+0	9.5398E-1	6.0486E-1	2.6038E-1	-1.1475E-1	-5.3547E-1
8.0564E+2	5.8785E+2	4.6994E+2	3.3896E+2	2.2269E+2	1.9153E+2	1.5894E+2	1.3051E+2	1.0766E+2	8.6792E+1	6.7691E+1	5.3410E+1	4.6542E+1	3.7388E+1	3.4178E+1	2.9395E+1	2.4456E+1	2.0288E+1	1.6808E+1	1.3812E+1	1.1005E+1	8.8352E+0	7.0106E+0	5.6921E+0	4.5178E+0	3.6208E+0	2.9479E+0	2.2993E+0	1.8117E+0	1.3853E+0	9.7926E-1	6.1015E-1	2.6685E-1	-1.1404E-1	-5.4204E-1
8.0912E+2	5.9017E+2	4.7192E+2	3.3895E+2	2.2394E+2	1.9253E+2	1.5996E+2	1.3117E+2	1.0794E+2	8.6860E+1	6.7845E+1	5.3457E+1	4.6697E+1	3.7519E+1	3.4395E+1	2.9435E+1	2.4468E+1	2.0274E+1	1.6863E+1	1.3861E+1	1.1090E+1	8.8739E+0	6.9979E+0	5.6935E+0	4.5068E+0	3.6283E+0	2.9842E+0	2.3167E+0	1.8284E+0	1.3635E+0	9.7374E-1	6.2256E-1	2.5826E-1	-1.1184E-1	-5.5057E-1
8.1311E+2	5.9296E+2	4.7195E+2	3.4072E+2	2.2409E+2	1.9248E+2	1.6016E+2	1.3126E+2	1.0800E+2	8.7346E+1	6.7806E+1	5.3604E+1	4.6730E+1	3.7585E+1	3.4332E+1	2.9462E+1	2.4498E+1	2.0270E+1	1.6931E+1	1.3933E+1	1.1056E+1	8.8714E+0	7.0369E+0	5.7336E+0	4.5352E+0	3.6226E+0	2.9793E+0	2.3126E+0	1.7885E+0	1.3790E+0	9.8001E-1	6.1005E-1	2.4841E-1	-1.3078E-1	-5.2296E-1
8.0834E+2	5.9363E+2	4.7296E+2	3.3965E+2	2.2285E+2	1.9193E+2	1.6083E+2	1.3064E+2	1.0696E+2	8.6456E+1	6.7468E+1	5.3654E+1	4.6620E+1	3.7478E+1	3.4213E+1	2.9379E+1	2.4478E+1	2.0258E+1	1.6868E+1	1.3838E+1	1.1044E+1	8.8949E+0	6.9697E+0	5.6804E+0	4.5427E+0	3.6350E+0	2.9833E+0	2.3144E+0	1.8213E+0	1.3712E+0	9.8224E-1	6.0821E-1	2.3519E-1	-1.2276E-1	-5.5117E-1
8.1905E+2	5.9816E+2	4.7449E+2	3.4296E+2	2.2569E+2	1.9368E+2	1.6014E+2	1.3196E+2	1.0808E+2	8.7356E+1	6.7692E+1	5.3704E+1	4.6918E+1	3.7669E+1	3.4394E+1	2.9461E+1	2.4545E+1	2.0265E+1	1.6900E+1	1.3909E+1	1.1123E+1	8.8647E+0	7.0227E+0	5.7066E+0	4.4924E+0	3.6318E+0	2.9855E+0	2.3091E+0	1.8178E+0	1.3615E+0	9.6997E-1	6.0476E-1	2.6405E-1	-9.9257E-2	-5.5780E-1
8.2461E+2	6.0169E+2	4.7540E+2	3.4439E+2	2.2537E+2	1.9337E+2	1.6129E+2	1.3220E+2	1.0863E+2	8.7570E+1	6.8141E+1	5.3821E+1	4.6932E+1	3.7779E+1	3.4500E+1	2.9536E+1	2.4621E+1	2.0341E+1	1.6925E+1	1.3926E+1	1.1075E+1	8.8594E+0	7.0153E+0	5.7266E+0	4.5161E+0	3.6488E+0	2.9851E+0	2.3279E+0	1.8129E+0	1.3785E+0	9.5900E-1	6.2830E-1	2.5307E-1	-1.1112E-1	-5.1652E-1
8.3024E+2	6.0444E+2	4.7719E+2	3.4457E+2	2.2560E+2	1.9535E+2	1.6128E+2	1.3192E+2	1.0867E+2	8.7853E+1	6.8069E+1	5.4021E+1	4.7107E+1	3.7820E+1	3.4585E+1	2.9640E+1	2.4618E+1	2.0394E+1	1.6943E+1	1.3904E+1	1.1151E+1	8.8841E+0	7.0323E+0	5.7317E+0	4.5484E+0	3.6503E+0	2.9692E+0	2.3223E+0	1.8208E+0	1.3716E+0	9.9774E-1	6.2211E-1	2.4947E-1	-1.1994E-1	-5.4268E-1
8.3360E+2	6.0526E+2	4.8017E+2	3.4561E+2	2.2750E+2	1.9527E+2	1.6211E+2	1.3283E+2	1.0878E+2	8.8201E+1	6.8303E+1	5.4101E+1	4.7259E+1	3.7810E+1	3.4571E+1	2.9709E+1	2.4693E+1	2.0389E+1	1.7047E+1	1.3924E+1	1.1174E+1	8.9482E+0	7.0457E+0	5.7481E+0	4.5582E+0	3.6537E+0	2.9962E+0	2.3330E+0	1.8010E+0	1.3587E+0	9.7294E-1	6.1173E-1	2.5173E-1	-9.9494E-2	-5.2678E-1
8.3614E+2	6.0675E+2	4.8184E+2	3.4623E+2	2.2790E+2	1.9550E+2	1.6220E+2	1.3326E+2	1.0927E+2	8.8256E+1	6.8331E+1	5.4138E+1	4.7221E+1	3.7953E+1	3.4680E+1	2.9713E+1	2.4756E+1	2.0417E+1	1.7006E+1	1.4047E+1	1.1197E+1	8.8902E+0	7.0315E+0	5.7469E+0	4.5439E+0	3.6726E+0	2.9886E+0	2.3240E+0	1.8105E+0	1.3897E+0	9.6321E-1	6.0855E-1	2.5708E-1	-1.1796E-1	-5.4202E-1
8.3745E+2	6.0818E+2	4.8322E+2	3.4739E+2	2.2778E+2	1.9567E+2	1.6284E+2	1.3354E+2	1.0916E+2	8.8086E+1	6.8131E+1	5.4153E+1	4.7295E+1	3.7982E+1	3.4687E+1	2.9739E+1	2.4818E+1	2.0478E+1	1.7049E+1	1.4032E+1	1.1184E+1	8.9394E+0	7.0798E+0	5.7389E+0	4.5382E+0	3.6453E+0	2.9736E+0	2.3379E+0	1.8155E+0	1.3848E+0	9.6959E-1	6.0841E-1	2.7335E-1	-1.3198E-1	-5.6056E-1
8.4266E+2	6.0534E+2	4.8512E+2	3.4872E+2	2.2878E+2	1.9521E+2	1.6181E+2	1.3343E+2	1.0960E+2	8.8423E+1	6.8566E+1	5.4309E+1	4.7374E+1	3.7982E+1	3.4736E+1	2.9683E+1	2.4751E+1	2.0481E+1	1.7052E+1	1.4049E+1	1.1193E+1	8.9318E+0	7.0494E+0	5.7473E+0	4.5473E+0	3.6482E+0	2.9749E+0	2.3370E+0	1.8196E+0	1.3917E+0	9.9507E-1	6.3719E-1	2.7091E-1	-1.1056E-1	-5.4983E-1
8.4429E+2	6.0978E+2	4.8595E+2	3.4883E+2	2.2873E+2	1.9699E+2	1.6308E+2	1.3372E+2	1.0974E+2	8.8668E+1	6.8524E+1	5.4381E+1	4.7370E+1	3.8019E+1	3.4782E+1	2.9848E+1	2.4816E+1	2.0567E+1	1.7060E+1	1.4005E+1	1.1178E+1	8.9409E+0	7.0651E+0	5.7347E+0	4.5539E+0	3.6736E+0	2.9856E+0	2.3221E+0	1.8430E+0	1.3856E+0	9.8802E-1	6.4480E-1	2.8038E-1	-1.1709E-1	-5.3969E-1
8.4700E+2	6.1235E+2	4.8680E+2	3.4970E+2	2.2877E+2	1.9724E+2	1.6327E+2	1.3397E+2	1.1019E+2	8.8906E+1	6.8834E+1	5.4473E+1	4.7518E+1	3.8121E+1	3.4887E+1	2.9886E+1	2.4868E+1	2.0489E+1	1.7116E+1	1.4070E+1	1.1219E+1	8.9683E+0	7.0799E+0	5.7747E+0	4.5507E+0	3.6642E+0	2.9876E+0	2.3428E+0	1.8162E+0	1.3996E+0	9.8319E-1	6.4059E-1	2.6628E-1	-1.0330E-1	-5.4935E-1
8.5094E+2	6.1448E+2	4.8787E+2	3.4975E+2	2.3043E+2	1.9724E+2	1.6425E+2	1.3438E+2	1.0967E+2	8.9231E+1	6.9083E+1	5.4570E+1	4.7551E+1	3.8216E+1	3.4913E+1	2.9935E+1	2.4870E+1	2.0591E+1	1.7136E+1	1.4041E+1	1.1177E+1	8.9910E+0	7.1079E+0	5.7515E+0	4.5286E+0	3.6897E+0	3.0104E+0	2.3426E+0	1.8115E+0	1.3776E+0	9.8282E-1	6.3212E-1	2.5188E-1	-1.2810E-1	-5.3143E-1
8.5370E+2	6.1830E+2	4.8916E+2	3.5248E+2	2.3041E+2	1.9812E+2	1.6377E+2	1.3435E+2	1.1056E+2	8.9770E+1	6.8881E+1	5.4688E+1	4.7724E+1	3.8282E+1	3.5007E+1	2.9965E+1	2.4967E+1	2.0674E+1	1.7155E+1	1.4089E+1	1.1206E+1	8.9911E+0	7.1317E+0	5.7522E+0	4.5864E+0	3.6625E+0	2.9880E+0	2.3410E+0	1.8247E+0	1.3924E+0	9.7594E-1	6.3422E-1	2.5760E-1	-1.1894E-1	-5.1609E-1
8.5637E+2	6.2012E+2	4.9163E+2	3.5337E+2	2.3106E+2	1.9811E+2	1.6474E+2	1.3479E+2	1.1108E+2	8.9561E+1	6.9285E+1	5.4766E+1	4.7838E+1	3.8357E+1	3.5058E+1	3.0026E+1	2.4911E+1	2.0630E+1	1.7116E+1	1.4122E+1	1.1249E+1	9.0193E+0	7.1011E+0	5.7484E+0	4.5849E+0	3.6587E+0	3.0170E+0	2.3412E+0	1.8364E+0	1.3845E+0	1.0038E+0	6.3381E-1	2.5710E-1	-1.1520E-1	-5.0490E-1
8.5900E+2	6.2260E+2	4.9267E+2	3.5408E+2	2.3157E+2	1.9886E+2	1.6453E+2	1.3487E+2	1.1123E+2	8.9594E+1	6.9509E+1	5.4879E+1	4.7816E+1	3.8370E+1	3.5074E+1	3.0052E+1	2.4980E+1	2.0631E+1	1.7208E+1	1.4137E+1	1.1241E+1	8.9691E+0	7.1130E+0	5.7646E+0	4.5868E+0	3.6807E+0	3.0200E+0	2.3467E+0	1.8370E+0	1.3861E+0	9.9109E-1	6.3078E-1	2.6547E-1	-1.0812E-1	-5.1064E-1
8.5269E+2	6.2646E+2	4.9469E+2	3.5272E+2	2.3224E+2	1.9946E+2	1.6621E+2	1.3476E+2	1.1082E+2	8.9897E+1	6.9278E+1	5.5053E+1	4.7769E+1	3.8361E+1	3.5048E+1	3.0116E+1	2.4914E+1	2.0663E+1	1.7192E+1	1.4145E+1	1.1224E+1	8.9822E+0	7.1057E+0	5.7608E+0	4.5590E+0	3.6915E+0	3.0157E+0	2.3415E+0	1.8273E+0	1.3932E+0	9.8992E-1	6.3161E-1	2.6041E-1	-1.0675E-1	-5.2205E-1
8.6159E+2	6.2625E+2	4.9611E+2	3.5437E+2	2.3213E+2	1.9917E+2	1.6508E+2	1.3567E+2	1.1105E+2	9.0178E+1	6.9519E+1	5.5014E+1	4.7913E+1	3.8453E+1	3.5176E+1	3.0135E+1	2.5003E+1	2.0652E+1	1.7232E+1	1.4166E+1	1.1258E+1	9.0197E+0	7.1251E+0	5.7745E+0	4.5881E+0	3.6581E+0	3.0056E+0	2.3345E+0	1.8388E+0	1.3887E+0	9.8329E-1	6.2216E-1	2.6879E-1	-1.1689E-1	-5.0931E-1
8.6552E+2	6.2832E+2	4.9787E+2	3.5577E+2	2.3311E+2	2.0065E+2	1.6624E+2	1.3551E+2	1.1165E+2	9.0249E+1	6.9368E+1	5.5158E+1	4.8015E+1	3.8592E+1	3.5281E+1	3.0244E+1	2.5039E+1	2.0779E+1	1.7306E+1	1.4261E+1	1.1289E+1	9.0044E+0	7.1606E+0	5.7682E+0	4.5870E+0	3.6919E+0	2.9972E+0	2.3528E+0	1.8380E+0	1.4007E+0	9.8288E-1	6.3027E-1	2.5636E-1	-1.1650E-1	-5.3051E-1
8.6989E+2	6.2784E+2	4.9712E+2	3.5614E+2	2.3295E+2	2.0010E+2	1.6626E+2	1.3591E+2	1.1162E+2	8.9984E+1	6.9681E+1	5.5121E+1	4.8014E+1	3.8560E+1	3.5264E+1	3.0138E+1	2.5156E+1	2.0779E+1	1.7271E+1	1.4227E+1	1.1263E+1	9.0465E+0	7.1756E+0	5.7985E+0	4.5821E+0	3.6741E+0	3.0289E+0	2.3647E+0	1.8449E+0	1.3945E+0	9.8010E-1	6.4051E-1	2.6613E-1	-1.3977E-1	-4.9372E-1
8.6914E+2	6.2858E+2	4.9742E+2	3.5687E+2	2.3333E+2	2.0058E+2	1.6622E+2	1.3586E+2	1.1164E+2	9.0146E+1	6.9822E+1	5.5182E+1	4.8116E+1	3.8633E+1	3.5278E+1	3.0270E+1	2.5087E+1	2.0746E+1	1.7298E+1	1.4144E+1	1.1320E+1	9.0323E+0	7.1381E+0	5.8240E+0	4.6086E+0	3.7101E+0	3.0139E+0	2.3598E+0	1.8500E+0	1.4029E+0	1.0066E+0	6.2309E-1	2.7819E-1	-1.1238E-1	-5.5847E-1
8.7179E+2	6.3051E+2	4.9970E+2	3.5712E+2	2.3316E+2	1.9952E+2	1.6660E+2	1.3628E+2	1.1201E+2	8.9879E+1	6.9635E+1	5.5181E+1	4.8075E+1	3.8653E+1	3.5315E+1	3.0190E+1	2.5097E+1	2.0752E+1	1.7261E+1	1.4128E+1	1.1260E+1	8.9992E+0	7.1096E+0	5.8165E+0	4.5897E+0	3.6730E+0	3.0374E+0	2.3383E+0	1.8580E+0	1.3988E+0	1.0058E+0	6.4419E-1	2.7179E-1	-1.1382E-1	-5.1864E-1
8.6531E+2	6.2576E+2	4.9572E+2	3.5601E+2	2.3264E+2	1.9974E+2	1.6575E+2	1.3611E+2	1.1115E+2	8.9790E+1	6.9750E+1	5.5112E+1	4.8025E+1	3.8535E+1	3.5191E+1	3.0156E+1	2.5120E+1	2.0737E+1	1.7308E+1	1.4095E+1	1.1293E+1	9.0070E+0	7.1074E+0	5.7966E+0	4.5863E+0	3.7024E+0	3.0381E+0	2.3534E+0	1.8426E+0	1.3803E+0	9.8802E-1	6.2007E-1	2.7139E-1	-1.3972E-1	-5.2763E-1
8.5956E+2	6.1128E+2	4.8859E+2	3.4925E+2	2.2904E+2	2.0152E+2	1.6263E+2	1.3488E+2	1.1088E+2	8.9829E+1	6.8789E+1	5.5127E+1	4.7918E+1	3.8408E+1	3.5107E+1	3.0026E+1	2.5127E+1	2.0642E+1	1.7236E+1	1.4002E+1	1.1245E+1	9.0158E+0	7.1440E+0	5.7803E+0	4.5743E+0	3.6799E+0	3.0341E+0	2.3602E+0	1.8478E+0	1.3891E+0	1.0028E+0	6.0150E-1	2.6583E-1	-1.0150E-1	-5.5577E-1
8.6860E+2	6.2710E+2	4.9719E+2	3.5716E+2	2.3311E+2	2.0012E+2	1.6643E+2	1.3571E+2	1.1190E+2	8.9714E+1	6.9995E+1	5.5102E+1	4.8121E+1	3.8558E+1	3.5298E+1	3.0188E+1	2.5159E+1	2.0724E+1	1.7274E+1	1.4131E+1	1.1284E+1	9.0447E+0	7.1237E+0	5.7723E+0	4.5833E+0	3.6598E+0	3.0528E+0	2.3583E+0	1.8176E+0	1.4048E+0	9.8846E-1	6.2964E-1	2.7639E-1	-1.0124E-1	-5.3660E-1
8.7313E+2	6.2972E+2	5.0031E+2	3.5870E+2	2.3438E+2	2.0058E+2	1.6589E+2	1.3680E+2	1.1219E+2	9.0421E+1	6.9588E+1	5.5309E+1	4.8123E+1	3.8533E+1	3.5249E+1	3.0183E+1	2.5169E+1	2.0765E+1	1.7287E+1	1.4209E+1	1.1308E+1	9.0385E+0	7.1125E+0	5.7940E+0	4.5734E+0	3.7003E+0	3.0126E+0	2.3630E+0	1.8329E+0	1.4048E+0	9.8178E-1	6.3772E-1	2.5169E-1	-1.0047E-1	-5.4316E-1
8.7465E+2	6.3332E+2	5.0088E+2	3.5831E+2	2.3453E+2	2.0175E+2	1.6682E+2	1.3653E+2	1.1194E+2	9.0416E+1	6.9932E+1	5.5327E+1	4.8165E+1	3.8681E+1	3.5487E+1	3.0271E+1	2.5170E+1	2.0713E+1	1.7292E+1	1.4228E+1	1.1305E+1	9.0625E+0	7.1678E+0	5.7980E+0	4.5813E+0	3.7087E+0	3.0334E+0	2.3591E+0	1.8551E+0	1.4215E+0	1.0123E+0	6.3619E-1	2.4069E-1	-1.1871E-1	-5.5584E-1
8.8099E+2	6.3555E+2	5.0309E+2	3.5908E+2	2.3452E+2	2.0117E+2	1.6685E+2	1.3686E+2	1.1214E+2	9.0317E+1	6.9854E+1	5.5452E+1	4.8268E+1	3.8798E+1	3.5506E+1	3.0322E+1	2.5227E+1	2.0858E+1	1.7349E+1	1.4170E+1	1.1318E+1	9.0517E+0	7.1450E+0	5.7529E+0	4.5962E+0	3.7026E+0	3.0258E+0	2.3454E+0	1.8449E+0	1.4009E+0	9.9505E-1	6.4429E-1	2.6833E-1	-1.0860E-1	-5.1755E-1
8.8249E+2	6.3626E+2	5.0286E+2	3.5985E+2	2.3585E+2	2.0188E+2	1.6745E+2	1.3754E+2	1.1251E+2	9.0551E+1	6.9994E+1	5.5522E+1	4.8402E+1	3.8836E+1	3.5411E+1	3.0355E+1	2.5220E+1	2.0813E+1	1.7320E+1	1.4209E+1	1.1328E+1	9.0228E+0	7.1804E+0	5.8352E+0	4.6125E+0	3.7079E+0	3.0152E+0	2.3582E+0	1.8327E+0	1.4048E+0	9.8154E-1	6.3236E-1	2.8010E-1	-8.4456E-2	-5.2326E-1
8.8534E+2	6.3824E+2	5.0393E+2	3.6092E+2	2.3560E+2	2.0253E+2	1.6782E+2	1.3729E+2	1.1301E+2	9.0936E+1	7.0216E+1	5.5632E+1	4.8462E+1	3.8920E+1	3.5467E+1	3.0385E+1	2.5322E+1	2.0892E+1	1.7383E+1	1.4290E+1	1.1351E+1	9.0390E+0	7.1791E+0	5.7984E+0	4.6008E+0	3.7203E+0	3.0559E+0	2.3638E+0	1.8395E+0	1.4076E+0	1.0007E+0	6.3294E-1	2.8050E-1	-1.2258E-1	-4.9209E-1
8.8661E+2	6.3972E+2	5.0552E+2	3.6216E+2	2.3668E+2	2.0307E+2	1.6814E+2	1.3778E+2	1.1308E+2	9.0865E+1	7.0375E+1	5.5734E+1	4.8557E+1	3.8891E+1	3.5535E+1	3.0487E+1	2.5248E+1	2.0900E+1	1.7421E+1	1.4293E+1	1.1383E+1	9.0739E+0	7.1945E+0	5.8131E+0	4.6093E+0	3.6969E+0	3.0425E+0	2.3736E+0	1.8559E+0	1.3925E+0	1.0165E+0	6.0909E-1	2.7166E-1	-8.8825E-2	-5.2718E-1
8.8964E+2	6.3894E+2	5.0451E+2	3.6318E+2	2.3715E+2	2.0361E+2	1.6777E+2	1.3771E+2	1.1294E+2	9.0921E+1	7.0701E+1	5.5823E+1	4.8526E+1	3.8908E+1	3.5588E+1	3.0417E+1	2.5289E+1	2.0973E+1	1.7453E+1	1.4279E+1	1.1359E+1	9.1069E+0	7.1811E+0	5.8038E+0	4.6110E+0	3.7062E+0	3.0489E+0	2.3682E+0	1.8716E+0	1.4209E+0	9.9444E-1	6.3249E-1	2.8372E-1	-1.0316E-1	-5.3346E-1
8.9256E+2	6.4139E+2	5.0771E+2	3.6304E+2	2.3718E+2	2.0338E+2	1.6827E+2	1.3785E+2	1.1305E+2	9.0921E+1	7.0248E+1	5.5835E+1	4.8639E+1	3.9000E+1	3.5642E+1	3.0552E+1	2.5355E+1	2.0932E+1	1.7443E+1	1.4238E+1	1.1390E+1	9.1042E+0	7.1855E+0	5.8308E+0	4.6077E+0	3.6966E+0	3.0423E+0	2.3587E+0	1.8873E+0	1.4121E+0	1.0008E+0	6.3891E-1	2.7538E-1	-1.0974E-1	-5.4079E-1
8.9274E+2	6.4216E+2	5.0979E+2	3.6303E+2	2.3719E+2	2.0356E+2	1.6895E+2	1.3890E+2	1.1326E+2	9.0825E+1	7.0573E+1	5.5970E+1	4.8759E+1	3.9091E+1	3.5674E+1	3.0556E+1	2.5410E+1	2.1001E+1	1.7411E+1	1.4290E+1	1.1363E+1	9.1184E+0	7.1848E+0	5.8296E+0	4.6571E+0	3.7101E+0	3.0301E+0	2.3779E+0	1.8443E+0	1.4062E+0	9.9664E-1	6.4961E-1	2.7571E-1	-1.1390E-1	-5.2439E-1
8.9421E+2	6.4395E+2	5.1078E+2	3.6449E+2	2.3833E+2	2.0422E+2	1.6932E+2	1.3846E+2	1.1341E+2	9.1617E+1	7.0958E+1	5.5895E+1	4.8775E+1	3.9131E+1	3.5750E+1	3.0631E+1	2.5433E+1	2.0993E+1	1.7504E+1	1.4414E+1	1.1405E+1	9.1163E+0	7.2076E+0	5.8409E+0	4.6150E+0	3.7160E+0	3.0295E+0	2.3579E+0	1.8556E+0	1.4335E+0	9.9657E-1	6.5419E-1	2.5317E-1	-1.1529E-1	-5.0747E-1
8.9774E+2	6.4676E+2	5.1054E+2	3.6549E+2	2.3882E+2	2.0479E+2	1.6944E+2	1.3859E+2	1.1365E+2	9.1443E+1	7.0845E+1	5.6137E+1	4.8843E+1	3.9191E+1	3.5726E+1	3.0639E+1	2.5467E+1	2.1051E+1	1.7465E+1	1.4350E+1	1.1433E+1	9.1653E+0	7.2171E+0	5.8602E+0	4.6556E+0	3.7247E+0	3.0344E+0	2.3550E+0	1.8728E+0	1.4102E+0	9.8784E-1	6.2075E-1	2.5873E-1	-9.8868E-2	-5.2006E-1
8.9903E+2	6.4825E+2	5.1201E+2	3.6585E+2	2.3896E+2	2.0457E+2	1.6942E+2	1.3896E+2	1.1366E+2	9.1897E+1	7.0927E+1	5.6147E+1	4.8856E+1	3.9185E+1	3.5786E+1	3.0723E+1	2.5474E+1	2.1023E+1	1.7472E+1	1.4352E+1	1.1452E+1	9.1810E+0	7.2287E+0	5.8525E+0	4.6505E+0	3.7192E+0	3.0486E+0	2.3815E+0	1.8673E+0	1.4082E+0	9.8612E-1	6.4978E-1	2.7638E-1	-6.7994E-2	-5.0328E-1
8.9997E+2	6.4894E+2	5.1230E+2	3.6660E+2	2.3928E+2	2.0474E+2	1.7002E+2	1.3873E+2	1.1386E+2	9.2026E+1	7.1107E+1	5.6186E+1	4.8930E+1	3.9204E+1	3.5863E+1	3.0714E+1	2.5468E+1	2.1007E+1	1.7485E+1	1.4376E+1	1.1516E+1	9.1463E+0	7.2174E+0	5.8684E+0	4.6813E+0	3.7311E+0	3.0518E+0	2.3748E+0	1.8742E+0	1.4363E+0	1.0046E+0	6.4422E-1	2.6543E-1	-1.0287E-1	-5.2613E-1
9.0217E+2	6.4824E+2	5.1305E+2	3.6676E+2	2.3889E+2	2.0500E+2	1.6977E+2	1.3914E+2	1.1402E+2	9.1899E+1	7.0758E+1	5.6220E+1	4.8971E+1	3.9192E+1	3.5917E+1	3.0720E+1	2.5561E+1	2.1077E+1	1.7463E+1	1.4424E+1	1.1415E+1	9.1762E+0	7.2323E+0	5.8706E+0	4.6418E+0	3.7147E+0	3.0633E+0	2.3826E+0	1.8730E+0	1.4122E+0	1.0054E+0	6.4221E-1	2.9007E-1	-8.3817E-2	-5.1754E-1
9.0157E+2	6.5230E+2	5.1237E+2	3.6658E+2	2.3905E+2	2.0568E+2	1.7019E+2	1.3961E+2	1.1441E+2	9.1986E+1	7.1046E+1	5.6328E+1	4.9069E+1	3.9357E+1	3.5936E+1	3.0688E+1	2.5498E+1	2.1072E+1	1.7484E+1	1.4466E+1	1.1480E+1	9.1368E+0	7.2401E+0	5.8664E+0	4.6498E+0	3.7528E+0	3.0723E+0	2.3920E+0	1.8706E+0	1.4138E+0	1.0043E+0	6.5496E-1	2.8463E-1	-7.3791E-2	-5.3893E-1
9.0554E+2	6.5360E+2	5.1495E+2	3.6849E+2	2.4041E+2	2.0569E+2	1.7056E+2	1.3941E+2	1.1455E+2	9.2285E+1	7.1220E+1	5.6424E+1	4.9102E+1	3.9388E+1	3.5987E+1	3.0805E+1	2.5573E+1	2.1126E+1	1.7560E+1	1.4420E+1	1.1499E+1	9.1694E+0	7.2459E+0	5.8922E+0	4.6534E+0	3.7523E+0	3.0606E+0	2.3833E+0	1.8858E+0	1.4251E+0	1.0143E+0	6.3954E-1	3.2791E-1	-8.6689E-2	-5.2872E-1
9.0851E+2	6.5461E+2	5.1678E+2	3.6947E+2	2.4054E+2	2.0665E+2	1.7071E+2	1.3996E+2	1.1465E+2	9.2537E+1	7.1416E+1	5.6457E+1	4.9180E+1	3.9456E+1	3.6000E+1	3.0831E+1	2.5630E+1	2.1158E+1	1.7588E+1	1.4441E+1	1.1504E+1	9.1729E+0	7.2550E+0	5.8890E+0	4.6749E+0	3.7624E+0	3.0561E+0	2.3969E+0	1.8867E+0	1.4274E+0	9.9272E-1	6.2849E-1	3.0522E-1	-1.0893E-1	-4.9216E-1
9.1258E+2	6.5566E+2	5.1830E+2	3.6955E+2	2.3997E+2	2.0611E+2	1.7101E+2	1.3979E+2	1.1462E+2	9.2467E+1	7.1438E+1	5.6538E+1	4.9197E+1	3.9464E+1	3.6008E+1	3.0871E+1	2.5639E+1	2.1200E+1	1.7616E+1	1.4447E+1	1.1503E+1	9.1865E+0	7.2539E+0	5.8620E+0	4.6693E+0	3.7772E+0	3.0710E+0	2.3882E+0	1.8621E+0	1.4311E+0	1.0037E+0	6.4590E-1	2.9342E-1	-1.0000E-1	-5.0421E-1
9.1399E+2	6.5731E+2	5.1962E+2	3.6977E+2	2.4130E+2	2.0680E+2	1.7127E+2	1.4011E+2	1.1512E+2	9.2580E+1	7.1580E+1	5.6595E+1	4.9317E+1	3.9553E+1	3.6099E+1	3.0899E+1	2.5679E+1	2.1219E+1	1.7623E+1	1.4475E+1	1.1508E+1	9.1926E+0	7.2621E+0	5.9005E+0	4.6731E+0	3.7577E+0	3.0610E+0	2.3889E+0	1.8677E+0	1.4274E+0	9.9244E-1	6.3959E-1	2.7082E-1	-8.9126E-2	-5.3049E-1
9.1821E+2	6.4728E+2	5.2166E+2	3.6479E+2	2.4261E+2	2.0889E+2	1.7073E+2	1.4122E+2	1.1629E+2	9.3522E+1	7.1651E+1	5.6576E+1	4.9362E+1	3.9555E+1	3.6139E+1	3.0908E+1	2.5656E+1	2.1126E+1	1.7582E+1	1.4437E+1	1.1505E+1	9.1635E+0	7.2841E+0	5.8842E+0	4.6601E+0	3.7623E+0	3.0893E+0	2.3876E+0	1.8622E+0	1.4536E+0	1.0211E+0	6.5438E-1	2.9888E-1	-1.0014E-1	-5.2469E-1
9.1872E+2	6.5837E+2	5.2044E+2	3.7180E+2	2.4156E+2	2.0727E+2	1.7188E+2	1.4046E+2	1.1551E+2	9.3047E+1	7.1632E+1	5.6800E+1	4.9396E+1	3.9667E+1	3.6191E+1	3.0991E+1	2.5790E+1	2.1227E+1	1.7679E+1	1.4543E+1	1.1539E+1	9.2119E+0	7.2795E+0	5.9261E+0	4.6893E+0	3.7652E+0	3.0796E+0	2.3959E+0	1.8920E+0	1.4432E+0	1.0025E+0	6.5613E-1	2.9235E-1	-7.9199E-2	-4.9975E-1
9.2072E+2	6.5994E+2	5.2097E+2	3.7270E+2	2.4257E+2	2.0818E+2	1.7227E+2	1.4102E+2	1.1547E+2	9.3111E+1	7.1938E+1	5.6886E+1	4.9523E+1	3.9730E+1	3.6258E+1	3.1061E+1	2.5811E+1	2.1306E+1	1.7677E+1	1.4525E+1	1.1549E+1	9.2251E+0	7.2815E+0	5.9462E+0	4.6739E+0	3.7774E+0	3.0758E+0	2.4094E+0	1.8856E+0	1.4225E+0	1.0168E+0	6.4365E-1	2.8058E-1	-1.1336E-1	-5.1746E-1
9.2178E+2	6.6391E+2	5.2401E+2	3.7311E+2	2.4302E+2	2.0844E+2	1.7252E+2	1.4121E+2	1.1579E+2	9.3176E+1	7.2020E+1	5.6976E+1	4.9582E+1	3.9777E+1	3.6315E+1	3.1121E+1	2.5806E+1	2.1330E+1	1.7722E+1	1.4539E+1	1.1583E+1	9.2567E+0	7.2977E+0	5.9050E+0	4.6862E+0	3.7575E+0	3.0845E+0	2.4197E+0	1.8911E+0	1.4292E+0	1.0267E+0	6.3762E-1	2.9935E-1	-9.7817E-2	-5.5114E-1
9.2819E+2	6.6440E+2	5.2351E+2	3.7393E+2	2.4317E+2	2.0860E+2	1.7290E+2	1.4130E+2	1.1604E+2	9.3361E+1	7.2237E+1	5.7085E+1	4.9713E+1	3.9837E+1	3.6358E+1	3.1152E+1	2.5889E+1	2.1333E+1	1.7719E+1	1.4553E+1	1.1593E+1	9.2500E+0	7.3199E+0	5.9346E+0	4.6888E+0	3.7985E+0	3.1103E+0	2.4072E+0	1.8825E+0	1.4341E+0	1.0215E+0	6.4753E-1	2.8918E-1	-8.1696E-2	-5.3877E-1
9.3330E+2	6.6723E+2	5.2567E+2	3.7415E+2	2.4420E+2	2.0985E+2	1.7348E+2	1.4211E+2	1.1641E+2	9.3608E+1	7.2187E+1	5.7152E+1	4.9773E+1	3.9896E+1	3.6453E+1	3.1199E+1	2.5923E+1	2.1376E+1	1.7765E+1	1.4578E+1	1.1595E+1	9.2744E+0	7.3228E+0	5.9277E+0	4.7018E+0	3.7988E+0	3.0805E+0	2.4078E+0	1.9015E+0	1.4394E+0	1.0098E+0	6.3966E-1	2.9612E-1	-8.4016E-2	-5.3198E-1
9.3536E+2	6.7138E+2	5.2785E+2	3.7248E+2	2.4599E+2	2.0754E+2	1.7188E+2	1.4075E+2	1.1622E+2	9.3738E+1	7.1889E+1	5.7009E+1	4.9628E+1	3.9771E+1	3.6428E+1	3.1131E+1	2.5881E+1	2.1374E+1	1.7738E+1	1.4536E+1	1.1573E+1	9.2550E+0	7.3166E+0	5.9494E+0	4.6948E+0	3.7691E+0	3.0968E+0	2.4168E+0	1.8835E+0	1.4498E+0	1.0311E+0	6.5495E-1	3.0673E-1	-8.8866E-2	-4.9807E-1
9.3415E+2	6.7035E+2	5.2850E+2	3.7648E+2	2.4419E+2	2.0984E+2	1.7390E+2	1.4196E+2	1.1611E+2	9.3726E+1	7.2529E+1	5.7275E+1	4.9839E+1	3.9982E+1	3.6480E+1	3.1236E+1	2.5939E+1	2.1410E+1	1.7816E+1	1.4618E+1	1.1608E+1	9.2896E+0	7.3485E+0	5.9356E+0	4.6933E+0	3.7960E+0	3.0969E+0	2.4272E+0	1.8883E+0	1.4499E+0	1.0410E+0	6.8514E-1	2.7865E-1	-8.6199E-2	-5.0767E-1
9.3404E+2	6.7173E+2	5.2969E+2	3.7765E+2	2.4498E+2	2.1030E+2	1.7379E+2	1.4258E+2	1.1650E+2	9.3933E+1	7.2440E+1	5.7405E+1	4.9977E+1	4.0035E+1	3.6515E+1	3.1283E+1	2.5990E+1	2.1456E+1	1.7815E+1	1.4610E+1	1.1642E+1	9.2780E+0	7.3404E+0	5.9248E+0	4.7105E+0	3.7930E+0	3.0900E+0	2.4088E+0	1.8917E+0	1.4546E+0	1.0230E+0	6.6535E-1	2.9067E-1	-8.1536E-2	-5.1344E-1
9.3733E+2	6.7235E+2	5.2988E+2	3.7753E+2	2.4541E+2	2.1050E+2	1.7452E+2	1.4228E+2	1.1716E+2	9.4380E+1	7.2436E+1	5.7537E+1	5.0082E+1	4.0089E+1	3.6665E+1	3.1352E+1	2.6035E+1	2.1486E+1	1.7850E+1	1.4654E+1	1.1659E+1	9.3129E+0	7.3707E+0	5.9941E+0	4.7418E+0	3.8311E+0	3.0916E+0	2.4102E+0	1.9059E+0	1.4474E+0	1.0253E+0	6.5572E-1	2.9225E-1	-1.0421E-1	-5.4120E-1
9.3549E+2	6.7324E+2	5.2961E+2	3.7774E+2	2.4564E+2	2.1117E+2	1.7436E+2	1.4280E+2	1.1747E+2	9.3594E+1	7.2718E+1	5.7474E+1	5.0040E+1	4.0185E+1	3.6598E+1	3.1380E+1	2.6031E+1	2.1517E+1	1.7877E+1	1.4687E+1	1.1685E+1	9.3044E+0	7.3535E+0	5.9446E+0	4.7181E+0	3.7949E+0	3.1097E+0	2.4122E+0	1.8791E+0	1.4452E+0	1.0206E+0	6.6256E-1	3.0450E-1	-6.4444E-2	-5.2025E-1
9.4023E+2	6.7546E+2	5.3078E+2	3.7845E+2	2.4661E+2	2.1127E+2	1.7517E+2	1.4302E+2	1.1701E+2	9.4435E+1	7.2418E+1	5.7680E+1	5.0107E+1	4.0273E+1	3.6703E+1	3.1465E+1	2.6128E+1	2.1552E+1	1.7824E+1	1.4661E+1	1.1673E+1	9.3371E+0	7.3924E+0	5.9431E+0	4.7201E+0	3.8144E+0	3.1213E+0	2.4310E+0	1.9042E+0	1.4762E+0	1.0459E+0	6.6488E-1	2.8905E-1	-9.2096E-2	-5.3588E-1
9.3965E+2	6.7369E+2	5.3074E+2	3.7996E+2	2.4755E+2	2.1168E+2	1.7470E+2	1.4270E+2	1.1724E+2	9.4363E+1	7.3159E+1	5.7689E+1	5.0289E+1	4.0253E+1	3.6682E+1	3.1532E+1	2.6175E+1	2.1583E+1	1.7898E+1	1.4691E+1	1.1682E+1	9.3579E+0	7.3697E+0	5.9603E+0	4.7441E+0	3.8031E+0	3.1411E+0	2.4527E+0	1.9087E+0	1.4434E+0	1.0268E+0	6.7077E-1	3.1566E-1	-9.6521E-2	-5.1895E-1
9.4412E+2	6.7624E+2	5.3344E+2	3.8132E+2	2.4726E+2	2.1249E+2	1.7568E+2	1.4373E+2	1.1774E+2	9.4633E+1	7.3211E+1	5.7800E+1	5.0364E+1	4.0283E+1	3.6830E+1	3.1568E+1	2.6160E+1	2.1624E+1	1.7913E+1	1.4767E+1	1.1658E+1	9.3429E+0	7.4106E+0	5.9866E+0	4.7595E+0	3.8314E+0	3.1282E+0	2.4268E+0	1.9053E+0	1.4595E+0	1.0435E+0	6.8369E-1	2.8675E-1	-7.1432E-2	-5.0825E-1
9.4082E+2	6.7458E+2	5.3474E+2	3.8096E+2	2.4713E+2	2.1108E+2	1.7499E+2	1.4294E+2	1.1786E+2	9.4179E+1	7.3210E+1	5.7808E+1	5.0387E+1	4.0191E+1	3.6864E+1	3.1556E+1	2.6183E+1	2.1607E+1	1.7963E+1	1.4778E+1	1.1705E+1	9.3243E+0	7.3671E+0	5.9742E+0	4.7361E+0	3.8278E+0	3.1222E+0	2.4498E+0	1.9129E+0	1.4594E+0	1.0438E+0	6.5629E-1	3.0531E-1	-1.1755E-1	-5.2194E-1
9.4993E+2	6.8082E+2	5.3423E+2	3.8079E+2	2.4743E+2	2.1231E+2	1.7534E+2	1.4386E+2	1.1770E+2	9.4764E+1	7.3048E+1	5.7936E+1	5.0342E+1	4.0379E+1	3.6808E+1	3.1583E+1	2.6190E+1	2.1584E+1	1.8015E+1	1.4763E+1	1.1730E+1	9.3353E+0	7.4094E+0	5.9900E+0	4.7468E+0	3.8065E+0	3.1068E+0	2.4456E+0	1.9037E+0	1.4720E+0	1.0515E+0	6.7415E-1	3.1331E-1	-9.8557E-2	-5.1761E-1
9.4912E+2	6.8090E+2	5.3843E+2	3.8112E+2	2.4829E+2	2.1273E+2	1.7591E+2	1.4458E+2	1.1823E+2	9.4878E+1	7.3346E+1	5.8151E+1	5.0520E+1	4.0456E+1	3.6935E+1	3.1617E+1	2.6256E+1	2.1621E+1	1.8001E+1	1.4769E+1	1.1737E+1	9.4370E+0	7.4176E+0	6.0046E+0	4.7883E+0	3.8370E+0	3.1448E+0	2.4560E+0	1.9079E+0	1.4534E+0	1.0246E+0	6.7973E-1	2.9939E-1	-7.8239E-2	-5.2207E-1
9.5430E+2	6.8300E+2	5.3810E+2	3.8307E+2	2.4916E+2	2.1345E+2	1.7648E+2	1.4452E+2	1.1822E+2	9.5143E+1	7.3750E+1	5.8069E+1	5.0631E+1	4.0521E+1	3.7040E+1	3.1606E+1	2.6323E+1	2.1725E+1	1.8040E+1	1.4761E+1	1.1723E+1	9.3943E+0	7.4017E+0	6.0486E+0	4.7943E+0	3.8399E+0	3.1339E+0	2.4586E+0	1.9377E+0	1.4606E+0	1.0304E+0	6.6743E-1	3.1086E-1	-8.8772E-2	-5.2494E-1
9.5046E+2	6.8482E+2	5.3582E+2	3.8460E+2	2.4991E+2	2.1452E+2	1.7514E+2	1.4452E+2	1.1771E+2	9.4610E+1	7.3031E+1	5.8042E+1	5.0496E+1	4.0532E+1	3.6959E+1	3.1629E+1	2.6229E+1	2.1669E+1	1.7999E+1	1.4768E+1	1.1782E+1	9.3662E+0	7.3909E+0	6.0125E+0	4.7548E+0	3.8163E+0	3.1168E+0	2.4356E+0	1.9196E+0	1.4605E+0	1.0528E+0	6.7145E-1	3.1173E-1	-8.6540E-2	-4.6595E-1
9.5500E+2	6.8519E+2	5.3760E+2	3.8372E+2	2.4901E+2	2.1298E+2	1.7676E+2	1.4446E+2	1.1830E+2	9.5277E+1	7.3411E+1	5.8163E+1	5.0579E+1	4.0548E+1	3.7053E+1	3.1629E+1	2.6337E+1	2.1694E+1	1.8033E+1	1.4751E+1	1.1741E+1	9.3884E+0	7.4251E+0	6.0047E+0	4.7703E+0	3.8703E+0	3.1384E+0	2.4547E+0	1.9194E+0	1.4661E+0	1.0288E+0	6.7257E-1	3.0225E-1	-8.9867E-2	-5.0697E-1
9.5703E+2	6.8685E+2	5.3752E+2	3.8387E+2	2.4882E+2	2.1410E+2	1.7676E+2	1.4442E+2	1.1872E+2	9.5004E+1	7.3602E+1	5.8105E+1	5.0710E+1	4.0680E+1	3.7025E+1	3.1782E+1	2.6312E+1	2.1736E+1	1.8008E+1	1.4803E+1	1.1777E+1	9.4045E+0	7.4524E+0	6.0040E+0	4.7703E+0	3.8315E+0	3.1323E+0	2.4452E+0	1.9534E+0	1.4589E+0	1.0512E+0	6.6725E-1	2.8254E-1	-8.6957E-2	-5.1298E-1
9.6137E+2	6.8804E+2	5.3936E+2	3.8390E+2	2.5069E+2	2.1423E+2	1.7774E+2	1.4531E+2	1.1874E+2	9.5690E+1	7.3631E+1	5.8266E+1	5.0800E+1	4.0601E+1	3.7166E+1	3.1826E+1	2.6356E+1	2.1723E+1	1.8047E+1	1.4826E+1	1.1763E+1	9.4194E+0	7.4479E+0	6.0322E+0	4.7683E+0	3.8807E+0	3.1626E+0	2.4377E+0	1.9307E+0	1.4746E+0	1.0516E+0	6.6071E-1	2.9734E-1	-7.8394E-2	-4.9146E-1
9.5979E+2	6.8905E+2	5.4198E+2	3.8636E+2	2.5052E+2	2.1475E+2	1.7766E+2	1.4551E+2	1.1926E+2	9.5838E+1	7.3920E+1	5.8386E+1	5.0923E+1	4.0686E+1	3.7182E+1	3.1816E+1	2.6462E+1	2.1798E+1	1.8066E+1	1.4853E+1	1.1807E+1	9.4377E+0	7.4184E+0	6.0560E+0	4.7857E+0	3.8358E+0	3.1561E+0	2.4650E+0	1.9147E+0	1.4538E+0	1.0381E+0	6.7386E-1	3.0746E-1	-8.9021E-2	-4.5756E-1
9.6318E+2	6.8465E+2	5.4145E+2	3.8534E+2	2.4901E+2	2.1460E+2	1.7773E+2	1.4475E+2	1.1840E+2	9.5462E+1	7.3584E+1	5.8332E+1	5.0755E+1	4.0654E+1	3.7202E+1	3.1731E+1	2.6360E+1	2.1685E+1	1.8110E+1	1.4796E+1	1.1774E+1	9.4197E+0	7.4579E+0	6.0184E+0	4.7706E+0	3.8586E+0	3.1491E+0	2.4643E+0	1.9273E+0	1.4578E+0	1.0529E+0	6.7605E-1	3.1029E-1	-1.0282E-1	-5.3669E-1
9.6724E+2	6.8810E+2	5.4431E+2	3.8742E+2	2.5157E+2	2.1458E+2	1.7774E+2	1.4551E+2	1.1935E+2	9.5945E+1	7.4250E+1	5.8526E+1	5.1014E+1	4.0800E+1	3.7238E+1	3.1868E+1	2.6517E+1	2.1808E+1	1.8129E+1	1.4864E+1	1.1824E+1	9.4155E+0	7.4464E+0	6.0236E+0	4.7771E+0	3.8691E+0	3.1663E+0	2.4733E+0	1.9428E+0	1.4589E+0	1.0388E+0	6.6855E-1	3.0683E-1	-7.8580E-2	-4.8819E-1
9.6855E+2	6.9200E+2	5.4457E+2	3.8777E+2	2.5204E+2	2.1569E+2	1.7885E+2	1.4571E+2	1.1934E+2	9.6280E+1	7.4281E+1	5.8619E+1	5.0975E+1	4.0925E+1	3.7313E+1	3.1890E+1	2.6501E+1	2.1910E+1	1.8180E+1	1.4880E+1	1.1827E+1	9.4704E+0	7.4789E+0	6.0669E+0	4.7916E+0	3.8609E+0	3.1633E+0	2.4610E+0	1.9471E+0	1.4674E+0	1.0507E+0	6.9127E-1	3.1907E-1	-6.1390E-2	-4.6024E-1
9.7096E+2	6.9332E+2	5.4529E+2	3.8842E+2	2.5225E+2	2.1629E+2	1.7881E+2	1.4589E+2	1.1976E+2	9.6350E+1	7.4584E+1	5.8732E+1	5.1088E+1	4.0997E+1	3.7338E+1	3.1970E+1	2.6528E+1	2.1922E+1	1.8206E+1	1.4912E+1	1.1821E+1	9.4945E+0	7.4797E+0	6.0627E+0	4.8217E+0	3.8784E+0	3.1475E+0	2.4728E+0	1.9163E+0	1.4625E+0	1.0456E+0	6.8530E-1	3.2389E-1	-8.1671E-2	-5.0158E-1
9.7184E+2	6.9364E+2	5.4555E+2	3.8842E+2	2.5270E+2	2.1587E+2	1.7927E+2	1.4628E+2	1.1985E+2	9.6588E+1	7.4396E+1	5.8819E+1	5.1191E+1	4.1063E+1	3.7414E+1	3.1937E+1	2.6583E+1	2.2001E+1	1.8144E+1	1.4918E+1	1.1917E+1	9.4697E+0	7.4880E+0	6.1099E+0	4.8009E+0	3.8844E+0	3.1619E+0	2.4812E+0	1.9172E+0	1.4638E+0	1.0577E+0	6.8329E-1	3.1835E-1	-5.1217E-2	-4.5726E-1
9.6925E+2	6.9418E+2	5.4663E+2	3.8845E+2	2.5217E+2	2.1605E+2	1.7879E+2	1.4625E+2	1.1998E+2	9.6332E+1	7.4334E+1	5.8898E+1	5.1111E+1	4.0960E+1	3.7362E+1	3.2068E+1	2.6458E+1	2.1928E+1	1.8170E+1	1.4943E+1	1.1865E+1	9.4776E+0	7.4435E+0	6.0630E+0	4.8110E+0	3.8871E+0	3.1747E+0	2.4673E+0	1.9291E+0	1.4762E+0	1.0790E+0	6.6659E-1	2.9672E-1	-6.8836E-2	-4.8031E-1
9.7029E+2	6.9533E+2	5.4617E+2	3.8922E+2	2.5270E+2	2.1639E+2	1.7888E+2	1.4641E+2	1.2002E+2	9.6433E+1	7.4442E+1	5.8970E+1	5.1263E+1	4.0890E+1	3.7371E+1	3.2065E+1	2.6642E+1	2.1952E+1	1.8243E+1	1.4956E+1	1.1857E+1	9.5009E+0	7.4649E+0	6.0759E+0	4.7960E+0	3.8700E+0	3.1557E+0	2.4725E+0	1.9367E+0	1.4743E+0	1.0700E+0	6.9221E-1	3.0759E-1	-7.0655E-2	-5.3344E-1
9.7433E+2	6.9744E+2	5.4791E+2	3.9058E+2	2.5331E+2	2.1659E+2	1.7886E+2	1.4689E+2	1.2027E+2	9.6373E+1	7.4494E+1	5.9014E+1	5.1294E+1	4.1097E+1	3.7470E+1	3.2084E+1	2.6623E+1	2.1917E+1	1.8228E+1	1.5016E+1	1.1897E+1	9.5193E+0	7.5282E+0	6.1186E+0	4.7937E+0	3.9076E+0	3.1617E+0	2.4612E+0	1.9366E+0	1.4590E+0	1.0515E+0	6.7359E-1	3.0346E-1	-5.9060E-2	-5.1082E-1
9.7488E+2	6.9982E+2	5.5044E+2	3.9019E+2	2.5387E+2	2.1743E+2	1.7954E+2	1.4675E+2	1.2029E+2	9.6911E+1	7.4916E+1	5.9007E+1	5.1361E+1	4.1116E+1	3.7581E+1	3.2115E+1	2.6678E+1	2.1995E+1	1.8271E+1	1.5037E+1	1.1854E+1	9.5435E+0	7.5307E+0	6.0982E+0	4.8372E+0	3.8909E+0	3.1868E+0	2.4721E+0	1.9340E+0	1.4957E+0	1.0438E+0	6.7403E-1	3.1869E-1	-6.2509E-2	-5.1718E-1
9.7322E+2	7.0340E+2	5.5332E+2	3.9026E+2	2.5286E+2	2.1703E+2	1.7914E+2	1.4773E+2	1.2024E+2	9.7173E+1	7.4817E+1	5.9235E+1	5.1420E+1	4.1223E+1	3.7699E+1	3.2157E+1	2.6725E+1	2.2090E+1	1.8338E+1	1.4984E+1	1.1947E+1	9.5623E+0	7.5144E+0	6.0971E+0	4.8226E+0	3.8730E+0	3.1857E+0	2.4983E+0	1.9517E+0	1.5056E+0	1.0533E+0	6.7583E-1	3.3583E-1	-5.3084E-2	-5.2375E-1
9.7159E+2	7.0376E+2	5.5464E+2	3.9161E+2	2.5484E+2	2.1911E+2	1.8115E+2	1.4671E+2	1.2013E+2	9.7235E+1	7.4591E+1	5.9290E+1	5.1523E+1	4.1254E+1	3.7693E+1	3.2286E+1	2.6735E+1	2.2003E+1	1.8313E+1	1.5061E+1	1.1853E+1	9.5470E+0	7.5364E+0	6.1019E+0	4.8486E+0	3.9001E+0	3.1946E+0	2.4807E+0	1.9386E+0	1.4863E+0	1.0631E+0	6.9063E-1	3.2062E-1	-7.3623E-2	-4.7568E-1
9.8596E+2	7.0362E+2	5.5338E+2	3.9367E+2	2.5560E+2	2.1887E+2	1.8080E+2	1.4777E+2	1.2089E+2	9.7579E+1	7.5306E+1	5.9495E+1	5.1647E+1	4.1392E+1	3.7743E+1	3.2287E+1	2.6800E+1	2.2124E+1	1.8325E+1	1.5090E+1	1.1904E+1	9.5531E+0	7.5455E+0	6.0769E+0	4.8327E+0	3.8925E+0	3.1928E+0	2.4848E+0	1.9559E+0	1.4782E+0	1.0805E+0	6.9532E-1	3.2507E-1	-5.5944E-2	-4.8238E-1
9.9043E+2	7.0575E+2	5.5442E+2	3.9292E+2	2.5645E+2	2.1862E+2	1.8073E+2	1.4743E+2	1.2090E+2	9.7421E+1	7.5488E+1	5.9491E+1	5.1682E+1	4.1360E+1	3.7752E+1	3.2434E+1	2.6920E+1	2.2074E+1	1.8360E+1	1.5041E+1	1.1998E+1	9.5664E+0	7.5522E+0	6.1287E+0	4.8542E+0	3.8679E+0	3.1882E+0	2.4943E+0	1.9440E+0	1.4968E+0	1.0761E+0	6.8547E-1	3.0930E-1	-6.0423E-2	-4.5666E-1
9.8505E+2	7.0525E+2	5.5435E+2	3.9387E+2	2.5533E+2	2.1872E+2	1.8105E+2	1.4802E+2	1.2123E+2	9.7205E+1	7.5215E+1	5.9471E+1	5.1629E+1	4.1319E+1	3.7800E+1	3.2313E+1	2.6811E+1	2.2094E+1	1.8296E+1	1.5054E+1	1.1966E+1	9.5461E+0	7.5247E+0	6.1311E+0	4.8488E+0	3.9114E+0	3.2118E+0	2.4814E+0	1.9504E+0	1.4978E+0	1.0605E+0	6.6443E-1	3.1130E-1	-4.7322E-2	-4.6424E-1
9.8646E+2	7.0521E+2	5.5436E+2	3.9431E+2	2.5541E+2	2.1938E+2	1.8093E+2	1.4783E+2	1.2133E+2	9.7070E+1	7.5155E+1	5.9446E+1	5.1893E+1	4.1470E+1	3.7813E+1	3.2313E+1	2.6869E+1	2.2187E+1	1.8319E+1	1.5079E+1	1.1977E+1	9.5419E+0	7.5467E+0	6.1265E+0	4.8586E+0	3.8962E+0	3.2151E+0	2.4909E+0	1.9673E+0	1.5075E+0	1.0692E+0	7.0512E-1	3.3938E-1	-6.1632E-2	-5.3897E-1
9.8952E+2	7.0500E+2	5.5506E+2	3.9443E+2	2.5577E+2	2.1983E+2	1.8141E+2	1.4837E+2	1.2172E+2	9.7801E+1	7.5363E+1	5.9716E+1	5.1822E+1	4.1485E+1	3.7968E+1	3.2466E+1	2.6944E+1	2.2248E+1	1.8374E+1	1.5098E+1	1.1975E+1	9.5821E+0	7.5852E+0	6.0999E+0	4.8451E+0	3.9396E+0	3.1961E+0	2.4819E+0	1.9520E+0	1.5033E+0	1.0753E+0	7.1436E-1	3.1715E-1	-8.0150E-2	-5.1958E-1
9.9210E+2	7.0941E+2	5.5719E+2	3.9588E+2	2.5733E+2	2.1997E+2	1.8196E+2	1.4859E+2	1.2215E+2	9.7820E+1	7.5711E+1	5.9701E+1	5.1966E+1	4.1581E+1	3.7980E+1	3.2434E+1	2.7005E+1	2.2157E+1	1.8407E+1	1.5102E+1	1.2051E+1	9.6424E+0	7.5970E+0	6.1326E+0	4.8709E+0	3.9071E+0	3.2068E+0	2.4977E+0	1.9521E+0	1.4861E+0	1.0706E+0	7.0496E-1	3.2512E-1	-8.7849E-2	-5.2412E-1
9.9199E+2	7.1106E+2	5.5785E+2	3.9624E+2	2.5715E+2	2.2120E+2	1.8243E+2	1.4881E+2	1.2214E+2	9.8137E+1	7.5985E+1	5.9857E+1	5.2049E+1	4.1713E+1	3.8102E+1	3.2626E+1	2.7021E+1	2.2211E+1	1.8454E+1	1.5152E+1	1.2011E+1	9.6272E+0	7.6188E+0	6.1550E+0	4.8504E+0	3.9166E+0	3.2143E+0	2.4959E+0	1.9738E+0	1.5031E+0	1.0824E+0	7.0707E-1	2.9863E-1	-8.0457E-2	-4.7321E-1
9.9253E+2	7.0964E+2	5.5747E+2	3.9710E+2	2.5744E+2	2.2036E+2	1.8212E+2	1.4908E+2	1.2222E+2	9.8329E+1	7.5700E+1	5.9849E+1	5.2178E+1	4.1606E+1	3.8045E+1	3.2492E+1	2.7008E+1	2.2215E+1	1.8462E+1	1.5152E+1	1.1999E+1	9.6173E+0	7.5644E+0	6.1561E+0	4.8742E+0	3.9131E+0	3.2096E+0	2.5268E+0	1.9499E+0	1.4993E+0	1.0647E+0	7.0266E-1	3.3580E-1	-7.4758E-2	-5.3046E-1
9.9995E+2	7.1353E+2	5.6060E+2	3.9688E+2	2.5774E+2	2.2056E+2	1.8237E+2	1.4919E+2	1.2238E+2	9.8144E+1	7.5748E+1	5.9948E+1	5.2149E+1	4.1802E+1	3.8133E+1	3.2515E+1	2.7092E+1	2.2331E+1	1.8481E+1	1.5179E+1	1.2082E+1	9.6030E+0	7.5941E+0	6.1733E+0	4.9016E+0	3.9274E+0	3.2307E+0	2.4989E+0	1.9639E+0	1.4977E+0	1.0546E+0	6.9565E-1	3.2597E-1	-6.7591E-2	-5.1514E-1
1.0021E+3	7.1567E+2	5.6113E+2	3.9756E+2	2.5893E+2	2.2154E+2	1.8334E+2	1.5013E+2	1.2239E+2	9.8196E+1	7.5671E+1	6.0036E+1	5.2235E+1	4.1838E+1	3.8188E+1	3.2654E+1	2.7052E+1	2.2363E+1	1.8567E+1	1.5164E+1	1.2069E+1	9.6573E+0	7.6060E+0	6.1447E+0	4.8842E+0	3.9383E+0	3.2004E+0	2.5115E+0	1.9788E+0	1.4846E+0	1.0708E+0	6.9552E-1	3.3522E-1	-6.9275E-2	-4.9182E-1
9.9716E+2	7.1287E+2	5.6162E+2	3.9872E+2	2.5895E+2	2.2144E+2	1.8319E+2	1.4970E+2	1.2232E+2	9.8684E+1	7.6038E+1	6.0094E+1	5.2318E+1	4.1902E+1	3.8130E+1	3.2602E+1	2.7136E+1	2.2329E+1	1.8537E+1	1.5152E+1	1.2078E+1	9.6440E+0	7.6437E+0	6.1481E+0	4.9145E+0	3.9368E+0	3.2179E+0	2.5035E+0	1.9664E+0	1.4889E+0	1.0763E+0	7.2080E-1	3.1393E-1	-4.3669E-2	-4.8077E-1
1.0019E+3	7.1454E+2	5.6035E+2	3.9929E+2	2.5863E+2	2.2092E+2	1.8327E+2	1.4988E+2	1.2242E+2	9.8431E+1	7.6176E+1	6.0209E+1	5.2354E+1	4.1815E+1	3.8226E+1	3.2683E+1	2.6994E+1	2.2301E+1	1.8562E+1	1.5188E+1	1.2095E+1	9.6208E+0	7.6096E+0	6.1467E+0	4.9024E+0	3.9279E+0	3.2222E+0	2.5019E+0	1.9427E+0	1.4848E+0	1.0692E+0	6.9159E-1	3.4210E-1	-3.3473E-2	-4.5830E-1
1.0015E+3	7.1418E+2	5.6038E+2	3.9991E+2	2.5949E+2	2.2208E+2	1.8339E+2	1.4963E+2	1.2237E+2	9.8574E+1	7.6197E+1	6.0225E+1	5.2315E+1	4.1845E+1	3.8257E+1	3.2665E+1	2.7107E+1	2.2294E+1	1.8516E+1	1.5195E+1	1.2065E+1	9.6266E+0	7.6296E+0	6.1722E+0	4.8692E+0	3.9341E+0	3.2295E+0	2.5298E+0	1.9798E+0	1.5012E+0	1.0735E+0	7.0941E-1	3.3108E-1	-3.5793E-2	-5.1570E-1
1.0002E+3	7.1449E+2	5.6206E+2	3.9964E+2	2.5892E+2	2.2198E+2	1.8356E+2	1.4975E+2	1.2254E+2	9.8884E+1	7.5744E+1	6.0167E+1	5.2406E+1	4.1841E+1	3.8209E+1	3.2733E+1	2.7191E+1	2.2393E+1	1.8536E+1	1.5216E+1	1.2045E+1	9.6893E+0	7.6337E+0	6.1917E+0	4.9066E+0	3.9613E+0	3.2096E+0	2.5153E+0	1.9648E+0	1.5027E+0	1.0966E+0	6.8061E-1	3.0448E-1	-5.5473E-2	-4.5760E-1
1.0023E+3	7.1568E+2	5.6319E+2	3.9965E+2	2.5931E+2	2.2218E+2	1.8329E+2	1.5029E+2	1.2296E+2	9.8738E+1	7.5913E+1	6.0279E+1	5.2374E+1	4.1993E+1	3.8310E+1	3.2745E+1	2.7168E+1	2.2362E+1	1.8573E+1	1.5268E+1	1.2088E+1	9.6809E+0	7.6244E+0	6.1949E+0	4.9281E+0	3.9266E+0	3.2207E+0	2.5092E+0	1.9686E+0	1.5183E+0	1.0767E+0	6.8944E-1	3.3167E-1	-4.5422E-2	-4.8952E-1
1.0020E+3	7.1534E+2	5.6308E+2	3.9990E+2	2.5950E+2	2.2195E+2	1.8319E+2	1.5011E+2	1.2296E+2	9.8587E+1	7.6239E+1	6.0211E+1	5.2411E+1	4.1967E+1	3.8282E+1	3.2777E+1	2.7193E+1	2.2385E+1	1.8587E+1	1.5252E+1	1.2121E+1	9.6661E+0	7.6247E+0	6.2004E+0	4.9012E+0	3.9573E+0	3.2484E+0	2.5206E+0	1.9660E+0	1.5038E+0	1.0893E+0	6.8742E-1	3.3648E-1	-5.7350E-2	-4.8803E-1
1.0017E+3	7.1522E+2	5.6539E+2	4.0160E+2	2.5994E+2	2.2204E+2	1.8345E+2	1.5034E+2	1.2324E+2	9.8735E+1	7.6223E+1	6.0265E+1	5.2462E+1	4.2016E+1	3.8314E+1	3.2780E+1	2.7222E+1	2.2394E+1	1.8603E+1	1.5233E+1	1.2068E+1	9.6929E+0	7.6341E+0	6.1939E+0	4.9089E+0	3.9605E+0	3.2422E+0	2.5161E+0	1.9604E+0	1.5425E+0	1.0789E+0	6.9927E-1	3.4910E-1	-7.0716E-2	-4.7274E-1
1.0055E+3	7.1814E+2	5.6487E+2	4.0214E+2	2.6023E+2	2.2310E+2	1.8431E+2	1.5065E+2	1.2309E+2	9.8819E+1	7.6591E+1	6.0438E+1	5.2470E+1	4.2047E+1	3.8349E+1	3.2873E+1	2.7200E+1	2.2451E+1	1.8599E+1	1.5270E+1	1.2157E+1	9.7113E+0	7.6649E+0	6.2339E+0	4.9305E+0	3.9535E+0	3.2401E+0	2.5136E+0	1.9771E+0	1.5196E+0	1.0745E+0	6.8577E-1	3.2885E-1	-6.0406E-2	-4.8993E-1
1.0152E+3	7.1731E+2	5.6581E+2	4.0050E+2	2.5880E+2	2.2366E+2	1.8447E+2	1.5154E+2	1.2370E+2	9.9266E+1	7.6433E+1	6.0430E+1	5.2440E+1	4.1982E+1	3.8373E+1	3.2875E+1	2.7149E+1	2.2461E+1	1.8620E+1	1.5286E+1	1.2127E+1	9.7129E+0	7.6496E+0	6.2002E+0	4.8801E+0	3.9538E+0	3.2249E+0	2.5284E+0	1.9659E+0	1.5181E+0	1.0663E+0	7.1909E-1	3.4425E-1	-4.3683E-2	-4.6789E-1
1.0087E+3	7.1986E+2	5.6587E+2	4.0197E+2	2.6065E+2	2.2341E+2	1.8437E+2	1.5048E+2	1.2325E+2	9.9469E+1	7.6149E+1	6.0432E+1	5.2627E+1	4.2166E+1	3.8374E+1	3.2927E+1	2.7225E+1	2.2478E+1	1.8654E+1	1.5301E+1	1.2127E+1	9.7044E+0	7.6933E+0	6.2084E+0	4.9345E+0	3.9650E+0	3.2454E+0	2.5434E+0	1.9856E+0	1.5187E+0	1.0937E+0	7.1597E-1	3.0607E-1	-6.5626E-2	-4.9206E-1
1.0104E+3	7.2186E+2	5.6711E+2	4.0292E+2	2.6078E+2	2.2389E+2	1.8494E+2	1.5132E+2	1.2378E+2	9.9567E+1	7.6779E+1	6.0676E+1	5.2778E+1	4.2141E+1	3.8553E+1	3.2995E+1	2.7282E+1	2.2542E+1	1.8634E+1	1.5278E+1	1.2210E+1	9.7044E+0	7.6568E+0	6.2370E+0	4.9333E+0	3.9829E+0	3.2516E+0	2.5191E+0	1.9896E+0	1.5066E+0	1.0967E+0	7.2641E-1	3.3474E-1	-4.9982E-2	-4.7303E-1
1.0084E+3	7.2459E+2	5.6667E+2	4.0343E+2	2.6174E+2	2.2321E+2	1.8487E+2	1.5098E+2	1.2401E+2	9.9677E+1	7.6864E+1	6.0653E+1	5.2749E+1	4.2218E+1	3.8534E+1	3.2980E+1	2.7335E+1	2.2503E+1	1.8685E+1	1.5359E+1	1.2194E+1	9.7198E+0	7.6618E+0	6.2181E+0	4.9258E+0	3.9547E+0	3.2467E+0	2.5591E+0	1.9911E+0	1.5133E+0	1.0976E+0	7.2725E-1	3.2969E-1	-2.3816E-2	-5.1167E-1
1.0154E+3	7.2467E+2	5.6914E+2	4.0442E+2	2.6176E+2	2.2429E+2	1.8500E+2	1.5145E+2	1.2411E+2	9.9923E+1	7.6795E+1	6.0852E+1	5.2891E+1	4.2284E+1	3.8600E+1	3.2961E+1	2.7389E+1	2.2523E+1	1.8817E+1	1.5378E+1	1.2207E+1	9.7435E+0	7.6662E+0	6.2046E+0	4.9154E+0	3.9772E+0	3.2562E+0	2.5404E+0	1.9474E+0	1.5200E+0	1.0946E+0	7.0780E-1	3.5711E-1	-6.6757E-2	-5.0025E-1
1.0168E+3	7.2795E+2	5.7376E+2	4.0652E+2	2.6147E+2	2.2456E+2	1.8560E+2	1.5130E+2	1.2370E+2	1.0032E+2	7.6586E+1	6.0794E+1	5.2929E+1	4.2425E+1	3.8665E+1	3.3026E+1	2.7320E+1	2.2577E+1	1.8739E+1	1.5374E+1	1.2238E+1	9.7630E+0	7.6673E+0	6.2317E+0	4.9474E+0	3.9721E+0	3.2508E+0	2.5374E+0	1.9909E+0	1.5251E+0	1.0720E+0	7.1062E-1	3.4629E-1	-7.3316E-2	-4.8473E-1
1.0180E+3	7.2631E+2	5.6890E+2	4.0566E+2	2.6225E+2	2.2514E+2	1.8587E+2	1.5169E+2	1.2427E+2	9.9326E+1	7.7218E+1	6.1002E+1	5.2905E+1	4.2388E+1	3.8641E+1	3.3093E+1	2.7450E+1	2.2633E+1	1.8744E+1	1.5378E+1	1.2213E+1	9.7719E+0	7.7309E+0	6.2710E+0	4.9460E+0	3.9834E+0	3.2501E+0	2.5378E+0	1.9859E+0	1.5346E+0	1.0940E+0	7.2459E-1	3.2861E-1	-3.3325E-2	-4.5301E-1
1.0212E+3	7.2730E+2	5.7102E+2	4.0593E+2	2.6267E+2	2.2472E+2	1.8618E+2	1.5199E+2	1.2460E+2	9.9825E+1	7.7437E+1	6.1007E+1	5.3062E+1	4.2444E+1	3.8731E+1	3.3155E+1	2.7459E+1	2.2642E+1	1.8762E+1	1.5404E+1	1.2292E+1	9.7463E+0	7.7264E+0	6.2578E+0	4.9501E+0	3.9821E+0	3.2502E+0	2.5671E+0	1.9790E+0	1.5483E+0	1.1015E+0	7.1863E-1	3.4712E-1	-6.8599E-2	-4.7579E-1
1.0222E+3	7.2878E+2	5.7300E+2	4.0653E+2	2.6368E+2	2.2591E+2	1.8659E+2	1.5237E+2	1.2487E+2	9.9893E+1	7.7211E+1	6.1120E+1	5.3156E+1	4.2526E+1	3.8824E+1	3.3135E+1	2.7457E+1	2.2632E+1	1.8844E+1	1.5425E+1	1.2260E+1	9.7731E+0	7.7248E+0	6.2597E+0	4.9522E+0	4.0226E+0	3.2737E+0	2.5536E+0	1.9907E+0	1.5335E+0	1.1022E+0	7.1124E-1	3.3450E-1	-5.0864E-2	-5.1573E-1
1.0280E+3	7.2762E+2	5.7232E+2	4.0821E+2	2.6448E+2	2.2635E+2	1.8687E+2	1.5300E+2	1.2470E+2	1.0056E+2	7.7618E+1	6.1230E+1	5.3199E+1	4.2606E+1	3.8877E+1	3.3244E+1	2.7550E+1	2.2722E+1	1.8880E+1	1.5409E+1	1.2298E+1	9.7828E+0	7.7350E+0	6.2627E+0	4.9612E+0	3.9992E+0	3.2618E+0	2.5689E+0	1.9928E+0	1.5427E+0	1.1061E+0	7.0928E-1	3.5625E-1	-4.2585E-2	-4.5804E-1
1.0271E+3	7.3080E+2	5.7442E+2	4.0767E+2	2.6458E+2	2.2626E+2	1.8705E+2	1.5277E+2	1.2501E+2	1.0047E+2	7.7555E+1	6.1345E+1	5.3241E+1	4.2715E+1	3.8898E+1	3.3282E+1	2.7595E+1	2.2724E+1	1.8882E+1	1.5476E+1	1.2331E+1	9.8197E+0	7.7279E+0	6.2509E+0	4.9934E+0	3.9935E+0	3.2848E+0	2.5555E+0	2.0147E+0	1.5151E+0	1.1091E+0	7.1906E-1	3.4424E-1	-6.3261E-2	-4.9016E-1
1.0260E+3	7.3185E+2	5.7498E+2	4.0831E+2	2.6468E+2	2.2649E+2	1.8756E+2	1.5294E+2	1.2520E+2	1.0096E+2	7.7446E+1	6.1311E+1	5.3333E+1	4.2628E+1	3.8933E+1	3.3309E+1	2.7603E+1	2.2753E+1	1.8878E+1	1.5456E+1	1.2336E+1	9.7712E+0	7.7155E+0	6.2714E+0	4.9491E+0	4.0350E+0	3.2846E+0	2.5611E+0	2.0038E+0	1.5258E+0	1.0946E+0	7.1477E-1	3.3120E-1	-2.4109E-2	-4.3147E-1
1.0285E+3	7.3237E+2	5.7569E+2	4.0803E+2	2.6485E+2	2.2690E+2	1.8748E+2	1.5294E+2	1.2554E+2	1.0076E+2	7.7535E+1	6.1416E+1	5.3292E+1	4.2783E+1	3.8950E+1	3.3217E+1	2.7623E+1	2.2784E+1	1.8859E+1	1.5475E+1	1.2308E+1	9.7974E+0	7.7348E+0	6.2672E+0	5.0142E+0	4.0097E+0	3.2813E+0	2.5726E+0	2.0011E+0	1.5419E+0	1.1005E+0	7.0968E-1	3.3502E-1	-3.7471E-2	-4.8882E-1
1.0355E+3	7.3678E+2	5.7868E+2	4.0805E+2	2.6669E+2	2.2646E+2	1.8751E+2	1.5302E+2	1.2611E+2	1.0111E+2	7.7513E+1	6.1464E+1	5.3375E+1	4.2831E+1	3.9124E+1	3.3395E+1	2.7599E+1	2.2787E+1	1.8915E+1	1.5483E+1	1.2365E+1	9.8066E+0	7.7787E+0	6.3120E+0	4.9991E+0	4.0041E+0	3.3133E+0	2.5599E+0	2.0091E+0	1.5389E+0	1.0888E+0	7.2690E-1	3.4606E-1	-2.5823E-2	-4.8602E-1
1.0361E+3	7.3907E+2	5.8071E+2	4.1184E+2	2.6578E+2	2.2793E+2	1.8875E+2	1.5395E+2	1.2559E+2	1.0134E+2	7.7968E+1	6.1764E+1	5.3627E+1	4.2926E+1	3.9092E+1	3.3469E+1	2.7721E+1	2.2931E+1	1.8970E+1	1.5542E+1	1.2361E+1	9.8386E+0	7.8117E+0	6.2877E+0	5.0142E+0	4.0381E+0	3.2718E+0	2.5596E+0	2.0298E+0	1.5327E+0	1.1019E+0	7.1332E-1	3.4354E-1	-2.7181E-2	-4.9284E-1
1.0356E+3	7.3768E+2	5.7934E+2	4.1153E+2	2.6651E+2	2.2825E+2	1.8847E+2	1.5416E+2	1.2622E+2	1.0098E+2	7.7922E+1	6.1761E+1	5.3629E+1	4.2973E+1	3.9160E+1	3.3566E+1	2.7818E+1	2.2802E+1	1.9000E+1	1.5560E+1	1.2376E+1	9.8425E+0	7.7938E+0	6.3014E+0	4.9925E+0	4.0233E+0	3.3087E+0	2.5713E+0	2.0209E+0	1.5517E+0	1.0936E+0	7.3617E-1	3.4992E-1	-2.9105E-2	-4.4340E-1
1.0386E+3	7.4114E+2	5.8168E+2	4.1263E+2	2.6787E+2	2.2832E+2	1.8892E+2	1.5420E+2	1.2641E+2	1.0164E+2	7.8439E+1	6.1909E+1	5.3834E+1	4.3088E+1	3.9255E+1	3.3573E+1	2.7829E+1	2.2874E+1	1.9033E+1	1.5591E+1	1.2373E+1	9.9146E+0	7.8208E+0	6.3150E+0	4.9938E+0	4.0369E+0	3.2922E+0	2.5805E+0	2.0190E+0	1.5678E+0	1.1243E+0	7.2952E-1	3.5353E-1	-5.8231E-2	-4.5487E-1
1.0386E+3	7.4204E+2	5.8141E+2	4.1279E+2	2.6736E+2	2.2964E+2	1.8900E+2	1.5462E+2	1.2687E+2	1.0125E+2	7.8250E+1	6.2007E+1	5.3847E+1	4.3129E+1	3.9339E+1	3.3630E+1	2.7818E+1	2.3014E+1	1.9110E+1	1.5578E+1	1.2363E+1	9.9127E+0	7.8197E+0	6.3442E+0	5.0352E+0	4.0225E+0	3.2932E+0	2.5699E+0	2.0316E+0	1.5323E+0	1.1192E+0	7.5435E-1	3.6700E-1	-2.3463E-2	-4.8546E-1
1.0474E+3	7.4336E+2	5.8578E+2	4.1540E+2	2.6871E+2	2.2993E+2	1.8855E+2	1.5434E+2	1.2690E+2	1.0180E+2	7.8534E+1	6.1839E+1	5.3920E+1	4.3085E+1	3.9371E+1	3.3625E+1	2.7925E+1	2.2925E+1	1.9089E+1	1.5607E+1	1.2382E+1	9.8602E+0	7.8118E+0	6.3603E+0	5.0317E+0	4.0324E+0	3.3169E+0	2.5698E+0	2.0316E+0	1.5321E+0	1.1121E+0	7.4587E-1	3.4644E-1	-4.6667E-2	-4.8665E-1
1.0390E+3	7.4117E+2	5.8168E+2	4.1352E+2	2.6835E+2	2.2928E+2	1.8919E+2	1.5448E+2	1.2668E+2	1.0135E+2	7.8487E+1	6.1953E+1	5.3877E+1	4.3172E+1	3.9320E+1	3.3715E+1	2.7937E+1	2.2961E+1	1.9044E+1	1.5627E+1	1.2370E+1	9.8776E+0	7.8250E+0	6.3438E+0	5.0132E+0	4.0392E+0	3.3197E+0	2.5919E+0	2.0124E+0	1.5498E+0	1.1125E+0	7.4116E-1	3.3151E-1	-6.0267E-2	-4.8710E-1
1.0431E+3	7.4303E+2	5.8374E+2	4.1465E+2	2.6841E+2	2.2964E+2	1.8974E+2	1.5524E+2	1.2693E+2	1.0186E+2	7.8300E+1	6.2114E+1	5.3971E+1	4.3215E+1	3.9393E+1	3.3697E+1	2.7895E+1	2.3060E+1	1.9129E+1	1.5626E+1	1.2432E+1	9.9003E+0	7.8294E+0	6.3382E+0	5.0185E+0	4.0432E+0	3.3224E+0	2.5772E+0	2.0284E+0	1.5536E+0	1.1086E+0	7.2311E-1	3.5446E-1	-4.6316E-2	-4.7281E-1
1.0452E+3	7.4516E+2	5.8527E+2	4.1576E+2	2.6895E+2	2.3022E+2	1.9005E+2	1.5501E+2	1.2725E+2	1.0199E+2	7.9059E+1	6.2261E+1	5.4092E+1	4.3251E+1	3.9534E+1	3.3767E+1	2.7937E+1	2.3037E+1	1.9147E+1	1.5683E+1	1.2463E+1	9.9260E+0	7.8399E+0	6.3500E+0	5.0422E+0	4.0360E+0	3.3183E+0	2.5680E+0	2.0393E+0	1.5628E+0	1.1233E+0	7.1969E-1	3.5683E-1	-3.3355E-2	-4.3027E-1
1.0481E+3	7.4592E+2	5.8489E+2	4.1593E+2	2.6903E+2	2.3027E+2	1.9018E+2	1.5556E+2	1.2692E+2	1.0232E+2	7.8958E+1	6.2217E+1	5.4130E+1	4.3291E+1	3.9473E+1	3.3865E+1	2.8000E+1	2.3109E+1	1.9125E+1	1.5674E+1	1.2449E+1	9.9430E+0	7.8228E+0	6.3371E+0	5.0268E+0	4.0589E+0	3.3076E+0	2.5768E+0	2.0035E+0	1.5482E+0	1.1232E+0	7.1895E-1	3.7831E-1	-4.6593E-2	-4.4736E-1
1.0460E+3	7.4457E+2	5.8350E+2	4.1540E+2	2.6842E+2	2.3014E+2	1.8977E+2	1.5512E+2	1.2679E+2	1.0220E+2	7.8680E+1	6.2178E+1	5.4112E+1	4.3270E+1	3.9444E+1	3.3699E+1	2.7973E+1	2.3024E+1	1.9075E+1	1.5713E+1	1.2419E+1	9.9304E+0	7.8491E+0	6.3706E+0	5.0591E+0	4.0511E+0	3.3122E+0	2.5933E+0	2.0327E+0	1.5718E+0	1.1205E+0	7.3653E-1	3.6504E-1	-4.3862E-2	-4.4772E-1
1.0442E+3	7.4490E+2	5.8572E+2	4.1492E+2	2.6818E+2	2.3017E+2	1.9020E+2	1.5489E+2	1.2682E+2	1.0189E+2	7.8975E+1	6.2266E+1	5.4073E+1	4.3325E+1	3.9453E+1	3.3747E+1	2.8033E+1	2.3035E+1	1.9201E+1	1.5637E+1	1.2430E+1	9.9472E+0	7.8430E+0	6.3745E+0	5.0600E+0	4.0426E+0	3.3098E+0	2.5899E+0	2.0510E+0	1.5573E+0	1.1318E+0	7.2563E-1	3.6433E-1	-3.6476E-2	-4.6139E-1
1.0478E+3	7.4666E+2	5.8579E+2	4.1581E+2	2.6926E+2	2.3069E+2	1.9058E+2	1.5533E+2	1.2716E+2	1.0206E+2	7.9015E+1	6.2287E+1	5.4207E+1	4.3326E+1	3.9523E+1	3.3801E+1	2.8053E+1	2.3092E+1	1.9204E+1	1.5686E+1	1.2457E+1	9.9294E+0	7.8631E+0	6.3612E+0	5.0616E+0	4.0651E+0	3.3142E+0	2.5936E+0	2.0219E+0	1.5496E+0	1.1397E+0	7.4232E-1	3.4722E-1	-6.0705E-2	-5.0034E-1
1.0503E+3	7.4909E+2	5.8690E+2	4.1691E+2	2.6983E+2	2.3066E+2	1.9105E+2	1.5574E+2	1.2762E+2	1.0257E+2	7.9268E+1	6.2492E+1	5.4393E+1	4.3470E+1	3.9659E+1	3.3869E+1	2.8001E+1	2.3121E+1	1.9171E+1	1.5712E+1	1.2492E+1	9.9236E+0	7.8363E+0	6.3998E+0	5.0058E+0	4.0564E+0	3.3244E+0	2.6184E+0	2.0429E+0	1.5693E+0	1.1210E+0	7.5368E-1	3.5617E-1	-4.0405E-2	-4.7219E-1
1.0555E+3	7.5267E+2	5.8854E+2	4.1780E+2	2.7019E+2	2.3202E+2	1.9116E+2	1.5604E+2	1.2795E+2	1.0269E+2	7.9443E+1	6.2652E+1	5.4394E+1	4.3553E+1	3.9730E+1	3.3994E+1	2.8146E+1	2.3129E+1	1.9273E+1	1.5754E+1	1.2500E+1	9.9835E+0	7.8861E+0	6.3742E+0	5.0573E+0	4.0914E+0	3.3471E+0	2.6259E+0	2.0428E+0	1.5582E+0	1.1077E+0	7.4949E-1	3.7217E-1	-3.7735E-2	-4.5144E-1
1.0598E+3	7.5393E+2	5.9028E+2	4.1858E+2	2.7202E+2	2.3212E+2	1.9215E+2	1.5697E+2	1.2804E+2	1.0278E+2	7.9483E+1	6.2752E+1	5.4486E+1	4.3645E+1	3.9767E+1	3.4078E+1	2.8186E+1	2.3224E+1	1.9307E+1	1.5817E+1	1.2522E+1	9.9682E+0	7.8654E+0	6.3708E+0	5.0886E+0	4.0903E+0	3.3431E+0	2.6257E+0	2.0361E+0	1.5608E+0	1.1112E+0	7.3090E-1	3.5139E-1	-2.3463E-2	-4.4760E-1
1.0644E+3	7.5612E+2	5.9336E+2	4.2025E+2	2.7210E+2	2.3282E+2	1.9192E+2	1.5713E+2	1.2876E+2	1.0334E+2	7.9438E+1	6.2965E+1	5.4688E+1	4.3816E+1	3.9939E+1	3.4181E+1	2.8255E+1	2.3274E+1	1.9286E+1	1.5837E+1	1.2548E+1	1.0032E+1	7.9090E+0	6.4183E+0	5.0805E+0	4.0868E+0	3.3506E+0	2.6180E+0	2.0514E+0	1.5711E+0	1.1249E+0	7.4974E-1	3.4345E-1	2.4314E-3	-4.1747E-1
1.0606E+3	7.5745E+2	5.9334E+2	4.2112E+2	2.7301E+2	2.3309E+2	1.9262E+2	1.5737E+2	1.2874E+2	1.0391E+2	7.9932E+1	6.3005E+1	5.4673E+1	4.3839E+1	4.0012E+1	3.4122E+1	2.8379E+1	2.3264E+1	1.9406E+1	1.5804E+1	1.2577E+1	1.0055E+1	7.9179E+0	6.3742E+0	5.0635E+0	4.0888E+0	3.3339E+0	2.6227E+0	2.0589E+0	1.5858E+0	1.1256E+0	7.5116E-1	3.7340E-1	-3.0837E-2	-4.7106E-1
1.0685E+3	7.5435E+2	5.9693E+2	4.2276E+2	2.7341E+2	2.3299E+2	1.9206E+2	1.5772E+2	1.2892E+2	1.0358E+2	7.9749E+1	6.3079E+1	5.4836E+1	4.3844E+1	3.9979E+1	3.4221E+1	2.8340E+1	2.3349E+1	1.9385E+1	1.5880E+1	1.2560E+1	1.0013E+1	7.9332E+0	6.4211E+0	5.0929E+0	4.0905E+0	3.3536E+0	2.6011E+0	2.0298E+0	1.5564E+0	1.1347E+0	7.3356E-1	3.4123E-1	-1.8945E-3	-4.3074E-1
1.0682E+3	7.5682E+2	5.9630E+2	4.2252E+2	2.7337E+2	2.3404E+2	1.9377E+2	1.5769E+2	1.2914E+2	1.0371E+2	7.9736E+1	6.3199E+1	5.4877E+1	4.3879E+1	4.0102E+1	3.4288E+1	2.8369E+1	2.3400E+1	1.9348E+1	1.5837E+1	1.2606E+1	1.0052E+1	7.9285E+0	6.4603E+0	5.0573E+0	4.1006E+0	3.3583E+0	2.6225E+0	2.0434E+0	1.5780E+0	1.1363E+0	7.4253E-1	3.7047E-1	-8.2286E-3	-4.7970E-1
1.0697E+3	7.5915E+2	5.9699E+2	4.2255E+2	2.7329E+2	2.3431E+2	1.9304E+2	1.5786E+2	1.2909E+2	1.0390E+2	8.0165E+1	6.3238E+1	5.4891E+1	4.4092E+1	4.0103E+1	3.4272E+1	2.8472E+1	2.3400E+1	1.9414E+1	1.5922E+1	1.2578E+1	1.0042E+1	7.8958E+0	6.4531E+0	5.0865E+0	4.0857E+0	3.3694E+0	2.6199E+0	2.0574E+0	1.5735E+0	1.1483E+0	7.4770E-1	3.6106E-1	-3.5020E-2	-4.4880E-1
1.0702E+3	7.6148E+2	5.9792E+2	4.2328E+2	2.7436E+2	2.3471E+2	1.9391E+2	1.5816E+2	1.2961E+2	1.0416E+2	8.0254E+1	6.3292E+1	5.5023E+1	4.4096E+1	4.0206E+1	3.4367E+1	2.8486E+1	2.3430E+1	1.9412E+1	1.5913E+1	1.2660E+1	1.0099E+1	7.9428E+0	6.4382E+0	5.1323E+0	4.1013E+0	3.3479E+0	2.6342E+0	2.0528E+0	1.5864E+0	1.1287E+0	7.6734E-1	3.3906E-1	-4.8989E-2	-4.9673E-1
1.0719E+3	7.6319E+2	5.9879E+2	4.2462E+2	2.7445E+2	2.3504E+2	1.9416E+2	1.5863E+2	1.2978E+2	1.0429E+2	8.0317E+1	6.3437E+1	5.5117E+1	4.4128E+1	4.0265E+1	3.4404E+1	2.8463E+1	2.3541E+1	1.9474E+1	1.5934E+1	1.2653E+1	1.0105E+1	7.9696E+0	6.4302E+0	5.0986E+0	4.1222E+0	3.3576E+0	2.6429E+0	2.0683E+0	1.5871E+0	1.1409E+0	7.4433E-1	3.6987E-1	-1.7157E-2	-4.7644E-1
1.0707E+3	7.6204E+2	5.9851E+2	4.2428E+2	2.7454E+2	2.3474E+2	1.9404E+2	1.5824E+2	1.2990E+2	1.0460E+2	8.0195E+1	6.3396E+1	5.5138E+1	4.4058E+1	4.0241E+1	3.4391E+1	2.8440E+1	2.3510E+1	1.9431E+1	1.5906E+1	1.2644E+1	1.0072E+1	7.9916E+0	6.4832E+0	5.0888E+0	4.1487E+0	3.3756E+0	2.6330E+0	2.0683E+0	1.5768E+0	1.1349E+0	7.4775E-1	3.8214E-1	-1.0644E-2	-4.8397E-1
1.0732E+3	7.6809E+2	6.0083E+2	4.2708E+2	2.7555E+2	2.3605E+2	1.9475E+2	1.5877E+2	1.3050E+2	1.0485E+2	8.0588E+1	6.3674E+1	5.5358E+1	4.4319E+1	4.0345E+1	3.4469E+1	2.8574E+1	2.3579E+1	1.9465E+1	1.6011E+1	1.2685E+1	1.0118E+1	7.9774E+0	6.4428E+0	5.1186E+0	4.1166E+0	3.4131E+0	2.6366E+0	2.0689E+0	1.5836E+0	1.1563E+0	7.5411E-1	3.6408E-1	-7.3369E-3	-4.6361E-1
1.0779E+3	7.7047E+2	6.0342E+2	4.2676E+2	2.7700E+2	2.3719E+2	1.9584E+2	1.5927E+2	1.3023E+2	1.0467E+2	8.0954E+1	6.3858E+1	5.5521E+1	4.4396E+1	4.0428E+1	3.4558E+1	2.8712E+1	2.3649E+1	1.9576E+1	1.6031E+1	1.2701E+1	1.0154E+1	7.9955E+0	6.4728E+0	5.1578E+0	4.1283E+0	3.4014E+0	2.6458E+0	2.0725E+0	1.6122E+0	1.1458E+0	7.6181E-1	3.6269E-1	-4.1041E-2	-4.4630E-1
1.0775E+3	7.7288E+2	6.0623E+2	4.2696E+2	2.7661E+2	2.3626E+2	1.9522E+2	1.6022E+2	1.3018E+2	1.0549E+2	8.1120E+1	6.3886E+1	5.5588E+1	4.4417E+1	4.0540E+1	3.4746E+1	2.8673E+1	2.3658E+1	1.9569E+1	1.6044E+1	1.2703E+1	1.0165E+1	8.0108E+0	6.5005E+0	5.1733E+0	4.1421E+0	3.3868E+0	2.6340E+0	2.0717E+0	1.6220E+0	1.1508E+0	7.5411E-1	3.6012E-1	-4.2001E-2	-4.4139E-1
1.0839E+3	7.7261E+2	6.0615E+2	4.2929E+2	2.7759E+2	2.3746E+2	1.9668E+2	1.5987E+2	1.3087E+2	1.0533E+2	8.1073E+1	6.4075E+1	5.5753E+1	4.4524E+1	4.0653E+1	3.4756E+1	2.8735E+1	2.3718E+1	1.9683E+1	1.6065E+1	1.2685E+1	1.0153E+1	7.9989E+0	6.4767E+0	5.1571E+0	4.1595E+0	3.3873E+0	2.6341E+0	2.0520E+0	1.5890E+0	1.1416E+0	7.7976E-1	3.7098E-1	-1.9350E-2	-4.4830E-1
1.0857E+3	7.7422E+2	6.0768E+2	4.3091E+2	2.7873E+2	2.3787E+2	1.9608E+2	1.6068E+2	1.3189E+2	1.0555E+2	8.1552E+1	6.4145E+1	5.5810E+1	4.4631E+1	4.0629E+1	3.4801E+1	2.8801E+1	2.3625E+1	1.9684E+1	1.6140E+1	1.2711E+1	1.0175E+1	8.0528E+0	6.5027E+0	5.1562E+0	4.1365E+0	3.4018E+0	2.6477E+0	2.0770E+0	1.6038E+0	1.1429E+0	7.7968E-1	3.6866E-1	-7.9674E-3	-4.6421E-1
1.0845E+3	7.7361E+2	6.0699E+2	4.3250E+2	2.7768E+2	2.3803E+2	1.9723E+2	1.6086E+2	1.3157E+2	1.0593E+2	8.0948E+1	6.4159E+1	5.5891E+1	4.4697E+1	4.0664E+1	3.4766E+1	2.8883E+1	2.3783E+1	1.9655E+1	1.6125E+1	1.2790E+1	1.0181E+1	8.0458E+0	6.4976E+0	5.1715E+0	4.1628E+0	3.4034E+0	2.6650E+0	2.0885E+0	1.6072E+0	1.1373E+0	7.6275E-1	3.7359E-1	-2.0717E-2	-4.4659E-1
1.0913E+3	7.7603E+2	6.0864E+2	4.3192E+2	2.7904E+2	2.3903E+2	1.9733E+2	1.6077E+2	1.3175E+2	1.0556E+2	8.1438E+1	6.4401E+1	5.5895E+1	4.4736E+1	4.0837E+1	3.4893E+1	2.8894E+1	2.3757E+1	1.9725E+1	1.6116E+1	1.2861E+1	1.0198E+1	8.0644E+0	6.5460E+0	5.1658E+0	4.1667E+0	3.4162E+0	2.6620E+0	2.0750E+0	1.6106E+0	1.1431E+0	7.6656E-1	3.9111E-1	-2.6098E-2	-4.4218E-1
1.0932E+3	7.7773E+2	6.0987E+2	4.3261E+2	2.7960E+2	2.3925E+2	1.9771E+2	1.6144E+2	1.3202E+2	1.0603E+2	8.1630E+1	6.4422E+1	5.5993E+1	4.4860E+1	4.0827E+1	3.4976E+1	2.8949E+1	2.3759E+1	1.9794E+1	1.6159E+1	1.2853E+1	1.0245E+1	8.0509E+0	6.5430E+0	5.1784E+0	4.1808E+0	3.4045E+0	2.6582E+0	2.0779E+0	1.5990E+0	1.1448E+0	7.7054E-1	3.5263E-1	-1.7679E-2	-4.4351E-1
1.0966E+3	7.7905E+2	6.1121E+2	4.3287E+2	2.7986E+2	2.3995E+2	1.9762E+2	1.6131E+2	1.3229E+2	1.0602E+2	8.2088E+1	6.4507E+1	5.6082E+1	4.4906E+1	4.0945E+1	3.4967E+1	2.8978E+1	2.3875E+1	1.9773E+1	1.6207E+1	1.2873E+1	1.0246E+1	8.0999E+0	6.5638E+0	5.2164E+0	4.1680E+0	3.4487E+0	2.6488E+0	2.0973E+0	1.5929E+0	1.1598E+0	7.5123E-1	3.8575E-1	-5.0052E-5	-4.5425E-1
1.0978E+3	7.7973E+2	6.1175E+2	4.3350E+2	2.8043E+2	2.3954E+2	1.9801E+2	1.6162E+2	1.3240E+2	1.0615E+2	8.2205E+1	6.4669E+1	5.6167E+1	4.4874E+1	4.1060E+1	3.4946E+1	2.8978E+1	2.3937E+1	1.9827E+1	1.6183E+1	1.2839E+1	1.0263E+1	8.0876E+0	6.5444E+0	5.2018E+0	4.1851E+0	3.4056E+0	2.6651E+0	2.0926E+0	1.5991E+0	1.1753E+0	7.5924E-1	3.8394E-1	-2.8669E-2	-4.3732E-1
1.1005E+3	7.8151E+2	6.1370E+2	4.3489E+2	2.8129E+2	2.4003E+2	1.9849E+2	1.6228E+2	1.3241E+2	1.0600E+2	8.2031E+1	6.4762E+1	5.6289E+1	4.4924E+1	4.1051E+1	3.5038E+1	2.9118E+1	2.3929E+1	1.9816E+1	1.6191E+1	1.2878E+1	1.0263E+1	8.0809E+0	6.5805E+0	5.1845E+0	4.2124E+0	3.4466E+0	2.6833E+0	2.0909E+0	1.6139E+0	1.1650E+0	7.9079E-1	3.9271E-1	-2.7810E-2	-4.3479E-1
1.0997E+3	7.8166E+2	6.1305E+2	4.3471E+2	2.8106E+2	2.4026E+2	1.9886E+2	1.6190E+2	1.3259E+2	1.0666E+2	8.2054E+1	6.4741E+1	5.6357E+1	4.5082E+1	4.1063E+1	3.5080E+1	2.9083E+1	2.3990E+1	1.9846E+1	1.6244E+1	1.2850E+1	1.0274E+1	8.1146E+0	6.5615E+0	5.1824E+0	4.2211E+0	3.4415E+0	2.6691E+0	2.0932E+0	1.6218E+0	1.1504E+0	7.6729E-1	3.7851E-1	-3.6449E-2	-4.2842E-1
1.1061E+3	7.8569E+2	6.1556E+2	4.3458E+2	2.8118E+2	2.4068E+2	1.9848E+2	1.6204E+2	1.3219E+2	1.0640E+2	8.2059E+1	6.4897E+1	5.6328E+1	4.5082E+1	4.1100E+1	3.5196E+1	2.9071E+1	2.4048E+1	1.9841E+1	1.6257E+1	1.2889E+1	1.0298E+1	8.1034E+0	6.5715E+0	5.2021E+0	4.2105E+0	3.4410E+0	2.6837E+0	2.1159E+0	1.6308E+0	1.1587E+0	7.7616E-1	3.9783E-1	-2.9299E-2	-4.2185E-1
1.1094E+3	7.8778E+2	6.1628E+2	4.3537E+2	2.8250E+2	2.4128E+2	1.9938E+2	1.6288E+2	1.3301E+2	1.0643E+2	8.2632E+1	6.4971E+1	5.6538E+1	4.5202E+1	4.1203E+1	3.5187E+1	2.9137E+1	2.4020E+1	1.9902E+1	1.6245E+1	1.2905E+1	1.0276E+1	8.1336E+0	6.5626E+0	5.2338E+0	4.1910E+0	3.4337E+0	2.6837E+0	2.1356E+0	1.6013E+0	1.1586E+0	7.7882E-1	3.9219E-1	-1.1603E-2	-4.5045E-1
1.1016E+3	7.8357E+2	6.1773E+2	4.3666E+2	2.8270E+2	2.4112E+2	1.9955E+2	1.6307E+2	1.3300E+2	1.0724E+2	8.2235E+1	6.5010E+1	5.6466E+1	4.5273E+1	4.1210E+1	3.5218E+1	2.9216E+1	2.3997E+1	1.9889E+1	1.6304E+1	1.2934E+1	1.0254E+1	8.1320E+0	6.5976E+0	5.2275E+0	4.2067E+0	3.4359E+0	2.6886E+0	2.1210E+0	1.6263E+0	1.1730E+0	7.5779E-1	4.0383E-1	-4.8655E-3	-4.4060E-1
1.1107E+3	7.8792E+2	6.1474E+2	4.3793E+2	2.8190E+2	2.4131E+2	1.9974E+2	1.6323E+2	1.3320E+2	1.0659E+2	8.2313E+1	6.5109E+1	5.6574E+1	4.5302E+1	4.1179E+1	3.5255E+1	2.9190E+1	2.4027E+1	1.9878E+1	1.6318E+1	1.2955E+1	1.0280E+1	8.1255E+0	6.6062E+0	5.2480E+0	4.1642E+0	3.4548E+0	2.6798E+0	2.1385E+0	1.6102E+0	1.1686E+0	7.8260E-1	4.0116E-1	1.7222E-2	-4.4336E-1
1.1129E+3	7.8987E+2	6.1790E+2	4.3924E+2	2.8408E+2	2.4305E+2	1.9982E+2	1.6357E+2	1.3303E+2	1.0707E+2	8.2668E+1	6.5344E+1	5.6728E+1	4.5394E+1	4.1340E+1	3.5328E+1	2.9291E+1	2.4113E+1	1.9995E+1	1.6369E+1	1.2985E+1	1.0358E+1	8.1609E+0	6.6067E+0	5.2259E+0	4.2050E+0	3.4600E+0	2.6800E+0	2.1089E+0	1.6299E+0	1.1819E+0	7.7216E-1	3.7683E-1	9.1739E-3	-4.1016E-1
1.1145E+3	7.8987E+2	6.1966E+2	4.3890E+2	2.8342E+2	2.4245E+2	2.0096E+2	1.6339E+2	1.3365E+2	1.0710E+2	8.2464E+1	6.5390E+1	5.6793E+1	4.5439E+1	4.1453E+1	3.5480E+1	2.9337E+1	2.4167E+1	2.0000E+1	1.6376E+1	1.2986E+1	1.0361E+1	8.1662E+0	6.5978E+0	5.2399E+0	4.2061E+0	3.4673E+0	2.7002E+0	2.1265E+0	1.6234E+0	1.1831E+0	7.8726E-1	3.9356E-1	-1.3273E-3	-4.3142E-1
1.1174E+3	7.9310E+2	6.2215E+2	4.4046E+2	2.8435E+2	2.4344E+2	2.0102E+2	1.6380E+2	1.3403E+2	1.0766E+2	8.3114E+1	6.5553E+1	5.6952E+1	4.5475E+1	4.1479E+1	3.5436E+1	2.9330E+1	2.4171E+1	2.0092E+1	1.6417E+1	1.3000E+1	1.0384E+1	8.1750E+0	6.6337E+0	5.2726E+0	4.2204E+0	3.4653E+0	2.7123E+0	2.1177E+0	1.6340E+0	1.1719E+0	8.0467E-1	3.9819E-1	-3.0043E-3	-4.7235E-1
1.1178E+3	7.9299E+2	6.2351E+2	4.4055E+2	2.8516E+2	2.4347E+2	2.0154E+2	1.6422E+2	1.3463E+2	1.0797E+2	8.3071E+1	6.5532E+1	5.7065E+1	4.5574E+1	4.1574E+1	3.5490E+1	2.9483E+1	2.4182E+1	1.9989E+1	1.6438E+1	1.3078E+1	1.0401E+1	8.1778E+0	6.6157E+0	5.2390E+0	4.2495E+0	3.4667E+0	2.7165E+0	2.1324E+0	1.6492E+0	1.1861E+0	7.8737E-1	3.9154E-1	1.5568E-2	-4.5141E-1
1.1227E+3	7.9853E+2	6.2169E+2	4.4084E+2	2.8520E+2	2.4483E+2	2.0153E+2	1.6450E+2	1.3429E+2	1.0801E+2	8.3448E+1	6.5717E+1	5.7117E+1	4.5607E+1	4.1725E+1	3.5538E+1	2.9416E+1	2.4218E+1	2.0084E+1	1.6501E+1	1.3048E+1	1.0471E+1	8.2258E+0	6.6604E+0	5.2776E+0	4.2441E+0	3.4696E+0	2.6914E+0	2.1526E+0	1.6234E+0	1.1893E+0	7.8584E-1	3.9420E-1	1.7274E-2	-4.6385E-1
1.1158E+3	7.9316E+2	6.2179E+2	4.4040E+2	2.8458E+2	2.4333E+2	2.0076E+2	1.6398E+2	1.3437E+2	1.0765E+2	8.3060E+1	6.5517E+1	5.6937E+1	4.5569E+1	4.1535E+1	3.5546E+1	2.9418E+1	2.4220E+1	2.0010E+1	1.6443E+1	1.3021E+1	1.0425E+1	8.1897E+0	6.6162E+0	5.2634E+0	4.2261E+0	3.4823E+0	2.7100E+0	2.1182E+0	1.6438E+0	1.1654E+0	8.0749E-1	3.9494E-1	-1.2068E-2	-4.3889E-1
1.1163E+3	7.9456E+2	6.2249E+2	4.4102E+2	2.8535E+2	2.4385E+2	2.0150E+2	1.6440E+2	1.3434E+2	1.0783E+2	8.2759E+1	6.5637E+1	5.7054E+1	4.5641E+1	4.1635E+1	3.5588E+1	2.9426E+1	2.4241E+1	2.0081E+1	1.6466E+1	1.3007E+1	1.0374E+1	8.1916E+0	6.6446E+0	5.2872E+0	4.2445E+0	3.4546E+0	2.6978E+0	2.1184E+0	1.6427E+0	1.1928E+0	7.8063E-1	3.8378E-1	9.4585E-3	-4.2805E-1
1.1184E+3	7.9769E+2	6.2313E+2	4.4168E+2	2.8556E+2	2.4446E+2	2.0153E+2	1.6512E+2	1.3485E+2	1.0827E+2	8.3207E+1	6.5813E+1	5.7167E+1	4.5742E+1	4.1713E+1	3.5693E+1	2.9546E+1	2.4267E+1	2.0152E+1	1.6472E+1	1.3116E+1	1.0468E+1	8.2468E+0	6.6792E+0	5.2885E+0	4.2326E+0	3.4639E+0	2.7047E+0	2.1363E+0	1.6501E+0	1.1675E+0	7.9677E-1	4.0176E-1	-3.5995E-3	-4.2539E-1
1.1223E+3	7.9772E+2	6.2516E+2	4.4259E+2	2.8608E+2	2.4499E+2	2.0187E+2	1.6481E+2	1.3452E+2	1.0805E+2	8.3138E+1	6.5775E+1	5.7265E+1	4.5807E+1	4.1716E+1	3.5641E+1	2.9549E+1	2.4328E+1	2.0142E+1	1.6448E+1	1.3107E+1	1.0445E+1	8.2421E+0	6.6517E+0	5.2898E+0	4.2762E+0	3.4803E+0	2.7210E+0	2.1378E+0	1.6163E+0	1.1911E+0	8.0720E-1	4.0794E-1	-1.4707E-2	-4.3398E-1
1.1235E+3	7.9957E+2	6.2595E+2	4.4337E+2	2.8661E+2	2.4480E+2	2.0246E+2	1.6536E+2	1.3483E+2	1.0828E+2	8.3426E+1	6.5893E+1	5.7302E+1	4.5811E+1	4.1827E+1	3.5777E+1	2.9532E+1	2.4363E+1	2.0137E+1	1.6515E+1	1.3124E+1	1.0458E+1	8.2384E+0	6.6679E+0	5.2577E+0	4.2508E+0	3.4834E+0	2.7064E+0	2.1390E+0	1.6570E+0	1.1863E+0	8.0867E-1	3.9580E-1	-5.4968E-3	-4.2588E-1
1.1239E+3	7.9730E+2	6.2540E+2	4.4225E+2	2.8598E+2	2.4443E+2	2.0237E+2	1.6457E+2	1.3539E+2	1.0816E+2	8.3593E+1	6.5835E+1	5.7308E+1	4.5837E+1	4.1834E+1	3.5710E+1	2.9582E+1	2.4294E+1	2.0192E+1	1.6536E+1	1.3085E+1	1.0496E+1	8.2271E+0	6.6859E+0	5.2859E+0	4.2880E+0	3.5101E+0	2.7267E+0	2.1394E+0	1.6561E+0	1.1802E+0	7.9333E-1	3.9582E-1	1.9873E-2	-4.4430E-1
1.1258E+3	8.0039E+2	6.2738E+2	4.4448E+2	2.8668E+2	2.4546E+2	2.0258E+2	1.6545E+2	1.3519E+2	1.0883E+2	8.3581E+1	6.6122E+1	5.7407E+1	4.5965E+1	4.1904E+1	3.5849E+1	2.9646E+1	2.4373E+1	2.0182E+1	1.6566E+1	1.3102E+1	1.0427E+1	8.3123E+0	6.6873E+0	5.2785E+0	4.2584E+0	3.5076E+0	2.7311E+0	2.1332E+0	1.6436E+0	1.1971E+0	7.8207E-1	3.9106E-1	2.0594E-2	-4.3347E-1
1.1276E+3	8.0090E+2	6.2876E+2	4.4436E+2	2.8719E+2	2.4583E+2	2.0311E+2	1.6579E+2	1.3556E+2	1.0848E+2	8.3466E+1	6.6222E+1	5.7534E+1	4.5950E+1	4.1963E+1	3.5756E+1	2.9671E+1	2.4434E+1	2.0206E+1	1.6558E+1	1.3125E+1	1.0487E+1	8.2667E+0	6.7055E+0	5.3140E+0	4.2546E+0	3.4730E+0	2.7370E+0	2.1561E+0	1.6602E+0	1.1867E+0	7.9329E-1	4.1120E-1	1.5072E-2	-4.3357E-1
1.1290E+3	8.0068E+2	6.2870E+2	4.4398E+2	2.8730E+2	2.4612E+2	2.0320E+2	1.6576E+2	1.3567E+2	1.0896E+2	8.3989E+1	6.6170E+1	5.7514E+1	4.6047E+1	4.1889E+1	3.5875E+1	2.9707E+1	2.4377E+1	2.0196E+1	1.6562E+1	1.3143E+1	1.0486E+1	8.2373E+0	6.7119E+0	5.3219E+0	4.2792E+0	3.5101E+0	2.7277E+0	2.1535E+0	1.6145E+0	1.1920E+0	8.0904E-1	4.1319E-1	3.3156E-3	-4.4887E-1
1.1285E+3	8.0131E+2	6.2800E+2	4.4469E+2	2.8734E+2	2.4591E+2	2.0302E+2	1.6576E+2	1.3545E+2	1.0840E+2	8.3906E+1	6.6101E+1	5.7558E+1	4.5988E+1	4.1921E+1	3.5825E+1	2.9667E+1	2.4411E+1	2.0224E+1	1.6607E+1	1.3153E+1	1.0468E+1	8.2543E+0	6.7016E+0	5.3125E+0	4.2773E+0	3.5009E+0	2.7507E+0	2.1572E+0	1.6331E+0	1.2000E+0	8.1325E-1	4.0153E-1	5.4115E-3	-4.0275E-1
1.1325E+3	8.0054E+2	6.2780E+2	4.4657E+2	2.8784E+2	2.4651E+2	2.0308E+2	1.6587E+2	1.3520E+2	1.0933E+2	8.3765E+1	6.6312E+1	5.7493E+1	4.6026E+1	4.2000E+1	3.5933E+1	2.9661E+1	2.4518E+1	2.0241E+1	1.6537E+1	1.3173E+1	1.0524E+1	8.3064E+0	6.7223E+0	5.3229E+0	4.2966E+0	3.5028E+0	2.7597E+0	2.1532E+0	1.6594E+0	1.2185E+0	7.8582E-1	4.0012E-1	4.6820E-3	-4.3036E-1
1.1295E+3	8.0039E+2	6.2701E+2	4.4558E+2	2.8758E+2	2.4598E+2	2.0305E+2	1.6575E+2	1.3526E+2	1.0912E+2	8.3898E+1	6.6285E+1	5.7526E+1	4.6041E+1	4.1927E+1	3.5830E+1	2.9679E+1	2.4458E+1	2.0225E+1	1.6635E+1	1.3136E+1	1.0445E+1	8.2860E+0	6.7085E+0	5.3120E+0	4.2859E+0	3.5182E+0	2.7294E+0	2.1471E+0	1.6439E+0	1.1790E+0	7.8656E-1	4.0222E-1	7.0752E-3	-4.3492E-1
1.1355E+3	8.0417E+2	6.2905E+2	4.4639E+2	2.8791E+2	2.4643E+2	2.0366E+2	1.6620E+2	1.3599E+2	1.0929E+2	8.4507E+1	6.6422E+1	5.7724E+1	4.6145E+1	4.2053E+1	3.5949E+1	2.9788E+1	2.4495E+1	2.0316E+1	1.6601E+1	1.3197E+1	1.0511E+1	8.3104E+0	6.7137E+0	5.2966E+0	4.2628E+0	3.5011E+0	2.7194E+0	2.1793E+0	1.6618E+0	1.1779E+0	8.0307E-1	4.0409E-1	3.5459E-2	-4.0687E-1
1.1371E+3	8.0591E+2	6.3102E+2	4.4592E+2	2.8879E+2	2.4755E+2	2.0404E+2	1.6697E+2	1.3638E+2	1.0943E+2	8.4231E+1	6.6456E+1	5.7769E+1	4.6216E+1	4.2193E+1	3.6046E+1	2.9841E+1	2.4528E+1	2.0329E+1	1.6602E+1	1.3194E+1	1.0533E+1	8.3040E+0	6.7326E+0	5.3085E+0	4.2862E+0	3.5352E+0	2.7564E+0	2.1458E+0	1.6658E+0	1.1964E+0	8.1151E-1	4.0091E-1	3.7836E-2	-4.2767E-1
1.1390E+3	8.0875E+2	6.3374E+2	4.4676E+2	2.9001E+2	2.4688E+2	2.0415E+2	1.6661E+2	1.3639E+2	1.0957E+2	8.4324E+1	6.6421E+1	5.7849E+1	4.6235E+1	4.2170E+1	3.5977E+1	2.9931E+1	2.4563E+1	2.0333E+1	1.6660E+1	1.3254E+1	1.0553E+1	8.2867E+0	6.7086E+0	5.3376E+0	4.2991E+0	3.5222E+0	2.7608E+0	2.1618E+0	1.6549E+0	1.1987E+0	8.0252E-1	4.0690E-1	-2.3653E-2	-4.2965E-1
1.1341E+3	8.0571E+2	6.3155E+2	4.4770E+2	2.9007E+2	2.4763E+2	2.0453E+2	1.6650E+2	1.3621E+2	1.0955E+2	8.4356E+1	6.6604E+1	5.7896E+1	4.6280E+1	4.2223E+1	3.6060E+1	2.9909E+1	2.4607E+1	2.0373E+1	1.6712E+1	1.3232E+1	1.0500E+1	8.3300E+0	6.7678E+0	5.3526E+0	4.3156E+0	3.5203E+0	2.7396E+0	2.1800E+0	1.6533E+0	1.1919E+0	7.9507E-1	3.8721E-1	4.1392E-3	-4.5339E-1
1.1373E+3	8.0865E+2	6.3400E+2	4.4900E+2	2.8972E+2	2.4815E+2	2.0399E+2	1.6706E+2	1.3575E+2	1.0992E+2	8.4175E+1	6.6677E+1	5.7831E+1	4.6280E+1	4.2197E+1	3.6029E+1	2.9870E+1	2.4594E+1	2.0390E+1	1.6648E+1	1.3237E+1	1.0588E+1	8.3413E+0	6.7155E+0	5.3388E+0	4.3062E+0	3.5165E+0	2.7494E+0	2.1606E+0	1.6536E+0	1.2085E+0	8.2795E-1	4.0785E-1	1.1189E-2	-4.2877E-1
1.1388E+3	8.0948E+2	6.3440E+2	4.4900E+2	2.9005E+2	2.4841E+2	2.0506E+2	1.6728E+2	1.3655E+2	1.0999E+2	8.4870E+1	6.6698E+1	5.8025E+1	4.6361E+1	4.2356E+1	3.6119E+1	2.9949E+1	2.4766E+1	2.0403E+1	1.6687E+1	1.3284E+1	1.0524E+1	8.2906E+0	6.7361E+0	5.3606E+0	4.3037E+0	3.5126E+0	2.7541E+0	2.1434E+0	1.6591E+0	1.2188E+0	8.0782E-1	4.0688E-1	1.8520E-2	-4.2270E-1
1.1376E+3	8.1027E+2	6.3297E+2	4.4805E+2	2.8986E+2	2.4913E+2	2.0472E+2	1.6783E+2	1.3713E+2	1.0959E+2	8.4995E+1	6.6907E+1	5.8210E+1	4.6476E+1	4.2369E+1	3.6175E+1	2.9902E+1	2.4660E+1	2.0398E+1	1.6755E+1	1.3268E+1	1.0607E+1	8.3353E+0	6.7689E+0	5.3627E+0	4.2893E+0	3.5398E+0	2.7529E+0	2.1552E+0	1.6837E+0	1.2300E+0	8.1689E-1	4.1551E-1	2.4140E-2	-3.7178E-1
1.1400E+3	8.1098E+2	6.3399E+2	4.4921E+2	2.9071E+2	2.4830E+2	2.0545E+2	1.6770E+2	1.3715E+2	1.0997E+2	8.4891E+1	6.6910E+1	5.8167E+1	4.6570E+1	4.2468E+1	3.6271E+1	3.0002E+1	2.4677E+1	2.0524E+1	1.6715E+1	1.3270E+1	1.0613E+1	8.3244E+0	6.7978E+0	5.4025E+0	4.3236E+0	3.5437E+0	2.7685E+0	2.1525E+0	1.6786E+0	1.2269E+0	8.1084E-1	4.1072E-1	2.9532E-2	-4.1830E-1
1.1521E+3	8.1496E+2	6.3831E+2	4.5067E+2	2.9050E+2	2.4943E+2	2.0636E+2	1.6850E+2	1.3778E+2	1.1058E+2	8.4627E+1	6.7083E+1	5.8353E+1	4.6557E+1	4.2492E+1	3.6309E+1	3.0171E+1	2.4770E+1	2.0520E+1	1.6824E+1	1.3288E+1	1.0599E+1	8.3748E+0	6.7641E+0	5.3803E+0	4.3274E+0	3.5224E+0	2.7732E+0	2.1737E+0	1.6915E+0	1.2196E+0	8.1418E-1	4.1447E-1	5.8526E-2	-4.1269E-1
1.1410E+3	8.1122E+2	6.3645E+2	4.5118E+2	2.9098E+2	2.4942E+2	2.0608E+2	1.6799E+2	1.3742E+2	1.1019E+2	8.5137E+1	6.7112E+1	5.8231E+1	4.6528E+1	4.2498E+1	3.6276E+1	3.0146E+1	2.4691E+1	2.0459E+1	1.6705E+1	1.3285E+1	1.0624E+1	8.3616E+0	6.7904E+0	5.3685E+0	4.3387E+0	3.5537E+0	2.7819E+0	2.1695E+0	1.6696E+0	1.2103E+0	8.1363E-1	4.3213E-1	1.9788E-2	-4.1002E-1
1.1440E+3	8.1227E+2	6.3816E+2	4.5249E+2	2.9191E+2	2.4929E+2	2.0604E+2	1.6800E+2	1.3782E+2	1.1051E+2	8.5120E+1	6.7125E+1	5.8409E+1	4.6611E+1	4.2568E+1	3.6371E+1	3.0136E+1	2.4802E+1	2.0526E+1	1.6785E+1	1.3347E+1	1.0612E+1	8.3788E+0	6.7817E+0	5.3697E+0	4.3555E+0	3.5119E+0	2.7803E+0	2.1851E+0	1.6864E+0	1.2365E+0	8.1553E-1	4.2126E-1	5.5549E-3	-4.2859E-1
1.1441E+3	8.1374E+2	6.4266E+2	4.5256E+2	2.9361E+2	2.5081E+2	2.0699E+2	1.6844E+2	1.3815E+2	1.1103E+2	8.5155E+1	6.7399E+1	5.8636E+1	4.6751E+1	4.2697E+1	3.6478E+1	3.0278E+1	2.4801E+1	2.0555E+1	1.6851E+1	1.3307E+1	1.0621E+1	8.4142E+0	6.8075E+0	5.3783E+0	4.3141E+0	3.5502E+0	2.7679E+0	2.1936E+0	1.6955E+0	1.2241E+0	8.0562E-1	4.3931E-1	1.4124E-2	-4.2011E-1
1.1498E+3	8.1734E+2	6.4214E+2	4.5386E+2	2.9303E+2	2.5058E+2	2.0703E+2	1.6951E+2	1.3795E+2	1.1073E+2	8.5244E+1	6.7545E+1	5.8597E+1	4.6830E+1	4.2767E+1	3.6502E+1	3.0227E+1	2.4863E+1	2.0600E+1	1.6867E+1	1.3373E+1	1.0654E+1	8.3864E+0	6.8317E+0	5.4300E+0	4.3269E+0	3.5649E+0	2.7916E+0	2.1956E+0	1.6917E+0	1.2122E+0	8.1028E-1	4.2325E-1	9.2468E-3	-3.9462E-1
1.1520E+3	8.2096E+2	6.4540E+2	4.5490E+2	2.9398E+2	2.5129E+2	2.0838E+2	1.6917E+2	1.3822E+2	1.1107E+2	8.6065E+1	6.7702E+1	5.8765E+1	4.6893E+1	4.2802E+1	3.6521E+1	3.0352E+1	2.4963E+1	2.0697E+1	1.6939E+1	1.3409E+1	1.0729E+1	8.3949E+0	6.8117E+0	5.3730E+0	4.3536E+0	3.5596E+0	2.8048E+0	2.1971E+0	1.6818E+0	1.2261E+0	7.9479E-1	4.2302E-1	2.0293E-2	-4.1814E-1
1.1556E+3	8.2402E+2	6.4377E+2	4.5734E+2	2.9530E+2	2.5236E+2	2.0718E+2	1.7006E+2	1.3846E+2	1.1122E+2	8.5554E+1	6.7782E+1	5.8805E+1	4.7078E+1	4.2905E+1	3.6666E+1	3.0339E+1	2.4981E+1	2.0649E+1	1.6912E+1	1.3430E+1	1.0721E+1	8.4366E+0	6.8583E+0	5.4237E+0	4.3459E+0	3.5356E+0	2.8111E+0	2.2101E+0	1.6821E+0	1.2235E+0	8.1277E-1	4.1941E-1	3.4871E-2	-4.0561E-1
1.1617E+3	8.2622E+2	6.4508E+2	4.5861E+2	2.9541E+2	2.5236E+2	2.0882E+2	1.7057E+2	1.3948E+2	1.1180E+2	8.6467E+1	6.7878E+1	5.9069E+1	4.7191E+1	4.3042E+1	3.6755E+1	3.0429E+1	2.5001E+1	2.0717E+1	1.6991E+1	1.3458E+1	1.0727E+1	8.4792E+0	6.8300E+0	5.4162E+0	4.3674E+0	3.5753E+0	2.7993E+0	2.2086E+0	1.7164E+0	1.2265E+0	8.1611E-1	4.3881E-1	3.1495E-4	-4.1242E-1
1.1554E+3	8.1526E+2	6.5408E+2	4.5813E+2	2.9789E+2	2.5126E+2	2.1046E+2	1.7207E+2	1.3832E+2	1.1243E+2	8.6880E+1	6.8167E+1	5.8993E+1	4.7223E+1	4.3115E+1	3.6761E+1	3.0528E+1	2.4945E+1	2.0772E+1	1.7018E+1	1.3462E+1	1.0777E+1	8.4538E+0	6.8370E+0	5.4356E+0	4.3796E+0	3.5936E+0	2.8176E+0	2.1931E+0	1.6973E+0	1.2425E+0	8.2428E-1	4.2734E-1	4.6401E-2	-4.1293E-1
1.1678E+3	8.2955E+2	6.4616E+2	4.5714E+2	2.9682E+2	2.5335E+2	2.0931E+2	1.7121E+2	1.3937E+2	1.1195E+2	8.6190E+1	6.8134E+1	5.9191E+1	4.7297E+1	4.3150E+1	3.6879E+1	3.0459E+1	2.5106E+1	2.0849E+1	1.7007E+1	1.3477E+1	1.0688E+1	8.4679E+0	6.8668E+0	5.4448E+0	4.3944E+0	3.6065E+0	2.7845E+0	2.2067E+0	1.7097E+0	1.2380E+0	8.2354E-1	4.4769E-1	4.2050E-2	-3.9928E-1
1.1582E+3	8.2560E+2	6.4831E+2	4.6036E+2	2.9651E+2	2.5404E+2	2.1026E+2	1.7097E+2	1.3994E+2	1.1207E+2	8.6217E+1	6.8123E+1	5.9247E+1	4.7443E+1	4.3141E+1	3.6858E+1	3.0565E+1	2.5112E+1	2.0774E+1	1.6997E+1	1.3509E+1	1.0766E+1	8.4770E+0	6.8867E+0	5.4166E+0	4.3700E+0	3.5883E+0	2.7968E+0	2.2219E+0	1.6988E+0	1.2231E+0	8.2767E-1	4.4911E-1	2.2721E-2	-4.0842E-1
1.1680E+3	8.2932E+2	6.4917E+2	4.5989E+2	2.9715E+2	2.5394E+2	2.0958E+2	1.7103E+2	1.3981E+2	1.1265E+2	8.6528E+1	6.8296E+1	5.9350E+1	4.7360E+1	4.3201E+1	3.6911E+1	3.0626E+1	2.5162E+1	2.0805E+1	1.7061E+1	1.3479E+1	1.0768E+1	8.5269E+0	6.8721E+0	5.4634E+0	4.4037E+0	3.5962E+0	2.8197E+0	2.2149E+0	1.7073E+0	1.2409E+0	8.4660E-1	4.3359E-1	1.8551E-2	-4.2617E-1
1.1570E+3	8.3312E+2	6.4530E+2	4.5701E+2	2.9580E+2	2.5561E+2	2.1083E+2	1.7040E+2	1.3924E+2	1.1199E+2	8.6096E+1	6.8372E+1	5.9338E+1	4.7519E+1	4.3263E+1	3.6982E+1	3.0556E+1	2.5157E+1	2.0824E+1	1.7044E+1	1.3510E+1	1.0748E+1	8.4950E+0	6.8684E+0	5.4526E+0	4.4056E+0	3.6223E+0	2.8130E+0	2.2119E+0	1.7148E+0	1.2618E+0	8.4182E-1	4.4050E-1	3.7538E-2	-3.7736E-1
1.1679E+3	8.3104E+2	6.5028E+2	4.6063E+2	2.9781E+2	2.5425E+2	2.0993E+2	1.7157E+2	1.4034E+2	1.1236E+2	8.6665E+1	6.8456E+1	5.9446E+1	4.7569E+1	4.3339E+1	3.6949E+1	3.0612E+1	2.5166E+1	2.0872E+1	1.7086E+1	1.3570E+1	1.0786E+1	8.4901E+0	6.8863E+0	5.4602E+0	4.3914E+0	3.6134E+0	2.8091E+0	2.1904E+0	1.6747E+0	1.2357E+0	8.1923E-1	4.2810E-1	4.1130E-2	-3.9208E-1
1.1601E+3	8.3899E+2	6.5093E+2	4.6404E+2	3.0028E+2	2.5417E+2	2.1194E+2	1.7104E+2	1.4096E+2	1.1209E+2	8.6160E+1	6.8547E+1	5.9580E+1	4.7499E+1	4.3356E+1	3.7056E+1	3.0607E+1	2.5318E+1	2.0936E+1	1.7128E+1	1.3594E+1	1.0789E+1	8.5314E+0	6.8889E+0	5.4826E+0	4.4057E+0	3.6245E+0	2.8069E+0	2.2221E+0	1.7099E+0	1.2423E+0	8.2644E-1	4.2881E-1	5.7948E-2	-3.8502E-1
1.1714E+3	8.3186E+2	6.5133E+2	4.6131E+2	2.9832E+2	2.5460E+2	2.1035E+2	1.7152E+2	1.4007E+2	1.1259E+2	8.7129E+1	6.8456E+1	5.9558E+1	4.7619E+1	4.3347E+1	3.7013E+1	3.0688E+1	2.5205E+1	2.0862E+1	1.7072E+1	1.3557E+1	1.0850E+1	8.5203E+0	6.8952E+0	5.4515E+0	4.4119E+0	3.6313E+0	2.8245E+0	2.2401E+0	1.7204E+0	1.2215E+0	8.1685E-1	4.3246E-1	4.2871E-2	-4.2512E-1
1.1715E+3	8.3249E+2	6.5301E+2	4.6151E+2	2.9787E+2	2.5478E+2	2.1073E+2	1.7188E+2	1.4011E+2	1.1245E+2	8.7084E+1	6.8641E+1	5.9622E+1	4.7647E+1	4.3387E+1	3.7072E+1	3.0710E+1	2.5279E+1	2.0901E+1	1.7103E+1	1.3578E+1	1.0821E+1	8.5369E+0	6.9196E+0	5.4671E+0	4.4077E+0	3.6068E+0	2.8140E+0	2.2163E+0	1.7201E+0	1.2426E+0	8.4792E-1	4.5771E-1	3.1776E-2	-4.0255E-1
1.1737E+3	8.3438E+2	6.5231E+2	4.6327E+2	2.9814E+2	2.5539E+2	2.1104E+2	1.7249E+2	1.4065E+2	1.1285E+2	8.6671E+1	6.8683E+1	5.9666E+1	4.7649E+1	4.3557E+1	3.7198E+1	3.0710E+1	2.5274E+1	2.1013E+1	1.7137E+1	1.3575E+1	1.0815E+1	8.5195E+0	6.9247E+0	5.4927E+0	4.4217E+0	3.6067E+0	2.8127E+0	2.2111E+0	1.7129E+0	1.2391E+0	8.5612E-1	4.4596E-1	3.6186E-2	-4.2195E-1
1.1723E+3	8.3259E+2	6.5152E+2	4.6143E+2	2.9852E+2	2.5512E+2	2.1065E+2	1.7191E+2	1.4054E+2	1.1323E+2	8.6725E+1	6.8583E+1	5.9603E+1	4.7776E+1	4.3434E+1	3.7164E+1	3.0735E+1	2.5191E+1	2.0967E+1	1.7083E+1	1.3546E+1	1.0792E+1	8.5223E+0	6.9114E+0	5.4860E+0	4.3986E+0	3.6060E+0	2.8282E+0	2.2305E+0	1.7097E+0	1.2343E+0	8.3969E-1	4.4539E-1	1.5535E-2	-4.0965E-1
1.1746E+3	8.3534E+2	6.5403E+2	4.6257E+2	2.9910E+2	2.5560E+2	2.1112E+2	1.7232E+2	1.4090E+2	1.1282E+2	8.7023E+1	6.8784E+1	5.9698E+1	4.7688E+1	4.3502E+1	3.7133E+1	3.0725E+1	2.5273E+1	2.1037E+1	1.7168E+1	1.3593E+1	1.0861E+1	8.5381E+0	6.9114E+0	5.4886E+0	4.4306E+0	3.6275E+0	2.8340E+0	2.2333E+0	1.7322E+0	1.2587E+0	8.2989E-1	4.5027E-1	4.1356E-2	-3.9364E-1
1.1719E+3	8.3846E+2	6.5674E+2	4.6242E+2	2.9855E+2	2.5532E+2	2.1069E+2	1.7286E+2	1.4086E+2	1.1333E+2	8.7203E+1	6.8891E+1	5.9790E+1	4.7838E+1	4.3725E+1	3.7292E+1	3.0829E+1	2.5335E+1	2.0983E+1	1.7158E+1	1.3581E+1	1.0845E+1	8.5394E+0	6.9112E+0	5.4793E+0	4.4215E+0	3.6168E+0	2.8224E+0	2.2219E+0	1.7273E+0	1.2389E+0	8.4774E-1	4.6865E-1	4.6898E-2	-4.3271E-1
1.1809E+3	8.3799E+2	6.5578E+2	4.6522E+2	3.0010E+2	2.5661E+2	2.1151E+2	1.7326E+2	1.4150E+2	1.1314E+2	8.7538E+1	6.8923E+1	5.9948E+1	4.7919E+1	4.3658E+1	3.7324E+1	3.0953E+1	2.5360E+1	2.1040E+1	1.7244E+1	1.3654E+1	1.0850E+1	8.5531E+0	6.9414E+0	5.5129E+0	4.4310E+0	3.6382E+0	2.8481E+0	2.2236E+0	1.7358E+0	1.2465E+0	8.5465E-1	4.5111E-1	6.2590E-2	-4.0164E-1
1.1925E+3	8.3841E+2	6.5570E+2	4.6350E+2	2.9937E+2	2.5787E+2	2.1300E+2	1.7298E+2	1.4124E+2	1.1304E+2	8.7402E+1	6.9148E+1	6.0030E+1	4.7930E+1	4.3755E+1	3.7337E+1	3.0975E+1	2.5428E+1	2.1002E+1	1.7226E+1	1.3695E+1	1.0903E+1	8.5935E+0	6.9603E+0	5.5176E+0	4.4496E+0	3.6446E+0	2.8409E+0	2.2426E+0	1.7098E+0	1.2537E+0	8.2698E-1	4.2920E-1	5.1073E-2	-4.2269E-1
1.1838E+3	8.3814E+2	6.5708E+2	4.6284E+2	3.0044E+2	2.5671E+2	2.1135E+2	1.7260E+2	1.4069E+2	1.1322E+2	8.7772E+1	6.9059E+1	5.9961E+1	4.7895E+1	4.3726E+1	3.7283E+1	3.0880E+1	2.5355E+1	2.0993E+1	1.7254E+1	1.3639E+1	1.0859E+1	8.5884E+0	6.9672E+0	5.4840E+0	4.4294E+0	3.6403E+0	2.8510E+0	2.2261E+0	1.7260E+0	1.2697E+0	8.4019E-1	4.5171E-1	3.6267E-2	-4.0422E-1
1.1813E+3	8.3612E+2	6.5527E+2	4.6410E+2	2.9973E+2	2.5670E+2	2.1189E+2	1.7285E+2	1.4125E+2	1.1374E+2	8.7662E+1	6.9005E+1	6.0009E+1	4.7928E+1	4.3725E+1	3.7332E+1	3.0893E+1	2.5464E+1	2.1056E+1	1.7239E+1	1.3676E+1	1.0878E+1	8.5675E+0	6.9278E+0	5.5272E+0	4.4270E+0	3.6100E+0	2.8639E+0	2.2235E+0	1.7269E+0	1.2584E+0	8.4680E-1	4.5319E-1	4.2806E-2	-3.8773E-1
1.1735E+3	8.3327E+2	6.5380E+2	4.6271E+2	3.0184E+2	2.5601E+2	2.1297E+2	1.7376E+2	1.4097E+2	1.1388E+2	8.7811E+1	6.9235E+1	5.9969E+1	4.8062E+1	4.3765E+1	3.7341E+1	3.1036E+1	2.5419E+1	2.1123E+1	1.7209E+1	1.3701E+1	1.0911E+1	8.5866E+0	6.9537E+0	5.5219E+0	4.4322E+0	3.6632E+0	2.8454E+0	2.2372E+0	1.7142E+0	1.2621E+0	8.5731E-1	4.4109E-1	5.8402E-2	-3.8816E-1
1.1871E+3	8.3941E+2	6.5826E+2	4.6559E+2	3.0147E+2	2.5792E+2	2.1259E+2	1.7368E+2	1.4212E+2	1.1410E+2	8.7661E+1	6.9358E+1	6.0155E+1	4.8089E+1	4.3925E+1	3.7511E+1	3.0999E+1	2.5511E+1	2.1114E+1	1.7233E+1	1.3709E+1	1.0956E+1	8.6177E+0	6.9804E+0	5.5376E+0	4.4407E+0	3.6648E+0	2.8545E+0	2.2619E+0	1.7346E+0	1.2863E+0	8.5122E-1	4.2633E-1	6.5047E-2	-4.2091E-1
1.1881E+3	8.4289E+2	6.6063E+2	4.6800E+2	3.0201E+2	2.5831E+2	2.1349E+2	1.7373E+2	1.4267E+2	1.1415E+2	8.8240E+1	6.9498E+1	6.0378E+1	4.8214E+1	4.3969E+1	3.7557E+1	3.1136E+1	2.5609E+1	2.1155E+1	1.7344E+1	1.3701E+1	1.0986E+1	8.6304E+0	7.0091E+0	5.5377E+0	4.4996E+0	3.6707E+0	2.8604E+0	2.2622E+0	1.7394E+0	1.2489E+0	8.3617E-1	4.5169E-1	4.8247E-2	-3.7734E-1
1.1926E+3	8.4362E+2	6.6081E+2	4.6817E+2	3.0225E+2	2.5872E+2	2.1344E+2	1.7437E+2	1.4256E+2	1.1424E+2	8.8100E+1	6.9607E+1	6.0480E+1	4.8215E+1	4.4043E+1	3.7596E+1	3.1065E+1	2.5614E+1	2.1173E+1	1.7389E+1	1.3771E+1	1.0945E+1	8.6689E+0	6.9779E+0	5.5334E+0	4.4697E+0	3.6394E+0	2.8743E+0	2.2413E+0	1.7381E+0	1.2554E+0	8.5598E-1	4.5999E-1	4.6633E-2	-3.9746E-1
1.1829E+3	8.4345E+2	6.6087E+2	4.6788E+2	3.0330E+2	2.5852E+2	2.1325E+2	1.7427E+2	1.4263E+2	1.1461E+2	8.8569E+1	6.9719E+1	6.0446E+1	4.8379E+1	4.4085E+1	3.7759E+1	3.1096E+1	2.5620E+1	2.1165E+1	1.7313E+1	1.3735E+1	1.0927E+1	8.6595E+0	6.9806E+0	5.5630E+0	4.4592E+0	3.6541E+0	2.8755E+0	2.2672E+0	1.7198E+0	1.2753E+0	8.5162E-1	4.4359E-1	4.4621E-2	-3.8421E-1
1.1869E+3	8.4755E+2	6.6386E+2	4.6867E+2	3.0303E+2	2.5890E+2	2.1385E+2	1.7472E+2	1.4272E+2	1.1449E+2	8.8587E+1	6.9686E+1	6.0539E+1	4.8369E+1	4.4200E+1	3.7694E+1	3.1187E+1	2.5636E+1	2.1227E+1	1.7363E+1	1.3788E+1	1.0962E+1	8.6250E+0	7.0021E+0	5.5583E+0	4.4859E+0	3.6632E+0	2.8744E+0	2.2602E+0	1.7339E+0	1.2577E+0	8.5798E-1	4.8494E-1	7.1040E-2	-3.7982E-1
1.2013E+3	8.4959E+2	6.6347E+2	4.6962E+2	3.0449E+2	2.6039E+2	2.1413E+2	1.7513E+2	1.4331E+2	1.1460E+2	8.8022E+1	6.9784E+1	6.0680E+1	4.8490E+1	4.4119E+1	3.7727E+1	3.1257E+1	2.5742E+1	2.1279E+1	1.7399E+1	1.3811E+1	1.1031E+1	8.6807E+0	6.9910E+0	5.5646E+0	4.4950E+0	3.6622E+0	2.8726E+0	2.2713E+0	1.7284E+0	1.2649E+0	8.8163E-1	4.5612E-1	4.2624E-2	-4.3834E-1
1.1963E+3	8.5336E+2	6.6446E+2	4.7139E+2	3.0373E+2	2.6019E+2	2.1456E+2	1.7495E+2	1.4375E+2	1.1466E+2	8.8411E+1	6.9956E+1	6.0728E+1	4.8540E+1	4.4236E+1	3.7819E+1	3.1261E+1	2.5729E+1	2.1284E+1	1.7383E+1	1.3842E+1	1.1012E+1	8.6798E+0	7.0416E+0	5.5879E+0	4.5092E+0	3.6661E+0	2.8623E+0	2.2676E+0	1.7429E+0	1.2748E+0	8.6158E-1	4.2924E-1	6.9485E-2	-3.6791E-1
1.1981E+3	8.4917E+2	6.6436E+2	4.7196E+2	3.0408E+2	2.6008E+2	2.1521E+2	1.7570E+2	1.4375E+2	1.1506E+2	8.8563E+1	6.9981E+1	6.0807E+1	4.8562E+1	4.4373E+1	3.7795E+1	3.1250E+1	2.5762E+1	2.1342E+1	1.7437E+1	1.3815E+1	1.1010E+1	8.6856E+0	7.0312E+0	5.5810E+0	4.5287E+0	3.6911E+0	2.8697E+0	2.2827E+0	1.7395E+0	1.2834E+0	8.4584E-1	4.5299E-1	5.2850E-2	-3.9437E-1
1.1985E+3	8.4826E+2	6.6607E+2	4.7186E+2	3.0487E+2	2.6073E+2	2.1517E+2	1.7562E+2	1.4359E+2	1.1522E+2	8.9162E+1	7.0105E+1	6.0887E+1	4.8660E+1	4.4439E+1	3.7970E+1	3.1362E+1	2.5818E+1	2.1330E+1	1.7458E+1	1.3847E+1	1.1020E+1	8.7322E+0	7.0567E+0	5.5879E+0	4.4840E+0	3.6680E+0	2.9090E+0	2.2624E+0	1.7495E+0	1.2614E+0	8.6156E-1	4.6177E-1	2.1964E-2	-3.7734E-1
1.1991E+3	8.5306E+2	6.6793E+2	4.7232E+2	3.0567E+2	2.6105E+2	2.1542E+2	1.7600E+2	1.4419E+2	1.1524E+2	8.9013E+1	7.0277E+1	6.0965E+1	4.8836E+1	4.4474E+1	3.7961E+1	3.1456E+1	2.5845E+1	2.1383E+1	1.7425E+1	1.3861E+1	1.1035E+1	8.6712E+0	7.0425E+0	5.5631E+0	4.4996E+0	3.6952E+0	2.8783E+0	2.2750E+0	1.7634E+0	1.2837E+0	8.6157E-1	4.5507E-1	7.3249E-2	-3.9879E-1
1.2012E+3	8.5052E+2	6.6848E+2	4.7306E+2	3.0566E+2	2.6122E+2	2.1603E+2	1.7604E+2	1.4411E+2	1.1578E+2	8.8982E+1	7.0287E+1	6.1076E+1	4.8876E+1	4.4511E+1	3.8061E+1	3.1428E+1	2.5915E+1	2.1446E+1	1.7523E+1	1.3867E+1	1.1093E+1	8.7465E+0	7.0850E+0	5.6072E+0	4.4876E+0	3.6715E+0	2.8609E+0	2.2651E+0	1.7641E+0	1.2724E+0	8.9198E-1	4.6887E-1	5.7409E-2	-4.1493E-1
1.2026E+3	8.5471E+2	6.6969E+2	4.7368E+2	3.0600E+2	2.6172E+2	2.1619E+2	1.7613E+2	1.4449E+2	1.1585E+2	8.8952E+1	7.0473E+1	6.1195E+1	4.8917E+1	4.4588E+1	3.8010E+1	3.1485E+1	2.5875E+1	2.1408E+1	1.7563E+1	1.3916E+1	1.1070E+1	8.7367E+0	7.1188E+0	5.5763E+0	4.5105E+0	3.7017E+0	2.8930E+0	2.2770E+0	1.7702E+0	1.2829E+0	8.8200E-1	4.5608E-1	4.5309E-2	-4.2849E-1
1.2050E+3	8.5776E+2	6.7030E+2	4.7502E+2	3.0641E+2	2.6255E+2	2.1617E+2	1.7678E+2	1.4447E+2	1.1640E+2	8.9309E+1	7.0551E+1	6.1238E+1	4.8899E+1	4.4565E+1	3.8070E+1	3.1593E+1	2.5932E+1	2.1456E+1	1.7516E+1	1.3910E+1	1.1058E+1	8.7443E+0	7.0848E+0	5.5974E+0	4.5214E+0	3.7011E+0	2.8988E+0	2.2998E+0	1.7719E+0	1.2754E+0	8.8332E-1	4.7366E-1	8.6374E-2	-3.8476E-1
1.2048E+3	8.5781E+2	6.7249E+2	4.7566E+2	3.0705E+2	2.6307E+2	2.1674E+2	1.7711E+2	1.4459E+2	1.1626E+2	8.9300E+1	7.0709E+1	6.1333E+1	4.9026E+1	4.4670E+1	3.8144E+1	3.1617E+1	2.5932E+1	2.1511E+1	1.7609E+1	1.3921E+1	1.1094E+1	8.7567E+0	7.1269E+0	5.6101E+0	4.5264E+0	3.7174E+0	2.9021E+0	2.2940E+0	1.7563E+0	1.2895E+0	8.7387E-1	4.7501E-1	6.8095E-2	-3.7440E-1
