3.8069E+2	2.7327E+2	1.9788E+2	1.5664E+2	1.1383E+2	1.0749E+2	9.6211E+1	8.7320E+1	7.7359E+1	7.4757E+1	7.1190E+1	6.6751E+1	6.4933E+1	6.2724E+1	6.2199E+1	6.0798E+1	5.9611E+1	5.8600E+1	5.7561E+1	5.6497E+1	5.5471E+1	5.4680E+1	5.3885E+1	5.3250E+1	5.2672E+1	5.2248E+1	5.1896E+1	5.1598E+1	5.1350E+1	5.1111E+1	5.0975E+1	5.0837E+1	5.0719E+1	5.0644E+1	5.0570E+1
3.3781E+2	2.4545E+2	1.9726E+2	1.3436E+2	1.0937E+2	1.0092E+2	9.0844E+1	8.1730E+1	7.8866E+1	7.2542E+1	7.0183E+1	6.6396E+1	6.5121E+1	6.3105E+1	6.2193E+1	6.1345E+1	6.0007E+1	5.8888E+1	5.7912E+1	5.6994E+1	5.5963E+1	5.5088E+1	5.4344E+1	5.3699E+1	5.3130E+1	5.2681E+1	5.2330E+1	5.1995E+1	5.1772E+1	5.1563E+1	5.1392E+1	5.1261E+1	5.1155E+1	5.1082E+1	5.0988E+1
3.2107E+2	2.3020E+2	1.7411E+2	1.2940E+2	9.6934E+1	9.0701E+1	8.4318E+1	8.2394E+1	7.5141E+1	7.1222E+1	6.7879E+1	6.6449E+1	6.4950E+1	6.3346E+1	6.2656E+1	6.1542E+1	6.0265E+1	5.9286E+1	5.8274E+1	5.7215E+1	5.6252E+1	5.5425E+1	5.4560E+1	5.3972E+1	5.3406E+1	5.2952E+1	5.2607E+1	5.2279E+1	5.2025E+1	5.1835E+1	5.1648E+1	5.1531E+1	5.1419E+1	5.1327E+1	5.1232E+1
3.0455E+2	2.1560E+2	1.5702E+2	1.2854E+2	9.6556E+1	9.0906E+1	8.5558E+1	7.7630E+1	7.4075E+1	7.0988E+1	6.8918E+1	6.6459E+1	6.5024E+1	6.3425E+1	6.2909E+1	6.1693E+1	6.0549E+1	5.9509E+1	5.8464E+1	5.7563E+1	5.6538E+1	5.5651E+1	5.4842E+1	5.4257E+1	5.3603E+1	5.3194E+1	5.2842E+1	5.2508E+1	5.2246E+1	5.2049E+1	5.1883E+1	5.1732E+1	5.1654E+1	5.1531E+1	5.1449E+1
2.9229E+2	2.0170E+2	1.4701E+2	1.2414E+2	9.7176E+1	8.9718E+1	8.1445E+1	7.9457E+1	7.4994E+1	7.0746E+1	6.8878E+1	6.6458E+1	6.5188E+1	6.3540E+1	6.3004E+1	6.1857E+1	6.0725E+1	5.9697E+1	5.8722E+1	5.7800E+1	5.6752E+1	5.5884E+1	5.5044E+1	5.4436E+1	5.3818E+1	5.3408E+1	5.3046E+1	5.2731E+1	5.2458E+1	5.2246E+1	5.2071E+1	5.1924E+1	5.1833E+1	5.1738E+1	5.1671E+1
2.7904E+2	1.8801E+2	1.4223E+2	1.1531E+2	9.0481E+1	8.4757E+1	8.3581E+1	7.8200E+1	7.5802E+1	7.0233E+1	6.8363E+1	6.6456E+1	6.5533E+1	6.3642E+1	6.3035E+1	6.2084E+1	6.0889E+1	5.9923E+1	5.8878E+1	5.7906E+1	5.6862E+1	5.6043E+1	5.5202E+1	5.4543E+1	5.3981E+1	5.3525E+1	5.3206E+1	5.2844E+1	5.2606E+1	5.2401E+1	5.2225E+1	5.2097E+1	5.1980E+1	5.1908E+1	5.1829E+1
2.6522E+2	1.7427E+2	1.4087E+2	1.0733E+2	9.0415E+1	8.8146E+1	8.0020E+1	7.5858E+1	7.5357E+1	7.0329E+1	6.9289E+1	6.6416E+1	6.5628E+1	6.3851E+1	6.3289E+1	6.2206E+1	6.1116E+1	6.0108E+1	5.9026E+1	5.8107E+1	5.7008E+1	5.6094E+1	5.5333E+1	5.4718E+1	5.4098E+1	5.3660E+1	5.3323E+1	5.2996E+1	5.2730E+1	5.2510E+1	5.2357E+1	5.2220E+1	5.2117E+1	5.2013E+1	5.1941E+1
2.4996E+2	1.6112E+2	1.4001E+2	1.0487E+2	9.1834E+1	8.3575E+1	8.2291E+1	7.8304E+1	7.3212E+1	7.0653E+1	6.7890E+1	6.6395E+1	6.5480E+1	6.3927E+1	6.3419E+1	6.2240E+1	6.1180E+1	6.0131E+1	5.9149E+1	5.8174E+1	5.7118E+1	5.6250E+1	5.5392E+1	5.4824E+1	5.4194E+1	5.3781E+1	5.3412E+1	5.3092E+1	5.2815E+1	5.2630E+1	5.2456E+1	5.2317E+1	5.2204E+1	5.2126E+1	5.2057E+1
2.3470E+2	1.5169E+2	1.3722E+2	1.0704E+2	8.6505E+1	8.3227E+1	7.8097E+1	7.5664E+1	7.2402E+1	7.0130E+1	6.8539E+1	6.6597E+1	6.5373E+1	6.3999E+1	6.3300E+1	6.2370E+1	6.1177E+1	6.0090E+1	5.9236E+1	5.8165E+1	5.7204E+1	5.6347E+1	5.5503E+1	5.4859E+1	5.4293E+1	5.3866E+1	5.3478E+1	5.3166E+1	5.2902E+1	5.2696E+1	5.2546E+1	5.2391E+1	5.2270E+1	5.2198E+1	5.2100E+1
2.1938E+2	1.4611E+2	1.3091E+2	1.0662E+2	8.5645E+1	8.4136E+1	8.0444E+1	7.5375E+1	7.3116E+1	7.0122E+1	6.8342E+1	6.6606E+1	6.5361E+1	6.3959E+1	6.3286E+1	6.2323E+1	6.1226E+1	6.0168E+1	5.9292E+1	5.8276E+1	5.7270E+1	5.6363E+1	5.5534E+1	5.4939E+1	5.4371E+1	5.3870E+1	5.3572E+1	5.3243E+1	5.2951E+1	5.2776E+1	5.2607E+1	5.2468E+1	5.2360E+1	5.2281E+1	5.2190E+1
2.0696E+2	1.4230E+2	1.2385E+2	1.0175E+2	8.7478E+1	8.1013E+1	7.7691E+1	7.6361E+1	7.4039E+1	7.0065E+1	6.8195E+1	6.6587E+1	6.5510E+1	6.3929E+1	6.3296E+1	6.2426E+1	6.1325E+1	6.0221E+1	5.9347E+1	5.8270E+1	5.7305E+1	5.6370E+1	5.5604E+1	5.4977E+1	5.4402E+1	5.3943E+1	5.3580E+1	5.3272E+1	5.3026E+1	5.2834E+1	5.2651E+1	5.2513E+1	5.2428E+1	5.2314E+1	5.2249E+1
1.9674E+2	1.4158E+2	1.1789E+2	9.7579E+1	8.4259E+1	8.2516E+1	7.8774E+1	7.4444E+1	7.3247E+1	7.0530E+1	6.8460E+1	6.6480E+1	6.5464E+1	6.3883E+1	6.3358E+1	6.2425E+1	6.1290E+1	6.0271E+1	5.9298E+1	5.8378E+1	5.7341E+1	5.6440E+1	5.5652E+1	5.4996E+1	5.4414E+1	5.3994E+1	5.3653E+1	5.3313E+1	5.3064E+1	5.2882E+1	5.2702E+1	5.2565E+1	5.2466E+1	5.2381E+1	5.2263E+1
1.8755E+2	1.3989E+2	1.1352E+2	9.5187E+1	8.3426E+1	8.0886E+1	7.7337E+1	7.5375E+1	7.2360E+1	7.0012E+1	6.7871E+1	6.6312E+1	6.5442E+1	6.3805E+1	6.3382E+1	6.2397E+1	6.1360E+1	6.0261E+1	5.9309E+1	5.8362E+1	5.7354E+1	5.6444E+1	5.5658E+1	5.5011E+1	5.4448E+1	5.4011E+1	5.3666E+1	5.3321E+1	5.3088E+1	5.2903E+1	5.2719E+1	5.2590E+1	5.2476E+1	5.2391E+1	5.2336E+1
1.8054E+2	1.3783E+2	1.1148E+2	9.6258E+1	8.4467E+1	8.0399E+1	7.8370E+1	7.5088E+1	7.2105E+1	7.0300E+1	6.8328E+1	6.6235E+1	6.5341E+1	6.3857E+1	6.3438E+1	6.2413E+1	6.1324E+1	6.0339E+1	5.9343E+1	5.8422E+1	5.7380E+1	5.6427E+1	5.5650E+1	5.5037E+1	5.4476E+1	5.4039E+1	5.3688E+1	5.3359E+1	5.3116E+1	5.2898E+1	5.2744E+1	5.2628E+1	5.2504E+1	5.2412E+1	5.2344E+1
1.7385E+2	1.3579E+2	1.1064E+2	9.7022E+1	8.2760E+1	8.1513E+1	7.6484E+1	7.4177E+1	7.2391E+1	7.0411E+1	6.7978E+1	6.6231E+1	6.5394E+1	6.3865E+1	6.3279E+1	6.2398E+1	6.1263E+1	6.0328E+1	5.9421E+1	5.8392E+1	5.7368E+1	5.6491E+1	5.5681E+1	5.5097E+1	5.4485E+1	5.4030E+1	5.3694E+1	5.3378E+1	5.3135E+1	5.2936E+1	5.2758E+1	5.2623E+1	5.2527E+1	5.2409E+1	5.2318E+1
1.6675E+2	1.3285E+2	1.1070E+2	9.5748E+1	8.1933E+1	7.8682E+1	7.8015E+1	7.5356E+1	7.3056E+1	7.0423E+1	6.7866E+1	6.6180E+1	6.5261E+1	6.3862E+1	6.3235E+1	6.2300E+1	6.1248E+1	6.0220E+1	5.9316E+1	5.8422E+1	5.7379E+1	5.6518E+1	5.5678E+1	5.5110E+1	5.4460E+1	5.4051E+1	5.3712E+1	5.3373E+1	5.3124E+1	5.2936E+1	5.2758E+1	5.2666E+1	5.2529E+1	5.2450E+1	5.2384E+1
1.6167E+2	1.2879E+2	1.1093E+2	9.2792E+1	8.3805E+1	7.9999E+1	7.5714E+1	7.4150E+1	7.2541E+1	7.0437E+1	6.8042E+1	6.6254E+1	6.5264E+1	6.3835E+1	6.3221E+1	6.2325E+1	6.1289E+1	6.0284E+1	5.9332E+1	5.8354E+1	5.7337E+1	5.6493E+1	5.5698E+1	5.5097E+1	5.4472E+1	5.4068E+1	5.3700E+1	5.3374E+1	5.3135E+1	5.2937E+1	5.2781E+1	5.2649E+1	5.2549E+1	5.2442E+1	5.2375E+1
1.5621E+2	1.2356E+2	1.0952E+2	8.9534E+1	8.2050E+1	7.9343E+1	7.7293E+1	7.3852E+1	7.1547E+1	7.0125E+1	6.7388E+1	6.6197E+1	6.5183E+1	6.3785E+1	6.3106E+1	6.2267E+1	6.1214E+1	6.0251E+1	5.9274E+1	5.8389E+1	5.7344E+1	5.6535E+1	5.5689E+1	5.5075E+1	5.4478E+1	5.4069E+1	5.3720E+1	5.3391E+1	5.3130E+1	5.2949E+1	5.2761E+1	5.2663E+1	5.2531E+1	5.2455E+1	5.2383E+1
1.5291E+2	1.1810E+2	1.0636E+2	9.0060E+1	7.9929E+1	7.8211E+1	7.5521E+1	7.4556E+1	7.1182E+1	6.9808E+1	6.7937E+1	6.6021E+1	6.4951E+1	6.3797E+1	6.3022E+1	6.2254E+1	6.1150E+1	6.0267E+1	5.9269E+1	5.8369E+1	5.7357E+1	5.6475E+1	5.5666E+1	5.5068E+1	5.4473E+1	5.4010E+1	5.3685E+1	5.3373E+1	5.3134E+1	5.2932E+1	5.2759E+1	5.2640E+1	5.2532E+1	5.2433E+1	5.2377E+1
1.5096E+2	1.1311E+2	1.0242E+2	9.2476E+1	8.2530E+1	7.9742E+1	7.6874E+1	7.3031E+1	7.1663E+1	7.0317E+1	6.7114E+1	6.5874E+1	6.4926E+1	6.3587E+1	6.2986E+1	6.2227E+1	6.1192E+1	6.0155E+1	5.9194E+1	5.8336E+1	5.7306E+1	5.6440E+1	5.5674E+1	5.5055E+1	5.4477E+1	5.4036E+1	5.3700E+1	5.3353E+1	5.3125E+1	5.2923E+1	5.2770E+1	5.2630E+1	5.2523E+1	5.2437E+1	5.2404E+1
1.5037E+2	1.1009E+2	9.8547E+1	9.2447E+1	8.1118E+1	7.7649E+1	7.5115E+1	7.3729E+1	7.1998E+1	7.0098E+1	6.7309E+1	6.5716E+1	6.4973E+1	6.3510E+1	6.2989E+1	6.2068E+1	6.1186E+1	6.0082E+1	5.9171E+1	5.8293E+1	5.7282E+1	5.6421E+1	5.5627E+1	5.5023E+1	5.4462E+1	5.4007E+1	5.3643E+1	5.3348E+1	5.3098E+1	5.2910E+1	5.2743E+1	5.2619E+1	5.2515E+1	5.2415E+1	5.2325E+1
1.5117E+2	1.0868E+2	9.6276E+1	8.9682E+1	7.8660E+1	7.8587E+1	7.6657E+1	7.3553E+1	7.1130E+1	6.9789E+1	6.7554E+1	6.5595E+1	6.4861E+1	6.3400E+1	6.2944E+1	6.2072E+1	6.1119E+1	6.0057E+1	5.9087E+1	5.8261E+1	5.7272E+1	5.6402E+1	5.5621E+1	5.4999E+1	5.4420E+1	5.3980E+1	5.3635E+1	5.3343E+1	5.3081E+1	5.2903E+1	5.2756E+1	5.2602E+1	5.2498E+1	5.2428E+1	5.2337E+1
1.5192E+2	1.0931E+2	9.7451E+1	8.6560E+1	8.1177E+1	7.8113E+1	7.4336E+1	7.2098E+1	7.0446E+1	6.9875E+1	6.6642E+1	6.5493E+1	6.4693E+1	6.3196E+1	6.2817E+1	6.1939E+1	6.0985E+1	5.9996E+1	5.9083E+1	5.8162E+1	5.7191E+1	5.6367E+1	5.5574E+1	5.4979E+1	5.4409E+1	5.3981E+1	5.3649E+1	5.3303E+1	5.3092E+1	5.2874E+1	5.2716E+1	5.2592E+1	5.2496E+1	5.2400E+1	5.2306E+1
1.5251E+2	1.1099E+2	9.9295E+1	8.6142E+1	8.0273E+1	7.6054E+1	7.6013E+1	7.3696E+1	7.0741E+1	6.9694E+1	6.7529E+1	6.5459E+1	6.4461E+1	6.3203E+1	6.2704E+1	6.1821E+1	6.0913E+1	5.9932E+1	5.9059E+1	5.8167E+1	5.7224E+1	5.6408E+1	5.5530E+1	5.4981E+1	5.4398E+1	5.3943E+1	5.3612E+1	5.3304E+1	5.3078E+1	5.2857E+1	5.2707E+1	5.2599E+1	5.2464E+1	5.2392E+1	5.2303E+1
1.5262E+2	1.1357E+2	1.0163E+2	8.8774E+1	7.8050E+1	7.8443E+1	7.3824E+1	7.2775E+1	7.1266E+1	6.9329E+1	6.6807E+1	6.5367E+1	6.4430E+1	6.3164E+1	6.2619E+1	6.1832E+1	6.0787E+1	5.9857E+1	5.8994E+1	5.8138E+1	5.7147E+1	5.6367E+1	5.5537E+1	5.4947E+1	5.4351E+1	5.3943E+1	5.3602E+1	5.3263E+1	5.3040E+1	5.2832E+1	5.2690E+1	5.2544E+1	5.2446E+1	5.2388E+1	5.2307E+1
1.5183E+2	1.1551E+2	1.0261E+2	9.0217E+1	7.9587E+1	7.6639E+1	7.5732E+1	7.1890E+1	7.1483E+1	6.8944E+1	6.6891E+1	6.5274E+1	6.4442E+1	6.3199E+1	6.2587E+1	6.1697E+1	6.0820E+1	5.9894E+1	5.8999E+1	5.8073E+1	5.7136E+1	5.6295E+1	5.5492E+1	5.4898E+1	5.4382E+1	5.3897E+1	5.3564E+1	5.3238E+1	5.3023E+1	5.2831E+1	5.2687E+1	5.2534E+1	5.2439E+1	5.2390E+1	5.2296E+1
1.5103E+2	1.1630E+2	1.0232E+2	8.8324E+1	8.0664E+1	7.7147E+1	7.3972E+1	7.2941E+1	7.0447E+1	6.9107E+1	6.6879E+1	6.5166E+1	6.4325E+1	6.3052E+1	6.2466E+1	6.1688E+1	6.0700E+1	5.9767E+1	5.8886E+1	5.8073E+1	5.7072E+1	5.6225E+1	5.5482E+1	5.4869E+1	5.4290E+1	5.3878E+1	5.3540E+1	5.3235E+1	5.2997E+1	5.2809E+1	5.2623E+1	5.2532E+1	5.2401E+1	5.2331E+1	5.2278E+1
1.4950E+2	1.1600E+2	9.9903E+1	8.6507E+1	7.8427E+1	7.7473E+1	7.5267E+1	7.1985E+1	7.0267E+1	6.8750E+1	6.6281E+1	6.5040E+1	6.4185E+1	6.2971E+1	6.2404E+1	6.1528E+1	6.0607E+1	5.9708E+1	5.8818E+1	5.7989E+1	5.7063E+1	5.6191E+1	5.5403E+1	5.4855E+1	5.4287E+1	5.3867E+1	5.3525E+1	5.3214E+1	5.2967E+1	5.2794E+1	5.2611E+1	5.2523E+1	5.2386E+1	5.2325E+1	5.2242E+1
1.4916E+2	1.1528E+2	9.7928E+1	8.6029E+1	7.9553E+1	7.5622E+1	7.3861E+1	7.2608E+1	6.9868E+1	6.8616E+1	6.6804E+1	6.4944E+1	6.4127E+1	6.2862E+1	6.2274E+1	6.1534E+1	6.0600E+1	5.9677E+1	5.8857E+1	5.7991E+1	5.7045E+1	5.6184E+1	5.5431E+1	5.4829E+1	5.4245E+1	5.3814E+1	5.3488E+1	5.3196E+1	5.2955E+1	5.2762E+1	5.2618E+1	5.2484E+1	5.2373E+1	5.2294E+1	5.2193E+1
1.4791E+2	1.1405E+2	9.6971E+1	8.7599E+1	7.9859E+1	7.7471E+1	7.5097E+1	7.2438E+1	7.0404E+1	6.8448E+1	6.6468E+1	6.4907E+1	6.4080E+1	6.2710E+1	6.2338E+1	6.1446E+1	6.0516E+1	5.9568E+1	5.8734E+1	5.7918E+1	5.6981E+1	5.6147E+1	5.5352E+1	5.4772E+1	5.4211E+1	5.3792E+1	5.3456E+1	5.3172E+1	5.2924E+1	5.2738E+1	5.2595E+1	5.2482E+1	5.2347E+1	5.2281E+1	5.2232E+1
1.4666E+2	1.1233E+2	9.7109E+1	8.9384E+1	7.7880E+1	7.6736E+1	7.3862E+1	7.1637E+1	7.0764E+1	6.8318E+1	6.6584E+1	6.4948E+1	6.3973E+1	6.2675E+1	6.2228E+1	6.1372E+1	6.0416E+1	5.9514E+1	5.8704E+1	5.7852E+1	5.6877E+1	5.6062E+1	5.5324E+1	5.4745E+1	5.4191E+1	5.3754E+1	5.3449E+1	5.3101E+1	5.2898E+1	5.2700E+1	5.2567E+1	5.2421E+1	5.2342E+1	5.2279E+1	5.2208E+1
1.4603E+2	1.1158E+2	9.8949E+1	8.9638E+1	7.9267E+1	7.6677E+1	7.4680E+1	7.2497E+1	7.0360E+1	6.8208E+1	6.6513E+1	6.4767E+1	6.4019E+1	6.2677E+1	6.2131E+1	6.1330E+1	6.0443E+1	5.9556E+1	5.8721E+1	5.7782E+1	5.6909E+1	5.6057E+1	5.5319E+1	5.4693E+1	5.4171E+1	5.3742E+1	5.3433E+1	5.3119E+1	5.2874E+1	5.2692E+1	5.2532E+1	5.2425E+1	5.2307E+1	5.2254E+1	5.2153E+1
1.4563E+2	1.1148E+2	1.0137E+2	8.7687E+1	7.9911E+1	7.7591E+1	7.3758E+1	7.1954E+1	6.9899E+1	6.8061E+1	6.6180E+1	6.4771E+1	6.3835E+1	6.2643E+1	6.2043E+1	6.1372E+1	6.0382E+1	5.9422E+1	5.8650E+1	5.7744E+1	5.6848E+1	5.6036E+1	5.5263E+1	5.4741E+1	5.4123E+1	5.3718E+1	5.3412E+1	5.3079E+1	5.2878E+1	5.2664E+1	5.2513E+1	5.2381E+1	5.2290E+1	5.2215E+1	5.2129E+1
1.4505E+2	1.1183E+2	1.0258E+2	8.6675E+1	7.8158E+1	7.5647E+1	7.4638E+1	7.1568E+1	6.9816E+1	6.7860E+1	6.6409E+1	6.4590E+1	6.3764E+1	6.2534E+1	6.2069E+1	6.1126E+1	6.0291E+1	5.9410E+1	5.8548E+1	5.7718E+1	5.6806E+1	5.5979E+1	5.5232E+1	5.4639E+1	5.4093E+1	5.3677E+1	5.3384E+1	5.3066E+1	5.2839E+1	5.2645E+1	5.2498E+1	5.2357E+1	5.2266E+1	5.2217E+1	5.2126E+1
1.4690E+2	1.1356E+2	1.0277E+2	8.7690E+1	7.8966E+1	7.7289E+1	7.3906E+1	7.1885E+1	7.0428E+1	6.8149E+1	6.5952E+1	6.4578E+1	6.3688E+1	6.2491E+1	6.1973E+1	6.1113E+1	6.0222E+1	5.9346E+1	5.8542E+1	5.7632E+1	5.6791E+1	5.5953E+1	5.5219E+1	5.4614E+1	5.4096E+1	5.3649E+1	5.3355E+1	5.3028E+1	5.2813E+1	5.2631E+1	5.2462E+1	5.2337E+1	5.2238E+1	5.2164E+1	5.2097E+1
1.4763E+2	1.1504E+2	1.0187E+2	8.9164E+1	7.9486E+1	7.7301E+1	7.4658E+1	7.1460E+1	6.9920E+1	6.7575E+1	6.6215E+1	6.4535E+1	6.3735E+1	6.2459E+1	6.1965E+1	6.1049E+1	6.0156E+1	5.9317E+1	5.8481E+1	5.7615E+1	5.6711E+1	5.5920E+1	5.5155E+1	5.4601E+1	5.4045E+1	5.3619E+1	5.3326E+1	5.2999E+1	5.2766E+1	5.2620E+1	5.2438E+1	5.2334E+1	5.2224E+1	5.2154E+1	5.2092E+1
1.4898E+2	1.1648E+2	1.0104E+2	8.9202E+1	7.8597E+1	7.6208E+1	7.3786E+1	7.1799E+1	6.9853E+1	6.7908E+1	6.5979E+1	6.4349E+1	6.3610E+1	6.2317E+1	6.1849E+1	6.1037E+1	6.0126E+1	5.9284E+1	5.8406E+1	5.7582E+1	5.6668E+1	5.5858E+1	5.5142E+1	5.4585E+1	5.4024E+1	5.3583E+1	5.3296E+1	5.2980E+1	5.2779E+1	5.2567E+1	5.2407E+1	5.2302E+1	5.2204E+1	5.2118E+1	5.2022E+1
1.4959E+2	1.1729E+2	9.9890E+1	8.8906E+1	7.8730E+1	7.7092E+1	7.4370E+1	7.1874E+1	6.9482E+1	6.7668E+1	6.6121E+1	6.4363E+1	6.3545E+1	6.2246E+1	6.1802E+1	6.1065E+1	6.0170E+1	5.9080E+1	5.8345E+1	5.7521E+1	5.6613E+1	5.5859E+1	5.5093E+1	5.4526E+1	5.3993E+1	5.3591E+1	5.3269E+1	5.2949E+1	5.2710E+1	5.2526E+1	5.2390E+1	5.2278E+1	5.2171E+1	5.2125E+1	5.2026E+1
1.5080E+2	1.1853E+2	9.9589E+1	8.7831E+1	7.9596E+1	7.5954E+1	7.3691E+1	7.1116E+1	6.9742E+1	6.7951E+1	6.6403E+1	6.4410E+1	6.3533E+1	6.2173E+1	6.1706E+1	6.0923E+1	5.9982E+1	5.9082E+1	5.8328E+1	5.7473E+1	5.6588E+1	5.5779E+1	5.5070E+1	5.4525E+1	5.3940E+1	5.3542E+1	5.3220E+1	5.2921E+1	5.2687E+1	5.2512E+1	5.2364E+1	5.2242E+1	5.2155E+1	5.2099E+1	5.1974E+1
1.5234E+2	1.1843E+2	1.0052E+2	8.8117E+1	7.8791E+1	7.6782E+1	7.4328E+1	7.2460E+1	6.9940E+1	6.7427E+1	6.5792E+1	6.4358E+1	6.3512E+1	6.2224E+1	6.1717E+1	6.0876E+1	5.9991E+1	5.9033E+1	5.8251E+1	5.7411E+1	5.6557E+1	5.5760E+1	5.5030E+1	5.4487E+1	5.3928E+1	5.3529E+1	5.3202E+1	5.2908E+1	5.2680E+1	5.2486E+1	5.2343E+1	5.2205E+1	5.2124E+1	5.2042E+1	5.1994E+1
1.5371E+2	1.1760E+2	1.0196E+2	8.9290E+1	7.8757E+1	7.6477E+1	7.4015E+1	7.1706E+1	6.9852E+1	6.7368E+1	6.5801E+1	6.4396E+1	6.3500E+1	6.2123E+1	6.1654E+1	6.0910E+1	5.9918E+1	5.9041E+1	5.8229E+1	5.7440E+1	5.6489E+1	5.5727E+1	5.4994E+1	5.4436E+1	5.3888E+1	5.3486E+1	5.3170E+1	5.2859E+1	5.2648E+1	5.2454E+1	5.2307E+1	5.2158E+1	5.2086E+1	5.1997E+1	5.1957E+1
1.5449E+2	1.1714E+2	1.0269E+2	8.9446E+1	7.9384E+1	7.6811E+1	7.4328E+1	7.1341E+1	6.9671E+1	6.8280E+1	6.5748E+1	6.4248E+1	6.3498E+1	6.2115E+1	6.1667E+1	6.0817E+1	5.9909E+1	5.9010E+1	5.8174E+1	5.7368E+1	5.6484E+1	5.5678E+1	5.4958E+1	5.4377E+1	5.3875E+1	5.3466E+1	5.3128E+1	5.2857E+1	5.2620E+1	5.2447E+1	5.2289E+1	5.2159E+1	5.2071E+1	5.1987E+1	5.1925E+1
1.5507E+2	1.1620E+2	1.0332E+2	8.9952E+1	7.8986E+1	7.7337E+1	7.4134E+1	7.1974E+1	6.9761E+1	6.7828E+1	6.6134E+1	6.4175E+1	6.3421E+1	6.2118E+1	6.1580E+1	6.0731E+1	5.9800E+1	5.8982E+1	5.8171E+1	5.7349E+1	5.6429E+1	5.5644E+1	5.4966E+1	5.4360E+1	5.3830E+1	5.3414E+1	5.3122E+1	5.2805E+1	5.2595E+1	5.2415E+1	5.2259E+1	5.2154E+1	5.2038E+1	5.1959E+1	5.1888E+1
1.5633E+2	1.1630E+2	1.0344E+2	8.8621E+1	7.8882E+1	7.6903E+1	7.4288E+1	7.1614E+1	6.9808E+1	6.7625E+1	6.5951E+1	6.4233E+1	6.3386E+1	6.2106E+1	6.1528E+1	6.0787E+1	5.9868E+1	5.8913E+1	5.8120E+1	5.7362E+1	5.6405E+1	5.5630E+1	5.4909E+1	5.4334E+1	5.3785E+1	5.3397E+1	5.3096E+1	5.2771E+1	5.2564E+1	5.2368E+1	5.2248E+1	5.2112E+1	5.2014E+1	5.1934E+1	5.1877E+1
1.5616E+2	1.1627E+2	1.0252E+2	8.8637E+1	7.9609E+1	7.6751E+1	7.4162E+1	7.1708E+1	6.9769E+1	6.7803E+1	6.5834E+1	6.4217E+1	6.3320E+1	6.2020E+1	6.1606E+1	6.0745E+1	5.9779E+1	5.8906E+1	5.8146E+1	5.7266E+1	5.6355E+1	5.5574E+1	5.4853E+1	5.4285E+1	5.3765E+1	5.3357E+1	5.3050E+1	5.2742E+1	5.2525E+1	5.2343E+1	5.2211E+1	5.2076E+1	5.1993E+1	5.1907E+1	5.1807E+1
1.5659E+2	1.1636E+2	1.0194E+2	8.9027E+1	7.9282E+1	7.7127E+1	7.4490E+1	7.2056E+1	7.0008E+1	6.7712E+1	6.5729E+1	6.4205E+1	6.3349E+1	6.2017E+1	6.1512E+1	6.0664E+1	5.9776E+1	5.8778E+1	5.7993E+1	5.7231E+1	5.6395E+1	5.5579E+1	5.4801E+1	5.4268E+1	5.3713E+1	5.3328E+1	5.3015E+1	5.2723E+1	5.2494E+1	5.2337E+1	5.2188E+1	5.2046E+1	5.1975E+1	5.1898E+1	5.1828E+1
1.5655E+2	1.1700E+2	1.0153E+2	8.9859E+1	7.8892E+1	7.6974E+1	7.4443E+1	7.1326E+1	6.9759E+1	6.8041E+1	6.5955E+1	6.4134E+1	6.3237E+1	6.1910E+1	6.1487E+1	6.0641E+1	5.9729E+1	5.8830E+1	5.7975E+1	5.7222E+1	5.6259E+1	5.5541E+1	5.4787E+1	5.4246E+1	5.3722E+1	5.3302E+1	5.3007E+1	5.2719E+1	5.2494E+1	5.2295E+1	5.2160E+1	5.2044E+1	5.1950E+1	5.1872E+1	5.1813E+1
1.5670E+2	1.1771E+2	1.0229E+2	9.0109E+1	7.9744E+1	7.7522E+1	7.4350E+1	7.1757E+1	6.9921E+1	6.7983E+1	6.5923E+1	6.4217E+1	6.3212E+1	6.1874E+1	6.1390E+1	6.0673E+1	5.9739E+1	5.8786E+1	5.7962E+1	5.7127E+1	5.6339E+1	5.5484E+1	5.4789E+1	5.4196E+1	5.3662E+1	5.3263E+1	5.2964E+1	5.2677E+1	5.2443E+1	5.2263E+1	5.2100E+1	5.1993E+1	5.1928E+1	5.1832E+1	5.1780E+1
1.5666E+2	1.1832E+2	1.0261E+2	8.9849E+1	7.9976E+1	7.7100E+1	7.4456E+1	7.1920E+1	6.9988E+1	6.7764E+1	6.5661E+1	6.4032E+1	6.3196E+1	6.1898E+1	6.1445E+1	6.0597E+1	5.9703E+1	5.8801E+1	5.7927E+1	5.7152E+1	5.6216E+1	5.5460E+1	5.4748E+1	5.4174E+1	5.3643E+1	5.3281E+1	5.2936E+1	5.2615E+1	5.2423E+1	5.2248E+1	5.2103E+1	5.1985E+1	5.1894E+1	5.1819E+1	5.1752E+1
1.5569E+2	1.1905E+2	1.0390E+2	8.9323E+1	7.9308E+1	7.6992E+1	7.4188E+1	7.2226E+1	7.0172E+1	6.8017E+1	6.5770E+1	6.4037E+1	6.3178E+1	6.1914E+1	6.1382E+1	6.0566E+1	5.9629E+1	5.8729E+1	5.7890E+1	5.7082E+1	5.6286E+1	5.5409E+1	5.4712E+1	5.4197E+1	5.3623E+1	5.3205E+1	5.2921E+1	5.2629E+1	5.2401E+1	5.2234E+1	5.2074E+1	5.1976E+1	5.1879E+1	5.1785E+1	5.1727E+1
1.5537E+2	1.2007E+2	1.0416E+2	8.9402E+1	8.0169E+1	7.7234E+1	7.4454E+1	7.2003E+1	7.0172E+1	6.7877E+1	6.5790E+1	6.3995E+1	6.3196E+1	6.1857E+1	6.1350E+1	6.0513E+1	5.9504E+1	5.8735E+1	5.7845E+1	5.7034E+1	5.6143E+1	5.5393E+1	5.4666E+1	5.4091E+1	5.3608E+1	5.3205E+1	5.2892E+1	5.2593E+1	5.2352E+1	5.2193E+1	5.2057E+1	5.1936E+1	5.1839E+1	5.1756E+1	5.1680E+1
1.5504E+2	1.1980E+2	1.0427E+2	9.0233E+1	7.9835E+1	7.7073E+1	7.4238E+1	7.1368E+1	6.9680E+1	6.7476E+1	6.5476E+1	6.3982E+1	6.3136E+1	6.1765E+1	6.1289E+1	6.0511E+1	5.9558E+1	5.8645E+1	5.7790E+1	5.7045E+1	5.6150E+1	5.5369E+1	5.4645E+1	5.4067E+1	5.3567E+1	5.3152E+1	5.2847E+1	5.2549E+1	5.2360E+1	5.2166E+1	5.2025E+1	5.1928E+1	5.1835E+1	5.1756E+1	5.1686E+1
1.5532E+2	1.1951E+2	1.0403E+2	9.0587E+1	7.9181E+1	7.7466E+1	7.4433E+1	7.2007E+1	6.9635E+1	6.7764E+1	6.5683E+1	6.3995E+1	6.3134E+1	6.1780E+1	6.1291E+1	6.0478E+1	5.9540E+1	5.8583E+1	5.7769E+1	5.7005E+1	5.6091E+1	5.5325E+1	5.4565E+1	5.4052E+1	5.3535E+1	5.3146E+1	5.2843E+1	5.2527E+1	5.2306E+1	5.2159E+1	5.2008E+1	5.1912E+1	5.1784E+1	5.1719E+1	5.1628E+1
1.5551E+2	1.1923E+2	1.0362E+2	9.0185E+1	8.0145E+1	7.7288E+1	7.4286E+1	7.2070E+1	6.9634E+1	6.7900E+1	6.5731E+1	6.4027E+1	6.3096E+1	6.1765E+1	6.1316E+1	6.0468E+1	5.9511E+1	5.8594E+1	5.7728E+1	5.6953E+1	5.6044E+1	5.5276E+1	5.4567E+1	5.4028E+1	5.3490E+1	5.3110E+1	5.2794E+1	5.2511E+1	5.2257E+1	5.2125E+1	5.1990E+1	5.1879E+1	5.1766E+1	5.1708E+1	5.1644E+1
1.5525E+2	1.1906E+2	1.0327E+2	8.9631E+1	7.9951E+1	7.7235E+1	7.4393E+1	7.1345E+1	7.0100E+1	6.7574E+1	6.5453E+1	6.3917E+1	6.3009E+1	6.1699E+1	6.1147E+1	6.0353E+1	5.9395E+1	5.8475E+1	5.7731E+1	5.6907E+1	5.6008E+1	5.5233E+1	5.4561E+1	5.3991E+1	5.3456E+1	5.3047E+1	5.2764E+1	5.2470E+1	5.2264E+1	5.2115E+1	5.1948E+1	5.1839E+1	5.1755E+1	5.1679E+1	5.1606E+1
1.5529E+2	1.1824E+2	1.0303E+2	8.9738E+1	7.9244E+1	7.7362E+1	7.4454E+1	7.2244E+1	6.9691E+1	6.7840E+1	6.5612E+1	6.3912E+1	6.3003E+1	6.1677E+1	6.1126E+1	6.0382E+1	5.9512E+1	5.8534E+1	5.7695E+1	5.6855E+1	5.6014E+1	5.5228E+1	5.4508E+1	5.3932E+1	5.3422E+1	5.3022E+1	5.2743E+1	5.2458E+1	5.2226E+1	5.2084E+1	5.1912E+1	5.1813E+1	5.1711E+1	5.1649E+1	5.1583E+1
1.5626E+2	1.1835E+2	1.0361E+2	9.0641E+1	8.0106E+1	7.7066E+1	7.4624E+1	7.1536E+1	7.0025E+1	6.7881E+1	6.5765E+1	6.3971E+1	6.3070E+1	6.1745E+1	6.1192E+1	6.0397E+1	5.9404E+1	5.8481E+1	5.7714E+1	5.6810E+1	5.6013E+1	5.5200E+1	5.4511E+1	5.3950E+1	5.3414E+1	5.3048E+1	5.2731E+1	5.2455E+1	5.2228E+1	5.2040E+1	5.1911E+1	5.1802E+1	5.1705E+1	5.1605E+1	5.1589E+1
1.5641E+2	1.1854E+2	1.0426E+2	9.0934E+1	8.0238E+1	7.7397E+1	7.4508E+1	7.2010E+1	6.9613E+1	6.7656E+1	6.5331E+1	6.3962E+1	6.2994E+1	6.1664E+1	6.1204E+1	6.0315E+1	5.9378E+1	5.8355E+1	5.7686E+1	5.6793E+1	5.5931E+1	5.5178E+1	5.4450E+1	5.3908E+1	5.3425E+1	5.2996E+1	5.2697E+1	5.2404E+1	5.2182E+1	5.2010E+1	5.1901E+1	5.1764E+1	5.1690E+1	5.1593E+1	5.1507E+1
1.5762E+2	1.1938E+2	1.0494E+2	9.0688E+1	7.9744E+1	7.7407E+1	7.4600E+1	7.2409E+1	6.9647E+1	6.7492E+1	6.5669E+1	6.3894E+1	6.3004E+1	6.1651E+1	6.1084E+1	6.0374E+1	5.9355E+1	5.8439E+1	5.7610E+1	5.6769E+1	5.5984E+1	5.5058E+1	5.4430E+1	5.3882E+1	5.3359E+1	5.2963E+1	5.2662E+1	5.2375E+1	5.2164E+1	5.1995E+1	5.1870E+1	5.1730E+1	5.1649E+1	5.1568E+1	5.1517E+1
1.5819E+2	1.2008E+2	1.0551E+2	9.0382E+1	7.9834E+1	7.6926E+1	7.4450E+1	7.1634E+1	6.9904E+1	6.7688E+1	6.5326E+1	6.3870E+1	6.2990E+1	6.1593E+1	6.1013E+1	6.0324E+1	5.9371E+1	5.8406E+1	5.7584E+1	5.6784E+1	5.5881E+1	5.5074E+1	5.4380E+1	5.3850E+1	5.3344E+1	5.2947E+1	5.2654E+1	5.2369E+1	5.2169E+1	5.1976E+1	5.1833E+1	5.1725E+1	5.1617E+1	5.1553E+1	5.1472E+1
5.2883E+1	3.9249E+1	2.7874E+1	1.4744E+2	5.4507E+1	5.1873E+1	6.1951E+1	7.5657E+1	6.1488E+1	7.0397E+1	5.7328E+1	6.2594E+1	6.1540E+1	6.0675E+1	6.1885E+1	5.9681E+1	5.9791E+1	5.8778E+1	5.7301E+1	5.6353E+1	5.5529E+1	5.4923E+1	5.4344E+1	5.3723E+1	5.3318E+1	5.2839E+1	5.2526E+1	5.2280E+1	5.2031E+1	5.1881E+1	5.1753E+1	5.1657E+1	5.1556E+1	5.1482E+1	5.1377E+1
1.5509E+1	-6.6323E+1	1.1853E+2	1.3332E+2	1.2875E+2	1.0994E+2	9.7929E+1	4.0734E+1	7.7506E+1	6.7855E+1	6.8093E+1	5.1495E+1	5.1673E+1	5.1253E+1	5.0824E+1	4.9858E+1	4.9756E+1	4.7041E+1	4.6064E+1	4.5994E+1	4.4214E+1	4.3985E+1	4.2891E+1	4.2692E+1	4.2027E+1	4.1635E+1	4.1471E+1	4.1132E+1	4.0974E+1	4.0824E+1	4.0668E+1	4.0572E+1	4.0487E+1	4.0458E+1	4.0373E+1
1.5666E+2	1.2004E+2	1.4492E+2	9.2228E+1	8.5100E+1	7.7454E+1	6.8357E+1	7.4865E+1	6.9842E+1	6.4185E+1	5.7482E+1	5.5107E+1	5.4174E+1	5.2145E+1	5.0771E+1	5.0070E+1	4.8844E+1	4.7206E+1	4.6117E+1	4.5263E+1	4.4174E+1	4.3474E+1	4.2712E+1	4.2068E+1	4.1555E+1	4.1191E+1	4.0924E+1	4.0617E+1	4.0400E+1	4.0248E+1	4.0102E+1	4.0007E+1	3.9909E+1	3.9824E+1	3.9767E+1
1.8345E+2	1.8606E+2	1.5201E+2	9.9164E+1	8.2762E+1	8.0564E+1	8.0484E+1	6.9494E+1	6.7557E+1	6.5035E+1	5.9004E+1	5.6258E+1	5.4859E+1	5.2599E+1	5.1416E+1	5.0372E+1	4.8944E+1	4.7554E+1	4.6294E+1	4.5231E+1	4.4274E+1	4.3458E+1	4.2645E+1	4.2075E+1	4.1601E+1	4.1221E+1	4.0877E+1	4.0623E+1	4.0374E+1	4.0236E+1	4.0081E+1	3.9967E+1	3.9888E+1	3.9803E+1	3.9747E+1
2.1417E+2	1.5306E+2	1.5610E+2	1.1373E+2	9.5312E+1	8.9264E+1	7.5167E+1	7.2372E+1	6.5699E+1	6.6209E+1	6.1121E+1	5.6917E+1	5.4976E+1	5.2792E+1	5.1865E+1	5.0414E+1	4.8964E+1	4.7645E+1	4.6346E+1	4.5367E+1	4.4318E+1	4.3415E+1	4.2656E+1	4.2093E+1	4.1552E+1	4.1170E+1	4.0890E+1	4.0584E+1	4.0384E+1	4.0194E+1	4.0079E+1	3.9970E+1	3.9846E+1	3.9796E+1	3.9746E+1
2.2010E+2	1.4256E+2	1.5028E+2	1.2053E+2	9.4721E+1	8.4765E+1	8.1699E+1	7.5852E+1	6.8527E+1	6.6473E+1	5.9448E+1	5.7222E+1	5.5138E+1	5.2796E+1	5.1926E+1	5.0561E+1	4.9034E+1	4.7595E+1	4.6488E+1	4.5461E+1	4.4375E+1	4.3431E+1	4.2691E+1	4.2121E+1	4.1568E+1	4.1167E+1	4.0857E+1	4.0572E+1	4.0382E+1	4.0186E+1	4.0050E+1	3.9929E+1	3.9851E+1	3.9772E+1	3.9690E+1
2.4907E+2	1.7962E+2	1.4954E+2	1.1939E+2	9.4349E+1	8.8126E+1	8.1267E+1	7.5138E+1	7.0361E+1	6.5332E+1	6.0902E+1	5.7302E+1	5.5449E+1	5.2996E+1	5.2017E+1	5.0580E+1	4.9070E+1	4.7699E+1	4.6536E+1	4.5477E+1	4.4369E+1	4.3492E+1	4.2679E+1	4.2133E+1	4.1577E+1	4.1173E+1	4.0872E+1	4.0552E+1	4.0349E+1	4.0174E+1	4.0029E+1	3.9924E+1	3.9835E+1	3.9755E+1	3.9686E+1
2.4925E+2	1.8271E+2	1.5114E+2	1.2162E+2	9.6655E+1	8.9839E+1	8.3243E+1	7.6712E+1	7.1382E+1	6.6333E+1	6.1400E+1	5.7793E+1	5.5891E+1	5.3239E+1	5.2227E+1	5.0760E+1	4.9180E+1	4.7810E+1	4.6562E+1	4.5517E+1	4.4388E+1	4.3529E+1	4.2742E+1	4.2112E+1	4.1625E+1	4.1173E+1	4.0876E+1	4.0592E+1	4.0380E+1	4.0186E+1	4.0047E+1	3.9929E+1	3.9843E+1	3.9747E+1	3.9708E+1
2.5113E+2	1.8647E+2	1.5318E+2	1.2366E+2	9.8456E+1	9.1164E+1	8.3432E+1	7.8027E+1	7.2771E+1	6.7283E+1	6.2255E+1	5.7844E+1	5.6147E+1	5.3370E+1	5.2451E+1	5.0933E+1	4.9357E+1	4.7935E+1	4.6695E+1	4.5540E+1	4.4449E+1	4.3530E+1	4.2754E+1	4.2158E+1	4.1598E+1	4.1200E+1	4.0912E+1	4.0603E+1	4.0367E+1	4.0216E+1	4.0053E+1	3.9928E+1	3.9855E+1	3.9749E+1	3.9719E+1
2.5478E+2	1.8948E+2	1.5598E+2	1.2536E+2	9.9205E+1	9.3259E+1	8.5904E+1	7.8197E+1	7.2229E+1	6.7533E+1	6.2514E+1	5.8249E+1	5.6307E+1	5.3518E+1	5.2605E+1	5.0960E+1	4.9361E+1	4.7945E+1	4.6676E+1	4.5572E+1	4.4474E+1	4.3583E+1	4.2741E+1	4.2158E+1	4.1624E+1	4.1202E+1	4.0891E+1	4.0610E+1	4.0371E+1	4.0198E+1	4.0050E+1	3.9933E+1	3.9831E+1	3.9753E+1	3.9701E+1
2.5849E+2	1.9106E+2	1.5914E+2	1.2811E+2	1.0137E+2	9.3370E+1	8.5781E+1	7.9601E+1	7.2907E+1	6.8053E+1	6.2527E+1	5.8640E+1	5.6421E+1	5.3590E+1	5.2693E+1	5.1089E+1	4.9352E+1	4.7947E+1	4.6783E+1	4.5604E+1	4.4434E+1	4.3583E+1	4.2722E+1	4.2145E+1	4.1631E+1	4.1182E+1	4.0902E+1	4.0569E+1	4.0354E+1	4.0200E+1	4.0022E+1	3.9929E+1	3.9837E+1	3.9751E+1	3.9690E+1
2.6253E+2	1.9184E+2	1.6327E+2	1.3074E+2	1.0304E+2	9.5104E+1	8.7488E+1	7.9439E+1	7.3925E+1	6.8669E+1	6.3048E+1	5.8744E+1	5.6609E+1	5.3775E+1	5.2776E+1	5.1179E+1	4.9452E+1	4.7913E+1	4.6750E+1	4.5586E+1	4.4482E+1	4.3578E+1	4.2746E+1	4.2173E+1	4.1614E+1	4.1185E+1	4.0875E+1	4.0575E+1	4.0370E+1	4.0179E+1	4.0016E+1	3.9920E+1	3.9825E+1	3.9727E+1	3.9684E+1
2.6525E+2	1.9267E+2	1.6474E+2	1.3098E+2	1.0277E+2	9.6014E+1	8.7501E+1	8.0485E+1	7.4673E+1	6.8831E+1	6.2763E+1	5.8935E+1	5.6798E+1	5.3783E+1	5.2736E+1	5.1164E+1	4.9566E+1	4.8099E+1	4.6855E+1	4.5636E+1	4.4492E+1	4.3566E+1	4.2771E+1	4.2153E+1	4.1633E+1	4.1193E+1	4.0889E+1	4.0591E+1	4.0360E+1	4.0178E+1	4.0042E+1	3.9899E+1	3.9814E+1	3.9739E+1	3.9689E+1
2.6830E+2	1.9393E+2	1.6558E+2	1.3112E+2	1.0469E+2	9.6459E+1	8.9111E+1	8.1599E+1	7.4759E+1	6.9052E+1	6.3493E+1	5.9111E+1	5.6925E+1	5.3957E+1	5.2964E+1	5.1261E+1	4.9586E+1	4.8028E+1	4.6845E+1	4.5654E+1	4.4501E+1	4.3555E+1	4.2731E+1	4.2163E+1	4.1601E+1	4.1190E+1	4.0891E+1	4.0577E+1	4.0366E+1	4.0168E+1	4.0008E+1	3.9903E+1	3.9791E+1	3.9710E+1	3.9665E+1
2.6951E+2	1.9613E+2	1.6605E+2	1.3311E+2	1.0596E+2	9.8326E+1	8.9341E+1	8.1560E+1	7.4927E+1	6.9428E+1	6.3556E+1	5.9179E+1	5.6980E+1	5.4014E+1	5.2927E+1	5.1292E+1	4.9569E+1	4.8139E+1	4.6848E+1	4.5633E+1	4.4581E+1	4.3584E+1	4.2730E+1	4.2168E+1	4.1575E+1	4.1171E+1	4.0892E+1	4.0573E+1	4.0337E+1	4.0167E+1	4.0019E+1	3.9895E+1	3.9794E+1	3.9715E+1	3.9669E+1
2.7178E+2	1.9852E+2	1.6627E+2	1.3574E+2	1.0573E+2	9.8336E+1	9.0688E+1	8.2546E+1	7.5514E+1	6.9775E+1	6.3337E+1	5.9221E+1	5.7050E+1	5.4039E+1	5.2959E+1	5.1348E+1	4.9690E+1	4.8075E+1	4.6873E+1	4.5679E+1	4.4547E+1	4.3552E+1	4.2789E+1	4.2200E+1	4.1624E+1	4.1206E+1	4.0911E+1	4.0579E+1	4.0362E+1	4.0159E+1	4.0005E+1	3.9886E+1	3.9804E+1	3.9715E+1	3.9648E+1
2.7297E+2	2.0122E+2	1.6824E+2	1.3760E+2	1.0763E+2	9.9545E+1	9.0159E+1	8.3248E+1	7.6557E+1	6.9750E+1	6.4108E+1	5.9321E+1	5.7161E+1	5.4040E+1	5.2987E+1	5.1419E+1	4.9635E+1	4.8081E+1	4.6876E+1	4.5664E+1	4.4551E+1	4.3623E+1	4.2758E+1	4.2150E+1	4.1626E+1	4.1195E+1	4.0869E+1	4.0554E+1	4.0341E+1	4.0142E+1	4.0008E+1	3.9881E+1	3.9789E+1	3.9719E+1	3.9649E+1
2.7434E+2	2.0493E+2	1.7049E+2	1.3835E+2	1.0896E+2	1.0046E+2	9.1833E+1	8.3185E+1	7.6611E+1	7.0002E+1	6.3791E+1	5.9507E+1	5.7252E+1	5.4097E+1	5.3082E+1	5.1368E+1	4.9619E+1	4.8158E+1	4.6833E+1	4.5694E+1	4.4470E+1	4.3583E+1	4.2770E+1	4.2191E+1	4.1584E+1	4.1198E+1	4.0862E+1	4.0534E+1	4.0341E+1	4.0130E+1	3.9988E+1	3.9872E+1	3.9792E+1	3.9709E+1	3.9643E+1
2.7478E+2	2.0775E+2	1.7340E+2	1.3834E+2	1.0875E+2	1.0017E+2	9.1352E+1	8.4222E+1	7.6383E+1	7.0102E+1	6.4064E+1	5.9680E+1	5.7245E+1	5.4196E+1	5.3162E+1	5.1457E+1	4.9630E+1	4.8168E+1	4.6925E+1	4.5676E+1	4.4535E+1	4.3546E+1	4.2773E+1	4.2151E+1	4.1579E+1	4.1160E+1	4.0834E+1	4.0550E+1	4.0318E+1	4.0144E+1	3.9986E+1	3.9865E+1	3.9754E+1	3.9682E+1	3.9649E+1
2.7541E+2	2.1083E+2	1.7602E+2	1.3921E+2	1.0953E+2	1.0203E+2	9.2736E+1	8.3805E+1	7.6777E+1	7.0310E+1	6.4350E+1	5.9723E+1	5.7267E+1	5.4311E+1	5.3147E+1	5.1423E+1	4.9662E+1	4.8142E+1	4.6851E+1	4.5642E+1	4.4488E+1	4.3592E+1	4.2743E+1	4.2135E+1	4.1556E+1	4.1190E+1	4.0845E+1	4.0543E+1	4.0311E+1	4.0142E+1	3.9979E+1	3.9853E+1	3.9760E+1	3.9688E+1	3.9638E+1
2.7639E+2	2.1192E+2	1.7798E+2	1.4101E+2	1.1149E+2	1.0194E+2	9.2606E+1	8.4321E+1	7.7536E+1	7.0858E+1	6.4192E+1	5.9816E+1	5.7321E+1	5.4193E+1	5.3141E+1	5.1385E+1	4.9632E+1	4.8045E+1	4.6905E+1	4.5671E+1	4.4490E+1	4.3547E+1	4.2733E+1	4.2132E+1	4.1575E+1	4.1166E+1	4.0837E+1	4.0541E+1	4.0311E+1	4.0127E+1	3.9954E+1	3.9844E+1	3.9743E+1	3.9667E+1	3.9590E+1
2.7773E+2	2.1282E+2	1.7905E+2	1.4386E+2	1.1152E+2	1.0288E+2	9.3844E+1	8.4923E+1	7.7597E+1	7.0936E+1	6.4447E+1	5.9757E+1	5.7440E+1	5.4238E+1	5.3128E+1	5.1452E+1	4.9653E+1	4.8070E+1	4.6848E+1	4.5697E+1	4.4506E+1	4.3575E+1	4.2732E+1	4.2115E+1	4.1570E+1	4.1146E+1	4.0806E+1	4.0512E+1	4.0297E+1	4.0108E+1	3.9955E+1	3.9857E+1	3.9749E+1	3.9657E+1	3.9600E+1
2.7856E+2	2.1350E+2	1.7928E+2	1.4448E+2	1.1193E+2	1.0369E+2	9.3553E+1	8.5087E+1	7.7614E+1	7.1058E+1	6.4562E+1	5.9828E+1	5.7423E+1	5.4238E+1	5.3247E+1	5.1421E+1	4.9665E+1	4.8137E+1	4.6815E+1	4.5633E+1	4.4486E+1	4.3577E+1	4.2732E+1	4.2114E+1	4.1555E+1	4.1145E+1	4.0830E+1	4.0486E+1	4.0281E+1	4.0080E+1	3.9936E+1	3.9825E+1	3.9733E+1	3.9636E+1	3.9583E+1
2.8017E+2	2.1432E+2	1.7906E+2	1.4473E+2	1.1344E+2	1.0296E+2	9.5000E+1	8.5685E+1	7.8212E+1	7.1002E+1	6.4796E+1	5.9814E+1	5.7503E+1	5.4212E+1	5.3203E+1	5.1454E+1	4.9616E+1	4.8073E+1	4.6850E+1	4.5648E+1	4.4500E+1	4.3570E+1	4.2711E+1	4.2136E+1	4.1574E+1	4.1141E+1	4.0794E+1	4.0496E+1	4.0274E+1	4.0067E+1	3.9927E+1	3.9805E+1	3.9712E+1	3.9642E+1	3.9574E+1
2.8155E+2	2.1463E+2	1.8003E+2	1.4470E+2	1.1275E+2	1.0483E+2	9.4025E+1	8.5575E+1	7.7852E+1	7.1204E+1	6.4666E+1	5.9837E+1	5.7482E+1	5.4308E+1	5.3156E+1	5.1435E+1	4.9593E+1	4.8066E+1	4.6783E+1	4.5662E+1	4.4495E+1	4.3544E+1	4.2724E+1	4.2091E+1	4.1528E+1	4.1138E+1	4.0806E+1	4.0479E+1	4.0266E+1	4.0068E+1	3.9935E+1	3.9801E+1	3.9726E+1	3.9611E+1	3.9549E+1
2.8455E+2	2.1612E+2	1.8238E+2	1.4629E+2	1.1374E+2	1.0478E+2	9.5346E+1	8.5608E+1	7.8195E+1	7.1165E+1	6.4661E+1	5.9887E+1	5.7525E+1	5.4248E+1	5.3191E+1	5.1440E+1	4.9707E+1	4.8075E+1	4.6799E+1	4.5646E+1	4.4472E+1	4.3488E+1	4.2731E+1	4.2113E+1	4.1547E+1	4.1101E+1	4.0778E+1	4.0473E+1	4.0254E+1	4.0079E+1	3.9902E+1	3.9781E+1	3.9692E+1	3.9597E+1	3.9549E+1
2.8674E+2	2.1778E+2	1.8411E+2	1.4848E+2	1.1514E+2	1.0531E+2	9.5103E+1	8.6291E+1	7.8646E+1	7.1450E+1	6.5129E+1	6.0020E+1	5.7566E+1	5.4275E+1	5.3240E+1	5.1426E+1	4.9690E+1	4.8081E+1	4.6780E+1	4.5617E+1	4.4468E+1	4.3521E+1	4.2687E+1	4.2055E+1	4.1531E+1	4.1088E+1	4.0762E+1	4.0450E+1	4.0224E+1	4.0037E+1	3.9910E+1	3.9773E+1	3.9675E+1	3.9612E+1	3.9523E+1
2.9093E+2	2.1957E+2	1.8655E+2	1.4993E+2	1.1501E+2	1.0656E+2	9.5915E+1	8.6384E+1	7.8890E+1	7.1410E+1	6.4750E+1	5.9959E+1	5.7591E+1	5.4298E+1	5.3176E+1	5.1382E+1	4.9579E+1	4.8057E+1	4.6791E+1	4.5594E+1	4.4447E+1	4.3508E+1	4.2685E+1	4.2045E+1	4.1500E+1	4.1075E+1	4.0772E+1	4.0456E+1	4.0214E+1	4.0038E+1	3.9887E+1	3.9754E+1	3.9656E+1	3.9602E+1	3.9530E+1
2.9214E+2	2.2206E+2	1.8865E+2	1.4993E+2	1.1514E+2	1.0577E+2	9.5716E+1	8.6477E+1	7.8730E+1	7.1683E+1	6.5034E+1	5.9990E+1	5.7538E+1	5.4311E+1	5.3131E+1	5.1363E+1	4.9561E+1	4.8002E+1	4.6728E+1	4.5611E+1	4.4436E+1	4.3480E+1	4.2663E+1	4.2056E+1	4.1504E+1	4.1090E+1	4.0768E+1	4.0458E+1	4.0225E+1	4.0014E+1	3.9874E+1	3.9761E+1	3.9661E+1	3.9567E+1	3.9505E+1
2.9533E+2	2.2459E+2	1.8989E+2	1.4969E+2	1.1681E+2	1.0674E+2	9.6616E+1	8.7208E+1	7.8770E+1	7.1919E+1	6.4930E+1	5.9964E+1	5.7515E+1	5.4282E+1	5.3090E+1	5.1355E+1	4.9573E+1	4.8035E+1	4.6737E+1	4.5562E+1	4.4415E+1	4.3476E+1	4.2666E+1	4.2042E+1	4.1484E+1	4.1067E+1	4.0750E+1	4.0413E+1	4.0205E+1	4.0035E+1	3.9859E+1	3.9730E+1	3.9647E+1	3.9562E+1	3.9512E+1
2.9835E+2	2.2689E+2	1.9015E+2	1.5062E+2	1.1680E+2	1.0724E+2	9.6240E+1	8.6818E+1	7.9105E+1	7.1835E+1	6.4867E+1	5.9957E+1	5.7477E+1	5.4282E+1	5.3097E+1	5.1332E+1	4.9531E+1	4.8026E+1	4.6730E+1	4.5543E+1	4.4400E+1	4.3471E+1	4.2649E+1	4.2020E+1	4.1471E+1	4.1058E+1	4.0732E+1	4.0418E+1	4.0174E+1	4.0001E+1	3.9831E+1	3.9724E+1	3.9647E+1	3.9556E+1	3.9508E+1
3.0088E+2	2.2868E+2	1.9030E+2	1.5248E+2	1.1682E+2	1.0689E+2	9.7054E+1	8.7267E+1	7.9487E+1	7.2028E+1	6.5114E+1	5.9954E+1	5.7483E+1	5.4235E+1	5.3081E+1	5.1328E+1	4.9504E+1	4.7977E+1	4.6684E+1	4.5542E+1	4.4397E+1	4.3456E+1	4.2636E+1	4.2012E+1	4.1454E+1	4.1027E+1	4.0713E+1	4.0412E+1	4.0192E+1	3.9966E+1	3.9843E+1	3.9695E+1	3.9617E+1	3.9536E+1	3.9486E+1
3.0325E+2	2.3000E+2	1.9062E+2	1.5398E+2	1.1826E+2	1.0813E+2	9.6846E+1	8.7583E+1	7.9528E+1	7.2051E+1	6.4826E+1	5.9958E+1	5.7537E+1	5.4210E+1	5.3101E+1	5.1323E+1	4.9502E+1	4.7980E+1	4.6697E+1	4.5528E+1	4.4379E+1	4.3449E+1	4.2635E+1	4.2014E+1	4.1447E+1	4.1018E+1	4.0712E+1	4.0386E+1	4.0148E+1	3.9961E+1	3.9801E+1	3.9710E+1	3.9616E+1	3.9529E+1	3.9463E+1
3.0490E+2	2.3096E+2	1.9170E+2	1.5436E+2	1.1834E+2	1.0775E+2	9.7540E+1	8.7367E+1	7.9290E+1	7.2199E+1	6.5116E+1	6.0009E+1	5.7461E+1	5.4219E+1	5.3037E+1	5.1329E+1	4.9502E+1	4.7964E+1	4.6669E+1	4.5515E+1	4.4359E+1	4.3427E+1	4.2610E+1	4.1986E+1	4.1435E+1	4.1001E+1	4.0702E+1	4.0381E+1	4.0136E+1	3.9951E+1	3.9816E+1	3.9698E+1	3.9574E+1	3.9525E+1	3.9435E+1
3.0523E+2	2.3122E+2	1.9392E+2	1.5432E+2	1.1838E+2	1.0852E+2	9.7536E+1	8.7795E+1	7.9529E+1	7.2150E+1	6.5003E+1	6.0028E+1	5.7486E+1	5.4199E+1	5.3062E+1	5.1265E+1	4.9518E+1	4.7954E+1	4.6657E+1	4.5502E+1	4.4368E+1	4.3416E+1	4.2606E+1	4.1982E+1	4.1408E+1	4.1002E+1	4.0691E+1	4.0350E+1	4.0151E+1	3.9963E+1	3.9790E+1	3.9675E+1	3.9564E+1	3.9504E+1	3.9450E+1
3.0805E+2	2.3186E+2	1.9532E+2	1.5440E+2	1.1944E+2	1.0897E+2	9.7891E+1	8.7751E+1	7.9640E+1	7.2273E+1	6.4951E+1	6.0008E+1	5.7493E+1	5.4187E+1	5.3019E+1	5.1280E+1	4.9500E+1	4.7914E+1	4.6659E+1	4.5481E+1	4.4349E+1	4.3416E+1	4.2578E+1	4.1966E+1	4.1401E+1	4.0998E+1	4.0670E+1	4.0349E+1	4.0134E+1	3.9939E+1	3.9780E+1	3.9663E+1	3.9576E+1	3.9512E+1	3.9443E+1
3.0954E+2	2.3216E+2	1.9746E+2	1.5603E+2	1.1954E+2	1.0861E+2	9.7967E+1	8.7932E+1	8.0002E+1	7.2445E+1	6.5193E+1	5.9967E+1	5.7457E+1	5.4186E+1	5.3017E+1	5.1231E+1	4.9466E+1	4.7929E+1	4.6629E+1	4.5445E+1	4.4334E+1	4.3392E+1	4.2578E+1	4.1971E+1	4.1394E+1	4.0968E+1	4.0658E+1	4.0348E+1	4.0111E+1	3.9914E+1	3.9776E+1	3.9659E+1	3.9566E+1	3.9501E+1	3.9465E+1
3.1013E+2	2.3305E+2	1.9868E+2	1.5766E+2	1.1934E+2	1.0975E+2	9.8363E+1	8.8406E+1	7.9905E+1	7.2531E+1	6.4892E+1	5.9942E+1	5.7459E+1	5.4150E+1	5.2987E+1	5.1200E+1	4.9457E+1	4.7905E+1	4.6635E+1	4.5459E+1	4.4328E+1	4.3370E+1	4.2574E+1	4.1951E+1	4.1378E+1	4.0968E+1	4.0638E+1	4.0330E+1	4.0094E+1	3.9897E+1	3.9762E+1	3.9627E+1	3.9540E+1	3.9472E+1	3.9414E+1
3.1050E+2	2.3438E+2	1.9905E+2	1.5833E+2	1.2061E+2	1.0945E+2	9.8146E+1	8.8044E+1	7.9767E+1	7.2433E+1	6.5138E+1	5.9926E+1	5.7421E+1	5.4107E+1	5.2996E+1	5.1206E+1	4.9414E+1	4.7867E+1	4.6587E+1	4.5417E+1	4.4296E+1	4.3361E+1	4.2537E+1	4.1921E+1	4.1371E+1	4.0952E+1	4.0636E+1	4.0302E+1	4.0064E+1	3.9894E+1	3.9767E+1	3.9625E+1	3.9524E+1	3.9475E+1	3.9382E+1
3.1106E+2	2.3627E+2	1.9914E+2	1.5806E+2	1.2085E+2	1.0977E+2	9.8680E+1	8.8433E+1	7.9692E+1	7.2521E+1	6.5023E+1	5.9911E+1	5.7385E+1	5.4113E+1	5.2944E+1	5.1164E+1	4.9404E+1	4.7852E+1	4.6584E+1	4.5434E+1	4.4294E+1	4.3360E+1	4.2531E+1	4.1913E+1	4.1372E+1	4.0932E+1	4.0617E+1	4.0282E+1	4.0042E+1	3.9882E+1	3.9736E+1	3.9603E+1	3.9511E+1	3.9429E+1	3.9380E+1
3.1165E+2	2.3876E+2	1.9907E+2	1.5771E+2	1.2025E+2	1.1062E+2	9.8837E+1	8.8615E+1	7.9963E+1	7.2239E+1	6.5094E+1	5.9912E+1	5.7362E+1	5.4065E+1	5.2926E+1	5.1163E+1	4.9375E+1	4.7835E+1	4.6603E+1	4.5414E+1	4.4289E+1	4.3343E+1	4.2522E+1	4.1902E+1	4.1359E+1	4.0932E+1	4.0617E+1	4.0299E+1	4.0070E+1	3.9872E+1	3.9720E+1	3.9599E+1	3.9492E+1	3.9418E+1	3.9379E+1
3.1245E+2	2.4056E+2	1.9951E+2	1.5886E+2	1.2143E+2	1.0992E+2	9.9076E+1	8.8233E+1	8.0248E+1	7.2388E+1	6.5102E+1	5.9942E+1	5.7410E+1	5.4066E+1	5.2947E+1	5.1162E+1	4.9356E+1	4.7820E+1	4.6572E+1	4.5404E+1	4.4274E+1	4.3310E+1	4.2500E+1	4.1891E+1	4.1312E+1	4.0908E+1	4.0580E+1	4.0289E+1	4.0043E+1	3.9865E+1	3.9683E+1	3.9562E+1	3.9497E+1	3.9408E+1	3.9333E+1
3.1400E+2	2.4254E+2	2.0139E+2	1.6066E+2	1.2189E+2	1.1099E+2	9.9118E+1	8.8909E+1	8.0263E+1	7.2315E+1	6.4968E+1	5.9919E+1	5.7361E+1	5.4015E+1	5.2875E+1	5.1138E+1	4.9354E+1	4.7808E+1	4.6539E+1	4.5373E+1	4.4261E+1	4.3327E+1	4.2493E+1	4.1873E+1	4.1327E+1	4.0889E+1	4.0592E+1	4.0275E+1	4.0027E+1	3.9857E+1	3.9703E+1	3.9558E+1	3.9450E+1	3.9408E+1	3.9358E+1
3.1472E+2	2.4456E+2	2.0274E+2	1.6179E+2	1.2142E+2	1.1089E+2	9.9196E+1	8.8796E+1	7.9815E+1	7.2381E+1	6.5198E+1	5.9864E+1	5.7338E+1	5.4021E+1	5.2848E+1	5.1134E+1	4.9321E+1	4.7782E+1	4.6561E+1	4.5371E+1	4.4244E+1	4.3296E+1	4.2479E+1	4.1861E+1	4.1305E+1	4.0890E+1	4.0536E+1	4.0237E+1	4.0005E+1	3.9806E+1	3.9668E+1	3.9562E+1	3.9454E+1	3.9379E+1	3.9332E+1
3.1664E+2	2.4540E+2	2.0487E+2	1.6172E+2	1.2222E+2	1.1079E+2	9.9442E+1	8.8722E+1	8.0125E+1	7.2263E+1	6.4939E+1	5.9811E+1	5.7310E+1	5.4010E+1	5.2824E+1	5.1086E+1	4.9312E+1	4.7783E+1	4.6525E+1	4.5359E+1	4.4212E+1	4.3295E+1	4.2445E+1	4.1860E+1	4.1314E+1	4.0872E+1	4.0555E+1	4.0229E+1	4.0001E+1	3.9793E+1	3.9669E+1	3.9558E+1	3.9422E+1	3.9365E+1	3.9313E+1
3.1954E+2	2.4545E+2	2.0590E+2	1.6129E+2	1.2277E+2	1.1165E+2	9.9497E+1	8.9171E+1	8.0181E+1	7.2344E+1	6.5065E+1	5.9794E+1	5.7271E+1	5.3988E+1	5.2827E+1	5.1079E+1	4.9297E+1	4.7755E+1	4.6512E+1	4.5341E+1	4.4206E+1	4.3268E+1	4.2460E+1	4.1858E+1	4.1279E+1	4.0845E+1	4.0536E+1	4.0208E+1	3.9985E+1	3.9788E+1	3.9661E+1	3.9533E+1	3.9432E+1	3.9366E+1	3.9308E+1
3.2044E+2	2.4572E+2	2.0714E+2	1.6162E+2	1.2218E+2	1.1107E+2	9.9686E+1	8.8799E+1	8.0500E+1	7.2116E+1	6.5047E+1	5.9768E+1	5.7295E+1	5.3960E+1	5.2814E+1	5.1027E+1	4.9288E+1	4.7752E+1	4.6478E+1	4.5335E+1	4.4189E+1	4.3259E+1	4.2445E+1	4.1850E+1	4.1267E+1	4.0837E+1	4.0528E+1	4.0203E+1	3.9977E+1	3.9803E+1	3.9634E+1	3.9515E+1	3.9411E+1	3.9363E+1	3.9311E+1
3.2307E+2	2.4605E+2	2.0713E+2	1.6303E+2	1.2297E+2	1.1181E+2	9.9706E+1	8.9156E+1	8.0222E+1	7.2179E+1	6.4900E+1	5.9743E+1	5.7298E+1	5.3930E+1	5.2759E+1	5.1008E+1	4.9259E+1	4.7734E+1	4.6458E+1	4.5308E+1	4.4180E+1	4.3238E+1	4.2431E+1	4.1801E+1	4.1235E+1	4.0816E+1	4.0511E+1	4.0228E+1	3.9955E+1	3.9777E+1	3.9620E+1	3.9503E+1	3.9421E+1	3.9311E+1	3.9305E+1
3.2573E+2	2.4627E+2	2.0676E+2	1.6460E+2	1.2372E+2	1.1211E+2	1.0004E+2	8.9415E+1	8.0132E+1	7.2206E+1	6.5121E+1	5.9769E+1	5.7229E+1	5.3883E+1	5.2736E+1	5.1003E+1	4.9253E+1	4.7722E+1	4.6465E+1	4.5295E+1	4.4134E+1	4.3238E+1	4.2421E+1	4.1809E+1	4.1231E+1	4.0815E+1	4.0503E+1	4.0171E+1	3.9950E+1	3.9751E+1	3.9621E+1	3.9490E+1	3.9395E+1	3.9337E+1	3.9249E+1
3.2795E+2	2.4727E+2	2.0695E+2	1.6455E+2	1.2317E+2	1.1182E+2	9.9943E+1	8.9016E+1	8.0201E+1	7.2128E+1	6.4771E+1	5.9770E+1	5.7203E+1	5.3867E+1	5.2719E+1	5.0953E+1	4.9204E+1	4.7704E+1	4.6426E+1	4.5269E+1	4.4154E+1	4.3233E+1	4.2392E+1	4.1785E+1	4.1233E+1	4.0800E+1	4.0467E+1	4.0167E+1	3.9957E+1	3.9746E+1	3.9587E+1	3.9466E+1	3.9378E+1	3.9303E+1	3.9235E+1
3.2993E+2	2.4873E+2	2.0762E+2	1.6429E+2	1.2360E+2	1.1256E+2	1.0023E+2	8.9465E+1	8.0356E+1	7.2175E+1	6.4956E+1	5.9700E+1	5.7161E+1	5.3831E+1	5.2723E+1	5.0955E+1	4.9204E+1	4.7671E+1	4.6420E+1	4.5260E+1	4.4138E+1	4.3210E+1	4.2410E+1	4.1782E+1	4.1203E+1	4.0786E+1	4.0448E+1	4.0167E+1	3.9928E+1	3.9713E+1	3.9591E+1	3.9457E+1	3.9371E+1	3.9303E+1	3.9252E+1
3.3251E+2	2.4979E+2	2.0917E+2	1.6411E+2	1.2440E+2	1.1213E+2	1.0004E+2	8.9271E+1	8.0620E+1	7.2125E+1	6.4909E+1	5.9662E+1	5.7150E+1	5.3821E+1	5.2684E+1	5.0973E+1	4.9178E+1	4.7635E+1	4.6393E+1	4.5242E+1	4.4135E+1	4.3197E+1	4.2393E+1	4.1779E+1	4.1200E+1	4.0764E+1	4.0457E+1	4.0129E+1	3.9899E+1	3.9709E+1	3.9566E+1	3.9440E+1	3.9345E+1	3.9283E+1	3.9217E+1
3.3331E+2	2.5207E+2	2.1088E+2	1.6533E+2	1.2397E+2	1.1253E+2	1.0023E+2	8.9319E+1	8.0451E+1	7.2235E+1	6.4772E+1	5.9650E+1	5.7148E+1	5.3817E+1	5.2627E+1	5.0928E+1	4.9143E+1	4.7646E+1	4.6384E+1	4.5250E+1	4.4100E+1	4.3176E+1	4.2369E+1	4.1764E+1	4.1195E+1	4.0757E+1	4.0462E+1	4.0118E+1	3.9881E+1	3.9692E+1	3.9546E+1	3.9414E+1	3.9365E+1	3.9263E+1	3.9207E+1
3.3272E+2	2.5297E+2	2.1134E+2	1.6603E+2	1.2437E+2	1.1266E+2	1.0045E+2	8.9319E+1	8.0352E+1	7.2274E+1	6.4726E+1	5.9622E+1	5.7080E+1	5.3778E+1	5.2640E+1	5.0889E+1	4.9163E+1	4.7613E+1	4.6352E+1	4.5227E+1	4.4101E+1	4.3173E+1	4.2340E+1	4.1744E+1	4.1171E+1	4.0746E+1	4.0396E+1	4.0104E+1	3.9875E+1	3.9693E+1	3.9529E+1	3.9425E+1	3.9318E+1	3.9259E+1	3.9200E+1
3.3734E+2	2.5542E+2	2.1353E+2	1.6712E+2	1.2505E+2	1.1221E+2	1.0067E+2	8.9124E+1	8.0150E+1	7.2081E+1	6.4649E+1	5.9579E+1	5.7040E+1	5.3766E+1	5.2637E+1	5.0888E+1	4.9114E+1	4.7576E+1	4.6353E+1	4.5187E+1	4.4113E+1	4.3140E+1	4.2339E+1	4.1721E+1	4.1165E+1	4.0728E+1	4.0416E+1	4.0092E+1	3.9866E+1	3.9674E+1	3.9525E+1	3.9397E+1	3.9301E+1	3.9222E+1	3.9179E+1
3.3783E+2	2.5642E+2	2.1339E+2	1.6680E+2	1.2449E+2	1.1328E+2	1.0018E+2	8.9407E+1	8.0459E+1	7.2034E+1	6.4798E+1	5.9573E+1	5.7016E+1	5.3748E+1	5.2587E+1	5.0822E+1	4.9088E+1	4.7598E+1	4.6336E+1	4.5199E+1	4.4076E+1	4.3130E+1	4.2292E+1	4.1713E+1	4.1152E+1	4.0713E+1	4.0406E+1	4.0099E+1	3.9845E+1	3.9646E+1	3.9516E+1	3.9390E+1	3.9289E+1	3.9212E+1	3.9185E+1
3.3832E+2	2.5717E+2	2.1310E+2	1.6645E+2	1.2460E+2	1.1283E+2	1.0070E+2	8.9673E+1	8.0491E+1	7.2204E+1	6.4815E+1	5.9587E+1	5.7027E+1	5.3675E+1	5.2545E+1	5.0805E+1	4.9078E+1	4.7572E+1	4.6313E+1	4.5176E+1	4.4061E+1	4.3134E+1	4.2329E+1	4.1683E+1	4.1148E+1	4.0701E+1	4.0369E+1	4.0060E+1	3.9842E+1	3.9653E+1	3.9500E+1	3.9400E+1	3.9285E+1	3.9202E+1	3.9171E+1
3.3928E+2	2.5774E+2	2.1314E+2	1.6679E+2	1.2547E+2	1.1300E+2	1.0032E+2	8.9074E+1	8.0247E+1	7.2105E+1	6.4666E+1	5.9515E+1	5.7004E+1	5.3651E+1	5.2512E+1	5.0791E+1	4.9064E+1	4.7532E+1	4.6294E+1	4.5145E+1	4.4035E+1	4.3092E+1	4.2291E+1	4.1693E+1	4.1118E+1	4.0713E+1	4.0368E+1	4.0053E+1	3.9820E+1	3.9630E+1	3.9500E+1	3.9354E+1	3.9270E+1	3.9206E+1	3.9151E+1
3.3998E+2	2.5746E+2	2.1352E+2	1.6828E+2	1.2520E+2	1.1339E+2	1.0089E+2	8.9694E+1	8.0112E+1	7.2227E+1	6.4789E+1	5.9475E+1	5.6968E+1	5.3626E+1	5.2515E+1	5.0770E+1	4.9051E+1	4.7512E+1	4.6270E+1	4.5139E+1	4.4028E+1	4.3085E+1	4.2289E+1	4.1699E+1	4.1082E+1	4.0688E+1	4.0352E+1	4.0023E+1	3.9797E+1	3.9634E+1	3.9490E+1	3.9348E+1	3.9270E+1	3.9191E+1	3.9132E+1
3.3997E+2	2.5747E+2	2.1418E+2	1.6944E+2	1.2494E+2	1.1297E+2	1.0031E+2	8.9451E+1	8.0106E+1	7.2186E+1	6.4580E+1	5.9449E+1	5.6914E+1	5.3626E+1	5.2498E+1	5.0783E+1	4.9026E+1	4.7499E+1	4.6264E+1	4.5117E+1	4.4007E+1	4.3081E+1	4.2254E+1	4.1665E+1	4.1080E+1	4.0675E+1	4.0339E+1	4.0027E+1	3.9803E+1	3.9595E+1	3.9458E+1	3.9351E+1	3.9225E+1	3.9171E+1	3.9124E+1
3.4068E+2	2.5773E+2	2.1593E+2	1.6913E+2	1.2581E+2	1.1368E+2	1.0095E+2	8.9232E+1	8.0311E+1	7.2161E+1	6.4699E+1	5.9384E+1	5.6860E+1	5.3621E+1	5.2465E+1	5.0755E+1	4.8987E+1	4.7485E+1	4.6263E+1	4.5104E+1	4.3982E+1	4.3062E+1	4.2264E+1	4.1659E+1	4.1083E+1	4.0636E+1	4.0334E+1	4.0017E+1	3.9786E+1	3.9590E+1	3.9446E+1	3.9326E+1	3.9238E+1	3.9135E+1	3.9084E+1
3.4119E+2	2.5860E+2	2.1756E+2	1.6848E+2	1.2563E+2	1.1338E+2	1.0065E+2	8.9666E+1	8.0407E+1	7.2185E+1	6.4535E+1	5.9363E+1	5.6855E+1	5.3590E+1	5.2435E+1	5.0730E+1	4.8982E+1	4.7438E+1	4.6223E+1	4.5094E+1	4.3969E+1	4.3051E+1	4.2248E+1	4.1626E+1	4.1054E+1	4.0628E+1	4.0321E+1	4.0027E+1	3.9792E+1	3.9577E+1	3.9441E+1	3.9307E+1	3.9231E+1	3.9165E+1	3.9055E+1
3.4272E+2	2.6012E+2	2.1808E+2	1.6877E+2	1.2544E+2	1.1337E+2	1.0084E+2	8.9300E+1	8.0259E+1	7.2125E+1	6.4472E+1	5.9332E+1	5.6862E+1	5.3577E+1	5.2401E+1	5.0717E+1	4.8980E+1	4.7462E+1	4.6231E+1	4.5077E+1	4.3968E+1	4.3051E+1	4.2217E+1	4.1615E+1	4.1032E+1	4.0598E+1	4.0307E+1	3.9981E+1	3.9746E+1	3.9556E+1	3.9411E+1	3.9290E+1	3.9194E+1	3.9136E+1	3.9098E+1
3.4309E+2	2.6145E+2	2.1904E+2	1.6967E+2	1.2635E+2	1.1398E+2	1.0040E+2	8.9369E+1	8.0032E+1	7.2218E+1	6.4651E+1	5.9340E+1	5.6809E+1	5.3539E+1	5.2395E+1	5.0686E+1	4.8942E+1	4.7437E+1	4.6196E+1	4.5086E+1	4.3963E+1	4.3025E+1	4.2219E+1	4.1606E+1	4.1049E+1	4.0602E+1	4.0304E+1	3.9969E+1	3.9746E+1	3.9545E+1	3.9393E+1	3.9297E+1	3.9194E+1	3.9120E+1	3.9077E+1
3.4508E+2	2.6313E+2	2.1864E+2	1.7096E+2	1.2613E+2	1.1331E+2	1.0114E+2	8.9654E+1	8.0119E+1	7.2146E+1	6.4417E+1	5.9298E+1	5.6762E+1	5.3510E+1	5.2384E+1	5.0653E+1	4.8932E+1	4.7430E+1	4.6192E+1	4.5089E+1	4.3951E+1	4.3041E+1	4.2194E+1	4.1589E+1	4.1038E+1	4.0602E+1	4.0285E+1	3.9981E+1	3.9729E+1	3.9551E+1	3.9389E+1	3.9250E+1	3.9187E+1	3.9088E+1	3.9043E+1
3.4678E+2	2.6477E+2	2.1845E+2	1.7125E+2	1.2555E+2	1.1399E+2	1.0065E+2	8.9171E+1	8.0367E+1	7.2292E+1	6.4629E+1	5.9275E+1	5.6755E+1	5.3458E+1	5.2323E+1	5.0628E+1	4.8902E+1	4.7395E+1	4.6185E+1	4.5033E+1	4.3940E+1	4.3002E+1	4.2200E+1	4.1577E+1	4.1018E+1	4.0577E+1	4.0266E+1	3.9954E+1	3.9713E+1	3.9530E+1	3.9382E+1	3.9258E+1	3.9161E+1	3.9075E+1	3.8982E+1
3.4853E+2	2.6634E+2	2.1836E+2	1.7052E+2	1.2660E+2	1.1403E+2	1.0120E+2	8.9658E+1	8.0360E+1	7.2134E+1	6.4446E+1	5.9188E+1	5.6733E+1	5.3438E+1	5.2298E+1	5.0607E+1	4.8891E+1	4.7391E+1	4.6176E+1	4.5040E+1	4.3932E+1	4.3006E+1	4.2172E+1	4.1576E+1	4.0995E+1	4.0575E+1	4.0256E+1	3.9934E+1	3.9714E+1	3.9503E+1	3.9369E+1	3.9262E+1	3.9174E+1	3.9043E+1	3.9000E+1
3.5067E+2	2.6727E+2	2.1930E+2	1.7057E+2	1.2651E+2	1.1364E+2	1.0062E+2	8.9471E+1	8.0126E+1	7.2104E+1	6.4284E+1	5.9185E+1	5.6722E+1	5.3440E+1	5.2314E+1	5.0599E+1	4.8867E+1	4.7374E+1	4.6163E+1	4.5037E+1	4.3896E+1	4.2968E+1	4.2175E+1	4.1567E+1	4.0996E+1	4.0572E+1	4.0233E+1	3.9923E+1	3.9687E+1	3.9499E+1	3.9360E+1	3.9225E+1	3.9141E+1	3.9096E+1	3.9019E+1
3.5340E+2	2.6774E+2	2.2038E+2	1.7126E+2	1.2594E+2	1.1427E+2	1.0118E+2	8.9244E+1	8.0031E+1	7.2056E+1	6.4461E+1	5.9154E+1	5.6700E+1	5.3425E+1	5.2320E+1	5.0601E+1	4.8856E+1	4.7361E+1	4.6153E+1	4.5020E+1	4.3886E+1	4.2968E+1	4.2158E+1	4.1551E+1	4.0983E+1	4.0544E+1	4.0223E+1	3.9907E+1	3.9678E+1	3.9501E+1	3.9333E+1	3.9230E+1	3.9136E+1	3.9052E+1	3.9001E+1
3.5500E+2	2.6751E+2	2.2182E+2	1.7194E+2	1.2669E+2	1.1382E+2	1.0085E+2	8.9521E+1	7.9992E+1	7.1982E+1	6.4249E+1	5.9152E+1	5.6625E+1	5.3406E+1	5.2262E+1	5.0586E+1	4.8871E+1	4.7351E+1	4.6129E+1	4.4996E+1	4.3880E+1	4.2960E+1	4.2138E+1	4.1531E+1	4.0988E+1	4.0545E+1	4.0199E+1	3.9895E+1	3.9648E+1	3.9480E+1	3.9319E+1	3.9213E+1	3.9105E+1	3.9054E+1	3.8983E+1
3.5688E+2	2.6796E+2	2.2280E+2	1.7271E+2	1.2679E+2	1.1408E+2	1.0116E+2	8.9297E+1	8.0151E+1	7.1969E+1	6.4375E+1	5.9136E+1	5.6629E+1	5.3390E+1	5.2249E+1	5.0543E+1	4.8847E+1	4.7340E+1	4.6133E+1	4.4980E+1	4.3873E+1	4.2935E+1	4.2126E+1	4.1520E+1	4.0961E+1	4.0530E+1	4.0190E+1	3.9884E+1	3.9666E+1	3.9461E+1	3.9324E+1	3.9191E+1	3.9115E+1	3.9041E+1	3.8951E+1
3.5863E+2	2.6780E+2	2.2358E+2	1.7241E+2	1.2623E+2	1.1424E+2	1.0065E+2	8.9384E+1	8.0183E+1	7.1910E+1	6.4230E+1	5.9136E+1	5.6618E+1	5.3346E+1	5.2233E+1	5.0531E+1	4.8792E+1	4.7337E+1	4.6111E+1	4.4970E+1	4.3865E+1	4.2930E+1	4.2101E+1	4.1496E+1	4.0943E+1	4.0515E+1	4.0169E+1	3.9876E+1	3.9623E+1	3.9429E+1	3.9308E+1	3.9179E+1	3.9083E+1	3.9043E+1	3.8970E+1
3.6037E+2	2.6778E+2	2.2363E+2	1.7202E+2	1.2685E+2	1.1363E+2	1.0129E+2	8.9607E+1	7.9900E+1	7.1793E+1	6.4251E+1	5.9097E+1	5.6603E+1	5.3340E+1	5.2203E+1	5.0529E+1	4.8810E+1	4.7301E+1	4.6093E+1	4.4951E+1	4.3845E+1	4.2930E+1	4.2091E+1	4.1483E+1	4.0922E+1	4.0488E+1	4.0166E+1	3.9856E+1	3.9621E+1	3.9434E+1	3.9282E+1	3.9193E+1	3.9085E+1	3.9017E+1	3.8958E+1
3.6205E+2	2.6841E+2	2.2323E+2	1.7191E+2	1.2736E+2	1.1451E+2	1.0058E+2	8.9112E+1	7.9652E+1	7.1766E+1	6.4363E+1	5.9021E+1	5.6556E+1	5.3288E+1	5.2203E+1	5.0503E+1	4.8795E+1	4.7301E+1	4.6068E+1	4.4968E+1	4.3827E+1	4.2900E+1	4.2102E+1	4.1475E+1	4.0909E+1	4.0495E+1	4.0185E+1	3.9838E+1	3.9623E+1	3.9426E+1	3.9290E+1	3.9180E+1	3.9050E+1	3.8993E+1	3.8908E+1
3.6240E+2	2.6975E+2	2.2336E+2	1.7344E+2	1.2661E+2	1.1408E+2	1.0124E+2	8.9425E+1	7.9855E+1	7.1640E+1	6.4151E+1	5.8979E+1	5.6498E+1	5.3276E+1	5.2146E+1	5.0489E+1	4.8760E+1	4.7276E+1	4.6086E+1	4.4958E+1	4.3816E+1	4.2898E+1	4.2091E+1	4.1466E+1	4.0898E+1	4.0464E+1	4.0152E+1	3.9831E+1	3.9625E+1	3.9419E+1	3.9273E+1	3.9156E+1	3.9066E+1	3.8982E+1	3.8893E+1
3.6381E+2	2.7092E+2	2.2327E+2	1.7412E+2	1.2681E+2	1.1416E+2	1.0061E+2	8.9435E+1	8.0090E+1	7.1525E+1	6.4190E+1	5.8925E+1	5.6469E+1	5.3234E+1	5.2130E+1	5.0448E+1	4.8762E+1	4.7261E+1	4.6053E+1	4.4918E+1	4.3807E+1	4.2880E+1	4.2066E+1	4.1466E+1	4.0878E+1	4.0476E+1	4.0123E+1	3.9824E+1	3.9600E+1	3.9429E+1	3.9238E+1	3.9139E+1	3.9034E+1	3.8953E+1	3.8917E+1
3.6398E+2	2.7292E+2	2.2441E+2	1.7389E+2	1.2721E+2	1.1443E+2	1.0124E+2	8.9058E+1	7.9959E+1	7.1508E+1	6.4099E+1	5.8944E+1	5.6470E+1	5.3224E+1	5.2110E+1	5.0414E+1	4.8720E+1	4.7254E+1	4.6015E+1	4.4924E+1	4.3795E+1	4.2873E+1	4.2062E+1	4.1424E+1	4.0880E+1	4.0442E+1	4.0120E+1	3.9810E+1	3.9565E+1	3.9383E+1	3.9228E+1	3.9119E+1	3.9028E+1	3.8961E+1	3.8943E+1
3.6452E+2	2.7403E+2	2.2553E+2	1.7322E+2	1.2662E+2	1.1395E+2	1.0064E+2	8.9457E+1	7.9724E+1	7.1520E+1	6.4082E+1	5.8904E+1	5.6435E+1	5.3211E+1	5.2101E+1	5.0411E+1	4.8687E+1	4.7229E+1	4.6027E+1	4.4889E+1	4.3780E+1	4.2855E+1	4.2042E+1	4.1431E+1	4.0868E+1	4.0440E+1	4.0133E+1	3.9779E+1	3.9574E+1	3.9382E+1	3.9227E+1	3.9100E+1	3.8995E+1	3.8945E+1	3.8897E+1
3.6487E+2	2.7527E+2	2.2685E+2	1.7335E+2	1.2700E+2	1.1455E+2	1.0097E+2	8.9079E+1	7.9569E+1	7.1437E+1	6.4161E+1	5.8891E+1	5.6439E+1	5.3207E+1	5.2088E+1	5.0391E+1	4.8689E+1	4.7236E+1	4.6007E+1	4.4903E+1	4.3782E+1	4.2844E+1	4.2024E+1	4.1419E+1	4.0848E+1	4.0420E+1	4.0099E+1	3.9783E+1	3.9548E+1	3.9356E+1	3.9218E+1	3.9112E+1	3.8998E+1	3.8918E+1	3.8882E+1
3.6529E+2	2.7622E+2	2.2782E+2	1.7408E+2	1.2768E+2	1.1410E+2	1.0062E+2	8.9002E+1	7.9681E+1	7.1459E+1	6.3866E+1	5.8871E+1	5.6368E+1	5.3217E+1	5.2048E+1	5.0395E+1	4.8683E+1	4.7226E+1	4.5992E+1	4.4879E+1	4.3779E+1	4.2838E+1	4.2010E+1	4.1398E+1	4.0850E+1	4.0404E+1	4.0095E+1	3.9766E+1	3.9534E+1	3.9358E+1	3.9199E+1	3.9092E+1	3.9004E+1	3.8919E+1	3.8845E+1
3.6524E+2	2.7689E+2	2.2806E+2	1.7518E+2	1.2680E+2	1.1408E+2	1.0102E+2	8.9403E+1	7.9906E+1	7.1321E+1	6.4203E+1	5.8817E+1	5.6324E+1	5.3160E+1	5.2058E+1	5.0382E+1	4.8674E+1	4.7200E+1	4.5983E+1	4.4856E+1	4.3771E+1	4.2817E+1	4.2021E+1	4.1389E+1	4.0823E+1	4.0404E+1	4.0072E+1	3.9772E+1	3.9555E+1	3.9339E+1	3.9192E+1	3.9078E+1	3.8972E+1	3.8910E+1	3.8829E+1
3.6639E+2	2.7692E+2	2.2773E+2	1.7549E+2	1.2700E+2	1.1468E+2	1.0072E+2	8.8817E+1	7.9707E+1	7.1363E+1	6.3785E+1	5.8800E+1	5.6375E+1	5.3138E+1	5.2024E+1	5.0381E+1	4.8662E+1	4.7201E+1	4.5958E+1	4.4879E+1	4.3732E+1	4.2798E+1	4.1989E+1	4.1388E+1	4.0815E+1	4.0399E+1	4.0075E+1	3.9734E+1	3.9512E+1	3.9348E+1	3.9173E+1	3.9039E+1	3.8961E+1	3.8902E+1	3.8854E+1
3.6775E+2	2.7649E+2	2.2749E+2	1.7499E+2	1.2764E+2	1.1406E+2	1.0097E+2	8.9060E+1	7.9507E+1	7.1200E+1	6.3879E+1	5.8774E+1	5.6362E+1	5.3114E+1	5.2043E+1	5.0341E+1	4.8656E+1	4.7180E+1	4.5961E+1	4.4846E+1	4.3721E+1	4.2770E+1	4.2004E+1	4.1364E+1	4.0798E+1	4.0390E+1	4.0053E+1	3.9705E+1	3.9526E+1	3.9314E+1	3.9171E+1	3.9032E+1	3.8954E+1	3.8860E+1	3.8862E+1
3.6931E+2	2.7697E+2	2.2758E+2	1.7469E+2	1.2729E+2	1.1457E+2	1.0055E+2	8.9088E+1	7.9493E+1	7.1285E+1	6.3934E+1	5.8771E+1	5.6310E+1	5.3092E+1	5.1985E+1	5.0352E+1	4.8624E+1	4.7161E+1	4.5945E+1	4.4812E+1	4.3732E+1	4.2803E+1	4.1953E+1	4.1340E+1	4.0788E+1	4.0373E+1	4.0020E+1	3.9732E+1	3.9476E+1	3.9304E+1	3.9151E+1	3.9025E+1	3.8922E+1	3.8847E+1	3.8812E+1
3.7057E+2	2.7695E+2	2.2789E+2	1.7513E+2	1.2709E+2	1.1451E+2	1.0110E+2	8.8954E+1	7.9588E+1	7.1216E+1	6.3766E+1	5.8726E+1	5.6249E+1	5.3073E+1	5.1972E+1	5.0304E+1	4.8631E+1	4.7156E+1	4.5950E+1	4.4831E+1	4.3715E+1	4.2781E+1	4.1951E+1	4.1324E+1	4.0792E+1	4.0352E+1	4.0044E+1	3.9690E+1	3.9459E+1	3.9300E+1	3.9138E+1	3.9019E+1	3.8929E+1	3.8877E+1	3.8779E+1
3.7240E+2	2.7774E+2	2.2930E+2	1.7605E+2	1.2771E+2	1.1407E+2	1.0054E+2	8.9148E+1	7.9699E+1	7.1217E+1	6.3886E+1	5.8679E+1	5.6232E+1	5.3072E+1	5.1956E+1	5.0281E+1	4.8601E+1	4.7148E+1	4.5927E+1	4.4809E+1	4.3692E+1	4.2778E+1	4.1944E+1	4.1345E+1	4.0754E+1	4.0339E+1	4.0008E+1	3.9690E+1	3.9440E+1	3.9288E+1	3.9104E+1	3.9029E+1	3.8933E+1	3.8839E+1	3.8778E+1
3.7382E+2	2.7868E+2	2.3054E+2	1.7647E+2	1.2727E+2	1.1461E+2	1.0095E+2	8.8843E+1	7.9567E+1	7.1187E+1	6.3574E+1	5.8681E+1	5.6244E+1	5.3034E+1	5.1947E+1	5.0255E+1	4.8584E+1	4.7130E+1	4.5923E+1	4.4805E+1	4.3687E+1	4.2750E+1	4.1932E+1	4.1314E+1	4.0761E+1	4.0321E+1	4.0002E+1	3.9682E+1	3.9437E+1	3.9250E+1	3.9116E+1	3.8986E+1	3.8912E+1	3.8829E+1	3.8743E+1
3.7530E+2	2.7994E+2	2.3148E+2	1.7645E+2	1.2707E+2	1.1410E+2	1.0042E+2	8.8778E+1	7.9245E+1	7.1198E+1	6.3796E+1	5.8645E+1	5.6212E+1	5.3018E+1	5.1912E+1	5.0263E+1	4.8572E+1	4.7127E+1	4.5887E+1	4.4785E+1	4.3680E+1	4.2745E+1	4.1902E+1	4.1322E+1	4.0726E+1	4.0290E+1	3.9982E+1	3.9690E+1	3.9423E+1	3.9230E+1	3.9099E+1	3.8976E+1	3.8909E+1	3.8800E+1	3.8759E+1
3.7734E+2	2.8136E+2	2.3185E+2	1.7559E+2	1.2801E+2	1.1436E+2	1.0102E+2	8.9172E+1	7.9189E+1	7.1134E+1	6.3662E+1	5.8604E+1	5.6183E+1	5.3026E+1	5.1886E+1	5.0244E+1	4.8587E+1	4.7104E+1	4.5879E+1	4.4775E+1	4.3664E+1	4.2739E+1	4.1933E+1	4.1311E+1	4.0722E+1	4.0280E+1	3.9993E+1	3.9663E+1	3.9404E+1	3.9234E+1	3.9068E+1	3.8976E+1	3.8865E+1	3.8807E+1	3.8756E+1
3.7891E+2	2.8233E+2	2.3163E+2	1.7614E+2	1.2758E+2	1.1443E+2	1.0054E+2	8.8630E+1	7.9455E+1	7.1213E+1	6.3639E+1	5.8590E+1	5.6163E+1	5.2981E+1	5.1859E+1	5.0233E+1	4.8523E+1	4.7104E+1	4.5898E+1	4.4777E+1	4.3652E+1	4.2745E+1	4.1892E+1	4.1289E+1	4.0725E+1	4.0284E+1	3.9963E+1	3.9638E+1	3.9430E+1	3.9239E+1	3.9081E+1	3.8960E+1	3.8887E+1	3.8779E+1	3.8714E+1
3.8108E+2	2.8431E+2	2.3110E+2	1.7663E+2	1.2728E+2	1.1404E+2	1.0096E+2	8.8880E+1	7.9649E+1	7.1144E+1	6.3777E+1	5.8571E+1	5.6113E+1	5.2969E+1	5.1898E+1	5.0235E+1	4.8533E+1	4.7075E+1	4.5871E+1	4.4734E+1	4.3657E+1	4.2732E+1	4.1914E+1	4.1259E+1	4.0709E+1	4.0293E+1	3.9959E+1	3.9635E+1	3.9397E+1	3.9212E+1	3.9065E+1	3.8951E+1	3.8875E+1	3.8783E+1	3.8737E+1
3.8227E+2	2.8420E+2	2.3092E+2	1.7731E+2	1.2816E+2	1.1469E+2	1.0018E+2	8.8664E+1	7.9297E+1	7.1367E+1	6.3597E+1	5.8529E+1	5.6085E+1	5.2921E+1	5.1822E+1	5.0184E+1	4.8568E+1	4.7067E+1	4.5856E+1	4.4769E+1	4.3603E+1	4.2742E+1	4.1878E+1	4.1266E+1	4.0695E+1	4.0272E+1	3.9948E+1	3.9624E+1	3.9395E+1	3.9217E+1	3.9064E+1	3.8936E+1	3.8839E+1	3.8765E+1	3.8705E+1
3.8400E+2	2.8505E+2	2.3133E+2	1.7738E+2	1.2799E+2	1.1420E+2	1.0102E+2	8.8617E+1	7.9171E+1	7.1049E+1	6.3539E+1	5.8483E+1	5.6062E+1	5.2940E+1	5.1884E+1	5.0208E+1	4.8507E+1	4.7137E+1	4.5818E+1	4.4698E+1	4.3650E+1	4.2695E+1	4.1868E+1	4.1258E+1	4.0685E+1	4.0276E+1	3.9933E+1	3.9615E+1	3.9357E+1	3.9202E+1	3.9066E+1	3.8930E+1	3.8844E+1	3.8751E+1	3.8692E+1
3.8477E+2	2.8461E+2	2.3247E+2	1.7695E+2	1.2754E+2	1.1458E+2	1.0067E+2	8.8565E+1	7.9197E+1	7.0938E+1	6.3477E+1	5.8487E+1	5.6025E+1	5.2922E+1	5.1845E+1	5.0120E+1	4.8528E+1	4.7051E+1	4.5828E+1	4.4682E+1	4.3622E+1	4.2695E+1	4.1859E+1	4.1278E+1	4.0685E+1	4.0241E+1	3.9933E+1	3.9601E+1	3.9371E+1	3.9185E+1	3.9027E+1	3.8912E+1	3.8829E+1	3.8732E+1	3.8708E+1
3.8565E+2	2.8449E+2	2.3355E+2	1.7671E+2	1.2814E+2	1.1433E+2	1.0056E+2	8.8639E+1	7.8848E+1	7.1260E+1	6.3387E+1	5.8470E+1	5.6031E+1	5.2927E+1	5.1731E+1	5.0159E+1	4.8542E+1	4.6965E+1	4.5831E+1	4.4748E+1	4.3611E+1	4.2678E+1	4.1819E+1	4.1224E+1	4.0659E+1	4.0226E+1	3.9884E+1	3.9602E+1	3.9352E+1	3.9171E+1	3.9009E+1	3.8887E+1	3.8788E+1	3.8737E+1	3.8692E+1
3.8640E+2	2.8484E+2	2.3479E+2	1.7793E+2	1.2773E+2	1.1466E+2	1.0045E+2	8.8539E+1	7.9512E+1	7.0968E+1	6.3426E+1	5.8463E+1	5.5977E+1	5.2898E+1	5.1750E+1	5.0133E+1	4.8511E+1	4.7044E+1	4.5781E+1	4.4715E+1	4.3610E+1	4.2653E+1	4.1824E+1	4.1239E+1	4.0655E+1	4.0217E+1	3.9887E+1	3.9587E+1	3.9326E+1	3.9167E+1	3.9045E+1	3.8878E+1	3.8821E+1	3.8725E+1	3.8646E+1
3.8681E+2	2.8487E+2	2.3551E+2	1.7848E+2	1.2740E+2	1.1477E+2	1.0081E+2	8.8991E+1	7.8989E+1	7.1122E+1	6.3608E+1	5.8277E+1	5.6042E+1	5.2929E+1	5.1777E+1	5.0129E+1	4.8430E+1	4.7046E+1	4.5858E+1	4.4639E+1	4.3584E+1	4.2655E+1	4.1817E+1	4.1189E+1	4.0648E+1	4.0232E+1	3.9884E+1	3.9560E+1	3.9340E+1	3.9143E+1	3.9009E+1	3.8879E+1	3.8781E+1	3.8686E+1	3.8620E+1
3.8689E+2	2.8582E+2	2.3479E+2	1.7789E+2	1.2820E+2	1.1382E+2	1.0029E+2	8.8376E+1	7.8996E+1	7.1248E+1	6.3387E+1	5.8446E+1	5.6016E+1	5.2884E+1	5.1698E+1	5.0056E+1	4.8458E+1	4.7095E+1	4.5783E+1	4.4732E+1	4.3575E+1	4.2600E+1	4.1807E+1	4.1177E+1	4.0641E+1	4.0192E+1	3.9868E+1	3.9538E+1	3.9329E+1	3.9120E+1	3.8968E+1	3.8856E+1	3.8759E+1	3.8673E+1	3.8643E+1
3.8740E+2	2.8679E+2	2.3474E+2	1.7802E+2	1.2793E+2	1.1459E+2	1.0081E+2	8.8602E+1	7.8842E+1	7.1170E+1	6.3463E+1	5.8342E+1	5.5996E+1	5.2854E+1	5.1730E+1	4.9992E+1	4.8430E+1	4.6963E+1	4.5790E+1	4.4669E+1	4.3553E+1	4.2641E+1	4.1802E+1	4.1186E+1	4.0605E+1	4.0159E+1	3.9853E+1	3.9543E+1	3.9293E+1	3.9114E+1	3.8970E+1	3.8852E+1	3.8745E+1	3.8684E+1	3.8625E+1
3.8812E+2	2.8795E+2	2.3486E+2	1.7755E+2	1.2755E+2	1.1511E+2	1.0057E+2	8.8602E+1	7.8746E+1	7.1055E+1	6.3706E+1	5.8407E+1	5.5947E+1	5.2757E+1	5.1708E+1	5.0075E+1	4.8455E+1	4.6946E+1	4.5786E+1	4.4653E+1	4.3541E+1	4.2615E+1	4.1779E+1	4.1168E+1	4.0621E+1	4.0181E+1	3.9851E+1	3.9521E+1	3.9317E+1	3.9117E+1	3.8955E+1	3.8839E+1	3.8770E+1	3.8672E+1	3.8619E+1
3.8828E+2	2.8911E+2	2.3389E+2	1.7822E+2	1.2858E+2	1.1454E+2	1.0023E+2	8.8594E+1	7.9259E+1	7.1235E+1	6.3434E+1	5.8214E+1	5.5887E+1	5.2763E+1	5.1691E+1	5.0058E+1	4.8373E+1	4.6967E+1	4.5709E+1	4.4657E+1	4.3518E+1	4.2597E+1	4.1763E+1	4.1183E+1	4.0598E+1	4.0170E+1	3.9823E+1	3.9524E+1	3.9289E+1	3.9105E+1	3.8958E+1	3.8833E+1	3.8754E+1	3.8645E+1	3.8614E+1
3.9003E+2	2.9062E+2	2.3537E+2	1.7854E+2	1.2776E+2	1.1461E+2	1.0055E+2	8.8644E+1	7.8856E+1	7.0495E+1	6.3349E+1	5.8342E+1	5.5860E+1	5.2829E+1	5.1725E+1	5.0100E+1	4.8361E+1	4.6890E+1	4.5747E+1	4.4615E+1	4.3532E+1	4.2633E+1	4.1761E+1	4.1147E+1	4.0586E+1	4.0135E+1	3.9839E+1	3.9532E+1	3.9291E+1	3.9094E+1	3.8932E+1	3.8835E+1	3.8717E+1	3.8654E+1	3.8580E+1
3.8997E+2	2.9150E+2	2.3635E+2	1.7944E+2	1.2738E+2	1.1440E+2	1.0061E+2	8.8989E+1	7.8519E+1	7.0853E+1	6.3276E+1	5.8304E+1	5.5960E+1	5.2755E+1	5.1660E+1	4.9993E+1	4.8359E+1	4.6943E+1	4.5685E+1	4.4587E+1	4.3537E+1	4.2559E+1	4.1704E+1	4.1094E+1	4.0549E+1	4.0128E+1	3.9829E+1	3.9498E+1	3.9257E+1	3.9077E+1	3.8923E+1	3.8802E+1	3.8719E+1	3.8644E+1	3.8563E+1
3.9083E+2	2.9220E+2	2.3754E+2	1.7914E+2	1.2776E+2	1.1405E+2	1.0029E+2	8.8262E+1	7.8533E+1	7.0507E+1	6.3234E+1	5.8217E+1	5.5841E+1	5.2774E+1	5.1591E+1	5.0059E+1	4.8320E+1	4.6916E+1	4.5705E+1	4.4582E+1	4.3454E+1	4.2573E+1	4.1763E+1	4.1157E+1	4.0566E+1	4.0117E+1	3.9829E+1	3.9514E+1	3.9249E+1	3.9079E+1	3.8924E+1	3.8803E+1	3.8703E+1	3.8627E+1	3.8517E+1
3.9265E+2	2.9173E+2	2.3788E+2	1.7852E+2	1.2821E+2	1.1439E+2	1.0026E+2	8.8613E+1	7.8951E+1	7.0675E+1	6.3533E+1	5.8154E+1	5.5768E+1	5.2697E+1	5.1674E+1	4.9962E+1	4.8398E+1	4.6898E+1	4.5681E+1	4.4624E+1	4.3521E+1	4.2541E+1	4.1719E+1	4.1081E+1	4.0544E+1	4.0098E+1	3.9785E+1	3.9465E+1	3.9247E+1	3.9056E+1	3.8901E+1	3.8780E+1	3.8672E+1	3.8633E+1	3.8545E+1
3.9543E+2	2.9199E+2	2.3714E+2	1.7913E+2	1.2767E+2	1.1440E+2	1.0023E+2	8.8153E+1	7.8668E+1	7.0570E+1	6.3043E+1	5.8203E+1	5.5861E+1	5.2779E+1	5.1628E+1	4.9999E+1	4.8377E+1	4.6903E+1	4.5667E+1	4.4603E+1	4.3481E+1	4.2566E+1	4.1721E+1	4.1109E+1	4.0526E+1	4.0090E+1	3.9743E+1	3.9444E+1	3.9219E+1	3.9022E+1	3.8868E+1	3.8771E+1	3.8691E+1	3.8600E+1	3.8543E+1
3.9527E+2	2.9153E+2	2.3824E+2	1.7947E+2	1.2780E+2	1.1466E+2	1.0033E+2	8.8311E+1	7.8720E+1	7.0795E+1	6.3178E+1	5.8169E+1	5.5840E+1	5.2738E+1	5.1551E+1	4.9988E+1	4.8268E+1	4.6876E+1	4.5694E+1	4.4516E+1	4.3465E+1	4.2565E+1	4.1729E+1	4.1091E+1	4.0508E+1	4.0065E+1	3.9786E+1	3.9437E+1	3.9223E+1	3.9052E+1	3.8868E+1	3.8747E+1	3.8660E+1	3.8620E+1	3.8559E+1
3.9738E+2	2.9219E+2	2.3784E+2	1.7996E+2	1.2791E+2	1.1406E+2	1.0001E+2	8.8210E+1	7.8435E+1	7.0752E+1	6.3064E+1	5.8230E+1	5.5848E+1	5.2698E+1	5.1643E+1	4.9984E+1	4.8295E+1	4.6859E+1	4.5691E+1	4.4580E+1	4.3466E+1	4.2518E+1	4.1694E+1	4.1074E+1	4.0518E+1	4.0092E+1	3.9750E+1	3.9464E+1	3.9200E+1	3.8996E+1	3.8873E+1	3.8726E+1	3.8644E+1	3.8574E+1	3.8532E+1
3.9942E+2	2.9238E+2	2.3764E+2	1.8034E+2	1.2718E+2	1.1427E+2	1.0031E+2	8.7962E+1	7.8955E+1	7.0586E+1	6.3183E+1	5.8183E+1	5.5764E+1	5.2666E+1	5.1579E+1	4.9937E+1	4.8309E+1	4.6821E+1	4.5634E+1	4.4584E+1	4.3417E+1	4.2557E+1	4.1693E+1	4.1065E+1	4.0514E+1	4.0057E+1	3.9744E+1	3.9410E+1	3.9209E+1	3.9008E+1	3.8854E+1	3.8738E+1	3.8614E+1	3.8572E+1	3.8524E+1
4.0157E+2	2.9242E+2	2.3776E+2	1.7924E+2	1.2772E+2	1.1467E+2	9.9995E+1	8.8555E+1	7.8854E+1	7.0392E+1	6.3212E+1	5.8113E+1	5.5794E+1	5.2575E+1	5.1592E+1	4.9979E+1	4.8284E+1	4.6873E+1	4.5632E+1	4.4516E+1	4.3405E+1	4.2509E+1	4.1699E+1	4.1044E+1	4.0470E+1	4.0058E+1	3.9706E+1	3.9410E+1	3.9173E+1	3.8977E+1	3.8836E+1	3.8725E+1	3.8626E+1	3.8555E+1	3.8476E+1
4.0187E+2	2.9424E+2	2.3915E+2	1.7924E+2	1.2806E+2	1.1403E+2	1.0010E+2	8.8175E+1	7.8552E+1	7.0600E+1	6.3049E+1	5.8034E+1	5.5787E+1	5.2645E+1	5.1590E+1	4.9895E+1	4.8255E+1	4.6757E+1	4.5612E+1	4.4494E+1	4.3417E+1	4.2517E+1	4.1666E+1	4.1067E+1	4.0453E+1	4.0066E+1	3.9724E+1	3.9404E+1	3.9173E+1	3.8981E+1	3.8839E+1	3.8712E+1	3.8648E+1	3.8545E+1	3.8468E+1
4.0403E+2	2.9491E+2	2.3983E+2	1.7982E+2	1.2767E+2	1.1442E+2	9.9960E+1	8.7717E+1	7.8516E+1	7.0339E+1	6.3017E+1	5.8069E+1	5.5739E+1	5.2609E+1	5.1534E+1	4.9904E+1	4.8252E+1	4.6821E+1	4.5571E+1	4.4500E+1	4.3430E+1	4.2476E+1	4.1666E+1	4.1024E+1	4.0463E+1	4.0033E+1	3.9712E+1	3.9409E+1	3.9158E+1	3.8976E+1	3.8808E+1	3.8694E+1	3.8618E+1	3.8540E+1	3.8465E+1
4.0473E+2	2.9623E+2	2.4108E+2	1.8040E+2	1.2785E+2	1.1400E+2	1.0036E+2	8.8278E+1	7.8311E+1	7.0373E+1	6.3123E+1	5.8087E+1	5.5719E+1	5.2618E+1	5.1418E+1	4.9970E+1	4.8287E+1	4.6909E+1	4.5669E+1	4.4521E+1	4.3414E+1	4.2478E+1	4.1653E+1	4.1032E+1	4.0468E+1	4.0040E+1	3.9703E+1	3.9400E+1	3.9147E+1	3.8960E+1	3.8817E+1	3.8685E+1	3.8584E+1	3.8512E+1	3.8459E+1
4.0560E+2	2.9719E+2	2.4121E+2	1.8070E+2	1.2808E+2	1.1337E+2	9.9895E+1	8.7835E+1	7.8236E+1	7.0044E+1	6.2632E+1	5.8059E+1	5.5673E+1	5.2654E+1	5.1597E+1	4.9933E+1	4.8258E+1	4.6754E+1	4.5581E+1	4.4507E+1	4.3432E+1	4.2440E+1	4.1622E+1	4.1047E+1	4.0459E+1	4.0014E+1	3.9698E+1	3.9355E+1	3.9140E+1	3.8923E+1	3.8822E+1	3.8670E+1	3.8595E+1	3.8513E+1	3.8450E+1
4.0558E+2	2.9793E+2	2.4077E+2	1.8012E+2	1.2762E+2	1.1441E+2	9.9899E+1	8.7998E+1	7.8685E+1	6.9978E+1	6.2903E+1	5.8100E+1	5.5648E+1	5.2589E+1	5.1530E+1	4.9782E+1	4.8232E+1	4.6766E+1	4.5581E+1	4.4538E+1	4.3384E+1	4.2501E+1	4.1643E+1	4.1008E+1	4.0411E+1	4.0009E+1	3.9678E+1	3.9344E+1	3.9103E+1	3.8908E+1	3.8780E+1	3.8671E+1	3.8581E+1	3.8481E+1	3.8409E+1
4.0594E+2	2.9847E+2	2.4032E+2	1.7989E+2	1.2777E+2	1.1397E+2	9.9993E+1	8.8484E+1	7.8552E+1	7.0058E+1	6.3052E+1	5.8071E+1	5.5587E+1	5.2568E+1	5.1533E+1	4.9856E+1	4.8211E+1	4.6834E+1	4.5565E+1	4.4482E+1	4.3380E+1	4.2446E+1	4.1621E+1	4.0976E+1	4.0446E+1	4.0021E+1	3.9661E+1	3.9379E+1	3.9101E+1	3.8929E+1	3.8777E+1	3.8659E+1	3.8543E+1	3.8485E+1	3.8441E+1
4.0693E+2	2.9833E+2	2.4076E+2	1.7955E+2	1.2824E+2	1.1397E+2	9.9482E+1	8.7788E+1	7.8731E+1	7.0142E+1	6.2578E+1	5.8034E+1	5.5668E+1	5.2552E+1	5.1519E+1	4.9892E+1	4.8222E+1	4.6775E+1	4.5558E+1	4.4434E+1	4.3378E+1	4.2473E+1	4.1611E+1	4.1013E+1	4.0431E+1	3.9994E+1	3.9668E+1	3.9346E+1	3.9123E+1	3.8907E+1	3.8769E+1	3.8643E+1	3.8538E+1	3.8494E+1	3.8383E+1
4.0674E+2	2.9830E+2	2.4111E+2	1.8026E+2	1.2760E+2	1.1368E+2	9.9750E+1	8.8011E+1	7.8339E+1	7.0088E+1	6.2918E+1	5.7963E+1	5.5619E+1	5.2558E+1	5.1507E+1	4.9890E+1	4.8258E+1	4.6768E+1	4.5543E+1	4.4438E+1	4.3355E+1	4.2395E+1	4.1586E+1	4.0973E+1	4.0386E+1	3.9963E+1	3.9661E+1	3.9353E+1	3.9072E+1	3.8901E+1	3.8750E+1	3.8630E+1	3.8524E+1	3.8471E+1	3.8425E+1
4.0702E+2	2.9820E+2	2.4110E+2	1.8040E+2	1.2773E+2	1.1398E+2	9.9534E+1	8.7833E+1	7.8313E+1	7.0419E+1	6.2553E+1	5.7941E+1	5.5519E+1	5.2521E+1	5.1383E+1	4.9819E+1	4.8181E+1	4.6685E+1	4.5551E+1	4.4419E+1	4.3357E+1	4.2401E+1	4.1571E+1	4.0974E+1	4.0402E+1	3.9939E+1	3.9630E+1	3.9307E+1	3.9065E+1	3.8894E+1	3.8742E+1	3.8616E+1	3.8545E+1	3.8438E+1	3.8395E+1
4.0730E+2	2.9819E+2	2.4130E+2	1.8035E+2	1.2784E+2	1.1403E+2	9.9695E+1	8.7474E+1	7.8090E+1	7.0108E+1	6.3021E+1	5.7913E+1	5.5574E+1	5.2480E+1	5.1485E+1	4.9813E+1	4.8197E+1	4.6723E+1	4.5567E+1	4.4462E+1	4.3365E+1	4.2370E+1	4.1544E+1	4.0947E+1	4.0382E+1	3.9940E+1	3.9635E+1	3.9276E+1	3.9067E+1	3.8891E+1	3.8730E+1	3.8605E+1	3.8529E+1	3.8458E+1	3.8366E+1
4.0850E+2	2.9852E+2	2.4176E+2	1.8038E+2	1.2750E+2	1.1357E+2	9.9242E+1	8.7666E+1	7.7971E+1	7.0013E+1	6.2565E+1	5.7901E+1	5.5585E+1	5.2528E+1	5.1425E+1	4.9801E+1	4.8135E+1	4.6727E+1	4.5498E+1	4.4422E+1	4.3325E+1	4.2363E+1	4.1559E+1	4.0935E+1	4.0388E+1	3.9968E+1	3.9614E+1	3.9279E+1	3.9024E+1	3.8864E+1	3.8703E+1	3.8612E+1	3.8502E+1	3.8409E+1	3.8345E+1
4.0851E+2	2.9833E+2	2.4206E+2	1.8004E+2	1.2772E+2	1.1377E+2	9.9751E+1	8.7483E+1	7.7989E+1	7.0008E+1	6.3129E+1	5.7806E+1	5.5585E+1	5.2469E+1	5.1417E+1	4.9724E+1	4.8086E+1	4.6720E+1	4.5499E+1	4.4456E+1	4.3320E+1	4.2401E+1	4.1526E+1	4.0915E+1	4.0359E+1	3.9921E+1	3.9614E+1	3.9276E+1	3.9032E+1	3.8866E+1	3.8699E+1	3.8591E+1	3.8498E+1	3.8422E+1	3.8370E+1
4.0895E+2	2.9915E+2	2.4236E+2	1.8010E+2	1.2751E+2	1.1403E+2	9.9778E+1	8.7573E+1	7.7976E+1	7.0175E+1	6.2992E+1	5.7830E+1	5.5586E+1	5.2413E+1	5.1325E+1	4.9765E+1	4.8137E+1	4.6701E+1	4.5576E+1	4.4432E+1	4.3288E+1	4.2374E+1	4.1511E+1	4.0909E+1	4.0335E+1	3.9921E+1	3.9580E+1	3.9264E+1	3.9038E+1	3.8858E+1	3.8704E+1	3.8590E+1	3.8476E+1	3.8412E+1	3.8343E+1
4.0961E+2	3.0016E+2	2.4242E+2	1.8097E+2	1.2772E+2	1.1346E+2	9.9802E+1	8.7470E+1	7.7952E+1	7.0004E+1	6.2717E+1	5.7869E+1	5.5452E+1	5.2377E+1	5.1351E+1	4.9756E+1	4.8103E+1	4.6680E+1	4.5508E+1	4.4372E+1	4.3301E+1	4.2380E+1	4.1564E+1	4.0924E+1	4.0341E+1	3.9900E+1	3.9581E+1	3.9274E+1	3.9028E+1	3.8828E+1	3.8708E+1	3.8587E+1	3.8474E+1	3.8389E+1	3.8342E+1
4.1006E+2	3.0129E+2	2.4207E+2	1.8094E+2	1.2709E+2	1.1410E+2	9.9650E+1	8.7489E+1	7.8044E+1	6.9595E+1	6.2895E+1	5.7828E+1	5.5449E+1	5.2464E+1	5.1398E+1	4.9805E+1	4.8104E+1	4.6674E+1	4.5490E+1	4.4346E+1	4.3268E+1	4.2344E+1	4.1479E+1	4.0918E+1	4.0300E+1	3.9881E+1	3.9555E+1	3.9266E+1	3.9021E+1	3.8838E+1	3.8685E+1	3.8551E+1	3.8455E+1	3.8402E+1	3.8297E+1
4.1243E+2	3.0198E+2	2.4234E+2	1.8080E+2	1.2736E+2	1.1362E+2	9.9561E+1	8.7665E+1	7.8099E+1	6.9955E+1	6.2408E+1	5.7768E+1	5.5438E+1	5.2385E+1	5.1377E+1	4.9706E+1	4.8149E+1	4.6623E+1	4.5471E+1	4.4388E+1	4.3282E+1	4.2324E+1	4.1526E+1	4.0878E+1	4.0316E+1	3.9875E+1	3.9548E+1	3.9248E+1	3.8993E+1	3.8849E+1	3.8663E+1	3.8574E+1	3.8461E+1	3.8350E+1	3.8297E+1
4.1355E+2	3.0276E+2	2.4187E+2	1.8002E+2	1.2753E+2	1.1332E+2	9.9053E+1	8.7153E+1	7.8012E+1	7.0011E+1	6.2580E+1	5.7769E+1	5.5479E+1	5.2284E+1	5.1400E+1	4.9681E+1	4.8120E+1	4.6695E+1	4.5452E+1	4.4386E+1	4.3206E+1	4.2338E+1	4.1460E+1	4.0853E+1	4.0297E+1	3.9900E+1	3.9551E+1	3.9224E+1	3.8982E+1	3.8797E+1	3.8660E+1	3.8536E+1	3.8443E+1	3.8369E+1	3.8276E+1
4.1542E+2	3.0337E+2	2.4250E+2	1.8096E+2	1.2709E+2	1.1373E+2	9.9946E+1	8.7558E+1	7.8038E+1	6.9897E+1	6.2850E+1	5.7750E+1	5.5566E+1	5.2391E+1	5.1346E+1	4.9727E+1	4.8028E+1	4.6649E+1	4.5501E+1	4.4322E+1	4.3227E+1	4.2305E+1	4.1463E+1	4.0892E+1	4.0292E+1	3.9852E+1	3.9537E+1	3.9222E+1	3.8990E+1	3.8800E+1	3.8641E+1	3.8524E+1	3.8422E+1	3.8345E+1	3.8307E+1
4.1674E+2	3.0296E+2	2.4362E+2	1.8128E+2	1.2733E+2	1.1330E+2	9.9012E+1	8.7628E+1	7.7591E+1	7.0161E+1	6.2509E+1	5.7750E+1	5.5330E+1	5.2385E+1	5.1338E+1	4.9739E+1	4.8036E+1	4.6671E+1	4.5499E+1	4.4392E+1	4.3245E+1	4.2319E+1	4.1479E+1	4.0867E+1	4.0278E+1	3.9846E+1	3.9505E+1	3.9206E+1	3.8959E+1	3.8794E+1	3.8643E+1	3.8512E+1	3.8424E+1	3.8336E+1	3.8260E+1
4.1815E+2	3.0248E+2	2.4404E+2	1.8142E+2	1.2765E+2	1.1367E+2	9.9322E+1	8.7246E+1	7.8097E+1	6.9728E+1	6.2722E+1	5.7794E+1	5.5330E+1	5.2303E+1	5.1361E+1	4.9773E+1	4.8041E+1	4.6563E+1	4.5468E+1	4.4357E+1	4.3221E+1	4.2239E+1	4.1475E+1	4.0859E+1	4.0264E+1	3.9833E+1	3.9501E+1	3.9197E+1	3.8980E+1	3.8789E+1	3.8627E+1	3.8512E+1	3.8398E+1	3.8350E+1	3.8249E+1
4.2021E+2	3.0243E+2	2.4529E+2	1.8116E+2	1.2697E+2	1.1336E+2	9.9142E+1	8.7436E+1	7.8237E+1	7.0041E+1	6.2473E+1	5.7681E+1	5.5411E+1	5.2341E+1	5.1273E+1	4.9765E+1	4.8019E+1	4.6658E+1	4.5417E+1	4.4332E+1	4.3206E+1	4.2276E+1	4.1469E+1	4.0844E+1	4.0256E+1	3.9804E+1	3.9524E+1	3.9191E+1	3.8977E+1	3.8753E+1	3.8591E+1	3.8481E+1	3.8398E+1	3.8317E+1	3.8244E+1
4.1929E+2	3.0320E+2	2.4445E+2	1.8064E+2	1.2757E+2	1.1314E+2	9.9034E+1	8.7265E+1	7.7980E+1	6.9744E+1	6.2302E+1	5.7672E+1	5.5423E+1	5.2322E+1	5.1308E+1	4.9636E+1	4.7965E+1	4.6621E+1	4.5423E+1	4.4375E+1	4.3211E+1	4.2267E+1	4.1447E+1	4.0822E+1	4.0237E+1	3.9818E+1	3.9492E+1	3.9183E+1	3.8927E+1	3.8744E+1	3.8611E+1	3.8480E+1	3.8390E+1	3.8317E+1	3.8262E+1
4.2075E+2	3.0264E+2	2.4412E+2	1.8050E+2	1.2724E+2	1.1337E+2	9.8855E+1	8.7282E+1	7.7577E+1	6.9742E+1	6.3011E+1	5.7727E+1	5.5419E+1	5.2307E+1	5.1289E+1	4.9616E+1	4.8113E+1	4.6580E+1	4.5405E+1	4.4297E+1	4.3214E+1	4.2237E+1	4.1436E+1	4.0801E+1	4.0234E+1	3.9822E+1	3.9485E+1	3.9148E+1	3.8933E+1	3.8731E+1	3.8603E+1	3.8468E+1	3.8383E+1	3.8258E+1	3.8248E+1
4.2123E+2	3.0389E+2	2.4396E+2	1.8121E+2	1.2743E+2	1.1345E+2	9.9448E+1	8.7119E+1	7.7758E+1	6.9952E+1	6.2484E+1	5.7658E+1	5.5225E+1	5.2230E+1	5.1193E+1	4.9649E+1	4.8052E+1	4.6603E+1	4.5349E+1	4.4322E+1	4.3210E+1	4.2232E+1	4.1480E+1	4.0847E+1	4.0227E+1	3.9789E+1	3.9460E+1	3.9136E+1	3.8914E+1	3.8738E+1	3.8561E+1	3.8451E+1	3.8380E+1	3.8286E+1	3.8222E+1
4.2290E+2	3.0431E+2	2.4318E+2	1.8207E+2	1.2710E+2	1.1311E+2	9.8442E+1	8.7177E+1	7.8133E+1	6.9778E+1	6.2686E+1	5.7657E+1	5.5313E+1	5.2280E+1	5.1282E+1	4.9644E+1	4.8019E+1	4.6598E+1	4.5404E+1	4.4229E+1	4.3178E+1	4.2203E+1	4.1406E+1	4.0825E+1	4.0206E+1	3.9804E+1	3.9469E+1	3.9151E+1	3.8930E+1	3.8722E+1	3.8575E+1	3.8455E+1	3.8347E+1	3.8284E+1	3.8203E+1
4.2256E+2	3.0544E+2	2.4434E+2	1.8139E+2	1.2752E+2	1.1383E+2	9.9257E+1	8.7160E+1	7.8159E+1	6.9486E+1	6.2219E+1	5.7610E+1	5.5417E+1	5.2300E+1	5.1232E+1	4.9625E+1	4.8025E+1	4.6578E+1	4.5361E+1	4.4329E+1	4.3169E+1	4.2253E+1	4.1440E+1	4.0776E+1	4.0221E+1	3.9767E+1	3.9446E+1	3.9159E+1	3.8906E+1	3.8696E+1	3.8548E+1	3.8435E+1	3.8335E+1	3.8237E+1	3.8163E+1
4.2300E+2	3.0611E+2	2.4519E+2	1.8095E+2	1.2693E+2	1.1306E+2	9.9221E+1	8.7596E+1	7.7429E+1	6.9892E+1	6.2363E+1	5.7656E+1	5.5324E+1	5.2305E+1	5.1259E+1	4.9635E+1	4.8083E+1	4.6565E+1	4.5437E+1	4.4221E+1	4.3128E+1	4.2219E+1	4.1353E+1	4.0758E+1	4.0219E+1	3.9784E+1	3.9432E+1	3.9140E+1	3.8892E+1	3.8685E+1	3.8546E+1	3.8416E+1	3.8326E+1	3.8259E+1	3.8197E+1
4.2312E+2	3.0692E+2	2.4589E+2	1.8061E+2	1.2706E+2	1.1328E+2	9.8948E+1	8.6965E+1	7.7191E+1	6.9559E+1	6.2531E+1	5.7623E+1	5.5346E+1	5.2284E+1	5.1211E+1	4.9585E+1	4.7975E+1	4.6556E+1	4.5377E+1	4.4228E+1	4.3093E+1	4.2260E+1	4.1360E+1	4.0757E+1	4.0198E+1	3.9773E+1	3.9425E+1	3.9110E+1	3.8875E+1	3.8698E+1	3.8531E+1	3.8409E+1	3.8310E+1	3.8245E+1	3.8154E+1
4.2174E+2	3.0784E+2	2.4611E+2	1.8193E+2	1.2736E+2	1.1326E+2	9.8795E+1	8.6958E+1	7.7530E+1	6.9752E+1	6.2391E+1	5.7641E+1	5.5309E+1	5.2230E+1	5.1228E+1	4.9640E+1	4.8063E+1	4.6553E+1	4.5400E+1	4.4267E+1	4.3135E+1	4.2196E+1	4.1401E+1	4.0752E+1	4.0202E+1	3.9740E+1	3.9423E+1	3.9097E+1	3.8871E+1	3.8676E+1	3.8520E+1	3.8421E+1	3.8294E+1	3.8219E+1	3.8179E+1
4.2300E+2	3.0751E+2	2.4651E+2	1.8184E+2	1.2672E+2	1.1272E+2	9.9070E+1	8.7043E+1	7.7640E+1	6.9534E+1	6.2582E+1	5.7526E+1	5.5206E+1	5.2252E+1	5.1179E+1	4.9644E+1	4.7926E+1	4.6555E+1	4.5276E+1	4.4239E+1	4.3164E+1	4.2162E+1	4.1382E+1	4.0741E+1	4.0158E+1	3.9736E+1	3.9426E+1	3.9082E+1	3.8864E+1	3.8657E+1	3.8524E+1	3.8378E+1	3.8311E+1	3.8213E+1	3.8167E+1
4.2540E+2	3.0778E+2	2.4608E+2	1.8176E+2	1.2676E+2	1.1279E+2	9.9295E+1	8.6892E+1	7.7739E+1	6.9706E+1	6.2051E+1	5.7501E+1	5.5256E+1	5.2177E+1	5.1207E+1	4.9574E+1	4.7999E+1	4.6522E+1	4.5348E+1	4.4240E+1	4.3097E+1	4.2193E+1	4.1366E+1	4.0728E+1	4.0165E+1	3.9718E+1	3.9384E+1	3.9090E+1	3.8834E+1	3.8658E+1	3.8503E+1	3.8396E+1	3.8269E+1	3.8185E+1	3.8146E+1
4.2478E+2	3.0682E+2	2.4527E+2	1.8137E+2	1.2743E+2	1.1296E+2	9.9375E+1	8.6887E+1	7.7712E+1	6.9270E+1	6.2414E+1	5.7493E+1	5.5307E+1	5.2191E+1	5.1193E+1	4.9662E+1	4.8026E+1	4.6533E+1	4.5307E+1	4.4202E+1	4.3121E+1	4.2168E+1	4.1334E+1	4.0748E+1	4.0166E+1	3.9723E+1	3.9395E+1	3.9061E+1	3.8843E+1	3.8641E+1	3.8504E+1	3.8380E+1	3.8263E+1	3.8197E+1	3.8100E+1
4.2543E+2	3.0703E+2	2.4567E+2	1.8112E+2	1.2713E+2	1.1322E+2	9.8530E+1	8.6873E+1	7.7197E+1	6.9662E+1	6.2372E+1	5.7472E+1	5.5236E+1	5.2230E+1	5.1104E+1	4.9571E+1	4.7934E+1	4.6482E+1	4.5312E+1	4.4181E+1	4.3099E+1	4.2106E+1	4.1326E+1	4.0737E+1	4.0145E+1	3.9712E+1	3.9375E+1	3.9062E+1	3.8827E+1	3.8632E+1	3.8467E+1	3.8382E+1	3.8263E+1	3.8167E+1	3.8136E+1
4.2582E+2	3.0661E+2	2.4536E+2	1.8132E+2	1.2680E+2	1.1288E+2	9.9067E+1	8.6318E+1	7.7589E+1	6.9250E+1	6.2270E+1	5.7529E+1	5.5186E+1	5.2065E+1	5.1072E+1	4.9507E+1	4.7936E+1	4.6505E+1	4.5313E+1	4.4209E+1	4.3109E+1	4.2135E+1	4.1306E+1	4.0704E+1	4.0108E+1	3.9698E+1	3.9358E+1	3.9040E+1	3.8791E+1	3.8615E+1	3.8460E+1	3.8347E+1	3.8245E+1	3.8178E+1	3.8115E+1
4.2742E+2	3.0781E+2	2.4656E+2	1.8172E+2	1.2721E+2	1.1276E+2	9.8598E+1	8.6548E+1	7.7373E+1	6.9212E+1	6.2275E+1	5.7550E+1	5.5217E+1	5.2200E+1	5.1083E+1	4.9542E+1	4.7918E+1	4.6505E+1	4.5289E+1	4.4202E+1	4.3067E+1	4.2180E+1	4.1328E+1	4.0717E+1	4.0104E+1	3.9686E+1	3.9367E+1	3.9007E+1	3.8807E+1	3.8627E+1	3.8459E+1	3.8342E+1	3.8256E+1	3.8136E+1	3.8101E+1
4.2878E+2	3.0856E+2	2.4650E+2	1.8181E+2	1.2738E+2	1.1286E+2	9.8846E+1	8.6089E+1	7.7528E+1	6.9443E+1	6.2304E+1	5.7482E+1	5.5226E+1	5.2148E+1	5.1162E+1	4.9596E+1	4.7897E+1	4.6510E+1	4.5278E+1	4.4110E+1	4.3036E+1	4.2135E+1	4.1311E+1	4.0670E+1	4.0114E+1	3.9683E+1	3.9359E+1	3.9010E+1	3.8796E+1	3.8616E+1	3.8440E+1	3.8325E+1	3.8213E+1	3.8146E+1	3.8054E+1
4.2975E+2	3.0875E+2	2.4767E+2	1.8224E+2	1.2666E+2	1.1228E+2	9.8602E+1	8.6339E+1	7.7194E+1	6.9301E+1	6.2250E+1	5.7589E+1	5.5117E+1	5.2149E+1	5.1104E+1	4.9508E+1	4.7842E+1	4.6440E+1	4.5334E+1	4.4176E+1	4.3046E+1	4.2104E+1	4.1292E+1	4.0696E+1	4.0075E+1	3.9635E+1	3.9321E+1	3.9010E+1	3.8778E+1	3.8584E+1	3.8425E+1	3.8323E+1	3.8221E+1	3.8124E+1	3.8081E+1
4.3104E+2	3.0998E+2	2.4835E+2	1.8122E+2	1.2704E+2	1.1325E+2	9.8887E+1	8.6834E+1	7.7114E+1	6.9387E+1	6.2440E+1	5.7399E+1	5.5167E+1	5.2118E+1	5.1104E+1	4.9493E+1	4.7888E+1	4.6482E+1	4.5297E+1	4.4208E+1	4.2999E+1	4.2103E+1	4.1261E+1	4.0670E+1	4.0101E+1	3.9648E+1	3.9345E+1	3.8986E+1	3.8772E+1	3.8559E+1	3.8430E+1	3.8308E+1	3.8210E+1	3.8134E+1	3.8093E+1
4.3238E+2	3.1102E+2	2.4794E+2	1.8154E+2	1.2658E+2	1.1285E+2	9.8345E+1	8.6601E+1	7.7029E+1	6.9247E+1	6.1647E+1	5.7473E+1	5.5082E+1	5.2113E+1	5.1081E+1	4.9492E+1	4.7818E+1	4.6471E+1	4.5288E+1	4.4132E+1	4.3002E+1	4.2103E+1	4.1270E+1	4.0703E+1	4.0074E+1	3.9655E+1	3.9306E+1	3.8981E+1	3.8753E+1	3.8551E+1	3.8406E+1	3.8311E+1	3.8194E+1	3.8124E+1	3.8079E+1
4.3378E+2	3.1220E+2	2.4725E+2	1.8196E+2	1.2696E+2	1.1226E+2	9.8937E+1	8.6935E+1	7.7318E+1	6.9621E+1	6.2068E+1	5.7473E+1	5.5097E+1	5.2193E+1	5.0982E+1	4.9507E+1	4.7892E+1	4.6422E+1	4.5239E+1	4.4177E+1	4.3018E+1	4.2078E+1	4.1263E+1	4.0626E+1	4.0069E+1	3.9645E+1	3.9321E+1	3.8997E+1	3.8757E+1	3.8554E+1	3.8417E+1	3.8293E+1	3.8178E+1	3.8112E+1	3.8018E+1
4.3381E+2	3.1151E+2	2.4743E+2	1.8233E+2	1.2680E+2	1.1279E+2	9.8310E+1	8.6536E+1	7.7206E+1	6.9463E+1	6.2053E+1	5.7377E+1	5.5122E+1	5.2047E+1	5.1066E+1	4.9510E+1	4.7884E+1	4.6387E+1	4.5230E+1	4.4081E+1	4.2997E+1	4.2093E+1	4.1248E+1	4.0622E+1	4.0034E+1	3.9641E+1	3.9292E+1	3.8972E+1	3.8737E+1	3.8555E+1	3.8410E+1	3.8287E+1	3.8160E+1	3.8110E+1	3.8027E+1
4.3552E+2	3.1192E+2	2.4663E+2	1.8207E+2	1.2686E+2	1.1277E+2	9.8574E+1	8.6108E+1	7.7234E+1	6.9355E+1	6.2147E+1	5.7350E+1	5.5184E+1	5.2117E+1	5.1064E+1	4.9443E+1	4.7873E+1	4.6418E+1	4.5229E+1	4.4126E+1	4.3036E+1	4.2129E+1	4.1239E+1	4.0625E+1	4.0067E+1	3.9620E+1	3.9301E+1	3.8952E+1	3.8738E+1	3.8541E+1	3.8397E+1	3.8269E+1	3.8169E+1	3.8055E+1	3.8065E+1
4.3584E+2	3.1133E+2	2.4707E+2	1.8160E+2	1.2637E+2	1.1263E+2	9.8127E+1	8.6460E+1	7.6786E+1	6.8946E+1	6.2380E+1	5.7403E+1	5.5144E+1	5.2067E+1	5.1019E+1	4.9456E+1	4.7798E+1	4.6459E+1	4.5204E+1	4.4115E+1	4.3010E+1	4.2078E+1	4.1222E+1	4.0629E+1	4.0044E+1	3.9618E+1	3.9281E+1	3.8958E+1	3.8727E+1	3.8526E+1	3.8394E+1	3.8266E+1	3.8150E+1	3.8086E+1	3.8020E+1
4.3547E+2	3.1171E+2	2.4816E+2	1.8145E+2	1.2683E+2	1.1222E+2	9.7847E+1	8.6590E+1	7.7428E+1	6.9463E+1	6.1830E+1	5.7370E+1	5.5130E+1	5.2109E+1	5.1072E+1	4.9431E+1	4.7854E+1	4.6405E+1	4.5241E+1	4.4106E+1	4.2929E+1	4.2013E+1	4.1233E+1	4.0593E+1	4.0035E+1	3.9615E+1	3.9262E+1	3.8960E+1	3.8706E+1	3.8527E+1	3.8365E+1	3.8240E+1	3.8140E+1	3.8095E+1	3.8009E+1
4.3741E+2	3.1135E+2	2.4827E+2	1.8172E+2	1.2681E+2	1.1225E+2	9.8430E+1	8.6079E+1	7.6984E+1	6.9625E+1	6.2463E+1	5.7333E+1	5.5082E+1	5.2103E+1	5.1000E+1	4.9399E+1	4.7861E+1	4.6402E+1	4.5189E+1	4.4054E+1	4.2995E+1	4.2022E+1	4.1218E+1	4.0607E+1	4.0007E+1	3.9556E+1	3.9258E+1	3.8923E+1	3.8696E+1	3.8495E+1	3.8372E+1	3.8249E+1	3.8147E+1	3.8041E+1	3.7993E+1
4.3726E+2	3.1112E+2	2.4864E+2	1.8262E+2	1.2626E+2	1.1247E+2	9.8481E+1	8.6567E+1	7.7376E+1	6.9239E+1	6.1932E+1	5.7300E+1	5.5060E+1	5.2087E+1	5.1028E+1	4.9505E+1	4.7745E+1	4.6356E+1	4.5153E+1	4.4126E+1	4.2980E+1	4.2005E+1	4.1194E+1	4.0597E+1	4.0037E+1	3.9564E+1	3.9262E+1	3.8918E+1	3.8702E+1	3.8500E+1	3.8350E+1	3.8222E+1	3.8130E+1	3.8039E+1	3.7978E+1
4.3668E+2	3.1151E+2	2.4878E+2	1.8243E+2	1.2638E+2	1.1231E+2	9.8245E+1	8.6192E+1	7.6816E+1	6.9017E+1	6.2399E+1	5.7265E+1	5.4977E+1	5.1996E+1	5.1023E+1	4.9440E+1	4.7760E+1	4.6293E+1	4.5202E+1	4.4050E+1	4.2937E+1	4.2052E+1	4.1166E+1	4.0589E+1	4.0009E+1	3.9580E+1	3.9258E+1	3.8897E+1	3.8678E+1	3.8497E+1	3.8333E+1	3.8217E+1	3.8128E+1	3.8029E+1	3.7971E+1
4.3798E+2	3.1260E+2	2.4886E+2	1.8198E+2	1.2652E+2	1.1241E+2	9.8050E+1	8.6277E+1	7.6484E+1	6.8981E+1	6.2164E+1	5.7249E+1	5.5015E+1	5.2074E+1	5.0959E+1	4.9334E+1	4.7792E+1	4.6379E+1	4.5189E+1	4.4034E+1	4.3011E+1	4.2060E+1	4.1272E+1	4.0614E+1	3.9976E+1	3.9555E+1	3.9229E+1	3.8922E+1	3.8641E+1	3.8477E+1	3.8330E+1	3.8186E+1	3.8119E+1	3.8020E+1	3.7982E+1
4.3802E+2	3.1287E+2	2.4917E+2	1.8251E+2	1.2671E+2	1.1250E+2	9.8312E+1	8.5906E+1	7.6849E+1	6.8692E+1	6.1882E+1	5.7314E+1	5.5028E+1	5.2059E+1	5.1004E+1	4.9497E+1	4.7776E+1	4.6398E+1	4.5153E+1	4.4088E+1	4.2960E+1	4.1997E+1	4.1194E+1	4.0516E+1	3.9964E+1	3.9556E+1	3.9228E+1	3.8879E+1	3.8654E+1	3.8471E+1	3.8315E+1	3.8193E+1	3.8091E+1	3.8019E+1	3.7963E+1
4.3843E+2	3.1377E+2	2.4871E+2	1.8165E+2	1.2645E+2	1.1220E+2	9.7999E+1	8.6079E+1	7.6822E+1	6.9032E+1	6.2074E+1	5.7269E+1	5.5008E+1	5.1974E+1	5.0936E+1	4.9365E+1	4.7774E+1	4.6338E+1	4.5214E+1	4.4003E+1	4.2926E+1	4.1966E+1	4.1165E+1	4.0546E+1	3.9943E+1	3.9538E+1	3.9241E+1	3.8868E+1	3.8640E+1	3.8456E+1	3.8301E+1	3.8177E+1	3.8074E+1	3.8008E+1	3.7943E+1
4.3841E+2	3.1497E+2	2.4870E+2	1.8224E+2	1.2682E+2	1.1226E+2	9.7947E+1	8.6411E+1	7.6847E+1	6.9190E+1	6.2129E+1	5.7283E+1	5.4995E+1	5.1991E+1	5.0914E+1	4.9349E+1	4.7757E+1	4.6373E+1	4.5207E+1	4.4031E+1	4.2902E+1	4.1971E+1	4.1151E+1	4.0548E+1	3.9952E+1	3.9524E+1	3.9206E+1	3.8878E+1	3.8651E+1	3.8468E+1	3.8308E+1	3.8171E+1	3.8074E+1	3.7984E+1	3.7894E+1
4.3862E+2	3.1615E+2	2.4926E+2	1.8271E+2	1.2623E+2	1.1239E+2	9.7950E+1	8.6316E+1	7.6637E+1	6.8979E+1	6.1989E+1	5.7316E+1	5.4978E+1	5.2034E+1	5.0971E+1	4.9380E+1	4.7724E+1	4.6373E+1	4.5175E+1	4.4053E+1	4.2908E+1	4.1961E+1	4.1144E+1	4.0551E+1	3.9979E+1	3.9509E+1	3.9175E+1	3.8860E+1	3.8604E+1	3.8427E+1	3.8268E+1	3.8169E+1	3.8052E+1	3.8007E+1	3.7922E+1
4.4195E+2	3.1433E+2	2.4971E+2	1.8204E+2	1.2615E+2	1.1227E+2	9.7826E+1	8.6346E+1	7.7032E+1	6.8776E+1	6.1952E+1	5.7189E+1	5.4915E+1	5.2018E+1	5.0872E+1	4.9365E+1	4.7744E+1	4.6368E+1	4.5120E+1	4.4032E+1	4.2885E+1	4.1992E+1	4.1194E+1	4.0490E+1	3.9919E+1	3.9499E+1	3.9195E+1	3.8859E+1	3.8634E+1	3.8445E+1	3.8267E+1	3.8146E+1	3.8045E+1	3.7974E+1	3.7889E+1
4.4191E+2	3.1486E+2	2.4951E+2	1.8171E+2	1.2645E+2	1.1182E+2	9.8232E+1	8.6286E+1	7.6925E+1	6.8929E+1	6.1900E+1	5.7261E+1	5.4928E+1	5.2006E+1	5.0948E+1	4.9338E+1	4.7675E+1	4.6271E+1	4.5104E+1	4.4002E+1	4.2903E+1	4.2003E+1	4.1140E+1	4.0475E+1	3.9940E+1	3.9502E+1	3.9190E+1	3.8847E+1	3.8606E+1	3.8427E+1	3.8260E+1	3.8143E+1	3.8045E+1	3.7977E+1	3.7908E+1
4.4161E+2	3.1486E+2	2.5027E+2	1.8121E+2	1.2572E+2	1.1197E+2	9.7802E+1	8.5585E+1	7.7153E+1	6.8725E+1	6.2400E+1	5.7205E+1	5.4972E+1	5.1969E+1	5.0936E+1	4.9382E+1	4.7738E+1	4.6259E+1	4.5078E+1	4.3935E+1	4.2890E+1	4.1981E+1	4.1113E+1	4.0470E+1	3.9920E+1	3.9478E+1	3.9135E+1	3.8830E+1	3.8612E+1	3.8410E+1	3.8273E+1	3.8130E+1	3.8028E+1	3.7956E+1	3.7885E+1
4.4355E+2	3.1480E+2	2.5015E+2	1.8235E+2	1.2606E+2	1.1246E+2	9.7424E+1	8.6029E+1	7.6560E+1	6.8708E+1	6.1824E+1	5.7269E+1	5.4879E+1	5.1958E+1	5.0971E+1	4.9368E+1	4.7675E+1	4.6277E+1	4.5098E+1	4.3987E+1	4.2864E+1	4.1915E+1	4.1106E+1	4.0509E+1	3.9924E+1	3.9463E+1	3.9159E+1	3.8824E+1	3.8573E+1	3.8404E+1	3.8247E+1	3.8129E+1	3.8037E+1	3.7953E+1	3.7892E+1
4.4426E+2	3.1455E+2	2.4952E+2	1.8271E+2	1.2637E+2	1.1195E+2	9.7447E+1	8.5970E+1	7.6555E+1	6.8615E+1	6.2015E+1	5.7085E+1	5.4850E+1	5.1934E+1	5.0827E+1	4.9316E+1	4.7671E+1	4.6311E+1	4.5087E+1	4.3946E+1	4.2856E+1	4.1933E+1	4.1096E+1	4.0503E+1	3.9883E+1	3.9479E+1	3.9112E+1	3.8835E+1	3.8568E+1	3.8376E+1	3.8238E+1	3.8104E+1	3.8028E+1	3.7971E+1	3.7858E+1
4.4575E+2	3.1459E+2	2.4910E+2	1.8214E+2	1.2539E+2	1.1189E+2	9.7496E+1	8.5526E+1	7.6530E+1	6.8665E+1	6.1673E+1	5.7136E+1	5.4942E+1	5.1938E+1	5.0849E+1	4.9371E+1	4.7681E+1	4.6303E+1	4.5083E+1	4.3932E+1	4.2879E+1	4.1929E+1	4.1066E+1	4.0435E+1	3.9903E+1	3.9447E+1	3.9098E+1	3.8812E+1	3.8591E+1	3.8349E+1	3.8211E+1	3.8080E+1	3.7990E+1	3.7917E+1	3.7878E+1
4.4643E+2	3.1522E+2	2.4938E+2	1.8175E+2	1.2576E+2	1.1212E+2	9.7696E+1	8.5837E+1	7.6584E+1	6.8359E+1	6.2101E+1	5.7166E+1	5.4888E+1	5.1934E+1	5.0922E+1	4.9300E+1	4.7712E+1	4.6276E+1	4.5080E+1	4.4018E+1	4.2865E+1	4.1885E+1	4.1086E+1	4.0423E+1	3.9874E+1	3.9446E+1	3.9125E+1	3.8804E+1	3.8552E+1	3.8357E+1	3.8206E+1	3.8077E+1	3.7980E+1	3.7892E+1	3.7848E+1
4.4816E+2	3.1636E+2	2.4968E+2	1.8149E+2	1.2640E+2	1.1163E+2	9.7198E+1	8.5906E+1	7.7000E+1	6.8781E+1	6.2043E+1	5.7084E+1	5.4912E+1	5.1961E+1	5.0817E+1	4.9329E+1	4.7737E+1	4.6233E+1	4.5042E+1	4.3945E+1	4.2833E+1	4.1933E+1	4.1057E+1	4.0453E+1	3.9905E+1	3.9442E+1	3.9097E+1	3.8780E+1	3.8540E+1	3.8352E+1	3.8213E+1	3.8093E+1	3.7966E+1	3.7926E+1	3.7872E+1
4.4950E+2	3.1713E+2	2.5055E+2	1.8207E+2	1.2568E+2	1.1173E+2	9.8127E+1	8.5335E+1	7.6922E+1	6.8693E+1	6.2052E+1	5.7111E+1	5.4841E+1	5.1885E+1	5.0851E+1	4.9303E+1	4.7644E+1	4.6207E+1	4.5044E+1	4.3902E+1	4.2830E+1	4.1899E+1	4.1089E+1	4.0423E+1	3.9878E+1	3.9441E+1	3.9099E+1	3.8756E+1	3.8550E+1	3.8360E+1	3.8193E+1	3.8053E+1	3.7988E+1	3.7884E+1	3.7844E+1
4.4925E+2	3.1743E+2	2.5100E+2	1.8212E+2	1.2586E+2	1.1181E+2	9.7562E+1	8.5745E+1	7.6484E+1	6.8455E+1	6.1623E+1	5.7093E+1	5.4939E+1	5.1858E+1	5.0823E+1	4.9215E+1	4.7685E+1	4.6245E+1	4.5062E+1	4.3987E+1	4.2836E+1	4.1895E+1	4.1072E+1	4.0419E+1	3.9877E+1	3.9387E+1	3.9072E+1	3.8765E+1	3.8529E+1	3.8332E+1	3.8199E+1	3.8061E+1	3.7977E+1	3.7909E+1	3.7830E+1
4.5061E+2	3.1857E+2	2.5153E+2	1.8243E+2	1.2613E+2	1.1125E+2	9.7732E+1	8.5388E+1	7.5971E+1	6.8737E+1	6.1429E+1	5.7049E+1	5.4782E+1	5.1846E+1	5.0850E+1	4.9229E+1	4.7636E+1	4.6206E+1	4.5037E+1	4.3933E+1	4.2791E+1	4.1857E+1	4.1039E+1	4.0409E+1	3.9853E+1	3.9379E+1	3.9103E+1	3.8786E+1	3.8507E+1	3.8316E+1	3.8166E+1	3.8053E+1	3.7955E+1	3.7873E+1	3.7797E+1
4.5096E+2	3.1926E+2	2.5137E+2	1.8217E+2	1.2563E+2	1.1156E+2	9.7412E+1	8.5515E+1	7.6510E+1	6.8936E+1	6.1800E+1	5.7065E+1	5.4851E+1	5.1786E+1	5.0802E+1	4.9222E+1	4.7635E+1	4.6252E+1	4.5064E+1	4.3876E+1	4.2809E+1	4.1862E+1	4.1041E+1	4.0408E+1	3.9829E+1	3.9389E+1	3.9066E+1	3.8749E+1	3.8531E+1	3.8309E+1	3.8157E+1	3.8033E+1	3.7956E+1	3.7867E+1	3.7804E+1
4.5281E+2	3.1999E+2	2.5076E+2	1.8142E+2	1.2543E+2	1.1151E+2	9.7540E+1	8.5484E+1	7.6481E+1	6.8591E+1	6.1844E+1	5.7068E+1	5.4762E+1	5.1853E+1	5.0877E+1	4.9148E+1	4.7651E+1	4.6226E+1	4.4940E+1	4.3910E+1	4.2785E+1	4.1897E+1	4.1020E+1	4.0410E+1	3.9827E+1	3.9387E+1	3.9046E+1	3.8729E+1	3.8486E+1	3.8292E+1	3.8144E+1	3.8008E+1	3.7936E+1	3.7855E+1	3.7804E+1
4.5218E+2	3.1962E+2	2.5080E+2	1.8180E+2	1.2596E+2	1.1173E+2	9.7370E+1	8.5298E+1	7.6250E+1	6.8551E+1	6.1580E+1	5.7065E+1	5.4774E+1	5.1833E+1	5.0742E+1	4.9225E+1	4.7627E+1	4.6236E+1	4.4996E+1	4.3911E+1	4.2809E+1	4.1837E+1	4.1017E+1	4.0388E+1	3.9795E+1	3.9378E+1	3.9067E+1	3.8748E+1	3.8483E+1	3.8288E+1	3.8144E+1	3.8018E+1	3.7924E+1	3.7852E+1	3.7781E+1
4.5267E+2	3.1940E+2	2.5091E+2	1.8237E+2	1.2529E+2	1.1135E+2	9.7140E+1	8.5837E+1	7.6189E+1	6.8756E+1	6.1799E+1	5.7009E+1	5.4799E+1	5.1758E+1	5.0780E+1	4.9168E+1	4.7595E+1	4.6200E+1	4.4970E+1	4.3886E+1	4.2785E+1	4.1830E+1	4.0979E+1	4.0363E+1	3.9827E+1	3.9350E+1	3.9032E+1	3.8708E+1	3.8478E+1	3.8302E+1	3.8145E+1	3.8014E+1	3.7928E+1	3.7848E+1	3.7823E+1
4.5315E+2	3.1870E+2	2.5091E+2	1.8272E+2	1.2493E+2	1.1100E+2	9.7342E+1	8.5076E+1	7.6105E+1	6.8725E+1	6.1357E+1	5.6985E+1	5.4724E+1	5.1779E+1	5.0809E+1	4.9241E+1	4.7672E+1	4.6217E+1	4.4949E+1	4.3871E+1	4.2866E+1	4.1828E+1	4.1003E+1	4.0361E+1	3.9799E+1	3.9364E+1	3.9016E+1	3.8708E+1	3.8479E+1	3.8271E+1	3.8127E+1	3.7997E+1	3.7901E+1	3.7823E+1	3.7767E+1
4.5327E+2	3.1923E+2	2.5168E+2	1.8226E+2	1.2599E+2	1.1160E+2	9.7311E+1	8.5530E+1	7.6169E+1	6.8522E+1	6.1668E+1	5.6931E+1	5.4757E+1	5.1810E+1	5.0718E+1	4.9280E+1	4.7575E+1	4.6198E+1	4.5020E+1	4.3897E+1	4.2752E+1	4.1830E+1	4.0969E+1	4.0343E+1	3.9797E+1	3.9351E+1	3.9020E+1	3.8683E+1	3.8463E+1	3.8282E+1	3.8104E+1	3.7992E+1	3.7899E+1	3.7830E+1	3.7753E+1
4.5482E+2	3.2028E+2	2.5186E+2	1.8227E+2	1.2540E+2	1.1116E+2	9.7215E+1	8.5265E+1	7.6010E+1	6.8321E+1	6.1611E+1	5.7051E+1	5.4765E+1	5.1721E+1	5.0706E+1	4.9159E+1	4.7615E+1	4.6189E+1	4.4946E+1	4.3872E+1	4.2752E+1	4.1817E+1	4.1000E+1	4.0323E+1	3.9805E+1	3.9338E+1	3.9021E+1	3.8682E+1	3.8448E+1	3.8272E+1	3.8101E+1	3.7982E+1	3.7891E+1	3.7817E+1	3.7747E+1
4.5452E+2	3.1949E+2	2.5199E+2	1.8184E+2	1.2558E+2	1.1114E+2	9.7610E+1	8.5178E+1	7.6356E+1	6.8318E+1	6.1519E+1	5.6923E+1	5.4559E+1	5.1761E+1	5.0755E+1	4.9128E+1	4.7640E+1	4.6175E+1	4.4958E+1	4.3833E+1	4.2736E+1	4.1803E+1	4.0974E+1	4.0362E+1	3.9770E+1	3.9327E+1	3.9001E+1	3.8666E+1	3.8435E+1	3.8233E+1	3.8099E+1	3.7967E+1	3.7876E+1	3.7792E+1	3.7692E+1
4.5447E+2	3.1978E+2	2.5272E+2	1.8171E+2	1.2535E+2	1.1143E+2	9.6967E+1	8.5372E+1	7.6193E+1	6.8524E+1	6.1550E+1	5.6976E+1	5.4679E+1	5.1792E+1	5.0727E+1	4.9157E+1	4.7579E+1	4.6161E+1	4.4924E+1	4.3851E+1	4.2703E+1	4.1810E+1	4.0958E+1	4.0329E+1	3.9771E+1	3.9314E+1	3.8985E+1	3.8679E+1	3.8428E+1	3.8237E+1	3.8079E+1	3.7944E+1	3.7865E+1	3.7784E+1	3.7724E+1
4.5613E+2	3.2083E+2	2.5204E+2	1.8221E+2	1.2533E+2	1.1120E+2	9.6673E+1	8.5206E+1	7.6113E+1	6.8082E+1	6.1634E+1	5.6863E+1	5.4653E+1	5.1744E+1	5.0724E+1	4.9136E+1	4.7576E+1	4.6155E+1	4.4903E+1	4.3849E+1	4.2695E+1	4.1764E+1	4.0929E+1	4.0361E+1	3.9746E+1	3.9331E+1	3.8951E+1	3.8656E+1	3.8416E+1	3.8241E+1	3.8083E+1	3.7937E+1	3.7861E+1	3.7736E+1	3.7681E+1
4.5609E+2	3.2168E+2	2.5133E+2	1.8239E+2	1.2511E+2	1.1110E+2	9.7219E+1	8.4900E+1	7.6202E+1	6.8746E+1	6.1411E+1	5.6851E+1	5.4679E+1	5.1707E+1	5.0731E+1	4.9269E+1	4.7619E+1	4.6068E+1	4.4945E+1	4.3841E+1	4.2711E+1	4.1753E+1	4.0947E+1	4.0277E+1	3.9736E+1	3.9296E+1	3.8985E+1	3.8660E+1	3.8397E+1	3.8232E+1	3.8045E+1	3.7953E+1	3.7840E+1	3.7764E+1	3.7690E+1
4.5697E+2	3.2246E+2	2.5133E+2	1.8194E+2	1.2520E+2	1.1083E+2	9.6786E+1	8.5413E+1	7.6087E+1	6.8367E+1	6.1498E+1	5.6912E+1	5.4583E+1	5.1745E+1	5.0678E+1	4.9101E+1	4.7494E+1	4.6156E+1	4.4968E+1	4.3824E+1	4.2677E+1	4.1764E+1	4.0929E+1	4.0307E+1	3.9740E+1	3.9309E+1	3.8946E+1	3.8626E+1	3.8384E+1	3.8200E+1	3.8037E+1	3.7906E+1	3.7849E+1	3.7770E+1	3.7689E+1
4.5881E+2	3.2252E+2	2.5154E+2	1.8137E+2	1.2502E+2	1.1053E+2	9.6265E+1	8.5143E+1	7.5761E+1	6.8461E+1	6.1312E+1	5.6876E+1	5.4655E+1	5.1729E+1	5.0653E+1	4.9066E+1	4.7485E+1	4.6180E+1	4.4881E+1	4.3832E+1	4.2710E+1	4.1770E+1	4.0912E+1	4.0271E+1	3.9707E+1	3.9255E+1	3.8962E+1	3.8623E+1	3.8381E+1	3.8190E+1	3.8041E+1	3.7924E+1	3.7839E+1	3.7746E+1	3.7671E+1
4.5974E+2	3.2259E+2	2.5207E+2	1.8166E+2	1.2447E+2	1.1096E+2	9.6919E+1	8.4867E+1	7.6086E+1	6.8356E+1	6.1480E+1	5.6923E+1	5.4729E+1	5.1609E+1	5.0660E+1	4.9040E+1	4.7502E+1	4.6092E+1	4.4863E+1	4.3831E+1	4.2660E+1	4.1753E+1	4.0907E+1	4.0291E+1	3.9711E+1	3.9281E+1	3.8945E+1	3.8612E+1	3.8353E+1	3.8168E+1	3.8043E+1	3.7906E+1	3.7799E+1	3.7722E+1	3.7642E+1
4.6118E+2	3.2233E+2	2.5272E+2	1.8226E+2	1.2526E+2	1.1082E+2	9.6473E+1	8.5075E+1	7.5555E+1	6.8629E+1	6.1273E+1	5.6774E+1	5.4616E+1	5.1632E+1	5.0621E+1	4.9086E+1	4.7448E+1	4.6053E+1	4.4891E+1	4.3787E+1	4.2678E+1	4.1735E+1	4.0921E+1	4.0244E+1	3.9691E+1	3.9253E+1	3.8930E+1	3.8613E+1	3.8360E+1	3.8191E+1	3.8020E+1	3.7880E+1	3.7804E+1	3.7746E+1	3.7664E+1
4.6214E+2	3.2236E+2	2.5282E+2	1.8182E+2	1.2518E+2	1.1058E+2	9.6547E+1	8.5050E+1	7.5965E+1	6.8500E+1	6.1479E+1	5.6661E+1	5.4525E+1	5.1699E+1	5.0631E+1	4.9105E+1	4.7432E+1	4.6041E+1	4.4833E+1	4.3690E+1	4.2677E+1	4.1661E+1	4.0877E+1	4.0277E+1	3.9697E+1	3.9263E+1	3.8924E+1	3.8599E+1	3.8375E+1	3.8181E+1	3.7998E+1	3.7879E+1	3.7781E+1	3.7679E+1	3.7644E+1
4.6396E+2	3.2188E+2	2.5326E+2	1.8185E+2	1.2415E+2	1.1087E+2	9.6284E+1	8.4837E+1	7.5980E+1	6.8708E+1	6.1404E+1	5.6752E+1	5.4594E+1	5.1717E+1	5.0538E+1	4.9024E+1	4.7446E+1	4.5987E+1	4.4843E+1	4.3766E+1	4.2621E+1	4.1732E+1	4.0874E+1	4.0221E+1	3.9680E+1	3.9260E+1	3.8912E+1	3.8573E+1	3.8363E+1	3.8157E+1	3.8018E+1	3.7862E+1	3.7801E+1	3.7722E+1	3.7637E+1
4.6445E+2	3.2154E+2	2.5329E+2	1.8093E+2	1.2454E+2	1.1037E+2	9.6458E+1	8.5083E+1	7.5367E+1	6.8128E+1	6.0979E+1	5.6700E+1	5.4530E+1	5.1604E+1	5.0616E+1	4.9108E+1	4.7389E+1	4.5999E+1	4.4851E+1	4.3795E+1	4.2623E+1	4.1681E+1	4.0848E+1	4.0272E+1	3.9671E+1	3.9212E+1	3.8907E+1	3.8569E+1	3.8349E+1	3.8137E+1	3.7995E+1	3.7889E+1	3.7791E+1	3.7696E+1	3.7645E+1
4.6558E+2	3.2199E+2	2.5219E+2	1.8119E+2	1.2454E+2	1.1071E+2	9.6263E+1	8.4569E+1	7.5848E+1	6.8233E+1	6.1334E+1	5.6667E+1	5.4467E+1	5.1565E+1	5.0561E+1	4.9036E+1	4.7450E+1	4.6043E+1	4.4870E+1	4.3733E+1	4.2583E+1	4.1624E+1	4.0855E+1	4.0240E+1	3.9672E+1	3.9228E+1	3.8887E+1	3.8576E+1	3.8338E+1	3.8143E+1	3.7986E+1	3.7873E+1	3.7768E+1	3.7661E+1	3.7626E+1
4.6664E+2	3.2296E+2	2.5204E+2	1.8172E+2	1.2401E+2	1.1035E+2	9.7036E+1	8.4442E+1	7.5628E+1	6.8233E+1	6.1203E+1	5.6682E+1	5.4465E+1	5.1584E+1	5.0563E+1	4.9014E+1	4.7384E+1	4.6007E+1	4.4833E+1	4.3768E+1	4.2589E+1	4.1712E+1	4.0849E+1	4.0238E+1	3.9630E+1	3.9226E+1	3.8896E+1	3.8566E+1	3.8333E+1	3.8129E+1	3.7985E+1	3.7857E+1	3.7774E+1	3.7667E+1	3.7630E+1
4.6613E+2	3.2364E+2	2.5217E+2	1.8197E+2	1.2433E+2	1.1009E+2	9.6054E+1	8.4422E+1	7.5817E+1	6.8094E+1	6.1521E+1	5.6657E+1	5.4400E+1	5.1550E+1	5.0533E+1	4.9020E+1	4.7461E+1	4.5978E+1	4.4781E+1	4.3709E+1	4.2593E+1	4.1630E+1	4.0840E+1	4.0229E+1	3.9661E+1	3.9193E+1	3.8895E+1	3.8543E+1	3.8323E+1	3.8118E+1	3.7970E+1	3.7860E+1	3.7744E+1	3.7656E+1	3.7577E+1
4.6816E+2	3.2468E+2	2.5235E+2	1.8164E+2	1.2483E+2	1.1029E+2	9.6399E+1	8.3956E+1	7.5380E+1	6.8011E+1	6.1018E+1	5.6688E+1	5.4455E+1	5.1672E+1	5.0555E+1	4.9022E+1	4.7388E+1	4.5948E+1	4.4822E+1	4.3749E+1	4.2614E+1	4.1636E+1	4.0842E+1	4.0205E+1	3.9623E+1	3.9207E+1	3.8856E+1	3.8547E+1	3.8316E+1	3.8112E+1	3.7961E+1	3.7847E+1	3.7733E+1	3.7660E+1	3.7567E+1
4.6945E+2	3.2577E+2	2.5369E+2	1.8120E+2	1.2368E+2	1.0976E+2	9.5951E+1	8.5283E+1	7.5464E+1	6.7773E+1	6.1152E+1	5.6734E+1	5.4482E+1	5.1533E+1	5.0443E+1	4.9100E+1	4.7380E+1	4.5927E+1	4.4860E+1	4.3730E+1	4.2588E+1	4.1635E+1	4.0843E+1	4.0218E+1	3.9648E+1	3.9200E+1	3.8872E+1	3.8539E+1	3.8306E+1	3.8113E+1	3.7958E+1	3.7811E+1	3.7712E+1	3.7656E+1	3.7604E+1
4.6871E+2	3.2550E+2	2.5364E+2	1.8129E+2	1.2428E+2	1.1004E+2	9.6244E+1	8.4218E+1	7.5545E+1	6.7811E+1	6.1379E+1	5.6649E+1	5.4430E+1	5.1609E+1	5.0465E+1	4.9004E+1	4.7424E+1	4.5994E+1	4.4786E+1	4.3681E+1	4.2569E+1	4.1672E+1	4.0801E+1	4.0188E+1	3.9588E+1	3.9156E+1	3.8855E+1	3.8536E+1	3.8282E+1	3.8086E+1	3.7934E+1	3.7834E+1	3.7707E+1	3.7637E+1	3.7582E+1
4.6921E+2	3.2555E+2	2.5385E+2	1.8110E+2	1.2408E+2	1.0955E+2	9.6073E+1	8.4326E+1	7.5682E+1	6.7882E+1	6.1332E+1	5.6611E+1	5.4387E+1	5.1518E+1	5.0448E+1	4.8945E+1	4.7356E+1	4.5922E+1	4.4821E+1	4.3695E+1	4.2527E+1	4.1653E+1	4.0800E+1	4.0193E+1	3.9577E+1	3.9166E+1	3.8843E+1	3.8522E+1	3.8288E+1	3.8088E+1	3.7918E+1	3.7767E+1	3.7687E+1	3.7613E+1	3.7574E+1
4.7032E+2	3.2518E+2	2.5290E+2	1.8111E+2	1.2396E+2	1.1006E+2	9.5968E+1	8.4403E+1	7.5119E+1	6.7642E+1	6.1373E+1	5.6603E+1	5.4327E+1	5.1556E+1	5.0500E+1	4.8946E+1	4.7335E+1	4.5906E+1	4.4780E+1	4.3657E+1	4.2583E+1	4.1613E+1	4.0815E+1	4.0147E+1	3.9579E+1	3.9160E+1	3.8830E+1	3.8518E+1	3.8269E+1	3.8083E+1	3.7920E+1	3.7807E+1	3.7697E+1	3.7635E+1	3.7525E+1
4.6998E+2	3.2582E+2	2.5340E+2	1.8166E+2	1.2374E+2	1.0979E+2	9.5988E+1	8.4084E+1	7.5611E+1	6.7737E+1	6.1315E+1	5.6560E+1	5.4356E+1	5.1491E+1	5.0495E+1	4.8965E+1	4.7424E+1	4.5916E+1	4.4707E+1	4.3607E+1	4.2607E+1	4.1650E+1	4.0786E+1	4.0172E+1	3.9594E+1	3.9172E+1	3.8816E+1	3.8493E+1	3.8238E+1	3.8042E+1	3.7930E+1	3.7794E+1	3.7677E+1	3.7600E+1	3.7550E+1
4.6959E+2	3.2570E+2	2.5324E+2	1.8133E+2	1.2395E+2	1.0948E+2	9.5836E+1	8.4392E+1	7.5372E+1	6.7507E+1	6.1245E+1	5.6474E+1	5.4386E+1	5.1392E+1	5.0520E+1	4.8938E+1	4.7427E+1	4.5923E+1	4.4736E+1	4.3626E+1	4.2537E+1	4.1599E+1	4.0744E+1	4.0160E+1	3.9576E+1	3.9134E+1	3.8817E+1	3.8506E+1	3.8225E+1	3.8041E+1	3.7888E+1	3.7768E+1	3.7690E+1	3.7588E+1	3.7547E+1
4.7111E+2	3.2515E+2	2.5291E+2	1.8053E+2	1.2392E+2	1.0967E+2	9.5311E+1	8.4018E+1	7.5052E+1	6.7657E+1	6.1202E+1	5.6526E+1	5.4276E+1	5.1517E+1	5.0498E+1	4.8939E+1	4.7268E+1	4.5916E+1	4.4743E+1	4.3645E+1	4.2494E+1	4.1583E+1	4.0767E+1	4.0146E+1	3.9580E+1	3.9147E+1	3.8809E+1	3.8477E+1	3.8243E+1	3.8051E+1	3.7902E+1	3.7752E+1	3.7663E+1	3.7572E+1	3.7519E+1
4.7197E+2	3.2614E+2	2.5244E+2	1.8065E+2	1.2336E+2	1.0946E+2	9.5631E+1	8.4055E+1	7.5273E+1	6.7682E+1	6.0793E+1	5.6488E+1	5.4317E+1	5.1401E+1	5.0404E+1	4.8800E+1	4.7371E+1	4.5903E+1	4.4788E+1	4.3622E+1	4.2502E+1	4.1594E+1	4.0744E+1	4.0130E+1	3.9555E+1	3.9145E+1	3.8796E+1	3.8487E+1	3.8227E+1	3.8009E+1	3.7877E+1	3.7761E+1	3.7672E+1	3.7591E+1	3.7489E+1
4.7509E+2	3.2789E+2	2.5357E+2	1.8022E+2	1.2294E+2	1.0982E+2	9.5914E+1	8.4039E+1	7.4981E+1	6.7776E+1	6.0904E+1	5.6404E+1	5.4220E+1	5.1480E+1	5.0386E+1	4.8902E+1	4.7306E+1	4.5873E+1	4.4703E+1	4.3591E+1	4.2526E+1	4.1564E+1	4.0753E+1	4.0137E+1	3.9554E+1	3.9103E+1	3.8752E+1	3.8458E+1	3.8196E+1	3.8029E+1	3.7863E+1	3.7747E+1	3.7653E+1	3.7573E+1	3.7492E+1
4.7450E+2	3.2617E+2	2.5378E+2	1.8082E+2	1.2373E+2	1.0934E+2	9.5773E+1	8.3864E+1	7.5033E+1	6.7536E+1	6.1064E+1	5.6369E+1	5.4329E+1	5.1361E+1	5.0340E+1	4.8910E+1	4.7300E+1	4.5806E+1	4.4704E+1	4.3625E+1	4.2509E+1	4.1553E+1	4.0764E+1	4.0114E+1	3.9561E+1	3.9096E+1	3.8784E+1	3.8452E+1	3.8205E+1	3.7988E+1	3.7868E+1	3.7742E+1	3.7634E+1	3.7556E+1	3.7494E+1
4.7588E+2	3.2698E+2	2.5278E+2	1.8064E+2	1.2356E+2	1.0906E+2	9.5450E+1	8.3508E+1	7.5100E+1	6.7714E+1	6.1305E+1	5.6430E+1	5.4183E+1	5.1463E+1	5.0330E+1	4.8822E+1	4.7214E+1	4.5863E+1	4.4664E+1	4.3611E+1	4.2490E+1	4.1515E+1	4.0720E+1	4.0106E+1	3.9537E+1	3.9084E+1	3.8753E+1	3.8428E+1	3.8207E+1	3.8007E+1	3.7845E+1	3.7719E+1	3.7626E+1	3.7553E+1	3.7490E+1
4.7633E+2	3.2705E+2	2.5350E+2	1.8033E+2	1.2318E+2	1.0915E+2	9.5049E+1	8.3557E+1	7.4619E+1	6.7312E+1	6.0762E+1	5.6449E+1	5.4237E+1	5.1331E+1	5.0356E+1	4.8751E+1	4.7280E+1	4.5826E+1	4.4665E+1	4.3584E+1	4.2495E+1	4.1506E+1	4.0727E+1	4.0107E+1	3.9520E+1	3.9075E+1	3.8760E+1	3.8403E+1	3.8189E+1	3.8009E+1	3.7820E+1	3.7714E+1	3.7598E+1	3.7537E+1	3.7453E+1
4.7712E+2	3.2709E+2	2.5305E+2	1.8055E+2	1.2313E+2	1.0863E+2	9.5278E+1	8.4042E+1	7.4766E+1	6.7329E+1	6.1174E+1	5.6285E+1	5.4222E+1	5.1326E+1	5.0321E+1	4.8759E+1	4.7255E+1	4.5864E+1	4.4681E+1	4.3598E+1	4.2443E+1	4.1550E+1	4.0721E+1	4.0069E+1	3.9496E+1	3.9076E+1	3.8737E+1	3.8416E+1	3.8205E+1	3.7994E+1	3.7821E+1	3.7723E+1	3.7608E+1	3.7506E+1	3.7465E+1
4.7829E+2	3.2766E+2	2.5309E+2	1.8013E+2	1.2257E+2	1.0879E+2	9.4968E+1	8.3737E+1	7.4893E+1	6.7585E+1	6.0631E+1	5.6372E+1	5.4201E+1	5.1324E+1	5.0322E+1	4.8819E+1	4.7220E+1	4.5771E+1	4.4647E+1	4.3547E+1	4.2434E+1	4.1539E+1	4.0690E+1	4.0078E+1	3.9523E+1	3.9063E+1	3.8717E+1	3.8430E+1	3.8161E+1	3.7970E+1	3.7830E+1	3.7696E+1	3.7576E+1	3.7528E+1	3.7456E+1
4.8223E+2	3.2964E+2	2.5123E+2	1.8149E+2	1.2329E+2	1.0928E+2	9.4655E+1	8.3652E+1	7.4824E+1	6.7234E+1	6.0595E+1	5.6265E+1	5.4259E+1	5.1258E+1	5.0304E+1	4.8768E+1	4.7214E+1	4.5801E+1	4.4694E+1	4.3523E+1	4.2454E+1	4.1504E+1	4.0660E+1	4.0048E+1	3.9489E+1	3.9102E+1	3.8719E+1	3.8364E+1	3.8131E+1	3.7975E+1	3.7809E+1	3.7702E+1	3.7594E+1	3.7532E+1	3.7444E+1
4.8166E+2	3.2862E+2	2.5213E+2	1.8031E+2	1.2232E+2	1.0838E+2	9.4950E+1	8.3246E+1	7.4686E+1	6.7296E+1	6.0864E+1	5.6412E+1	5.4145E+1	5.1232E+1	5.0302E+1	4.8756E+1	4.7178E+1	4.5863E+1	4.4591E+1	4.3501E+1	4.2448E+1	4.1516E+1	4.0700E+1	4.0039E+1	3.9474E+1	3.9030E+1	3.8721E+1	3.8408E+1	3.8146E+1	3.7954E+1	3.7811E+1	3.7667E+1	3.7571E+1	3.7505E+1	3.7426E+1
4.8259E+2	3.2785E+2	2.5304E+2	1.7988E+2	1.2234E+2	1.0874E+2	9.4796E+1	8.3463E+1	7.4722E+1	6.7165E+1	6.0427E+1	5.6333E+1	5.4051E+1	5.1324E+1	5.0293E+1	4.8816E+1	4.7156E+1	4.5710E+1	4.4668E+1	4.3495E+1	4.2430E+1	4.1488E+1	4.0703E+1	4.0030E+1	3.9477E+1	3.9042E+1	3.8696E+1	3.8403E+1	3.8133E+1	3.7938E+1	3.7793E+1	3.7673E+1	3.7568E+1	3.7482E+1	3.7422E+1
4.7928E+2	3.2940E+2	2.5355E+2	1.8075E+2	1.2192E+2	1.0812E+2	9.4913E+1	8.3283E+1	7.4612E+1	6.7116E+1	6.0493E+1	5.6228E+1	5.4095E+1	5.1357E+1	5.0223E+1	4.8801E+1	4.7189E+1	4.5783E+1	4.4586E+1	4.3491E+1	4.2452E+1	4.1461E+1	4.0633E+1	4.0042E+1	3.9463E+1	3.9020E+1	3.8683E+1	3.8371E+1	3.8131E+1	3.7940E+1	3.7761E+1	3.7664E+1	3.7555E+1	3.7489E+1	3.7427E+1
4.8099E+2	3.3027E+2	2.5304E+2	1.8019E+2	1.2235E+2	1.0845E+2	9.4397E+1	8.3620E+1	7.4489E+1	6.6986E+1	6.0706E+1	5.6223E+1	5.4088E+1	5.1214E+1	5.0237E+1	4.8770E+1	4.7151E+1	4.5781E+1	4.4606E+1	4.3472E+1	4.2426E+1	4.1488E+1	4.0657E+1	4.0025E+1	3.9465E+1	3.9016E+1	3.8689E+1	3.8365E+1	3.8096E+1	3.7915E+1	3.7775E+1	3.7638E+1	3.7541E+1	3.7464E+1	3.7380E+1
4.8355E+2	3.2902E+2	2.5377E+2	1.7940E+2	1.2256E+2	1.0854E+2	9.4596E+1	8.3218E+1	7.4740E+1	6.7013E+1	6.0611E+1	5.6217E+1	5.4005E+1	5.1219E+1	5.0267E+1	4.8689E+1	4.7107E+1	4.5735E+1	4.4591E+1	4.3491E+1	4.2360E+1	4.1439E+1	4.0619E+1	4.0024E+1	3.9459E+1	3.9009E+1	3.8679E+1	3.8334E+1	3.8125E+1	3.7911E+1	3.7747E+1	3.7625E+1	3.7536E+1	3.7471E+1	3.7419E+1
4.8378E+2	3.2877E+2	2.5354E+2	1.7980E+2	1.2231E+2	1.0825E+2	9.4638E+1	8.3045E+1	7.4692E+1	6.7094E+1	6.0596E+1	5.6209E+1	5.4034E+1	5.1163E+1	5.0166E+1	4.8723E+1	4.7124E+1	4.5773E+1	4.4530E+1	4.3483E+1	4.2388E+1	4.1434E+1	4.0616E+1	4.0017E+1	3.9455E+1	3.8998E+1	3.8661E+1	3.8350E+1	3.8080E+1	3.7910E+1	3.7755E+1	3.7623E+1	3.7530E+1	3.7462E+1	3.7411E+1
4.8424E+2	3.2917E+2	2.5344E+2	1.7953E+2	1.2218E+2	1.0849E+2	9.4235E+1	8.3265E+1	7.4660E+1	6.6848E+1	6.0408E+1	5.6119E+1	5.3941E+1	5.1156E+1	5.0178E+1	4.8672E+1	4.7032E+1	4.5714E+1	4.4583E+1	4.3447E+1	4.2364E+1	4.1455E+1	4.0609E+1	3.9961E+1	3.9420E+1	3.8998E+1	3.8650E+1	3.8320E+1	3.8083E+1	3.7899E+1	3.7742E+1	3.7625E+1	3.7520E+1	3.7455E+1	3.7366E+1
4.8460E+2	3.2885E+2	2.5293E+2	1.7882E+2	1.2147E+2	1.0840E+2	9.4155E+1	8.3055E+1	7.4495E+1	6.6918E+1	6.0492E+1	5.6159E+1	5.4000E+1	5.1279E+1	5.0164E+1	4.8673E+1	4.7081E+1	4.5740E+1	4.4516E+1	4.3462E+1	4.2357E+1	4.1412E+1	4.0577E+1	3.9973E+1	3.9438E+1	3.8996E+1	3.8641E+1	3.8311E+1	3.8063E+1	3.7899E+1	3.7713E+1	3.7601E+1	3.7501E+1	3.7413E+1	3.7380E+1
4.8592E+2	3.2988E+2	2.5305E+2	1.7875E+2	1.2178E+2	1.0763E+2	9.4277E+1	8.2771E+1	7.4621E+1	6.7224E+1	6.0617E+1	5.6050E+1	5.3970E+1	5.1145E+1	5.0168E+1	4.8659E+1	4.7065E+1	4.5665E+1	4.4518E+1	4.3459E+1	4.2336E+1	4.1426E+1	4.0572E+1	3.9940E+1	3.9428E+1	3.8974E+1	3.8627E+1	3.8318E+1	3.8062E+1	3.7866E+1	3.7730E+1	3.7613E+1	3.7512E+1	3.7429E+1	3.7330E+1
4.8731E+2	3.3046E+2	2.5340E+2	1.7913E+2	1.2187E+2	1.0799E+2	9.4195E+1	8.3035E+1	7.4039E+1	6.6930E+1	6.0532E+1	5.6026E+1	5.3928E+1	5.1035E+1	5.0135E+1	4.8614E+1	4.7088E+1	4.5611E+1	4.4518E+1	4.3432E+1	4.2342E+1	4.1378E+1	4.0571E+1	3.9976E+1	3.9390E+1	3.8963E+1	3.8616E+1	3.8310E+1	3.8064E+1	3.7859E+1	3.7727E+1	3.7590E+1	3.7468E+1	3.7421E+1	3.7348E+1
4.8816E+2	3.3036E+2	2.5365E+2	1.7892E+2	1.2138E+2	1.0764E+2	9.3895E+1	8.2946E+1	7.4053E+1	6.7173E+1	6.0393E+1	5.5980E+1	5.3902E+1	5.1123E+1	5.0091E+1	4.8651E+1	4.7029E+1	4.5702E+1	4.4529E+1	4.3406E+1	4.2308E+1	4.1392E+1	4.0577E+1	3.9953E+1	3.9380E+1	3.8949E+1	3.8625E+1	3.8298E+1	3.8037E+1	3.7865E+1	3.7694E+1	3.7577E+1	3.7480E+1	3.7412E+1	3.7326E+1
4.8838E+2	3.3111E+2	2.5419E+2	1.7953E+2	1.2146E+2	1.0760E+2	9.4041E+1	8.2571E+1	7.3997E+1	6.6803E+1	6.0379E+1	5.6032E+1	5.3860E+1	5.1089E+1	5.0081E+1	4.8541E+1	4.7038E+1	4.5663E+1	4.4543E+1	4.3401E+1	4.2270E+1	4.1381E+1	4.0542E+1	3.9927E+1	3.9363E+1	3.8931E+1	3.8606E+1	3.8280E+1	3.8044E+1	3.7838E+1	3.7692E+1	3.7584E+1	3.7475E+1	3.7410E+1	3.7318E+1
4.8867E+2	3.3113E+2	2.5441E+2	1.7845E+2	1.2161E+2	1.0781E+2	9.4191E+1	8.2992E+1	7.3861E+1	6.6709E+1	6.0278E+1	5.5964E+1	5.3846E+1	5.1052E+1	5.0132E+1	4.8591E+1	4.7073E+1	4.5649E+1	4.4471E+1	4.3348E+1	4.2304E+1	4.1339E+1	4.0561E+1	3.9946E+1	3.9360E+1	3.8915E+1	3.8584E+1	3.8255E+1	3.8032E+1	3.7869E+1	3.7685E+1	3.7541E+1	3.7442E+1	3.7363E+1	3.7333E+1
4.9098E+2	3.3111E+2	2.5425E+2	1.7828E+2	1.2093E+2	1.0721E+2	9.4333E+1	8.2780E+1	7.4093E+1	6.6609E+1	6.0851E+1	5.5858E+1	5.3903E+1	5.1035E+1	5.0086E+1	4.8589E+1	4.7069E+1	4.5569E+1	4.4452E+1	4.3417E+1	4.2307E+1	4.1353E+1	4.0544E+1	3.9918E+1	3.9332E+1	3.8934E+1	3.8575E+1	3.8258E+1	3.8047E+1	3.7825E+1	3.7655E+1	3.7533E+1	3.7436E+1	3.7364E+1	3.7303E+1
4.9280E+2	3.3110E+2	2.5403E+2	1.7845E+2	1.2115E+2	1.0740E+2	9.3406E+1	8.2790E+1	7.4078E+1	6.6554E+1	5.9989E+1	5.5828E+1	5.3868E+1	5.1130E+1	5.0033E+1	4.8574E+1	4.6983E+1	4.5533E+1	4.4512E+1	4.3384E+1	4.2297E+1	4.1363E+1	4.0514E+1	3.9928E+1	3.9317E+1	3.8901E+1	3.8576E+1	3.8265E+1	3.8014E+1	3.7832E+1	3.7671E+1	3.7534E+1	3.7436E+1	3.7344E+1	3.7306E+1
4.9311E+2	3.3056E+2	2.5316E+2	1.7868E+2	1.2101E+2	1.0715E+2	9.3857E+1	8.2346E+1	7.3912E+1	6.6854E+1	6.0339E+1	5.5994E+1	5.3828E+1	5.0996E+1	5.0005E+1	4.8506E+1	4.7000E+1	4.5607E+1	4.4491E+1	4.3338E+1	4.2271E+1	4.1378E+1	4.0573E+1	3.9882E+1	3.9367E+1	3.8894E+1	3.8577E+1	3.8240E+1	3.8002E+1	3.7796E+1	3.7660E+1	3.7522E+1	3.7438E+1	3.7344E+1	3.7281E+1
4.9483E+2	3.3091E+2	2.5340E+2	1.7879E+2	1.2076E+2	1.0697E+2	9.3608E+1	8.2022E+1	7.3804E+1	6.6749E+1	5.9978E+1	5.5789E+1	5.3739E+1	5.1015E+1	5.0021E+1	4.8538E+1	4.6994E+1	4.5525E+1	4.4490E+1	4.3340E+1	4.2306E+1	4.1354E+1	4.0502E+1	3.9915E+1	3.9326E+1	3.8881E+1	3.8554E+1	3.8227E+1	3.7993E+1	3.7793E+1	3.7638E+1	3.7541E+1	3.7426E+1	3.7336E+1	3.7259E+1
4.9598E+2	3.3140E+2	2.5342E+2	1.7830E+2	1.2050E+2	1.0739E+2	9.3621E+1	8.2272E+1	7.4114E+1	6.6625E+1	6.0142E+1	5.5789E+1	5.3706E+1	5.0900E+1	5.0002E+1	4.8463E+1	4.6922E+1	4.5543E+1	4.4452E+1	4.3331E+1	4.2218E+1	4.1319E+1	4.0528E+1	3.9897E+1	3.9333E+1	3.8876E+1	3.8545E+1	3.8234E+1	3.7988E+1	3.7786E+1	3.7650E+1	3.7506E+1	3.7425E+1	3.7353E+1	3.7250E+1
4.9629E+2	3.3207E+2	2.5380E+2	1.7806E+2	1.2062E+2	1.0710E+2	9.3442E+1	8.2484E+1	7.3683E+1	6.6570E+1	6.0228E+1	5.5817E+1	5.3701E+1	5.0959E+1	4.9871E+1	4.8495E+1	4.6915E+1	4.5523E+1	4.4363E+1	4.3392E+1	4.2213E+1	4.1316E+1	4.0481E+1	3.9859E+1	3.9307E+1	3.8861E+1	3.8537E+1	3.8217E+1	3.7965E+1	3.7778E+1	3.7623E+1	3.7514E+1	3.7394E+1	3.7323E+1	3.7291E+1
4.9812E+2	3.3235E+2	2.5405E+2	1.7825E+2	1.2031E+2	1.0675E+2	9.3603E+1	8.2199E+1	7.3382E+1	6.6372E+1	5.9905E+1	5.5812E+1	5.3614E+1	5.0994E+1	4.9923E+1	4.8526E+1	4.6900E+1	4.5546E+1	4.4345E+1	4.3342E+1	4.2202E+1	4.1310E+1	4.0510E+1	3.9875E+1	3.9299E+1	3.8829E+1	3.8536E+1	3.8238E+1	3.7974E+1	3.7776E+1	3.7597E+1	3.7507E+1	3.7404E+1	3.7330E+1	3.7238E+1
4.9829E+2	3.3227E+2	2.5395E+2	1.7811E+2	1.2056E+2	1.0686E+2	9.3291E+1	8.2431E+1	7.3894E+1	6.6278E+1	5.9809E+1	5.5781E+1	5.3647E+1	5.0810E+1	4.9921E+1	4.8420E+1	4.6901E+1	4.5529E+1	4.4373E+1	4.3277E+1	4.2199E+1	4.1328E+1	4.0443E+1	3.9840E+1	3.9317E+1	3.8853E+1	3.8518E+1	3.8194E+1	3.7969E+1	3.7764E+1	3.7583E+1	3.7466E+1	3.7378E+1	3.7320E+1	3.7248E+1
4.9817E+2	3.3255E+2	2.5317E+2	1.7773E+2	1.1981E+2	1.0681E+2	9.3244E+1	8.1897E+1	7.3918E+1	6.6398E+1	5.9931E+1	5.5828E+1	5.3701E+1	5.0896E+1	4.9877E+1	4.8378E+1	4.6835E+1	4.5544E+1	4.4315E+1	4.3342E+1	4.2203E+1	4.1300E+1	4.0518E+1	3.9865E+1	3.9263E+1	3.8828E+1	3.8505E+1	3.8207E+1	3.7938E+1	3.7770E+1	3.7587E+1	3.7476E+1	3.7369E+1	3.7277E+1	3.7225E+1
4.9377E+2	3.2704E+2	2.5140E+2	1.7805E+2	1.2080E+2	1.0542E+2	9.4067E+1	8.1791E+1	7.3163E+1	6.7141E+1	6.0080E+1	5.5589E+1	5.3722E+1	5.0908E+1	4.9858E+1	4.8418E+1	4.6914E+1	4.5500E+1	4.4341E+1	4.3318E+1	4.2222E+1	4.1243E+1	4.0463E+1	3.9854E+1	3.9271E+1	3.8837E+1	3.8504E+1	3.8186E+1	3.7941E+1	3.7729E+1	3.7594E+1	3.7453E+1	3.7376E+1	3.7304E+1	3.7218E+1
5.0152E+2	3.3352E+2	2.5340E+2	1.7737E+2	1.2010E+2	1.0676E+2	9.3126E+1	8.2171E+1	7.3799E+1	6.6332E+1	5.9995E+1	5.5746E+1	5.3577E+1	5.0838E+1	4.9819E+1	4.8410E+1	4.6823E+1	4.5471E+1	4.4357E+1	4.3256E+1	4.2208E+1	4.1277E+1	4.0446E+1	3.9858E+1	3.9249E+1	3.8833E+1	3.8474E+1	3.8181E+1	3.7933E+1	3.7733E+1	3.7583E+1	3.7483E+1	3.7353E+1	3.7282E+1	3.7219E+1
5.0236E+2	3.3360E+2	2.5296E+2	1.7714E+2	1.2032E+2	1.0614E+2	9.2709E+1	8.2001E+1	7.3335E+1	6.6303E+1	5.9854E+1	5.5641E+1	5.3546E+1	5.0777E+1	4.9908E+1	4.8415E+1	4.6880E+1	4.5516E+1	4.4325E+1	4.3239E+1	4.2164E+1	4.1277E+1	4.0426E+1	3.9812E+1	3.9253E+1	3.8824E+1	3.8499E+1	3.8172E+1	3.7930E+1	3.7746E+1	3.7574E+1	3.7461E+1	3.7315E+1	3.7277E+1	3.7202E+1
5.0218E+2	3.3393E+2	2.5274E+2	1.7772E+2	1.2020E+2	1.0648E+2	9.2799E+1	8.1778E+1	7.3208E+1	6.6207E+1	5.9939E+1	5.5627E+1	5.3482E+1	5.0760E+1	4.9774E+1	4.8355E+1	4.6865E+1	4.5465E+1	4.4362E+1	4.3225E+1	4.2161E+1	4.1231E+1	4.0368E+1	3.9798E+1	3.9260E+1	3.8769E+1	3.8479E+1	3.8150E+1	3.7910E+1	3.7718E+1	3.7573E+1	3.7416E+1	3.7350E+1	3.7263E+1	3.7198E+1
5.0291E+2	3.3337E+2	2.5383E+2	1.7754E+2	1.2008E+2	1.0623E+2	9.2595E+1	8.1747E+1	7.3244E+1	6.6398E+1	5.9870E+1	5.5560E+1	5.3588E+1	5.0773E+1	4.9798E+1	4.8367E+1	4.6851E+1	4.5453E+1	4.4317E+1	4.3285E+1	4.2129E+1	4.1267E+1	4.0449E+1	3.9842E+1	3.9245E+1	3.8789E+1	3.8473E+1	3.8146E+1	3.7891E+1	3.7730E+1	3.7535E+1	3.7409E+1	3.7314E+1	3.7264E+1	3.7183E+1
5.0495E+2	3.3443E+2	2.5371E+2	1.7698E+2	1.1960E+2	1.0576E+2	9.3067E+1	8.1861E+1	7.3338E+1	6.6224E+1	5.9816E+1	5.5618E+1	5.3617E+1	5.0780E+1	4.9788E+1	4.8333E+1	4.6848E+1	4.5463E+1	4.4319E+1	4.3174E+1	4.2110E+1	4.1194E+1	4.0434E+1	3.9801E+1	3.9249E+1	3.8779E+1	3.8448E+1	3.8133E+1	3.7893E+1	3.7717E+1	3.7555E+1	3.7418E+1	3.7304E+1	3.7247E+1	3.7178E+1
5.0304E+2	3.3267E+2	2.5456E+2	1.7683E+2	1.2010E+2	1.0593E+2	9.2234E+1	8.1966E+1	7.3589E+1	6.6241E+1	6.0339E+1	5.5610E+1	5.3525E+1	5.0800E+1	4.9779E+1	4.8287E+1	4.6790E+1	4.5453E+1	4.4277E+1	4.3258E+1	4.2125E+1	4.1239E+1	4.0367E+1	3.9787E+1	3.9224E+1	3.8772E+1	3.8455E+1	3.8121E+1	3.7888E+1	3.7696E+1	3.7547E+1	3.7406E+1	3.7310E+1	3.7223E+1	3.7139E+1
5.0389E+2	3.3368E+2	2.5403E+2	1.7665E+2	1.1927E+2	1.0584E+2	9.2723E+1	8.1566E+1	7.2957E+1	6.6073E+1	5.9438E+1	5.5529E+1	5.3588E+1	5.0840E+1	4.9695E+1	4.8386E+1	4.6752E+1	4.5466E+1	4.4246E+1	4.3215E+1	4.2119E+1	4.1173E+1	4.0397E+1	3.9776E+1	3.9200E+1	3.8770E+1	3.8439E+1	3.8120E+1	3.7883E+1	3.7690E+1	3.7526E+1	3.7382E+1	3.7299E+1	3.7213E+1	3.7177E+1
5.0637E+2	3.3444E+2	2.5402E+2	1.7691E+2	1.1977E+2	1.0596E+2	9.2299E+1	8.1734E+1	7.2783E+1	6.6203E+1	5.9858E+1	5.5522E+1	5.3479E+1	5.0721E+1	4.9700E+1	4.8311E+1	4.6773E+1	4.5392E+1	4.4225E+1	4.3191E+1	4.2101E+1	4.1216E+1	4.0390E+1	3.9772E+1	3.9211E+1	3.8770E+1	3.8413E+1	3.8117E+1	3.7890E+1	3.7676E+1	3.7512E+1	3.7404E+1	3.7309E+1	3.7196E+1	3.7151E+1
5.0642E+2	3.3484E+2	2.5381E+2	1.7745E+2	1.1970E+2	1.0556E+2	9.2506E+1	8.1709E+1	7.3008E+1	6.6307E+1	5.9703E+1	5.5521E+1	5.3511E+1	5.0724E+1	4.9756E+1	4.8243E+1	4.6747E+1	4.5334E+1	4.4266E+1	4.3189E+1	4.2100E+1	4.1192E+1	4.0343E+1	3.9764E+1	3.9215E+1	3.8744E+1	3.8403E+1	3.8105E+1	3.7863E+1	3.7667E+1	3.7493E+1	3.7383E+1	3.7278E+1	3.7190E+1	3.7153E+1
5.0667E+2	3.3504E+2	2.5370E+2	1.7737E+2	1.1927E+2	1.0608E+2	9.2094E+1	8.1156E+1	7.3163E+1	6.6230E+1	5.9824E+1	5.5474E+1	5.3517E+1	5.0663E+1	4.9766E+1	4.8237E+1	4.6748E+1	4.5392E+1	4.4244E+1	4.3202E+1	4.2092E+1	4.1213E+1	4.0362E+1	3.9765E+1	3.9190E+1	3.8745E+1	3.8401E+1	3.8092E+1	3.7850E+1	3.7641E+1	3.7490E+1	3.7379E+1	3.7272E+1	3.7166E+1	3.7133E+1
5.0807E+2	3.3538E+2	2.5316E+2	1.7679E+2	1.1922E+2	1.0547E+2	9.2521E+1	8.1255E+1	7.3253E+1	6.6386E+1	5.9921E+1	5.5469E+1	5.3360E+1	5.0661E+1	4.9715E+1	4.8280E+1	4.6725E+1	4.5410E+1	4.4257E+1	4.3133E+1	4.2114E+1	4.1169E+1	4.0372E+1	3.9719E+1	3.9165E+1	3.8744E+1	3.8398E+1	3.8084E+1	3.7829E+1	3.7664E+1	3.7482E+1	3.7357E+1	3.7271E+1	3.7175E+1	3.7118E+1
5.0919E+2	3.3619E+2	2.5298E+2	1.7585E+2	1.1980E+2	1.0553E+2	9.2252E+1	8.1485E+1	7.2565E+1	6.5928E+1	5.9946E+1	5.5348E+1	5.3371E+1	5.0657E+1	4.9735E+1	4.8236E+1	4.6664E+1	4.5311E+1	4.4216E+1	4.3132E+1	4.2105E+1	4.1138E+1	4.0348E+1	3.9736E+1	3.9141E+1	3.8751E+1	3.8419E+1	3.8097E+1	3.7826E+1	3.7658E+1	3.7473E+1	3.7341E+1	3.7259E+1	3.7182E+1	3.7099E+1
5.0988E+2	3.3621E+2	2.5342E+2	1.7659E+2	1.1921E+2	1.0578E+2	9.2706E+1	8.1319E+1	7.2823E+1	6.6231E+1	5.9845E+1	5.5489E+1	5.3398E+1	5.0628E+1	4.9683E+1	4.8250E+1	4.6659E+1	4.5349E+1	4.4246E+1	4.3128E+1	4.2053E+1	4.1162E+1	4.0386E+1	3.9757E+1	3.9148E+1	3.8699E+1	3.8376E+1	3.8077E+1	3.7816E+1	3.7643E+1	3.7468E+1	3.7349E+1	3.7233E+1	3.7157E+1	3.7093E+1
5.1297E+2	3.3594E+2	2.5430E+2	1.7703E+2	1.1886E+2	1.0520E+2	9.1828E+1	8.1627E+1	7.2871E+1	6.5654E+1	5.9661E+1	5.5425E+1	5.3330E+1	5.0605E+1	4.9648E+1	4.8272E+1	4.6782E+1	4.5308E+1	4.4187E+1	4.3129E+1	4.2089E+1	4.1173E+1	4.0330E+1	3.9700E+1	3.9155E+1	3.8704E+1	3.8401E+1	3.8042E+1	3.7807E+1	3.7607E+1	3.7459E+1	3.7333E+1	3.7240E+1	3.7139E+1	3.7109E+1
5.1439E+2	3.3553E+2	2.5432E+2	1.7698E+2	1.1920E+2	1.0536E+2	9.2586E+1	8.1144E+1	7.2575E+1	6.6109E+1	5.9534E+1	5.5383E+1	5.3324E+1	5.0656E+1	4.9646E+1	4.8182E+1	4.6668E+1	4.5288E+1	4.4151E+1	4.3113E+1	4.2046E+1	4.1175E+1	4.0314E+1	3.9719E+1	3.9143E+1	3.8702E+1	3.8358E+1	3.8065E+1	3.7819E+1	3.7601E+1	3.7452E+1	3.7325E+1	3.7208E+1	3.7156E+1	3.7107E+1
5.1581E+2	3.3515E+2	2.5522E+2	1.7643E+2	1.1844E+2	1.0575E+2	9.2144E+1	8.0930E+1	7.3229E+1	6.6001E+1	5.9505E+1	5.5406E+1	5.3412E+1	5.0643E+1	4.9665E+1	4.8183E+1	4.6621E+1	4.5365E+1	4.4178E+1	4.3151E+1	4.2045E+1	4.1131E+1	4.0296E+1	3.9709E+1	3.9092E+1	3.8672E+1	3.8364E+1	3.8044E+1	3.7795E+1	3.7613E+1	3.7443E+1	3.7305E+1	3.7193E+1	3.7111E+1	3.7082E+1
5.1673E+2	3.3517E+2	2.5450E+2	1.7611E+2	1.1919E+2	1.0500E+2	9.2288E+1	8.1329E+1	7.3227E+1	6.5930E+1	5.9736E+1	5.5363E+1	5.3347E+1	5.0599E+1	4.9668E+1	4.8195E+1	4.6636E+1	4.5411E+1	4.4153E+1	4.3117E+1	4.2071E+1	4.1101E+1	4.0311E+1	3.9670E+1	3.9099E+1	3.8687E+1	3.8350E+1	3.8039E+1	3.7794E+1	3.7575E+1	3.7431E+1	3.7313E+1	3.7210E+1	3.7140E+1	3.7038E+1
5.1763E+2	3.3499E+2	2.5370E+2	1.7622E+2	1.1919E+2	1.0590E+2	9.1717E+1	8.0711E+1	7.2653E+1	6.5745E+1	5.9520E+1	5.5295E+1	5.3380E+1	5.0573E+1	4.9680E+1	4.8194E+1	4.6591E+1	4.5210E+1	4.4165E+1	4.3073E+1	4.2014E+1	4.1120E+1	4.0299E+1	3.9655E+1	3.9096E+1	3.8650E+1	3.8342E+1	3.8032E+1	3.7792E+1	3.7586E+1	3.7432E+1	3.7300E+1	3.7183E+1	3.7102E+1	3.7082E+1
5.1757E+2	3.3612E+2	2.5327E+2	1.7667E+2	1.1856E+2	1.0496E+2	9.1889E+1	8.1039E+1	7.2528E+1	6.5896E+1	5.9470E+1	5.5294E+1	5.3410E+1	5.0537E+1	4.9579E+1	4.8128E+1	4.6642E+1	4.5298E+1	4.4197E+1	4.3104E+1	4.1993E+1	4.1082E+1	4.0284E+1	3.9661E+1	3.9111E+1	3.8667E+1	3.8336E+1	3.8023E+1	3.7759E+1	3.7563E+1	3.7399E+1	3.7293E+1	3.7207E+1	3.7121E+1	3.7016E+1
5.1955E+2	3.3613E+2	2.5289E+2	1.7781E+2	1.1875E+2	1.0507E+2	9.1574E+1	8.1184E+1	7.2753E+1	6.5458E+1	5.9593E+1	5.5336E+1	5.3286E+1	5.0479E+1	4.9574E+1	4.8133E+1	4.6630E+1	4.5344E+1	4.4143E+1	4.3099E+1	4.1962E+1	4.1102E+1	4.0285E+1	3.9647E+1	3.9090E+1	3.8655E+1	3.8319E+1	3.7993E+1	3.7758E+1	3.7560E+1	3.7410E+1	3.7291E+1	3.7179E+1	3.7119E+1	3.7027E+1
5.1934E+2	3.3795E+2	2.5378E+2	1.7668E+2	1.1870E+2	1.0513E+2	9.2429E+1	8.1406E+1	7.2668E+1	6.5510E+1	5.9622E+1	5.5300E+1	5.3247E+1	5.0571E+1	4.9535E+1	4.8082E+1	4.6622E+1	4.5293E+1	4.4124E+1	4.3095E+1	4.2014E+1	4.1061E+1	4.0280E+1	3.9650E+1	3.9086E+1	3.8654E+1	3.8310E+1	3.7990E+1	3.7764E+1	3.7548E+1	3.7401E+1	3.7259E+1	3.7190E+1	3.7112E+1	3.7053E+1
5.1968E+2	3.3860E+2	2.5419E+2	1.7647E+2	1.1852E+2	1.0472E+2	9.1754E+1	8.1175E+1	7.2412E+1	6.5901E+1	5.9633E+1	5.5260E+1	5.3225E+1	5.0512E+1	4.9603E+1	4.8094E+1	4.6717E+1	4.5249E+1	4.4120E+1	4.3056E+1	4.1972E+1	4.1068E+1	4.0272E+1	3.9642E+1	3.9068E+1	3.8635E+1	3.8321E+1	3.7986E+1	3.7757E+1	3.7539E+1	3.7389E+1	3.7243E+1	3.7147E+1	3.7065E+1	3.7023E+1
5.1978E+2	3.4012E+2	2.5558E+2	1.7546E+2	1.1830E+2	1.0605E+2	9.2167E+1	8.0614E+1	7.2674E+1	6.5477E+1	5.9484E+1	5.5292E+1	5.3233E+1	5.0538E+1	4.9573E+1	4.8100E+1	4.6607E+1	4.5283E+1	4.4041E+1	4.3042E+1	4.1975E+1	4.1067E+1	4.0266E+1	3.9659E+1	3.9069E+1	3.8628E+1	3.8293E+1	3.7982E+1	3.7726E+1	3.7548E+1	3.7375E+1	3.7249E+1	3.7151E+1	3.7084E+1	3.7024E+1
5.2099E+2	3.3895E+2	2.5454E+2	1.7637E+2	1.1919E+2	1.0494E+2	9.1520E+1	8.0797E+1	7.2750E+1	6.5361E+1	5.9603E+1	5.5193E+1	5.3182E+1	5.0535E+1	4.9517E+1	4.8128E+1	4.6651E+1	4.5326E+1	4.4100E+1	4.3095E+1	4.1980E+1	4.1036E+1	4.0238E+1	3.9618E+1	3.9034E+1	3.8625E+1	3.8269E+1	3.7933E+1	3.7731E+1	3.7528E+1	3.7390E+1	3.7244E+1	3.7125E+1	3.7043E+1	3.7013E+1
5.1993E+2	3.3887E+2	2.5526E+2	1.7681E+2	1.1853E+2	1.0482E+2	9.2118E+1	8.1042E+1	7.2816E+1	6.5743E+1	5.9629E+1	5.5147E+1	5.3188E+1	5.0499E+1	4.9529E+1	4.8050E+1	4.6573E+1	4.5205E+1	4.4147E+1	4.3093E+1	4.1920E+1	4.1037E+1	4.0252E+1	3.9607E+1	3.9041E+1	3.8586E+1	3.8268E+1	3.7933E+1	3.7718E+1	3.7526E+1	3.7360E+1	3.7227E+1	3.7140E+1	3.7052E+1	3.7002E+1
5.1940E+2	3.3915E+2	2.5443E+2	1.7692E+2	1.1804E+2	1.0527E+2	9.1444E+1	8.0501E+1	7.2433E+1	6.5335E+1	5.9598E+1	5.5126E+1	5.3162E+1	5.0434E+1	4.9463E+1	4.7984E+1	4.6572E+1	4.5226E+1	4.4125E+1	4.2997E+1	4.1956E+1	4.1036E+1	4.0240E+1	3.9629E+1	3.9049E+1	3.8617E+1	3.8265E+1	3.7963E+1	3.7694E+1	3.7499E+1	3.7350E+1	3.7227E+1	3.7107E+1	3.7018E+1	3.6977E+1
5.2227E+2	3.3844E+2	2.5421E+2	1.7625E+2	1.1854E+2	1.0474E+2	9.1389E+1	8.0963E+1	7.2444E+1	6.5681E+1	5.9620E+1	5.5141E+1	5.3202E+1	5.0453E+1	4.9519E+1	4.8078E+1	4.6563E+1	4.5219E+1	4.4172E+1	4.3017E+1	4.1913E+1	4.1008E+1	4.0207E+1	3.9594E+1	3.9034E+1	3.8604E+1	3.8267E+1	3.7940E+1	3.7684E+1	3.7481E+1	3.7346E+1	3.7197E+1	3.7127E+1	3.7021E+1	3.6983E+1
5.2260E+2	3.3841E+2	2.5388E+2	1.7576E+2	1.1822E+2	1.0503E+2	9.1364E+1	8.0678E+1	7.2396E+1	6.5571E+1	5.9383E+1	5.5093E+1	5.3197E+1	5.0487E+1	4.9517E+1	4.8075E+1	4.6576E+1	4.5219E+1	4.4059E+1	4.3023E+1	4.1985E+1	4.1020E+1	4.0205E+1	3.9614E+1	3.9017E+1	3.8577E+1	3.8249E+1	3.7939E+1	3.7669E+1	3.7505E+1	3.7317E+1	3.7219E+1	3.7110E+1	3.7012E+1	3.6968E+1
5.2183E+2	3.3764E+2	2.5376E+2	1.7583E+2	1.1834E+2	1.0505E+2	9.1962E+1	8.0886E+1	7.2476E+1	6.5659E+1	5.9412E+1	5.5171E+1	5.3168E+1	5.0395E+1	4.9451E+1	4.8032E+1	4.6519E+1	4.5192E+1	4.4065E+1	4.2972E+1	4.1957E+1	4.1046E+1	4.0163E+1	3.9604E+1	3.9039E+1	3.8578E+1	3.8265E+1	3.7922E+1	3.7685E+1	3.7499E+1	3.7311E+1	3.7194E+1	3.7085E+1	3.7013E+1	3.6946E+1
5.2377E+2	3.3790E+2	2.5454E+2	1.7659E+2	1.1881E+2	1.0477E+2	9.1391E+1	8.1131E+1	7.2992E+1	6.5830E+1	5.9368E+1	5.5108E+1	5.3167E+1	5.0542E+1	4.9401E+1	4.8008E+1	4.6527E+1	4.5238E+1	4.4017E+1	4.3011E+1	4.1956E+1	4.0988E+1	4.0214E+1	3.9581E+1	3.9012E+1	3.8573E+1	3.8245E+1	3.7901E+1	3.7649E+1	3.7489E+1	3.7300E+1	3.7188E+1	3.7078E+1	3.7031E+1	3.6926E+1
5.2481E+2	3.3810E+2	2.5473E+2	1.7691E+2	1.1808E+2	1.0527E+2	9.1998E+1	8.0473E+1	7.2431E+1	6.5713E+1	5.9051E+1	5.5074E+1	5.3150E+1	5.0394E+1	4.9537E+1	4.7977E+1	4.6518E+1	4.5156E+1	4.4060E+1	4.2971E+1	4.1897E+1	4.0997E+1	4.0163E+1	3.9588E+1	3.9006E+1	3.8563E+1	3.8225E+1	3.7903E+1	3.7658E+1	3.7485E+1	3.7298E+1	3.7189E+1	3.7073E+1	3.6999E+1	3.6926E+1
5.2604E+2	3.3931E+2	2.5549E+2	1.7605E+2	1.1811E+2	1.0479E+2	9.1551E+1	8.0510E+1	7.2370E+1	6.5327E+1	5.9205E+1	5.5177E+1	5.3176E+1	5.0406E+1	4.9453E+1	4.8033E+1	4.6529E+1	4.5162E+1	4.4023E+1	4.2999E+1	4.1908E+1	4.0997E+1	4.0197E+1	3.9574E+1	3.8963E+1	3.8581E+1	3.8193E+1	3.7906E+1	3.7650E+1	3.7439E+1	3.7290E+1	3.7164E+1	3.7081E+1	3.6983E+1	3.6915E+1
5.2810E+2	3.4024E+2	2.5545E+2	1.7568E+2	1.1835E+2	1.0520E+2	9.1351E+1	8.0688E+1	7.2556E+1	6.5630E+1	5.9500E+1	5.5082E+1	5.3075E+1	5.0508E+1	4.9500E+1	4.7976E+1	4.6508E+1	4.5192E+1	4.4118E+1	4.3004E+1	4.1958E+1	4.0978E+1	4.0152E+1	3.9549E+1	3.8974E+1	3.8559E+1	3.8193E+1	3.7885E+1	3.7639E+1	3.7450E+1	3.7281E+1	3.7159E+1	3.7048E+1	3.6978E+1	3.6946E+1
5.2908E+2	3.4105E+2	2.5528E+2	1.7568E+2	1.1787E+2	1.0495E+2	9.1338E+1	8.0242E+1	7.2732E+1	6.5673E+1	5.9044E+1	5.5087E+1	5.3044E+1	5.0399E+1	4.9477E+1	4.8028E+1	4.6469E+1	4.5207E+1	4.4091E+1	4.2933E+1	4.1869E+1	4.0978E+1	4.0143E+1	3.9525E+1	3.8952E+1	3.8510E+1	3.8197E+1	3.7868E+1	3.7618E+1	3.7442E+1	3.7275E+1	3.7160E+1	3.7054E+1	3.6960E+1	3.6886E+1
5.2887E+2	3.3982E+2	2.5473E+2	1.7614E+2	1.1827E+2	1.0469E+2	9.1231E+1	8.0623E+1	7.2579E+1	6.5566E+1	5.9458E+1	5.5085E+1	5.3120E+1	5.0431E+1	4.9391E+1	4.7998E+1	4.6537E+1	4.5153E+1	4.4020E+1	4.2909E+1	4.1894E+1	4.0971E+1	4.0145E+1	3.9560E+1	3.8977E+1	3.8508E+1	3.8185E+1	3.7850E+1	3.7600E+1	3.7412E+1	3.7292E+1	3.7133E+1	3.7050E+1	3.6965E+1	3.6866E+1
5.3789E+2	3.4332E+2	2.5089E+2	1.7860E+2	1.1898E+2	1.0571E+2	9.0935E+1	8.0710E+1	7.2578E+1	6.5777E+1	5.8814E+1	5.5152E+1	5.3065E+1	5.0384E+1	4.9468E+1	4.8026E+1	4.6434E+1	4.5126E+1	4.3988E+1	4.2949E+1	4.1855E+1	4.0956E+1	4.0169E+1	3.9526E+1	3.8964E+1	3.8502E+1	3.8161E+1	3.7860E+1	3.7625E+1	3.7430E+1	3.7246E+1	3.7138E+1	3.7020E+1	3.6947E+1	3.6861E+1
5.3324E+2	3.4238E+2	2.5327E+2	1.7700E+2	1.1838E+2	1.0412E+2	9.1473E+1	8.0228E+1	7.2471E+1	6.5694E+1	5.9710E+1	5.5095E+1	5.3053E+1	5.0312E+1	4.9452E+1	4.7961E+1	4.6450E+1	4.5134E+1	4.4021E+1	4.3011E+1	4.1854E+1	4.0984E+1	4.0117E+1	3.9531E+1	3.8941E+1	3.8522E+1	3.8171E+1	3.7849E+1	3.7603E+1	3.7414E+1	3.7262E+1	3.7145E+1	3.7039E+1	3.6962E+1	3.6859E+1
5.3451E+2	3.4150E+2	2.5404E+2	1.7564E+2	1.1766E+2	1.0474E+2	9.1111E+1	8.1068E+1	7.1935E+1	6.5621E+1	5.9013E+1	5.5086E+1	5.3020E+1	5.0378E+1	4.9373E+1	4.7999E+1	4.6433E+1	4.5149E+1	4.3980E+1	4.2934E+1	4.1847E+1	4.0954E+1	4.0128E+1	3.9538E+1	3.8936E+1	3.8487E+1	3.8152E+1	3.7842E+1	3.7604E+1	3.7407E+1	3.7266E+1	3.7124E+1	3.7018E+1	3.6937E+1	3.6883E+1
5.3516E+2	3.4042E+2	2.5533E+2	1.7503E+2	1.1887E+2	1.0483E+2	9.1477E+1	8.0302E+1	7.2763E+1	6.5815E+1	5.9189E+1	5.5042E+1	5.3007E+1	5.0444E+1	4.9384E+1	4.7992E+1	4.6413E+1	4.5133E+1	4.4041E+1	4.2955E+1	4.1901E+1	4.0930E+1	4.0158E+1	3.9503E+1	3.8902E+1	3.8488E+1	3.8156E+1	3.7824E+1	3.7595E+1	3.7387E+1	3.7233E+1	3.7117E+1	3.6990E+1	3.6902E+1	3.6853E+1
5.3409E+2	3.4145E+2	2.5607E+2	1.7592E+2	1.1812E+2	1.0470E+2	9.1152E+1	8.0447E+1	7.2354E+1	6.5735E+1	5.9583E+1	5.5024E+1	5.3076E+1	5.0363E+1	4.9428E+1	4.7953E+1	4.6413E+1	4.5182E+1	4.4036E+1	4.2905E+1	4.1827E+1	4.0954E+1	4.0119E+1	3.9501E+1	3.8935E+1	3.8486E+1	3.8148E+1	3.7830E+1	3.7586E+1	3.7400E+1	3.7212E+1	3.7114E+1	3.6988E+1	3.6908E+1	3.6868E+1
5.3562E+2	3.4128E+2	2.5679E+2	1.7638E+2	1.1783E+2	1.0469E+2	9.1748E+1	8.0784E+1	7.2167E+1	6.5462E+1	5.9235E+1	5.5023E+1	5.3001E+1	5.0361E+1	4.9379E+1	4.7939E+1	4.6460E+1	4.5143E+1	4.4000E+1	4.2935E+1	4.1857E+1	4.0903E+1	4.0101E+1	3.9486E+1	3.8937E+1	3.8524E+1	3.8130E+1	3.7834E+1	3.7565E+1	3.7380E+1	3.7215E+1	3.7085E+1	3.6978E+1	3.6908E+1	3.6845E+1
5.3512E+2	3.4261E+2	2.5612E+2	1.7609E+2	1.1828E+2	1.0462E+2	9.1534E+1	8.0522E+1	7.2189E+1	6.5608E+1	5.9178E+1	5.5057E+1	5.3042E+1	5.0382E+1	4.9359E+1	4.7986E+1	4.6497E+1	4.5088E+1	4.3939E+1	4.2941E+1	4.1792E+1	4.0890E+1	4.0097E+1	3.9473E+1	3.8876E+1	3.8460E+1	3.8157E+1	3.7840E+1	3.7561E+1	3.7379E+1	3.7201E+1	3.7094E+1	3.6994E+1	3.6912E+1	3.6807E+1
5.3364E+2	3.4040E+2	2.5570E+2	1.7658E+2	1.1898E+2	1.0422E+2	9.1178E+1	8.0778E+1	7.2277E+1	6.6153E+1	5.9213E+1	5.5054E+1	5.3018E+1	5.0292E+1	4.9389E+1	4.8004E+1	4.6477E+1	4.5061E+1	4.3925E+1	4.2921E+1	4.1816E+1	4.0876E+1	4.0115E+1	3.9487E+1	3.8885E+1	3.8465E+1	3.8119E+1	3.7799E+1	3.7562E+1	3.7374E+1	3.7169E+1	3.7080E+1	3.6952E+1	3.6893E+1	3.6827E+1
5.3488E+2	3.4283E+2	2.5524E+2	1.7579E+2	1.1759E+2	1.0487E+2	9.1276E+1	8.0760E+1	7.2357E+1	6.5685E+1	5.8957E+1	5.5113E+1	5.2997E+1	5.0341E+1	4.9288E+1	4.7886E+1	4.6445E+1	4.5040E+1	4.3955E+1	4.2977E+1	4.1877E+1	4.0926E+1	4.0086E+1	3.9473E+1	3.8876E+1	3.8449E+1	3.8135E+1	3.7802E+1	3.7559E+1	3.7342E+1	3.7202E+1	3.7061E+1	3.6951E+1	3.6876E+1	3.6822E+1
5.3565E+2	3.4304E+2	2.5557E+2	1.7627E+2	1.1826E+2	1.0427E+2	9.1226E+1	8.0466E+1	7.2494E+1	6.5475E+1	5.9426E+1	5.5108E+1	5.3041E+1	5.0262E+1	4.9336E+1	4.7984E+1	4.6390E+1	4.4995E+1	4.4030E+1	4.2878E+1	4.1813E+1	4.0951E+1	4.0092E+1	3.9464E+1	3.8884E+1	3.8449E+1	3.8115E+1	3.7782E+1	3.7547E+1	3.7321E+1	3.7195E+1	3.7053E+1	3.6933E+1	3.6867E+1	3.6828E+1
5.3418E+2	3.4501E+2	2.5546E+2	1.7684E+2	1.1856E+2	1.0530E+2	9.1429E+1	8.0610E+1	7.2231E+1	6.5731E+1	5.8794E+1	5.4996E+1	5.3026E+1	5.0358E+1	4.9406E+1	4.7955E+1	4.6376E+1	4.5093E+1	4.3936E+1	4.2905E+1	4.1764E+1	4.0899E+1	4.0074E+1	3.9448E+1	3.8909E+1	3.8418E+1	3.8124E+1	3.7785E+1	3.7523E+1	3.7337E+1	3.7169E+1	3.7054E+1	3.6967E+1	3.6853E+1	3.6803E+1
5.3638E+2	3.4541E+2	2.5621E+2	1.7693E+2	1.1765E+2	1.0441E+2	9.1242E+1	8.0640E+1	7.2136E+1	6.5360E+1	5.9111E+1	5.4990E+1	5.2978E+1	5.0361E+1	4.9372E+1	4.7926E+1	4.6459E+1	4.5074E+1	4.3954E+1	4.2912E+1	4.1820E+1	4.0911E+1	4.0060E+1	3.9452E+1	3.8877E+1	3.8430E+1	3.8100E+1	3.7775E+1	3.7512E+1	3.7335E+1	3.7160E+1	3.7002E+1	3.6934E+1	3.6836E+1	3.6791E+1
5.3889E+2	3.4427E+2	2.5679E+2	1.7625E+2	1.1841E+2	1.0451E+2	9.1221E+1	8.0489E+1	7.2407E+1	6.5295E+1	5.9325E+1	5.5003E+1	5.2956E+1	5.0324E+1	4.9333E+1	4.7917E+1	4.6404E+1	4.5019E+1	4.3923E+1	4.2939E+1	4.1757E+1	4.0885E+1	4.0062E+1	3.9429E+1	3.8872E+1	3.8403E+1	3.8096E+1	3.7762E+1	3.7508E+1	3.7316E+1	3.7147E+1	3.7032E+1	3.6921E+1	3.6868E+1	3.6812E+1
5.3891E+2	3.4492E+2	2.5722E+2	1.7618E+2	1.1865E+2	1.0457E+2	9.1195E+1	8.0514E+1	7.2665E+1	6.5322E+1	5.9147E+1	5.5000E+1	5.3010E+1	5.0296E+1	4.9353E+1	4.7826E+1	4.6451E+1	4.5047E+1	4.3950E+1	4.2799E+1	4.1816E+1	4.0855E+1	4.0072E+1	3.9439E+1	3.8860E+1	3.8413E+1	3.8071E+1	3.7751E+1	3.7494E+1	3.7330E+1	3.7133E+1	3.7022E+1	3.6912E+1	3.6842E+1	3.6789E+1
5.3444E+2	3.4481E+2	2.6011E+2	1.7426E+2	1.1729E+2	1.0380E+2	9.1815E+1	8.0130E+1	7.3203E+1	6.5414E+1	5.9446E+1	5.5015E+1	5.2817E+1	5.0270E+1	4.9432E+1	4.7832E+1	4.6429E+1	4.5027E+1	4.3898E+1	4.2854E+1	4.1765E+1	4.0830E+1	4.0037E+1	3.9462E+1	3.8853E+1	3.8405E+1	3.8087E+1	3.7743E+1	3.7511E+1	3.7303E+1	3.7142E+1	3.7021E+1	3.6907E+1	3.6833E+1	3.6762E+1
5.4054E+2	3.4429E+2	2.5776E+2	1.7667E+2	1.1784E+2	1.0454E+2	9.1343E+1	8.0321E+1	7.2360E+1	6.5354E+1	5.9246E+1	5.5013E+1	5.2935E+1	5.0354E+1	4.9375E+1	4.7828E+1	4.6301E+1	4.5010E+1	4.3993E+1	4.2852E+1	4.1824E+1	4.0843E+1	4.0008E+1	3.9409E+1	3.8857E+1	3.8399E+1	3.8073E+1	3.7736E+1	3.7489E+1	3.7303E+1	3.7132E+1	3.7030E+1	3.6898E+1	3.6835E+1	3.6728E+1
5.4227E+2	3.4419E+2	2.5676E+2	1.7737E+2	1.1888E+2	1.0469E+2	9.1600E+1	8.0692E+1	7.2004E+1	6.5236E+1	5.9607E+1	5.4962E+1	5.3011E+1	5.0304E+1	4.9275E+1	4.7917E+1	4.6368E+1	4.5031E+1	4.3915E+1	4.2933E+1	4.1759E+1	4.0845E+1	4.0054E+1	3.9423E+1	3.8838E+1	3.8405E+1	3.8044E+1	3.7740E+1	3.7492E+1	3.7287E+1	3.7120E+1	3.7010E+1	3.6912E+1	3.6805E+1	3.6788E+1
5.4256E+2	3.4688E+2	2.5842E+2	1.7656E+2	1.1874E+2	1.0488E+2	9.1243E+1	8.0645E+1	7.2419E+1	6.5557E+1	5.9487E+1	5.4970E+1	5.2992E+1	5.0253E+1	4.9348E+1	4.7862E+1	4.6397E+1	4.5026E+1	4.3956E+1	4.2798E+1	4.1741E+1	4.0852E+1	4.0003E+1	3.9400E+1	3.8844E+1	3.8393E+1	3.8033E+1	3.7723E+1	3.7473E+1	3.7286E+1	3.7105E+1	3.6987E+1	3.6881E+1	3.6811E+1	3.6748E+1
5.4352E+2	3.4583E+2	2.5777E+2	1.7692E+2	1.1848E+2	1.0431E+2	9.1784E+1	8.0452E+1	7.2403E+1	6.5712E+1	5.9368E+1	5.5046E+1	5.2867E+1	5.0232E+1	4.9257E+1	4.7884E+1	4.6334E+1	4.5075E+1	4.3897E+1	4.2814E+1	4.1724E+1	4.0842E+1	4.0042E+1	3.9407E+1	3.8836E+1	3.8386E+1	3.8039E+1	3.7731E+1	3.7469E+1	3.7259E+1	3.7110E+1	3.6991E+1	3.6881E+1	3.6808E+1	3.6742E+1
5.3941E+2	3.4748E+2	2.5858E+2	1.7819E+2	1.1757E+2	1.0534E+2	9.1649E+1	8.0607E+1	7.2362E+1	6.5482E+1	5.9084E+1	5.5024E+1	5.2871E+1	5.0216E+1	4.9214E+1	4.7814E+1	4.6369E+1	4.5065E+1	4.3863E+1	4.2814E+1	4.1689E+1	4.0860E+1	4.0043E+1	3.9390E+1	3.8826E+1	3.8382E+1	3.8032E+1	3.7707E+1	3.7454E+1	3.7266E+1	3.7089E+1	3.6960E+1	3.6876E+1	3.6788E+1	3.6710E+1
5.4284E+2	3.4596E+2	2.5753E+2	1.7680E+2	1.1840E+2	1.0493E+2	9.1243E+1	8.0677E+1	7.2755E+1	6.5558E+1	5.9219E+1	5.4996E+1	5.2944E+1	5.0183E+1	4.9235E+1	4.7801E+1	4.6363E+1	4.5004E+1	4.3892E+1	4.2813E+1	4.1729E+1	4.0826E+1	3.9992E+1	3.9374E+1	3.8783E+1	3.8353E+1	3.8014E+1	3.7695E+1	3.7452E+1	3.7291E+1	3.7082E+1	3.6970E+1	3.6855E+1	3.6790E+1	3.6707E+1
5.6034E+2	3.5231E+2	2.6523E+2	1.8142E+2	1.1618E+2	1.0657E+2	8.9536E+1	8.2393E+1	7.0903E+1	6.4137E+1	6.0075E+1	5.4843E+1	5.3084E+1	5.0321E+1	4.9158E+1	4.7787E+1	4.6236E+1	4.5038E+1	4.3808E+1	4.2812E+1	4.1729E+1	4.0794E+1	3.9961E+1	3.9359E+1	3.8790E+1	3.8374E+1	3.8011E+1	3.7696E+1	3.7445E+1	3.7243E+1	3.7085E+1	3.6973E+1	3.6843E+1	3.6766E+1	3.6709E+1
5.4562E+2	3.4620E+2	2.5835E+2	1.7739E+2	1.1865E+2	1.0454E+2	9.1557E+1	8.0357E+1	7.1961E+1	6.5299E+1	5.9168E+1	5.4931E+1	5.2977E+1	5.0181E+1	4.9340E+1	4.7814E+1	4.6294E+1	4.4931E+1	4.3798E+1	4.2757E+1	4.1750E+1	4.0792E+1	3.9998E+1	3.9354E+1	3.8792E+1	3.8350E+1	3.8018E+1	3.7684E+1	3.7434E+1	3.7231E+1	3.7065E+1	3.6951E+1	3.6849E+1	3.6775E+1	3.6689E+1
5.4763E+2	3.4839E+2	2.5850E+2	1.7673E+2	1.1810E+2	1.0511E+2	9.0758E+1	8.0760E+1	7.2411E+1	6.5584E+1	5.9437E+1	5.5016E+1	5.2819E+1	5.0225E+1	4.9232E+1	4.7811E+1	4.6358E+1	4.4974E+1	4.3820E+1	4.2739E+1	4.1722E+1	4.0773E+1	3.9948E+1	3.9345E+1	3.8768E+1	3.8327E+1	3.8015E+1	3.7654E+1	3.7441E+1	3.7231E+1	3.7082E+1	3.6956E+1	3.6850E+1	3.6760E+1	3.6690E+1
5.4696E+2	3.4839E+2	2.5740E+2	1.7613E+2	1.1740E+2	1.0393E+2	9.1614E+1	8.0722E+1	7.2212E+1	6.5485E+1	5.9535E+1	5.4978E+1	5.2788E+1	5.0230E+1	4.9309E+1	4.7788E+1	4.6322E+1	4.5012E+1	4.3848E+1	4.2787E+1	4.1745E+1	4.0758E+1	3.9947E+1	3.9346E+1	3.8774E+1	3.8313E+1	3.7988E+1	3.7682E+1	3.7415E+1	3.7238E+1	3.7058E+1	3.6933E+1	3.6826E+1	3.6763E+1	3.6690E+1
5.4618E+2	3.4767E+2	2.5697E+2	1.7597E+2	1.1894E+2	1.0451E+2	9.1151E+1	8.0499E+1	7.2245E+1	6.5216E+1	5.8982E+1	5.4833E+1	5.2899E+1	5.0151E+1	4.9237E+1	4.7754E+1	4.6303E+1	4.5035E+1	4.3810E+1	4.2848E+1	4.1701E+1	4.0784E+1	3.9947E+1	3.9347E+1	3.8770E+1	3.8328E+1	3.7986E+1	3.7661E+1	3.7408E+1	3.7215E+1	3.7039E+1	3.6922E+1	3.6816E+1	3.6697E+1	3.6653E+1
5.4628E+2	3.4689E+2	2.5724E+2	1.7673E+2	1.1835E+2	1.0480E+2	9.1618E+1	8.1048E+1	7.2202E+1	6.5060E+1	5.9480E+1	5.4931E+1	5.2981E+1	5.0136E+1	4.9240E+1	4.7776E+1	4.6337E+1	4.4939E+1	4.3793E+1	4.2817E+1	4.1695E+1	4.0777E+1	3.9980E+1	3.9323E+1	3.8760E+1	3.8306E+1	3.7988E+1	3.7665E+1	3.7401E+1	3.7212E+1	3.7033E+1	3.6908E+1	3.6805E+1	3.6752E+1	3.6681E+1
5.4685E+2	3.4730E+2	2.5791E+2	1.7788E+2	1.1787E+2	1.0458E+2	9.0517E+1	8.0710E+1	7.2289E+1	6.5327E+1	5.8871E+1	5.4885E+1	5.2794E+1	5.0213E+1	4.9294E+1	4.7816E+1	4.6306E+1	4.4951E+1	4.3806E+1	4.2775E+1	4.1689E+1	4.0764E+1	3.9896E+1	3.9314E+1	3.8730E+1	3.8318E+1	3.7958E+1	3.7668E+1	3.7397E+1	3.7202E+1	3.7037E+1	3.6902E+1	3.6795E+1	3.6729E+1	3.6670E+1
5.4762E+2	3.4688E+2	2.5812E+2	1.7735E+2	1.1822E+2	1.0456E+2	9.1354E+1	8.0726E+1	7.2634E+1	6.5260E+1	5.9391E+1	5.4906E+1	5.2859E+1	5.0196E+1	4.9266E+1	4.7830E+1	4.6251E+1	4.4996E+1	4.3776E+1	4.2808E+1	4.1707E+1	4.0752E+1	3.9938E+1	3.9317E+1	3.8744E+1	3.8284E+1	3.7957E+1	3.7632E+1	3.7390E+1	3.7179E+1	3.7051E+1	3.6897E+1	3.6809E+1	3.6709E+1	3.6624E+1
5.4302E+2	3.4463E+2	2.5980E+2	1.7628E+2	1.1849E+2	1.0481E+2	9.0793E+1	8.1024E+1	7.2426E+1	6.5364E+1	5.9425E+1	5.4901E+1	5.2863E+1	5.0163E+1	4.9171E+1	4.7744E+1	4.6306E+1	4.4883E+1	4.3800E+1	4.2733E+1	4.1663E+1	4.0708E+1	3.9931E+1	3.9337E+1	3.8725E+1	3.8280E+1	3.7938E+1	3.7637E+1	3.7381E+1	3.7178E+1	3.7008E+1	3.6891E+1	3.6780E+1	3.6713E+1	3.6634E+1
5.4601E+2	3.4602E+2	2.6027E+2	1.7638E+2	1.1772E+2	1.0444E+2	9.1745E+1	8.0350E+1	7.2331E+1	6.5836E+1	5.9104E+1	5.5028E+1	5.2862E+1	5.0219E+1	4.9277E+1	4.7874E+1	4.6167E+1	4.4893E+1	4.3813E+1	4.2771E+1	4.1605E+1	4.0749E+1	3.9943E+1	3.9302E+1	3.8760E+1	3.8296E+1	3.7938E+1	3.7632E+1	3.7376E+1	3.7207E+1	3.7024E+1	3.6893E+1	3.6770E+1	3.6708E+1	3.6642E+1
5.4666E+2	3.4634E+2	2.5929E+2	1.7730E+2	1.1926E+2	1.0518E+2	9.1232E+1	8.1040E+1	7.1937E+1	6.5680E+1	5.9028E+1	5.4882E+1	5.2982E+1	5.0155E+1	4.9223E+1	4.7760E+1	4.6214E+1	4.4923E+1	4.3839E+1	4.2675E+1	4.1657E+1	4.0767E+1	3.9927E+1	3.9341E+1	3.8712E+1	3.8257E+1	3.7955E+1	3.7623E+1	3.7371E+1	3.7190E+1	3.7006E+1	3.6886E+1	3.6777E+1	3.6690E+1	3.6628E+1
5.4822E+2	3.4852E+2	2.5894E+2	1.7752E+2	1.1856E+2	1.0454E+2	9.1616E+1	8.0806E+1	7.2283E+1	6.5513E+1	5.8962E+1	5.4889E+1	5.2905E+1	5.0128E+1	4.9247E+1	4.7801E+1	4.6247E+1	4.4942E+1	4.3822E+1	4.2695E+1	4.1703E+1	4.0763E+1	3.9902E+1	3.9275E+1	3.8719E+1	3.8263E+1	3.7933E+1	3.7611E+1	3.7352E+1	3.7166E+1	3.7013E+1	3.6856E+1	3.6759E+1	3.6660E+1	3.6638E+1
5.5124E+2	3.4810E+2	2.5978E+2	1.7676E+2	1.1859E+2	1.0485E+2	9.1580E+1	8.0921E+1	7.2601E+1	6.5471E+1	5.9188E+1	5.4991E+1	5.2813E+1	5.0236E+1	4.9308E+1	4.7725E+1	4.6240E+1	4.4929E+1	4.3797E+1	4.2734E+1	4.1636E+1	4.0711E+1	3.9919E+1	3.9314E+1	3.8712E+1	3.8277E+1	3.7948E+1	3.7580E+1	3.7366E+1	3.7169E+1	3.6983E+1	3.6853E+1	3.6728E+1	3.6642E+1	3.6626E+1
5.5185E+2	3.4858E+2	2.5945E+2	1.7765E+2	1.1836E+2	1.0466E+2	9.1681E+1	8.0416E+1	7.2308E+1	6.5302E+1	5.8776E+1	5.4917E+1	5.2898E+1	5.0197E+1	4.9305E+1	4.7752E+1	4.6304E+1	4.4880E+1	4.3820E+1	4.2752E+1	4.1656E+1	4.0715E+1	3.9920E+1	3.9267E+1	3.8710E+1	3.8264E+1	3.7940E+1	3.7578E+1	3.7342E+1	3.7143E+1	3.6996E+1	3.6847E+1	3.6764E+1	3.6658E+1	3.6625E+1
5.5122E+2	3.5007E+2	2.5874E+2	1.7707E+2	1.1864E+2	1.0497E+2	9.1042E+1	8.0430E+1	7.2438E+1	6.5513E+1	5.9089E+1	5.4887E+1	5.2883E+1	5.0206E+1	4.9206E+1	4.7783E+1	4.6263E+1	4.4950E+1	4.3825E+1	4.2718E+1	4.1595E+1	4.0719E+1	3.9922E+1	3.9281E+1	3.8701E+1	3.8259E+1	3.7908E+1	3.7590E+1	3.7310E+1	3.7123E+1	3.6986E+1	3.6854E+1	3.6751E+1	3.6665E+1	3.6622E+1
5.5214E+2	3.4873E+2	2.5962E+2	1.7767E+2	1.1867E+2	1.0457E+2	9.1198E+1	8.0651E+1	7.2979E+1	6.5428E+1	5.9074E+1	5.4949E+1	5.2942E+1	5.0147E+1	4.9218E+1	4.7796E+1	4.6268E+1	4.4915E+1	4.3812E+1	4.2746E+1	4.1669E+1	4.0729E+1	3.9918E+1	3.9305E+1	3.8714E+1	3.8257E+1	3.7907E+1	3.7565E+1	3.7332E+1	3.7130E+1	3.6972E+1	3.6851E+1	3.6706E+1	3.6637E+1	3.6609E+1
5.5411E+2	3.5063E+2	2.6045E+2	1.7808E+2	1.1881E+2	1.0453E+2	9.1110E+1	8.0842E+1	7.2395E+1	6.5653E+1	5.9102E+1	5.4962E+1	5.2838E+1	5.0101E+1	4.9287E+1	4.7755E+1	4.6231E+1	4.4861E+1	4.3735E+1	4.2771E+1	4.1635E+1	4.0707E+1	3.9916E+1	3.9272E+1	3.8722E+1	3.8244E+1	3.7912E+1	3.7555E+1	3.7322E+1	3.7126E+1	3.6948E+1	3.6842E+1	3.6716E+1	3.6671E+1	3.6595E+1
5.5391E+2	3.4976E+2	2.6059E+2	1.7837E+2	1.1883E+2	1.0500E+2	9.1954E+1	8.0613E+1	7.2495E+1	6.5442E+1	5.9223E+1	5.4966E+1	5.2869E+1	5.0183E+1	4.9197E+1	4.7753E+1	4.6241E+1	4.4896E+1	4.3769E+1	4.2711E+1	4.1642E+1	4.0707E+1	3.9891E+1	3.9284E+1	3.8701E+1	3.8241E+1	3.7925E+1	3.7546E+1	3.7320E+1	3.7099E+1	3.6955E+1	3.6808E+1	3.6710E+1	3.6631E+1	3.6592E+1
5.5514E+2	3.4962E+2	2.6048E+2	1.7804E+2	1.1849E+2	1.0497E+2	9.1361E+1	8.0833E+1	7.2431E+1	6.5396E+1	5.9067E+1	5.4946E+1	5.2878E+1	5.0185E+1	4.9214E+1	4.7769E+1	4.6257E+1	4.4973E+1	4.3754E+1	4.2710E+1	4.1636E+1	4.0718E+1	3.9885E+1	3.9286E+1	3.8689E+1	3.8232E+1	3.7897E+1	3.7561E+1	3.7332E+1	3.7101E+1	3.6945E+1	3.6820E+1	3.6695E+1	3.6606E+1	3.6585E+1
5.5475E+2	3.4903E+2	2.6042E+2	1.7689E+2	1.1897E+2	1.0451E+2	9.1655E+1	8.0858E+1	7.2318E+1	6.5453E+1	5.9000E+1	5.4968E+1	5.2905E+1	5.0147E+1	4.9222E+1	4.7745E+1	4.6242E+1	4.4931E+1	4.3793E+1	4.2713E+1	4.1647E+1	4.0722E+1	3.9885E+1	3.9281E+1	3.8665E+1	3.8238E+1	3.7878E+1	3.7548E+1	3.7304E+1	3.7108E+1	3.6930E+1	3.6814E+1	3.6715E+1	3.6626E+1	3.6599E+1
5.5689E+2	3.4861E+2	2.5947E+2	1.7672E+2	1.1905E+2	1.0528E+2	9.1285E+1	8.0347E+1	7.2171E+1	6.5376E+1	5.9268E+1	5.4938E+1	5.2913E+1	5.0171E+1	4.9248E+1	4.7754E+1	4.6248E+1	4.4915E+1	4.3761E+1	4.2715E+1	4.1612E+1	4.0686E+1	3.9894E+1	3.9240E+1	3.8675E+1	3.8215E+1	3.7874E+1	3.7538E+1	3.7284E+1	3.7095E+1	3.6946E+1	3.6786E+1	3.6706E+1	3.6628E+1	3.6557E+1
5.6638E+2	3.4083E+2	2.5401E+2	1.7882E+2	1.1620E+2	1.0390E+2	9.3577E+1	8.1750E+1	7.2384E+1	6.5613E+1	5.8438E+1	5.4747E+1	5.2812E+1	5.0072E+1	4.9293E+1	4.7681E+1	4.6193E+1	4.4892E+1	4.3745E+1	4.2728E+1	4.1598E+1	4.0696E+1	3.9866E+1	3.9234E+1	3.8669E+1	3.8205E+1	3.7873E+1	3.7522E+1	3.7277E+1	3.7084E+1	3.6935E+1	3.6782E+1	3.6687E+1	3.6593E+1	3.6537E+1
5.5747E+2	3.5058E+2	2.5915E+2	1.7885E+2	1.1881E+2	1.0491E+2	9.1305E+1	8.0844E+1	7.2589E+1	6.5402E+1	5.9293E+1	5.4921E+1	5.2855E+1	5.0147E+1	4.9204E+1	4.7772E+1	4.6231E+1	4.4933E+1	4.3772E+1	4.2728E+1	4.1609E+1	4.0690E+1	3.9853E+1	3.9223E+1	3.8661E+1	3.8209E+1	3.7851E+1	3.7532E+1	3.7283E+1	3.7065E+1	3.6911E+1	3.6769E+1	3.6686E+1	3.6613E+1	3.6496E+1
5.5859E+2	3.5169E+2	2.6042E+2	1.7836E+2	1.1914E+2	1.0520E+2	9.1861E+1	8.0646E+1	7.2465E+1	6.5495E+1	5.9129E+1	5.4964E+1	5.2880E+1	5.0194E+1	4.9223E+1	4.7765E+1	4.6266E+1	4.4919E+1	4.3755E+1	4.2696E+1	4.1618E+1	4.0706E+1	3.9857E+1	3.9235E+1	3.8656E+1	3.8201E+1	3.7883E+1	3.7523E+1	3.7281E+1	3.7072E+1	3.6897E+1	3.6774E+1	3.6682E+1	3.6611E+1	3.6539E+1
5.5717E+2	3.5138E+2	2.6081E+2	1.7838E+2	1.1902E+2	1.0530E+2	9.1676E+1	8.0713E+1	7.2463E+1	6.5412E+1	5.9259E+1	5.4934E+1	5.2872E+1	5.0202E+1	4.9220E+1	4.7764E+1	4.6254E+1	4.4897E+1	4.3773E+1	4.2699E+1	4.1622E+1	4.0707E+1	3.9858E+1	3.9205E+1	3.8647E+1	3.8185E+1	3.7863E+1	3.7511E+1	3.7270E+1	3.7083E+1	3.6885E+1	3.6786E+1	3.6674E+1	3.6599E+1	3.6519E+1
5.5655E+2	3.5315E+2	2.6197E+2	1.7773E+2	1.1887E+2	1.0529E+2	9.2162E+1	8.0659E+1	7.2270E+1	6.5266E+1	5.9320E+1	5.4957E+1	5.2944E+1	5.0220E+1	4.9237E+1	4.7767E+1	4.6230E+1	4.4909E+1	4.3770E+1	4.2691E+1	4.1624E+1	4.0686E+1	3.9852E+1	3.9220E+1	3.8634E+1	3.8196E+1	3.7856E+1	3.7520E+1	3.7267E+1	3.7038E+1	3.6895E+1	3.6758E+1	3.6671E+1	3.6586E+1	3.6490E+1
5.5728E+2	3.5473E+2	2.6287E+2	1.7830E+2	1.1964E+2	1.0510E+2	9.1386E+1	8.0784E+1	7.2486E+1	6.5393E+1	5.9065E+1	5.4968E+1	5.2862E+1	5.0207E+1	4.9223E+1	4.7795E+1	4.6273E+1	4.4918E+1	4.3743E+1	4.2669E+1	4.1607E+1	4.0677E+1	3.9837E+1	3.9237E+1	3.8639E+1	3.8172E+1	3.7834E+1	3.7508E+1	3.7261E+1	3.7057E+1	3.6883E+1	3.6767E+1	3.6646E+1	3.6572E+1	3.6505E+1
5.5478E+2	3.5729E+2	2.6581E+2	1.8187E+2	1.1784E+2	1.0389E+2	9.3260E+1	8.1741E+1	7.3442E+1	6.4736E+1	5.9827E+1	5.4903E+1	5.2800E+1	5.0139E+1	4.9146E+1	4.7800E+1	4.6289E+1	4.4903E+1	4.3701E+1	4.2695E+1	4.1609E+1	4.0631E+1	3.9831E+1	3.9220E+1	3.8618E+1	3.8188E+1	3.7851E+1	3.7494E+1	3.7250E+1	3.7016E+1	3.6868E+1	3.6754E+1	3.6629E+1	3.6542E+1	3.6467E+1
5.5629E+2	3.5396E+2	2.6212E+2	1.7979E+2	1.1859E+2	1.0582E+2	9.1351E+1	8.0506E+1	7.2638E+1	6.5288E+1	5.9193E+1	5.4928E+1	5.2866E+1	5.0166E+1	4.9195E+1	4.7775E+1	4.6259E+1	4.4889E+1	4.3776E+1	4.2680E+1	4.1615E+1	4.0665E+1	3.9825E+1	3.9243E+1	3.8618E+1	3.8159E+1	3.7817E+1	3.7492E+1	3.7251E+1	3.7052E+1	3.6870E+1	3.6716E+1	3.6662E+1	3.6560E+1	3.6467E+1
5.5696E+2	3.5257E+2	2.6107E+2	1.7859E+2	1.1956E+2	1.0498E+2	9.2224E+1	8.1101E+1	7.2400E+1	6.5377E+1	5.9144E+1	5.4958E+1	5.2955E+1	5.0184E+1	4.9242E+1	4.7766E+1	4.6229E+1	4.4918E+1	4.3774E+1	4.2672E+1	4.1609E+1	4.0664E+1	3.9821E+1	3.9186E+1	3.8642E+1	3.8156E+1	3.7832E+1	3.7481E+1	3.7238E+1	3.7029E+1	3.6856E+1	3.6724E+1	3.6629E+1	3.6541E+1	3.6504E+1
5.5917E+2	3.5262E+2	2.6096E+2	1.7858E+2	1.1889E+2	1.0550E+2	9.1678E+1	8.0781E+1	7.2168E+1	6.5101E+1	5.8831E+1	5.5017E+1	5.2910E+1	5.0220E+1	4.9221E+1	4.7762E+1	4.6271E+1	4.4948E+1	4.3758E+1	4.2681E+1	4.1562E+1	4.0646E+1	3.9884E+1	3.9197E+1	3.8628E+1	3.8140E+1	3.7816E+1	3.7486E+1	3.7233E+1	3.7018E+1	3.6842E+1	3.6721E+1	3.6611E+1	3.6530E+1	3.6473E+1
5.5874E+2	3.5245E+2	2.6126E+2	1.7863E+2	1.1893E+2	1.0556E+2	9.2218E+1	8.0798E+1	7.2680E+1	6.5698E+1	5.8783E+1	5.5006E+1	5.2911E+1	5.0227E+1	4.9187E+1	4.7766E+1	4.6278E+1	4.4861E+1	4.3821E+1	4.2679E+1	4.1609E+1	4.0659E+1	3.9824E+1	3.9218E+1	3.8584E+1	3.8150E+1	3.7817E+1	3.7479E+1	3.7215E+1	3.7040E+1	3.6844E+1	3.6725E+1	3.6608E+1	3.6536E+1	3.6461E+1
5.5989E+2	3.5176E+2	2.6160E+2	1.7941E+2	1.1986E+2	1.0489E+2	9.1795E+1	8.1102E+1	7.2833E+1	6.5317E+1	5.9153E+1	5.5089E+1	5.2926E+1	5.0197E+1	4.9199E+1	4.7779E+1	4.6234E+1	4.4899E+1	4.3750E+1	4.2670E+1	4.1601E+1	4.0616E+1	3.9822E+1	3.9176E+1	3.8586E+1	3.8150E+1	3.7785E+1	3.7457E+1	3.7208E+1	3.7016E+1	3.6851E+1	3.6711E+1	3.6598E+1	3.6523E+1	3.6445E+1
5.6071E+2	3.5281E+2	2.6354E+2	1.8015E+2	1.1924E+2	1.0609E+2	9.2065E+1	8.0609E+1	7.2273E+1	6.5597E+1	5.9168E+1	5.5018E+1	5.2973E+1	5.0267E+1	4.9207E+1	4.7741E+1	4.6221E+1	4.4964E+1	4.3831E+1	4.2668E+1	4.1589E+1	4.0611E+1	3.9833E+1	3.9187E+1	3.8625E+1	3.8140E+1	3.7803E+1	3.7443E+1	3.7227E+1	3.6996E+1	3.6839E+1	3.6687E+1	3.6585E+1	3.6504E+1	3.6427E+1
5.6475E+2	3.5390E+2	2.6360E+2	1.7953E+2	1.1904E+2	1.0524E+2	9.2090E+1	8.1117E+1	7.2297E+1	6.5658E+1	5.9364E+1	5.5040E+1	5.2909E+1	5.0184E+1	4.9211E+1	4.7720E+1	4.6260E+1	4.4858E+1	4.3754E+1	4.2676E+1	4.1622E+1	4.0682E+1	3.9824E+1	3.9167E+1	3.8567E+1	3.8135E+1	3.7787E+1	3.7428E+1	3.7201E+1	3.7003E+1	3.6828E+1	3.6694E+1	3.6595E+1	3.6510E+1	3.6454E+1
5.6347E+2	3.5520E+2	2.6491E+2	1.7821E+2	1.1988E+2	1.0551E+2	9.2293E+1	8.1332E+1	7.2300E+1	6.5450E+1	5.9223E+1	5.4974E+1	5.2919E+1	5.0065E+1	4.9188E+1	4.7766E+1	4.6181E+1	4.4787E+1	4.3721E+1	4.2712E+1	4.1546E+1	4.0636E+1	3.9796E+1	3.9179E+1	3.8591E+1	3.8111E+1	3.7794E+1	3.7449E+1	3.7199E+1	3.6979E+1	3.6794E+1	3.6689E+1	3.6593E+1	3.6495E+1	3.6442E+1
5.6953E+2	3.5619E+2	2.6212E+2	1.8020E+2	1.1939E+2	1.0577E+2	9.1952E+1	8.1206E+1	7.2720E+1	6.5541E+1	5.9152E+1	5.5113E+1	5.2957E+1	5.0216E+1	4.9216E+1	4.7765E+1	4.6205E+1	4.4882E+1	4.3732E+1	4.2634E+1	4.1547E+1	4.0637E+1	3.9814E+1	3.9141E+1	3.8567E+1	3.8109E+1	3.7781E+1	3.7443E+1	3.7166E+1	3.6996E+1	3.6811E+1	3.6678E+1	3.6581E+1	3.6452E+1	3.6405E+1
5.6822E+2	3.5803E+2	2.6255E+2	1.7991E+2	1.1868E+2	1.0521E+2	9.2204E+1	8.1418E+1	7.2671E+1	6.5634E+1	5.9373E+1	5.4995E+1	5.2803E+1	5.0139E+1	4.9274E+1	4.7685E+1	4.6235E+1	4.4946E+1	4.3808E+1	4.2629E+1	4.1587E+1	4.0672E+1	3.9795E+1	3.9153E+1	3.8581E+1	3.8117E+1	3.7770E+1	3.7439E+1	3.7172E+1	3.6992E+1	3.6829E+1	3.6693E+1	3.6589E+1	3.6467E+1	3.6414E+1
5.6716E+2	3.5648E+2	2.6367E+2	1.7993E+2	1.1948E+2	1.0583E+2	9.1979E+1	8.0887E+1	7.2233E+1	6.5721E+1	5.9330E+1	5.4977E+1	5.2923E+1	5.0236E+1	4.9249E+1	4.7780E+1	4.6225E+1	4.4852E+1	4.3714E+1	4.2703E+1	4.1572E+1	4.0636E+1	3.9814E+1	3.9143E+1	3.8562E+1	3.8102E+1	3.7746E+1	3.7420E+1	3.7173E+1	3.6961E+1	3.6775E+1	3.6670E+1	3.6546E+1	3.6450E+1	3.6395E+1
5.7583E+2	3.5986E+2	2.5941E+2	1.8147E+2	1.2018E+2	1.0494E+2	9.2749E+1	8.0199E+1	7.2387E+1	6.5855E+1	5.9299E+1	5.5111E+1	5.3048E+1	5.0152E+1	4.9222E+1	4.7717E+1	4.6225E+1	4.4862E+1	4.3738E+1	4.2648E+1	4.1612E+1	4.0623E+1	3.9778E+1	3.9161E+1	3.8544E+1	3.8108E+1	3.7765E+1	3.7377E+1	3.7173E+1	3.6944E+1	3.6786E+1	3.6650E+1	3.6553E+1	3.6461E+1	3.6406E+1
5.6770E+2	3.5682E+2	2.6313E+2	1.7887E+2	1.1938E+2	1.0597E+2	9.1832E+1	8.1406E+1	7.2508E+1	6.5331E+1	5.8964E+1	5.5041E+1	5.2956E+1	5.0217E+1	4.9189E+1	4.7705E+1	4.6271E+1	4.4833E+1	4.3727E+1	4.2704E+1	4.1528E+1	4.0637E+1	3.9759E+1	3.9151E+1	3.8575E+1	3.8098E+1	3.7755E+1	3.7405E+1	3.7164E+1	3.6943E+1	3.6767E+1	3.6653E+1	3.6545E+1	3.6440E+1	3.6385E+1
5.7117E+2	3.5561E+2	2.6402E+2	1.7827E+2	1.2015E+2	1.0605E+2	9.2504E+1	8.0747E+1	7.3054E+1	6.5896E+1	5.9089E+1	5.5147E+1	5.2887E+1	5.0204E+1	4.9193E+1	4.7755E+1	4.6125E+1	4.4915E+1	4.3784E+1	4.2660E+1	4.1553E+1	4.0628E+1	3.9777E+1	3.9114E+1	3.8556E+1	3.8075E+1	3.7763E+1	3.7404E+1	3.7153E+1	3.6950E+1	3.6754E+1	3.6637E+1	3.6543E+1	3.6432E+1	3.6385E+1
5.7204E+2	3.5567E+2	2.6556E+2	1.7985E+2	1.2002E+2	1.0515E+2	9.2025E+1	8.1319E+1	7.3034E+1	6.5800E+1	5.9817E+1	5.4961E+1	5.2964E+1	5.0264E+1	4.9227E+1	4.7738E+1	4.6242E+1	4.4820E+1	4.3717E+1	4.2648E+1	4.1557E+1	4.0588E+1	3.9778E+1	3.9131E+1	3.8544E+1	3.8078E+1	3.7742E+1	3.7386E+1	3.7141E+1	3.6941E+1	3.6761E+1	3.6635E+1	3.6523E+1	3.6443E+1	3.6374E+1
5.6840E+2	3.5733E+2	2.6412E+2	1.7947E+2	1.2000E+2	1.0561E+2	9.2268E+1	8.1151E+1	7.2404E+1	6.5774E+1	5.9413E+1	5.5046E+1	5.2922E+1	5.0199E+1	4.9245E+1	4.7762E+1	4.6252E+1	4.4764E+1	4.3749E+1	4.2673E+1	4.1526E+1	4.0604E+1	3.9778E+1	3.9115E+1	3.8560E+1	3.8077E+1	3.7733E+1	3.7410E+1	3.7136E+1	3.6931E+1	3.6763E+1	3.6604E+1	3.6525E+1	3.6432E+1	3.6356E+1
5.6894E+2	3.5450E+2	2.6513E+2	1.8092E+2	1.2002E+2	1.0593E+2	9.2106E+1	8.0857E+1	7.2280E+1	6.5826E+1	5.9211E+1	5.5019E+1	5.2900E+1	5.0097E+1	4.9229E+1	4.7794E+1	4.6169E+1	4.4908E+1	4.3684E+1	4.2618E+1	4.1544E+1	4.0583E+1	3.9773E+1	3.9123E+1	3.8531E+1	3.8049E+1	3.7712E+1	3.7373E+1	3.7115E+1	3.6911E+1	3.6731E+1	3.6628E+1	3.6531E+1	3.6415E+1	3.6357E+1
5.6954E+2	3.5713E+2	2.6457E+2	1.8050E+2	1.2003E+2	1.0593E+2	9.2467E+1	8.1144E+1	7.2670E+1	6.5885E+1	5.9383E+1	5.5089E+1	5.2931E+1	5.0141E+1	4.9233E+1	4.7736E+1	4.6267E+1	4.4834E+1	4.3707E+1	4.2613E+1	4.1533E+1	4.0583E+1	3.9762E+1	3.9147E+1	3.8546E+1	3.8055E+1	3.7708E+1	3.7373E+1	3.7106E+1	3.6913E+1	3.6744E+1	3.6612E+1	3.6508E+1	3.6408E+1	3.6342E+1
5.7094E+2	3.5831E+2	2.6451E+2	1.7987E+2	1.1960E+2	1.0579E+2	9.2004E+1	8.1327E+1	7.2330E+1	6.5871E+1	5.9367E+1	5.5111E+1	5.2931E+1	5.0088E+1	4.9308E+1	4.7772E+1	4.6263E+1	4.4860E+1	4.3762E+1	4.2661E+1	4.1505E+1	4.0653E+1	3.9754E+1	3.9115E+1	3.8512E+1	3.8062E+1	3.7715E+1	3.7363E+1	3.7144E+1	3.6905E+1	3.6734E+1	3.6611E+1	3.6470E+1	3.6411E+1	3.6325E+1
5.7074E+2	3.5864E+2	2.6519E+2	1.8034E+2	1.1984E+2	1.0609E+2	9.2060E+1	8.1276E+1	7.2840E+1	6.5694E+1	5.9374E+1	5.5148E+1	5.2969E+1	5.0191E+1	4.9325E+1	4.7802E+1	4.6224E+1	4.4870E+1	4.3660E+1	4.2588E+1	4.1492E+1	4.0574E+1	3.9758E+1	3.9132E+1	3.8494E+1	3.8058E+1	3.7707E+1	3.7368E+1	3.7103E+1	3.6911E+1	3.6721E+1	3.6593E+1	3.6480E+1	3.6415E+1	3.6339E+1
5.7019E+2	3.6069E+2	2.6473E+2	1.8115E+2	1.2067E+2	1.0624E+2	9.2376E+1	8.1229E+1	7.3056E+1	6.5631E+1	5.9193E+1	5.5037E+1	5.2933E+1	5.0166E+1	4.9301E+1	4.7709E+1	4.6208E+1	4.4890E+1	4.3745E+1	4.2630E+1	4.1554E+1	4.0568E+1	3.9759E+1	3.9143E+1	3.8500E+1	3.8052E+1	3.7690E+1	3.7346E+1	3.7087E+1	3.6881E+1	3.6738E+1	3.6603E+1	3.6492E+1	3.6385E+1	3.6334E+1
5.7382E+2	3.5736E+2	2.6543E+2	1.8038E+2	1.2009E+2	1.0605E+2	9.2569E+1	8.1225E+1	7.2955E+1	6.5485E+1	5.9007E+1	5.5059E+1	5.2903E+1	5.0195E+1	4.9264E+1	4.7794E+1	4.6288E+1	4.4832E+1	4.3680E+1	4.2632E+1	4.1518E+1	4.0589E+1	3.9733E+1	3.9105E+1	3.8480E+1	3.8060E+1	3.7679E+1	3.7357E+1	3.7084E+1	3.6871E+1	3.6710E+1	3.6577E+1	3.6480E+1	3.6395E+1	3.6303E+1
5.7150E+2	3.6016E+2	2.6580E+2	1.8074E+2	1.1991E+2	1.0569E+2	9.2538E+1	8.1020E+1	7.2703E+1	6.5479E+1	5.9281E+1	5.5032E+1	5.2938E+1	5.0248E+1	4.9194E+1	4.7733E+1	4.6241E+1	4.4870E+1	4.3719E+1	4.2605E+1	4.1488E+1	4.0592E+1	3.9738E+1	3.9082E+1	3.8475E+1	3.8019E+1	3.7657E+1	3.7349E+1	3.7075E+1	3.6883E+1	3.6698E+1	3.6565E+1	3.6462E+1	3.6346E+1	3.6282E+1
5.7309E+2	3.6075E+2	2.6631E+2	1.8042E+2	1.2047E+2	1.0629E+2	9.2136E+1	8.1478E+1	7.2837E+1	6.5957E+1	5.9320E+1	5.4966E+1	5.2897E+1	5.0276E+1	4.9133E+1	4.7794E+1	4.6179E+1	4.4876E+1	4.3707E+1	4.2608E+1	4.1506E+1	4.0587E+1	3.9705E+1	3.9056E+1	3.8484E+1	3.8034E+1	3.7665E+1	3.7331E+1	3.7063E+1	3.6873E+1	3.6683E+1	3.6560E+1	3.6455E+1	3.6367E+1	3.6251E+1
5.7369E+2	3.5979E+2	2.6647E+2	1.8071E+2	1.1985E+2	1.0640E+2	9.2767E+1	8.1426E+1	7.2835E+1	6.5510E+1	5.9615E+1	5.5065E+1	5.2954E+1	5.0187E+1	4.9270E+1	4.7753E+1	4.6143E+1	4.4877E+1	4.3697E+1	4.2614E+1	4.1510E+1	4.0555E+1	3.9680E+1	3.9067E+1	3.8489E+1	3.8015E+1	3.7680E+1	3.7309E+1	3.7073E+1	3.6879E+1	3.6704E+1	3.6532E+1	3.6450E+1	3.6356E+1	3.6285E+1
5.7328E+2	3.5853E+2	2.6716E+2	1.8137E+2	1.1984E+2	1.0653E+2	9.2149E+1	8.1383E+1	7.2901E+1	6.5478E+1	5.9100E+1	5.5050E+1	5.2980E+1	5.0170E+1	4.9183E+1	4.7720E+1	4.6134E+1	4.4786E+1	4.3682E+1	4.2565E+1	4.1468E+1	4.0533E+1	3.9710E+1	3.9081E+1	3.8487E+1	3.8011E+1	3.7654E+1	3.7320E+1	3.7066E+1	3.6853E+1	3.6679E+1	3.6581E+1	3.6462E+1	3.6333E+1	3.6280E+1
5.7545E+2	3.5611E+2	2.6511E+2	1.8364E+2	1.2149E+2	1.0687E+2	9.2873E+1	8.1861E+1	7.2190E+1	6.5450E+1	5.9869E+1	5.5061E+1	5.3077E+1	5.0201E+1	4.9185E+1	4.7728E+1	4.6220E+1	4.4823E+1	4.3689E+1	4.2626E+1	4.1526E+1	4.0590E+1	3.9724E+1	3.9096E+1	3.8462E+1	3.8024E+1	3.7667E+1	3.7321E+1	3.7055E+1	3.6825E+1	3.6675E+1	3.6548E+1	3.6435E+1	3.6353E+1	3.6257E+1
5.7877E+2	3.6177E+2	2.6740E+2	1.8145E+2	1.2087E+2	1.0634E+2	9.2603E+1	8.1729E+1	7.2997E+1	6.5745E+1	5.9488E+1	5.5172E+1	5.2983E+1	5.0173E+1	4.9231E+1	4.7731E+1	4.6231E+1	4.4889E+1	4.3698E+1	4.2631E+1	4.1497E+1	4.0549E+1	3.9751E+1	3.9071E+1	3.8445E+1	3.7994E+1	3.7660E+1	3.7302E+1	3.7044E+1	3.6831E+1	3.6656E+1	3.6526E+1	3.6442E+1	3.6360E+1	3.6283E+1
5.7527E+2	3.6445E+2	2.6915E+2	1.8229E+2	1.2097E+2	1.0595E+2	9.2735E+1	8.1408E+1	7.2551E+1	6.5885E+1	5.9393E+1	5.5064E+1	5.3018E+1	5.0170E+1	4.9230E+1	4.7737E+1	4.6180E+1	4.4860E+1	4.3694E+1	4.2579E+1	4.1504E+1	4.0567E+1	3.9721E+1	3.9044E+1	3.8459E+1	3.8008E+1	3.7648E+1	3.7289E+1	3.7050E+1	3.6836E+1	3.6679E+1	3.6556E+1	3.6417E+1	3.6347E+1	3.6295E+1
5.7684E+2	3.6347E+2	2.6790E+2	1.8266E+2	1.1991E+2	1.0666E+2	9.2880E+1	8.1409E+1	7.2830E+1	6.5921E+1	5.9077E+1	5.5164E+1	5.2986E+1	5.0198E+1	4.9171E+1	4.7743E+1	4.6235E+1	4.4785E+1	4.3699E+1	4.2650E+1	4.1483E+1	4.0565E+1	3.9704E+1	3.9033E+1	3.8434E+1	3.8009E+1	3.7649E+1	3.7297E+1	3.7022E+1	3.6834E+1	3.6658E+1	3.6517E+1	3.6406E+1	3.6318E+1	3.6266E+1
5.7738E+2	3.6298E+2	2.6754E+2	1.8269E+2	1.2068E+2	1.0594E+2	9.2616E+1	8.1823E+1	7.2959E+1	6.5809E+1	5.9312E+1	5.5061E+1	5.2975E+1	5.0201E+1	4.9238E+1	4.7766E+1	4.6186E+1	4.4838E+1	4.3677E+1	4.2545E+1	4.1445E+1	4.0517E+1	3.9694E+1	3.9058E+1	3.8462E+1	3.7981E+1	3.7624E+1	3.7281E+1	3.7029E+1	3.6828E+1	3.6650E+1	3.6534E+1	3.6408E+1	3.6299E+1	3.6290E+1
5.8360E+2	3.6412E+2	2.6962E+2	1.8323E+2	1.2004E+2	1.0734E+2	9.2387E+1	8.1878E+1	7.2351E+1	6.5660E+1	5.9378E+1	5.5136E+1	5.3013E+1	5.0280E+1	4.9159E+1	4.7718E+1	4.6231E+1	4.4884E+1	4.3660E+1	4.2597E+1	4.1539E+1	4.0560E+1	3.9714E+1	3.9016E+1	3.8449E+1	3.7980E+1	3.7642E+1	3.7269E+1	3.6992E+1	3.6815E+1	3.6661E+1	3.6504E+1	3.6397E+1	3.6305E+1	3.6250E+1
5.7998E+2	3.6369E+2	2.6797E+2	1.8215E+2	1.2071E+2	1.0687E+2	9.2611E+1	8.1920E+1	7.2947E+1	6.5841E+1	5.9351E+1	5.5105E+1	5.3029E+1	5.0171E+1	4.9271E+1	4.7772E+1	4.6183E+1	4.4862E+1	4.3702E+1	4.2588E+1	4.1483E+1	4.0549E+1	3.9700E+1	3.9036E+1	3.8451E+1	3.7952E+1	3.7601E+1	3.7286E+1	3.7003E+1	3.6795E+1	3.6637E+1	3.6523E+1	3.6407E+1	3.6301E+1	3.6219E+1
5.8036E+2	3.6280E+2	2.6749E+2	1.8242E+2	1.2113E+2	1.0650E+2	9.2827E+1	8.1659E+1	7.2824E+1	6.6179E+1	5.9738E+1	5.5058E+1	5.3024E+1	5.0253E+1	4.9252E+1	4.7738E+1	4.6243E+1	4.4928E+1	4.3651E+1	4.2593E+1	4.1416E+1	4.0529E+1	3.9718E+1	3.9023E+1	3.8422E+1	3.7944E+1	3.7594E+1	3.7260E+1	3.6995E+1	3.6805E+1	3.6609E+1	3.6492E+1	3.6381E+1	3.6295E+1	3.6234E+1
5.8107E+2	3.6383E+2	2.6891E+2	1.8295E+2	1.2091E+2	1.0691E+2	9.2847E+1	8.1799E+1	7.3034E+1	6.5890E+1	5.9720E+1	5.5123E+1	5.3038E+1	5.0297E+1	4.9218E+1	4.7764E+1	4.6228E+1	4.4824E+1	4.3653E+1	4.2565E+1	4.1476E+1	4.0543E+1	3.9699E+1	3.9025E+1	3.8435E+1	3.7975E+1	3.7614E+1	3.7250E+1	3.7003E+1	3.6808E+1	3.6635E+1	3.6487E+1	3.6385E+1	3.6316E+1	3.6207E+1
5.8371E+2	3.6537E+2	2.6807E+2	1.8193E+2	1.2129E+2	1.0653E+2	9.2788E+1	8.1432E+1	7.3155E+1	6.5592E+1	5.9286E+1	5.5147E+1	5.3012E+1	5.0208E+1	4.9259E+1	4.7722E+1	4.6194E+1	4.4788E+1	4.3639E+1	4.2559E+1	4.1447E+1	4.0502E+1	3.9678E+1	3.9015E+1	3.8408E+1	3.7975E+1	3.7591E+1	3.7265E+1	3.6992E+1	3.6783E+1	3.6621E+1	3.6486E+1	3.6372E+1	3.6310E+1	3.6190E+1
5.8451E+2	3.6493E+2	2.6818E+2	1.8318E+2	1.2093E+2	1.0717E+2	9.3228E+1	8.1836E+1	7.3161E+1	6.5625E+1	5.9835E+1	5.5075E+1	5.3105E+1	5.0252E+1	4.9289E+1	4.7814E+1	4.6151E+1	4.4838E+1	4.3676E+1	4.2611E+1	4.1501E+1	4.0554E+1	3.9666E+1	3.9034E+1	3.8434E+1	3.7963E+1	3.7620E+1	3.7259E+1	3.6999E+1	3.6786E+1	3.6622E+1	3.6481E+1	3.6384E+1	3.6306E+1	3.6192E+1
5.8420E+2	3.6617E+2	2.6989E+2	1.8207E+2	1.2156E+2	1.0700E+2	9.2994E+1	8.1560E+1	7.3358E+1	6.5873E+1	5.9689E+1	5.5150E+1	5.2997E+1	5.0287E+1	4.9251E+1	4.7728E+1	4.6207E+1	4.4882E+1	4.3676E+1	4.2532E+1	4.1461E+1	4.0531E+1	3.9661E+1	3.9019E+1	3.8421E+1	3.7945E+1	3.7593E+1	3.7268E+1	3.6990E+1	3.6769E+1	3.6602E+1	3.6456E+1	3.6349E+1	3.6259E+1	3.6202E+1
5.8296E+2	3.6424E+2	2.6964E+2	1.8371E+2	1.2151E+2	1.0703E+2	9.3593E+1	8.1525E+1	7.3170E+1	6.5886E+1	5.9577E+1	5.5105E+1	5.3001E+1	5.0163E+1	4.9279E+1	4.7818E+1	4.6251E+1	4.4837E+1	4.3680E+1	4.2548E+1	4.1426E+1	4.0501E+1	3.9652E+1	3.9021E+1	3.8397E+1	3.7970E+1	3.7585E+1	3.7257E+1	3.6957E+1	3.6751E+1	3.6574E+1	3.6458E+1	3.6346E+1	3.6262E+1	3.6207E+1
5.8231E+2	3.6351E+2	2.7047E+2	1.8240E+2	1.2110E+2	1.0690E+2	9.2958E+1	8.2221E+1	7.3324E+1	6.5916E+1	5.9762E+1	5.5164E+1	5.3017E+1	5.0235E+1	4.9243E+1	4.7693E+1	4.6195E+1	4.4803E+1	4.3715E+1	4.2565E+1	4.1492E+1	4.0473E+1	3.9671E+1	3.9001E+1	3.8394E+1	3.7957E+1	3.7593E+1	3.7225E+1	3.6981E+1	3.6757E+1	3.6588E+1	3.6437E+1	3.6348E+1	3.6268E+1	3.6188E+1
5.8484E+2	3.6616E+2	2.6948E+2	1.8379E+2	1.2140E+2	1.0710E+2	9.2874E+1	8.1808E+1	7.3176E+1	6.6020E+1	5.9548E+1	5.5097E+1	5.2996E+1	5.0204E+1	4.9252E+1	4.7658E+1	4.6252E+1	4.4829E+1	4.3648E+1	4.2544E+1	4.1433E+1	4.0511E+1	3.9649E+1	3.9035E+1	3.8393E+1	3.7882E+1	3.7561E+1	3.7206E+1	3.6969E+1	3.6754E+1	3.6591E+1	3.6441E+1	3.6344E+1	3.6274E+1	3.6171E+1
5.8404E+2	3.6541E+2	2.7039E+2	1.8345E+2	1.2142E+2	1.0738E+2	9.3016E+1	8.1609E+1	7.3300E+1	6.5725E+1	5.9306E+1	5.5091E+1	5.2982E+1	5.0235E+1	4.9243E+1	4.7766E+1	4.6138E+1	4.4779E+1	4.3657E+1	4.2526E+1	4.1448E+1	4.0542E+1	3.9635E+1	3.9013E+1	3.8395E+1	3.7929E+1	3.7545E+1	3.7214E+1	3.6956E+1	3.6759E+1	3.6568E+1	3.6438E+1	3.6320E+1	3.6264E+1	3.6180E+1
5.8557E+2	3.6660E+2	2.7045E+2	1.8367E+2	1.2131E+2	1.0708E+2	9.3396E+1	8.1794E+1	7.3026E+1	6.6048E+1	5.9400E+1	5.5139E+1	5.2979E+1	5.0123E+1	4.9232E+1	4.7674E+1	4.6193E+1	4.4807E+1	4.3627E+1	4.2541E+1	4.1474E+1	4.0472E+1	3.9650E+1	3.9007E+1	3.8390E+1	3.7930E+1	3.7534E+1	3.7217E+1	3.6949E+1	3.6721E+1	3.6570E+1	3.6442E+1	3.6321E+1	3.6236E+1	3.6158E+1
5.8307E+2	3.6819E+2	2.6916E+2	1.8428E+2	1.2069E+2	1.0736E+2	9.2736E+1	8.1501E+1	7.3564E+1	6.6200E+1	5.9304E+1	5.5101E+1	5.3034E+1	5.0226E+1	4.9283E+1	4.7816E+1	4.6220E+1	4.4735E+1	4.3698E+1	4.2527E+1	4.1439E+1	4.0490E+1	3.9633E+1	3.8996E+1	3.8413E+1	3.7900E+1	3.7556E+1	3.7193E+1	3.6937E+1	3.6745E+1	3.6561E+1	3.6428E+1	3.6311E+1	3.6232E+1	3.6152E+1
5.8533E+2	3.6821E+2	2.6952E+2	1.8323E+2	1.2172E+2	1.0765E+2	9.3665E+1	8.1991E+1	7.3699E+1	6.6124E+1	5.9547E+1	5.5115E+1	5.2996E+1	5.0234E+1	4.9248E+1	4.7778E+1	4.6243E+1	4.4792E+1	4.3701E+1	4.2611E+1	4.1479E+1	4.0480E+1	3.9619E+1	3.8998E+1	3.8376E+1	3.7893E+1	3.7547E+1	3.7209E+1	3.6946E+1	3.6722E+1	3.6549E+1	3.6403E+1	3.6302E+1	3.6198E+1	3.6143E+1
5.8780E+2	3.6208E+2	2.7420E+2	1.8589E+2	1.2069E+2	1.0807E+2	9.4473E+1	8.2073E+1	7.3632E+1	6.5501E+1	5.9788E+1	5.5279E+1	5.3061E+1	5.0235E+1	4.9320E+1	4.7734E+1	4.6145E+1	4.4827E+1	4.3656E+1	4.2569E+1	4.1421E+1	4.0534E+1	3.9622E+1	3.8983E+1	3.8374E+1	3.7890E+1	3.7544E+1	3.7202E+1	3.6953E+1	3.6738E+1	3.6548E+1	3.6418E+1	3.6288E+1	3.6209E+1	3.6135E+1
5.8762E+2	3.6735E+2	2.7084E+2	1.8397E+2	1.2137E+2	1.0730E+2	9.3450E+1	8.2056E+1	7.3394E+1	6.6118E+1	5.9637E+1	5.5176E+1	5.3078E+1	5.0245E+1	4.9226E+1	4.7736E+1	4.6176E+1	4.4817E+1	4.3621E+1	4.2584E+1	4.1458E+1	4.0513E+1	3.9634E+1	3.8996E+1	3.8352E+1	3.7896E+1	3.7527E+1	3.7176E+1	3.6909E+1	3.6727E+1	3.6546E+1	3.6374E+1	3.6296E+1	3.6205E+1	3.6167E+1
5.8867E+2	3.6794E+2	2.7131E+2	1.8427E+2	1.2167E+2	1.0714E+2	9.3327E+1	8.2342E+1	7.3329E+1	6.6298E+1	5.9799E+1	5.5230E+1	5.3057E+1	5.0286E+1	4.9288E+1	4.7738E+1	4.6192E+1	4.4802E+1	4.3670E+1	4.2611E+1	4.1414E+1	4.0499E+1	3.9622E+1	3.8956E+1	3.8356E+1	3.7903E+1	3.7533E+1	3.7183E+1	3.6946E+1	3.6719E+1	3.6519E+1	3.6413E+1	3.6296E+1	3.6207E+1	3.6136E+1
5.9121E+2	3.6796E+2	2.7276E+2	1.8567E+2	1.2192E+2	1.0763E+2	9.3838E+1	8.1748E+1	7.3657E+1	6.6133E+1	5.9540E+1	5.5326E+1	5.3029E+1	5.0222E+1	4.9199E+1	4.7760E+1	4.6138E+1	4.4828E+1	4.3603E+1	4.2529E+1	4.1405E+1	4.0464E+1	3.9576E+1	3.8955E+1	3.8367E+1	3.7898E+1	3.7514E+1	3.7188E+1	3.6903E+1	3.6696E+1	3.6531E+1	3.6384E+1	3.6291E+1	3.6201E+1	3.6148E+1
5.9065E+2	3.6864E+2	2.7216E+2	1.8447E+2	1.2216E+2	1.0751E+2	9.3211E+1	8.1736E+1	7.3347E+1	6.6167E+1	5.9618E+1	5.5279E+1	5.3055E+1	5.0268E+1	4.9244E+1	4.7753E+1	4.6210E+1	4.4819E+1	4.3649E+1	4.2513E+1	4.1439E+1	4.0493E+1	3.9638E+1	3.8989E+1	3.8349E+1	3.7870E+1	3.7511E+1	3.7183E+1	3.6906E+1	3.6673E+1	3.6528E+1	3.6375E+1	3.6280E+1	3.6182E+1	3.6132E+1
5.9937E+2	3.6400E+2	2.7409E+2	1.8243E+2	1.2205E+2	1.0633E+2	9.4177E+1	8.2870E+1	7.2979E+1	6.6053E+1	5.9013E+1	5.5177E+1	5.3200E+1	5.0206E+1	4.9239E+1	4.7664E+1	4.6211E+1	4.4792E+1	4.3606E+1	4.2538E+1	4.1454E+1	4.0461E+1	3.9640E+1	3.8947E+1	3.8345E+1	3.7885E+1	3.7527E+1	3.7169E+1	3.6927E+1	3.6694E+1	3.6496E+1	3.6384E+1	3.6268E+1	3.6198E+1	3.6100E+1
5.8784E+2	3.7132E+2	2.7237E+2	1.8517E+2	1.2167E+2	1.0725E+2	9.4048E+1	8.2714E+1	7.3859E+1	6.5830E+1	5.9434E+1	5.5284E+1	5.3062E+1	5.0223E+1	4.9250E+1	4.7811E+1	4.6185E+1	4.4865E+1	4.3608E+1	4.2568E+1	4.1474E+1	4.0477E+1	3.9590E+1	3.8946E+1	3.8320E+1	3.7879E+1	3.7544E+1	3.7157E+1	3.6884E+1	3.6675E+1	3.6502E+1	3.6366E+1	3.6263E+1	3.6167E+1	3.6112E+1
5.8984E+2	3.6956E+2	2.7290E+2	1.8482E+2	1.2239E+2	1.0758E+2	9.3379E+1	8.1820E+1	7.3304E+1	6.6010E+1	5.9666E+1	5.5242E+1	5.3115E+1	5.0266E+1	4.9313E+1	4.7760E+1	4.6200E+1	4.4808E+1	4.3628E+1	4.2556E+1	4.1470E+1	4.0430E+1	3.9575E+1	3.8959E+1	3.8367E+1	3.7852E+1	3.7516E+1	3.7168E+1	3.6882E+1	3.6639E+1	3.6498E+1	3.6367E+1	3.6263E+1	3.6169E+1	3.6074E+1
5.9230E+2	3.6996E+2	2.7295E+2	1.8465E+2	1.2222E+2	1.0732E+2	9.3820E+1	8.2151E+1	7.3245E+1	6.6037E+1	5.9400E+1	5.5230E+1	5.3090E+1	5.0284E+1	4.9240E+1	4.7681E+1	4.6221E+1	4.4831E+1	4.3648E+1	4.2566E+1	4.1473E+1	4.0461E+1	3.9588E+1	3.8932E+1	3.8328E+1	3.7849E+1	3.7491E+1	3.7160E+1	3.6887E+1	3.6673E+1	3.6496E+1	3.6372E+1	3.6249E+1	3.6134E+1	3.6056E+1
5.9548E+2	3.7124E+2	2.7159E+2	1.8536E+2	1.2284E+2	1.0823E+2	9.4321E+1	8.1870E+1	7.3764E+1	6.5957E+1	5.9695E+1	5.5244E+1	5.3069E+1	5.0231E+1	4.9306E+1	4.7760E+1	4.6184E+1	4.4793E+1	4.3619E+1	4.2544E+1	4.1439E+1	4.0446E+1	3.9579E+1	3.8918E+1	3.8313E+1	3.7857E+1	3.7493E+1	3.7148E+1	3.6887E+1	3.6662E+1	3.6508E+1	3.6365E+1	3.6251E+1	3.6154E+1	3.6048E+1
5.9454E+2	3.7120E+2	2.7321E+2	1.8506E+2	1.2210E+2	1.0783E+2	9.3713E+1	8.2599E+1	7.3365E+1	6.6126E+1	5.9407E+1	5.5251E+1	5.3152E+1	5.0310E+1	4.9328E+1	4.7752E+1	4.6257E+1	4.4778E+1	4.3618E+1	4.2538E+1	4.1415E+1	4.0446E+1	3.9609E+1	3.8955E+1	3.8303E+1	3.7873E+1	3.7480E+1	3.7136E+1	3.6877E+1	3.6653E+1	3.6473E+1	3.6361E+1	3.6239E+1	3.6157E+1	3.6073E+1
5.9441E+2	3.7037E+2	2.7313E+2	1.8539E+2	1.2216E+2	1.0780E+2	9.3559E+1	8.2450E+1	7.3603E+1	6.6430E+1	5.9722E+1	5.5263E+1	5.3122E+1	5.0341E+1	4.9304E+1	4.7761E+1	4.6156E+1	4.4833E+1	4.3640E+1	4.2528E+1	4.1418E+1	4.0467E+1	3.9579E+1	3.8959E+1	3.8322E+1	3.7859E+1	3.7474E+1	3.7123E+1	3.6875E+1	3.6642E+1	3.6475E+1	3.6362E+1	3.6251E+1	3.6147E+1	3.6066E+1
5.9476E+2	3.7219E+2	2.7419E+2	1.8524E+2	1.2274E+2	1.0757E+2	9.3799E+1	8.2444E+1	7.3468E+1	6.6152E+1	5.9564E+1	5.5179E+1	5.3073E+1	5.0287E+1	4.9268E+1	4.7807E+1	4.6254E+1	4.4795E+1	4.3649E+1	4.2556E+1	4.1393E+1	4.0435E+1	3.9605E+1	3.8938E+1	3.8295E+1	3.7863E+1	3.7492E+1	3.7136E+1	3.6867E+1	3.6665E+1	3.6448E+1	3.6351E+1	3.6250E+1	3.6161E+1	3.6056E+1
5.9188E+2	3.7513E+2	2.7602E+2	1.8693E+2	1.2206E+2	1.0720E+2	9.4658E+1	8.2936E+1	7.4199E+1	6.6139E+1	5.9912E+1	5.5199E+1	5.3113E+1	5.0295E+1	4.9178E+1	4.7786E+1	4.6204E+1	4.4775E+1	4.3586E+1	4.2563E+1	4.1416E+1	4.0479E+1	3.9585E+1	3.8915E+1	3.8299E+1	3.7843E+1	3.7482E+1	3.7112E+1	3.6876E+1	3.6657E+1	3.6463E+1	3.6323E+1	3.6201E+1	3.6114E+1	3.6059E+1
5.9521E+2	3.7301E+2	2.7450E+2	1.8642E+2	1.2181E+2	1.0875E+2	9.3773E+1	8.2222E+1	7.3610E+1	6.6139E+1	5.9671E+1	5.5265E+1	5.3040E+1	5.0320E+1	4.9339E+1	4.7807E+1	4.6266E+1	4.4792E+1	4.3616E+1	4.2515E+1	4.1424E+1	4.0452E+1	3.9540E+1	3.8930E+1	3.8322E+1	3.7831E+1	3.7472E+1	3.7133E+1	3.6864E+1	3.6627E+1	3.6473E+1	3.6316E+1	3.6211E+1	3.6125E+1	3.6047E+1
5.9837E+2	3.7270E+2	2.7453E+2	1.8616E+2	1.2286E+2	1.0819E+2	9.4358E+1	8.2290E+1	7.3854E+1	6.6514E+1	5.9718E+1	5.5341E+1	5.3128E+1	5.0336E+1	4.9336E+1	4.7751E+1	4.6216E+1	4.4836E+1	4.3598E+1	4.2534E+1	4.1374E+1	4.0421E+1	3.9591E+1	3.8924E+1	3.8294E+1	3.7822E+1	3.7475E+1	3.7121E+1	3.6833E+1	3.6633E+1	3.6458E+1	3.6311E+1	3.6208E+1	3.6112E+1	3.6041E+1
5.9750E+2	3.7271E+2	2.7411E+2	1.8546E+2	1.2270E+2	1.0845E+2	9.4070E+1	8.2626E+1	7.3728E+1	6.6469E+1	5.9624E+1	5.5379E+1	5.3198E+1	5.0336E+1	4.9355E+1	4.7808E+1	4.6258E+1	4.4806E+1	4.3602E+1	4.2505E+1	4.1383E+1	4.0448E+1	3.9612E+1	3.8923E+1	3.8292E+1	3.7810E+1	3.7456E+1	3.7109E+1	3.6829E+1	3.6629E+1	3.6456E+1	3.6319E+1	3.6178E+1	3.6133E+1	3.6082E+1
5.9812E+2	3.7214E+2	2.7438E+2	1.8618E+2	1.2243E+2	1.0885E+2	9.4367E+1	8.2194E+1	7.4146E+1	6.6424E+1	5.9653E+1	5.5376E+1	5.3261E+1	5.0354E+1	4.9388E+1	4.7831E+1	4.6259E+1	4.4847E+1	4.3577E+1	4.2558E+1	4.1380E+1	4.0476E+1	3.9595E+1	3.8910E+1	3.8278E+1	3.7818E+1	3.7469E+1	3.7099E+1	3.6841E+1	3.6638E+1	3.6427E+1	3.6288E+1	3.6167E+1	3.6093E+1	3.6052E+1
6.0612E+2	3.7883E+2	2.7669E+2	1.8515E+2	1.2197E+2	1.0927E+2	9.4476E+1	8.2154E+1	7.3138E+1	6.6688E+1	5.9250E+1	5.5289E+1	5.3300E+1	5.0352E+1	4.9327E+1	4.7810E+1	4.6254E+1	4.4813E+1	4.3607E+1	4.2528E+1	4.1386E+1	4.0457E+1	3.9534E+1	3.8925E+1	3.8279E+1	3.7801E+1	3.7438E+1	3.7114E+1	3.6817E+1	3.6597E+1	3.6441E+1	3.6294E+1	3.6199E+1	3.6090E+1	3.6027E+1
6.0008E+2	3.7333E+2	2.7613E+2	1.8736E+2	1.2299E+2	1.0889E+2	9.4491E+1	8.2537E+1	7.3976E+1	6.6286E+1	5.9477E+1	5.5396E+1	5.3171E+1	5.0333E+1	4.9379E+1	4.7799E+1	4.6222E+1	4.4796E+1	4.3639E+1	4.2509E+1	4.1377E+1	4.0459E+1	3.9541E+1	3.8899E+1	3.8298E+1	3.7820E+1	3.7453E+1	3.7088E+1	3.6817E+1	3.6610E+1	3.6432E+1	3.6281E+1	3.6171E+1	3.6089E+1	3.6008E+1
6.0255E+2	3.7533E+2	2.7665E+2	1.8692E+2	1.2277E+2	1.0859E+2	9.3771E+1	8.3067E+1	7.3915E+1	6.6370E+1	5.9607E+1	5.5424E+1	5.3227E+1	5.0285E+1	4.9255E+1	4.7813E+1	4.6276E+1	4.4818E+1	4.3650E+1	4.2499E+1	4.1371E+1	4.0427E+1	3.9592E+1	3.8882E+1	3.8282E+1	3.7823E+1	3.7425E+1	3.7094E+1	3.6805E+1	3.6622E+1	3.6420E+1	3.6278E+1	3.6140E+1	3.6086E+1	3.6015E+1
6.0342E+2	3.7579E+2	2.7637E+2	1.8644E+2	1.2335E+2	1.0845E+2	9.4171E+1	8.2659E+1	7.4017E+1	6.6246E+1	5.9780E+1	5.5412E+1	5.3271E+1	5.0356E+1	4.9339E+1	4.7826E+1	4.6162E+1	4.4777E+1	4.3582E+1	4.2543E+1	4.1389E+1	4.0401E+1	3.9568E+1	3.8892E+1	3.8278E+1	3.7810E+1	3.7413E+1	3.7069E+1	3.6806E+1	3.6599E+1	3.6414E+1	3.6276E+1	3.6143E+1	3.6050E+1	3.5994E+1
6.0291E+2	3.7533E+2	2.7598E+2	1.8735E+2	1.2303E+2	1.0837E+2	9.4406E+1	8.2627E+1	7.3947E+1	6.6467E+1	6.0037E+1	5.5346E+1	5.3269E+1	5.0414E+1	4.9342E+1	4.7844E+1	4.6199E+1	4.4837E+1	4.3611E+1	4.2474E+1	4.1415E+1	4.0412E+1	3.9564E+1	3.8920E+1	3.8271E+1	3.7786E+1	3.7416E+1	3.7077E+1	3.6802E+1	3.6575E+1	3.6407E+1	3.6283E+1	3.6156E+1	3.6069E+1	3.5991E+1
6.0263E+2	3.7456E+2	2.7673E+2	1.8728E+2	1.2301E+2	1.0876E+2	9.4195E+1	8.2434E+1	7.3299E+1	6.6153E+1	5.9768E+1	5.5441E+1	5.3221E+1	5.0438E+1	4.9383E+1	4.7788E+1	4.6227E+1	4.4834E+1	4.3606E+1	4.2523E+1	4.1400E+1	4.0419E+1	3.9516E+1	3.8878E+1	3.8284E+1	3.7799E+1	3.7398E+1	3.7077E+1	3.6797E+1	3.6566E+1	3.6396E+1	3.6237E+1	3.6145E+1	3.6065E+1	3.5967E+1
6.0588E+2	3.7731E+2	2.7560E+2	1.8789E+2	1.2347E+2	1.0910E+2	9.4319E+1	8.2717E+1	7.4085E+1	6.6218E+1	5.9604E+1	5.5420E+1	5.3102E+1	5.0314E+1	4.9379E+1	4.7751E+1	4.6184E+1	4.4870E+1	4.3679E+1	4.2503E+1	4.1365E+1	4.0406E+1	3.9550E+1	3.8878E+1	3.8242E+1	3.7785E+1	3.7411E+1	3.7054E+1	3.6776E+1	3.6569E+1	3.6380E+1	3.6254E+1	3.6122E+1	3.6064E+1	3.5948E+1
6.0481E+2	3.7657E+2	2.7684E+2	1.8737E+2	1.2303E+2	1.0834E+2	9.4255E+1	8.3036E+1	7.3927E+1	6.6375E+1	6.0039E+1	5.5315E+1	5.3227E+1	5.0347E+1	4.9334E+1	4.7765E+1	4.6233E+1	4.4869E+1	4.3639E+1	4.2488E+1	4.1392E+1	4.0419E+1	3.9559E+1	3.8847E+1	3.8253E+1	3.7756E+1	3.7411E+1	3.7041E+1	3.6781E+1	3.6557E+1	3.6379E+1	3.6250E+1	3.6137E+1	3.6060E+1	3.5978E+1
6.0729E+2	3.7708E+2	2.7693E+2	1.8690E+2	1.2287E+2	1.0845E+2	9.4097E+1	8.2823E+1	7.3700E+1	6.6895E+1	5.9857E+1	5.5413E+1	5.3217E+1	5.0441E+1	4.9332E+1	4.7795E+1	4.6208E+1	4.4869E+1	4.3612E+1	4.2493E+1	4.1413E+1	4.0362E+1	3.9532E+1	3.8857E+1	3.8258E+1	3.7779E+1	3.7435E+1	3.7051E+1	3.6785E+1	3.6560E+1	3.6390E+1	3.6238E+1	3.6122E+1	3.6048E+1	3.5966E+1
6.0831E+2	3.7737E+2	2.7743E+2	1.8657E+2	1.2375E+2	1.0915E+2	9.4559E+1	8.2657E+1	7.3977E+1	6.6683E+1	5.9901E+1	5.5393E+1	5.3242E+1	5.0299E+1	4.9309E+1	4.7814E+1	4.6213E+1	4.4897E+1	4.3641E+1	4.2547E+1	4.1449E+1	4.0405E+1	3.9544E+1	3.8853E+1	3.8222E+1	3.7760E+1	3.7412E+1	3.7030E+1	3.6767E+1	3.6556E+1	3.6388E+1	3.6215E+1	3.6111E+1	3.6038E+1	3.5938E+1
6.0990E+2	3.7666E+2	2.7885E+2	1.8770E+2	1.2392E+2	1.0856E+2	9.4777E+1	8.2967E+1	7.4369E+1	6.6733E+1	5.9994E+1	5.5374E+1	5.3253E+1	5.0442E+1	4.9378E+1	4.7821E+1	4.6174E+1	4.4795E+1	4.3661E+1	4.2564E+1	4.1340E+1	4.0440E+1	3.9554E+1	3.8860E+1	3.8249E+1	3.7767E+1	3.7410E+1	3.7035E+1	3.6765E+1	3.6550E+1	3.6369E+1	3.6230E+1	3.6122E+1	3.6026E+1	3.5953E+1
6.1031E+2	3.7774E+2	2.7938E+2	1.8885E+2	1.2332E+2	1.0932E+2	9.4667E+1	8.3229E+1	7.4088E+1	6.6964E+1	5.9970E+1	5.5445E+1	5.3238E+1	5.0369E+1	4.9460E+1	4.7844E+1	4.6252E+1	4.4827E+1	4.3585E+1	4.2500E+1	4.1393E+1	4.0366E+1	3.9538E+1	3.8902E+1	3.8248E+1	3.7761E+1	3.7397E+1	3.7014E+1	3.6761E+1	3.6529E+1	3.6376E+1	3.6225E+1	3.6098E+1	3.6020E+1	3.5974E+1
6.0954E+2	3.8071E+2	2.7793E+2	1.8782E+2	1.2367E+2	1.0927E+2	9.5080E+1	8.3742E+1	7.4546E+1	6.6487E+1	5.9959E+1	5.5463E+1	5.3251E+1	5.0384E+1	4.9430E+1	4.7861E+1	4.6289E+1	4.4832E+1	4.3666E+1	4.2556E+1	4.1371E+1	4.0399E+1	3.9528E+1	3.8842E+1	3.8231E+1	3.7752E+1	3.7408E+1	3.7034E+1	3.6779E+1	3.6545E+1	3.6357E+1	3.6197E+1	3.6108E+1	3.6000E+1	3.5941E+1
6.0909E+2	3.7772E+2	2.7915E+2	1.8816E+2	1.2456E+2	1.0889E+2	9.4934E+1	8.3083E+1	7.4125E+1	6.7026E+1	6.0321E+1	5.5462E+1	5.3383E+1	5.0336E+1	4.9321E+1	4.7839E+1	4.6286E+1	4.4827E+1	4.3644E+1	4.2510E+1	4.1381E+1	4.0443E+1	3.9520E+1	3.8840E+1	3.8265E+1	3.7753E+1	3.7367E+1	3.7010E+1	3.6746E+1	3.6526E+1	3.6352E+1	3.6217E+1	3.6108E+1	3.6017E+1	3.5888E+1
6.1044E+2	3.7981E+2	2.7801E+2	1.8810E+2	1.2334E+2	1.0958E+2	9.4761E+1	8.3000E+1	7.4095E+1	6.6813E+1	5.9847E+1	5.5479E+1	5.3264E+1	5.0378E+1	4.9441E+1	4.7877E+1	4.6211E+1	4.4847E+1	4.3639E+1	4.2515E+1	4.1331E+1	4.0408E+1	3.9508E+1	3.8881E+1	3.8205E+1	3.7742E+1	3.7403E+1	3.7026E+1	3.6741E+1	3.6524E+1	3.6330E+1	3.6208E+1	3.6087E+1	3.6007E+1	3.5947E+1
6.1133E+2	3.8124E+2	2.7899E+2	1.8871E+2	1.2431E+2	1.0873E+2	9.4997E+1	8.3311E+1	7.4499E+1	6.6789E+1	6.0097E+1	5.5446E+1	5.3288E+1	5.0389E+1	4.9313E+1	4.7824E+1	4.6307E+1	4.4848E+1	4.3570E+1	4.2527E+1	4.1416E+1	4.0410E+1	3.9552E+1	3.8879E+1	3.8222E+1	3.7715E+1	3.7386E+1	3.7010E+1	3.6717E+1	3.6503E+1	3.6335E+1	3.6212E+1	3.6086E+1	3.5979E+1	3.5927E+1
6.1311E+2	3.8185E+2	2.7997E+2	1.8920E+2	1.2450E+2	1.0971E+2	9.4733E+1	8.3162E+1	7.4351E+1	6.6806E+1	6.0070E+1	5.5595E+1	5.3382E+1	5.0449E+1	4.9392E+1	4.7808E+1	4.6244E+1	4.4851E+1	4.3630E+1	4.2500E+1	4.1336E+1	4.0406E+1	3.9523E+1	3.8834E+1	3.8225E+1	3.7721E+1	3.7363E+1	3.7004E+1	3.6726E+1	3.6535E+1	3.6345E+1	3.6211E+1	3.6077E+1	3.6003E+1	3.5897E+1
6.1457E+2	3.8149E+2	2.8023E+2	1.8918E+2	1.2448E+2	1.0942E+2	9.5236E+1	8.3148E+1	7.4387E+1	6.6742E+1	6.0073E+1	5.5538E+1	5.3358E+1	5.0473E+1	4.9449E+1	4.7862E+1	4.6261E+1	4.4857E+1	4.3599E+1	4.2569E+1	4.1373E+1	4.0424E+1	3.9527E+1	3.8859E+1	3.8206E+1	3.7736E+1	3.7364E+1	3.7002E+1	3.6702E+1	3.6505E+1	3.6334E+1	3.6182E+1	3.6061E+1	3.5965E+1	3.5914E+1
6.1542E+2	3.8143E+2	2.8040E+2	1.8932E+2	1.2444E+2	1.0981E+2	9.5189E+1	8.3583E+1	7.4365E+1	6.6725E+1	6.0092E+1	5.5479E+1	5.3296E+1	5.0419E+1	4.9358E+1	4.7868E+1	4.6308E+1	4.4841E+1	4.3615E+1	4.2497E+1	4.1353E+1	4.0407E+1	3.9495E+1	3.8844E+1	3.8215E+1	3.7738E+1	3.7343E+1	3.6971E+1	3.6730E+1	3.6494E+1	3.6327E+1	3.6154E+1	3.6062E+1	3.5984E+1	3.5891E+1
6.1233E+2	3.8509E+2	2.8314E+2	1.8854E+2	1.2540E+2	1.1045E+2	9.5230E+1	8.3804E+1	7.4618E+1	6.7158E+1	6.0403E+1	5.5549E+1	5.3290E+1	5.0486E+1	4.9442E+1	4.7804E+1	4.6287E+1	4.4761E+1	4.3620E+1	4.2593E+1	4.1360E+1	4.0366E+1	3.9536E+1	3.8845E+1	3.8217E+1	3.7724E+1	3.7340E+1	3.6985E+1	3.6684E+1	3.6491E+1	3.6315E+1	3.6180E+1	3.6049E+1	3.5951E+1	3.5935E+1
6.1659E+2	3.8402E+2	2.8316E+2	1.8926E+2	1.2456E+2	1.0931E+2	9.5230E+1	8.3006E+1	7.4738E+1	6.6591E+1	6.0066E+1	5.5545E+1	5.3307E+1	5.0355E+1	4.9500E+1	4.7854E+1	4.6254E+1	4.4881E+1	4.3657E+1	4.2534E+1	4.1378E+1	4.0423E+1	3.9511E+1	3.8830E+1	3.8200E+1	3.7715E+1	3.7355E+1	3.6998E+1	3.6710E+1	3.6485E+1	3.6315E+1	3.6166E+1	3.6055E+1	3.5973E+1	3.5898E+1
6.1733E+2	3.8346E+2	2.8284E+2	1.9040E+2	1.2438E+2	1.1021E+2	9.5314E+1	8.4022E+1	7.4277E+1	6.7026E+1	6.0039E+1	5.5581E+1	5.3377E+1	5.0425E+1	4.9463E+1	4.7902E+1	4.6308E+1	4.4853E+1	4.3633E+1	4.2535E+1	4.1349E+1	4.0415E+1	3.9526E+1	3.8831E+1	3.8234E+1	3.7713E+1	3.7345E+1	3.6987E+1	3.6702E+1	3.6483E+1	3.6296E+1	3.6139E+1	3.6039E+1	3.5959E+1	3.5866E+1
6.2003E+2	3.8449E+2	2.8235E+2	1.9082E+2	1.2510E+2	1.0996E+2	9.5268E+1	8.3746E+1	7.4209E+1	6.6929E+1	6.0288E+1	5.5668E+1	5.3478E+1	5.0494E+1	4.9450E+1	4.7922E+1	4.6283E+1	4.4909E+1	4.3670E+1	4.2487E+1	4.1394E+1	4.0410E+1	3.9523E+1	3.8816E+1	3.8201E+1	3.7739E+1	3.7326E+1	3.6981E+1	3.6718E+1	3.6496E+1	3.6297E+1	3.6150E+1	3.6053E+1	3.5967E+1	3.5874E+1
6.2191E+2	3.8384E+2	2.8195E+2	1.9119E+2	1.2451E+2	1.0959E+2	9.5692E+1	8.3136E+1	7.4397E+1	6.7228E+1	6.0217E+1	5.5633E+1	5.3409E+1	5.0468E+1	4.9448E+1	4.7924E+1	4.6310E+1	4.4861E+1	4.3662E+1	4.2498E+1	4.1358E+1	4.0388E+1	3.9494E+1	3.8815E+1	3.8175E+1	3.7694E+1	3.7335E+1	3.6958E+1	3.6687E+1	3.6464E+1	3.6313E+1	3.6134E+1	3.6045E+1	3.5953E+1	3.5869E+1
6.2470E+2	3.8254E+2	2.8086E+2	1.9025E+2	1.2464E+2	1.1115E+2	9.5815E+1	8.3886E+1	7.4806E+1	6.6348E+1	6.0079E+1	5.5573E+1	5.3402E+1	5.0492E+1	4.9461E+1	4.7946E+1	4.6334E+1	4.4883E+1	4.3609E+1	4.2548E+1	4.1346E+1	4.0421E+1	3.9511E+1	3.8862E+1	3.8197E+1	3.7705E+1	3.7346E+1	3.6960E+1	3.6684E+1	3.6457E+1	3.6295E+1	3.6147E+1	3.6036E+1	3.5953E+1	3.5875E+1
6.2493E+2	3.8602E+2	2.8320E+2	1.9038E+2	1.2594E+2	1.1002E+2	9.5877E+1	8.3960E+1	7.4853E+1	6.7132E+1	6.0249E+1	5.5717E+1	5.3395E+1	5.0521E+1	4.9467E+1	4.7929E+1	4.6239E+1	4.4843E+1	4.3652E+1	4.2495E+1	4.1380E+1	4.0359E+1	3.9504E+1	3.8850E+1	3.8194E+1	3.7696E+1	3.7321E+1	3.6962E+1	3.6692E+1	3.6472E+1	3.6267E+1	3.6129E+1	3.6021E+1	3.5931E+1	3.5849E+1
6.2470E+2	3.8723E+2	2.8385E+2	1.9137E+2	1.2578E+2	1.1048E+2	9.5812E+1	8.3780E+1	7.4871E+1	6.6837E+1	6.0245E+1	5.5650E+1	5.3414E+1	5.0584E+1	4.9511E+1	4.7934E+1	4.6321E+1	4.4832E+1	4.3671E+1	4.2551E+1	4.1373E+1	4.0384E+1	3.9514E+1	3.8811E+1	3.8173E+1	3.7671E+1	3.7314E+1	3.6954E+1	3.6683E+1	3.6449E+1	3.6257E+1	3.6144E+1	3.6019E+1	3.5970E+1	3.5856E+1
6.2633E+2	3.8757E+2	2.8466E+2	1.9172E+2	1.2543E+2	1.1057E+2	9.5416E+1	8.4404E+1	7.4975E+1	6.6978E+1	6.0633E+1	5.5683E+1	5.3567E+1	5.0519E+1	4.9477E+1	4.7988E+1	4.6334E+1	4.4923E+1	4.3675E+1	4.2572E+1	4.1379E+1	4.0371E+1	3.9513E+1	3.8826E+1	3.8178E+1	3.7725E+1	3.7314E+1	3.6944E+1	3.6673E+1	3.6464E+1	3.6283E+1	3.6127E+1	3.6023E+1	3.5893E+1	3.5830E+1
6.2653E+2	3.8839E+2	2.8494E+2	1.9171E+2	1.2600E+2	1.1034E+2	9.5880E+1	8.3555E+1	7.4643E+1	6.6935E+1	5.9968E+1	5.5597E+1	5.3455E+1	5.0534E+1	4.9504E+1	4.7917E+1	4.6337E+1	4.4903E+1	4.3634E+1	4.2554E+1	4.1400E+1	4.0384E+1	3.9506E+1	3.8801E+1	3.8194E+1	3.7658E+1	3.7311E+1	3.6963E+1	3.6641E+1	3.6443E+1	3.6261E+1	3.6121E+1	3.6002E+1	3.5923E+1	3.5851E+1
6.2838E+2	3.8880E+2	2.8493E+2	1.9166E+2	1.2569E+2	1.1104E+2	9.6009E+1	8.3850E+1	7.4616E+1	6.7068E+1	6.0235E+1	5.5674E+1	5.3499E+1	5.0584E+1	4.9531E+1	4.8018E+1	4.6325E+1	4.4815E+1	4.3715E+1	4.2592E+1	4.1359E+1	4.0384E+1	3.9501E+1	3.8812E+1	3.8158E+1	3.7678E+1	3.7319E+1	3.6924E+1	3.6661E+1	3.6441E+1	3.6244E+1	3.6131E+1	3.6002E+1	3.5901E+1	3.5814E+1
6.2617E+2	3.8735E+2	2.8467E+2	1.9237E+2	1.2571E+2	1.1087E+2	9.5694E+1	8.4135E+1	7.4647E+1	6.6984E+1	6.0580E+1	5.5733E+1	5.3543E+1	5.0634E+1	4.9589E+1	4.8017E+1	4.6302E+1	4.4918E+1	4.3677E+1	4.2531E+1	4.1387E+1	4.0373E+1	3.9474E+1	3.8816E+1	3.8143E+1	3.7674E+1	3.7290E+1	3.6926E+1	3.6648E+1	3.6427E+1	3.6263E+1	3.6116E+1	3.5991E+1	3.5892E+1	3.5831E+1
6.2810E+2	3.8973E+2	2.8376E+2	1.9136E+2	1.2607E+2	1.1062E+2	9.5890E+1	8.3673E+1	7.4990E+1	6.6975E+1	6.0413E+1	5.5682E+1	5.3505E+1	5.0567E+1	4.9457E+1	4.7943E+1	4.6332E+1	4.4941E+1	4.3667E+1	4.2549E+1	4.1400E+1	4.0412E+1	3.9475E+1	3.8809E+1	3.8194E+1	3.7678E+1	3.7283E+1	3.6905E+1	3.6669E+1	3.6433E+1	3.6248E+1	3.6109E+1	3.6009E+1	3.5880E+1	3.5807E+1
6.2808E+2	3.8917E+2	2.8419E+2	1.9208E+2	1.2600E+2	1.1102E+2	9.5935E+1	8.4595E+1	7.4781E+1	6.7345E+1	6.0680E+1	5.5747E+1	5.3603E+1	5.0521E+1	4.9512E+1	4.7966E+1	4.6359E+1	4.4881E+1	4.3694E+1	4.2545E+1	4.1406E+1	4.0352E+1	3.9477E+1	3.8804E+1	3.8159E+1	3.7664E+1	3.7300E+1	3.6921E+1	3.6654E+1	3.6419E+1	3.6243E+1	3.6105E+1	3.5989E+1	3.5904E+1	3.5835E+1
6.3053E+2	3.9072E+2	2.8707E+2	1.9098E+2	1.2669E+2	1.1122E+2	9.6676E+1	8.3902E+1	7.4899E+1	6.7301E+1	6.0570E+1	5.5826E+1	5.3536E+1	5.0505E+1	4.9588E+1	4.7936E+1	4.6348E+1	4.4894E+1	4.3691E+1	4.2517E+1	4.1368E+1	4.0396E+1	3.9487E+1	3.8804E+1	3.8146E+1	3.7677E+1	3.7295E+1	3.6910E+1	3.6630E+1	3.6430E+1	3.6229E+1	3.6073E+1	3.5995E+1	3.5909E+1	3.5869E+1
6.2658E+2	3.8724E+2	2.8567E+2	1.9287E+2	1.2673E+2	1.1110E+2	9.6994E+1	8.3631E+1	7.5235E+1	6.7162E+1	6.0416E+1	5.5806E+1	5.3556E+1	5.0602E+1	4.9502E+1	4.7989E+1	4.6357E+1	4.4842E+1	4.3771E+1	4.2514E+1	4.1367E+1	4.0354E+1	3.9499E+1	3.8811E+1	3.8172E+1	3.7645E+1	3.7291E+1	3.6925E+1	3.6634E+1	3.6396E+1	3.6209E+1	3.6083E+1	3.5969E+1	3.5905E+1	3.5823E+1
6.2799E+2	3.8845E+2	2.8699E+2	1.9215E+2	1.2629E+2	1.1115E+2	9.6073E+1	8.4261E+1	7.5291E+1	6.7464E+1	6.0645E+1	5.5877E+1	5.3510E+1	5.0673E+1	4.9567E+1	4.8011E+1	4.6442E+1	4.4910E+1	4.3721E+1	4.2559E+1	4.1330E+1	4.0352E+1	3.9479E+1	3.8823E+1	3.8147E+1	3.7682E+1	3.7287E+1	3.6932E+1	3.6636E+1	3.6406E+1	3.6231E+1	3.6099E+1	3.5965E+1	3.5894E+1	3.5842E+1
6.2744E+2	3.8870E+2	2.8843E+2	1.9168E+2	1.2574E+2	1.1051E+2	9.6610E+1	8.4003E+1	7.4735E+1	6.7471E+1	6.0496E+1	5.5839E+1	5.3563E+1	5.0631E+1	4.9537E+1	4.7975E+1	4.6338E+1	4.4880E+1	4.3687E+1	4.2532E+1	4.1353E+1	4.0403E+1	3.9484E+1	3.8829E+1	3.8153E+1	3.7660E+1	3.7270E+1	3.6903E+1	3.6615E+1	3.6393E+1	3.6235E+1	3.6077E+1	3.5955E+1	3.5857E+1	3.5786E+1
6.3181E+2	3.9148E+2	2.8707E+2	1.9321E+2	1.2688E+2	1.1104E+2	9.6121E+1	8.4218E+1	7.5083E+1	6.7745E+1	6.0163E+1	5.5828E+1	5.3591E+1	5.0619E+1	4.9553E+1	4.7990E+1	4.6416E+1	4.4873E+1	4.3686E+1	4.2493E+1	4.1408E+1	4.0417E+1	3.9484E+1	3.8786E+1	3.8146E+1	3.7660E+1	3.7275E+1	3.6916E+1	3.6625E+1	3.6385E+1	3.6226E+1	3.6060E+1	3.5957E+1	3.5876E+1	3.5782E+1
6.3111E+2	3.9161E+2	2.8749E+2	1.9401E+2	1.2700E+2	1.1115E+2	9.6673E+1	8.4902E+1	7.5324E+1	6.7568E+1	6.0216E+1	5.5782E+1	5.3644E+1	5.0627E+1	4.9583E+1	4.8081E+1	4.6307E+1	4.4897E+1	4.3736E+1	4.2533E+1	4.1367E+1	4.0380E+1	3.9474E+1	3.8792E+1	3.8131E+1	3.7651E+1	3.7242E+1	3.6918E+1	3.6600E+1	3.6382E+1	3.6217E+1	3.6078E+1	3.5959E+1	3.5866E+1	3.5810E+1
6.3880E+2	3.9010E+2	2.8897E+2	1.9246E+2	1.2762E+2	1.1108E+2	9.7197E+1	8.5021E+1	7.4574E+1	6.6835E+1	6.0332E+1	5.5943E+1	5.3712E+1	5.0675E+1	4.9542E+1	4.8041E+1	4.6385E+1	4.4908E+1	4.3726E+1	4.2517E+1	4.1345E+1	4.0353E+1	3.9500E+1	3.8783E+1	3.8129E+1	3.7642E+1	3.7266E+1	3.6892E+1	3.6620E+1	3.6403E+1	3.6222E+1	3.6064E+1	3.5946E+1	3.5865E+1	3.5791E+1
6.3323E+2	3.9186E+2	2.8767E+2	1.9349E+2	1.2653E+2	1.1138E+2	9.6035E+1	8.4475E+1	7.5077E+1	6.7289E+1	6.0573E+1	5.5855E+1	5.3630E+1	5.0720E+1	4.9578E+1	4.8058E+1	4.6306E+1	4.4870E+1	4.3700E+1	4.2561E+1	4.1364E+1	4.0368E+1	3.9480E+1	3.8783E+1	3.8153E+1	3.7647E+1	3.7253E+1	3.6891E+1	3.6600E+1	3.6383E+1	3.6195E+1	3.6055E+1	3.5946E+1	3.5853E+1	3.5797E+1
6.3315E+2	3.9325E+2	2.8713E+2	1.9292E+2	1.2673E+2	1.1130E+2	9.6461E+1	8.4206E+1	7.5171E+1	6.7359E+1	6.0256E+1	5.5782E+1	5.3630E+1	5.0628E+1	4.9599E+1	4.8018E+1	4.6352E+1	4.4928E+1	4.3716E+1	4.2543E+1	4.1361E+1	4.0347E+1	3.9476E+1	3.8773E+1	3.8110E+1	3.7640E+1	3.7252E+1	3.6872E+1	3.6568E+1	3.6375E+1	3.6182E+1	3.6050E+1	3.5951E+1	3.5833E+1	3.5782E+1
6.3578E+2	3.9379E+2	2.8749E+2	1.9343E+2	1.2654E+2	1.1181E+2	9.6760E+1	8.4824E+1	7.5233E+1	6.7435E+1	6.0900E+1	5.5956E+1	5.3697E+1	5.0720E+1	4.9584E+1	4.8050E+1	4.6402E+1	4.5001E+1	4.3670E+1	4.2531E+1	4.1362E+1	4.0347E+1	3.9423E+1	3.8800E+1	3.8124E+1	3.7610E+1	3.7241E+1	3.6859E+1	3.6588E+1	3.6383E+1	3.6161E+1	3.6067E+1	3.5921E+1	3.5833E+1	3.5766E+1
6.3595E+2	3.9357E+2	2.8837E+2	1.9398E+2	1.2727E+2	1.1146E+2	9.6275E+1	8.4550E+1	7.5037E+1	6.7422E+1	6.0568E+1	5.5883E+1	5.3602E+1	5.0654E+1	4.9641E+1	4.8028E+1	4.6346E+1	4.4961E+1	4.3682E+1	4.2565E+1	4.1401E+1	4.0336E+1	3.9445E+1	3.8770E+1	3.8116E+1	3.7642E+1	3.7227E+1	3.6868E+1	3.6606E+1	3.6373E+1	3.6163E+1	3.6028E+1	3.5910E+1	3.5837E+1	3.5755E+1
6.3701E+2	3.9349E+2	2.8912E+2	1.9424E+2	1.2738E+2	1.1159E+2	9.6874E+1	8.4709E+1	7.5230E+1	6.7491E+1	6.0884E+1	5.5892E+1	5.3672E+1	5.0706E+1	4.9673E+1	4.7955E+1	4.6384E+1	4.4914E+1	4.3702E+1	4.2533E+1	4.1383E+1	4.0340E+1	3.9456E+1	3.8761E+1	3.8113E+1	3.7643E+1	3.7253E+1	3.6872E+1	3.6575E+1	3.6363E+1	3.6178E+1	3.6035E+1	3.5916E+1	3.5829E+1	3.5737E+1
6.3557E+2	3.9483E+2	2.8783E+2	1.9440E+2	1.2761E+2	1.1143E+2	9.6686E+1	8.4472E+1	7.4807E+1	6.7669E+1	6.0500E+1	5.5923E+1	5.3669E+1	5.0654E+1	4.9646E+1	4.8139E+1	4.6339E+1	4.4922E+1	4.3731E+1	4.2523E+1	4.1365E+1	4.0357E+1	3.9455E+1	3.8734E+1	3.8119E+1	3.7615E+1	3.7243E+1	3.6850E+1	3.6586E+1	3.6340E+1	3.6166E+1	3.6033E+1	3.5902E+1	3.5834E+1	3.5711E+1
6.3832E+2	3.9488E+2	2.8960E+2	1.9436E+2	1.2749E+2	1.1153E+2	9.6892E+1	8.4676E+1	7.5126E+1	6.7659E+1	6.0537E+1	5.5991E+1	5.3619E+1	5.0700E+1	4.9558E+1	4.8036E+1	4.6473E+1	4.4941E+1	4.3718E+1	4.2575E+1	4.1381E+1	4.0364E+1	3.9437E+1	3.8761E+1	3.8126E+1	3.7615E+1	3.7222E+1	3.6853E+1	3.6566E+1	3.6347E+1	3.6169E+1	3.6020E+1	3.5901E+1	3.5796E+1	3.5763E+1
6.3943E+2	3.9403E+2	2.8971E+2	1.9454E+2	1.2731E+2	1.1190E+2	9.6669E+1	8.4698E+1	7.5389E+1	6.7648E+1	6.0745E+1	5.6019E+1	5.3665E+1	5.0717E+1	4.9709E+1	4.8072E+1	4.6450E+1	4.4958E+1	4.3730E+1	4.2577E+1	4.1329E+1	4.0367E+1	3.9450E+1	3.8747E+1	3.8132E+1	3.7599E+1	3.7216E+1	3.6844E+1	3.6569E+1	3.6342E+1	3.6158E+1	3.6027E+1	3.5905E+1	3.5797E+1	3.5764E+1
6.4096E+2	3.9385E+2	2.8832E+2	1.9474E+2	1.2713E+2	1.1183E+2	9.7147E+1	8.4892E+1	7.5278E+1	6.7724E+1	6.0797E+1	5.5869E+1	5.3627E+1	5.0655E+1	4.9651E+1	4.8051E+1	4.6412E+1	4.4882E+1	4.3672E+1	4.2554E+1	4.1347E+1	4.0336E+1	3.9423E+1	3.8745E+1	3.8119E+1	3.7588E+1	3.7234E+1	3.6849E+1	3.6577E+1	3.6361E+1	3.6166E+1	3.6014E+1	3.5884E+1	3.5815E+1	3.5736E+1
6.3810E+2	3.9546E+2	2.8966E+2	1.9442E+2	1.2756E+2	1.1195E+2	9.6958E+1	8.4779E+1	7.5092E+1	6.7842E+1	6.0455E+1	5.6004E+1	5.3708E+1	5.0648E+1	4.9553E+1	4.7999E+1	4.6319E+1	4.4898E+1	4.3660E+1	4.2494E+1	4.1323E+1	4.0341E+1	3.9434E+1	3.8719E+1	3.8099E+1	3.7599E+1	3.7191E+1	3.6826E+1	3.6557E+1	3.6351E+1	3.6151E+1	3.6002E+1	3.5887E+1	3.5792E+1	3.5715E+1
6.4115E+2	3.9594E+2	2.8819E+2	1.9543E+2	1.2817E+2	1.1222E+2	9.7396E+1	8.4461E+1	7.5450E+1	6.7375E+1	6.0544E+1	5.5925E+1	5.3660E+1	5.0692E+1	4.9599E+1	4.8017E+1	4.6410E+1	4.4911E+1	4.3690E+1	4.2575E+1	4.1355E+1	4.0333E+1	3.9434E+1	3.8727E+1	3.8092E+1	3.7604E+1	3.7208E+1	3.6831E+1	3.6554E+1	3.6339E+1	3.6124E+1	3.5975E+1	3.5865E+1	3.5793E+1	3.5738E+1
6.3845E+2	3.9623E+2	2.8977E+2	1.9432E+2	1.2734E+2	1.1159E+2	9.6733E+1	8.5255E+1	7.5304E+1	6.7475E+1	6.1054E+1	5.5959E+1	5.3744E+1	5.0739E+1	4.9632E+1	4.8025E+1	4.6364E+1	4.4888E+1	4.3777E+1	4.2566E+1	4.1333E+1	4.0356E+1	3.9421E+1	3.8739E+1	3.8057E+1	3.7575E+1	3.7196E+1	3.6810E+1	3.6554E+1	3.6320E+1	3.6137E+1	3.5980E+1	3.5874E+1	3.5784E+1	3.5719E+1
6.4023E+2	3.9803E+2	2.9142E+2	1.9436E+2	1.2728E+2	1.1248E+2	9.7673E+1	8.4782E+1	7.5523E+1	6.7435E+1	6.0743E+1	5.6088E+1	5.3718E+1	5.0728E+1	4.9693E+1	4.8054E+1	4.6414E+1	4.4917E+1	4.3695E+1	4.2549E+1	4.1414E+1	4.0350E+1	3.9435E+1	3.8728E+1	3.8093E+1	3.7593E+1	3.7188E+1	3.6823E+1	3.6542E+1	3.6318E+1	3.6135E+1	3.5988E+1	3.5870E+1	3.5772E+1	3.5739E+1
6.3990E+2	3.9845E+2	2.9209E+2	1.9492E+2	1.2846E+2	1.1231E+2	9.6342E+1	8.4907E+1	7.5540E+1	6.7781E+1	6.0295E+1	5.6078E+1	5.3673E+1	5.0844E+1	4.9694E+1	4.8057E+1	4.6479E+1	4.4986E+1	4.3728E+1	4.2537E+1	4.1367E+1	4.0353E+1	3.9411E+1	3.8736E+1	3.8076E+1	3.7600E+1	3.7196E+1	3.6831E+1	3.6537E+1	3.6332E+1	3.6141E+1	3.5985E+1	3.5843E+1	3.5777E+1	3.5751E+1
6.3837E+2	3.9927E+2	2.9267E+2	1.9644E+2	1.2752E+2	1.1165E+2	9.7710E+1	8.5342E+1	7.6228E+1	6.7444E+1	6.1063E+1	5.6046E+1	5.3688E+1	5.0755E+1	4.9617E+1	4.8119E+1	4.6488E+1	4.4950E+1	4.3717E+1	4.2539E+1	4.1346E+1	4.0338E+1	3.9466E+1	3.8733E+1	3.8093E+1	3.7588E+1	3.7189E+1	3.6819E+1	3.6525E+1	3.6312E+1	3.6134E+1	3.5978E+1	3.5856E+1	3.5788E+1	3.5645E+1
6.4546E+2	3.9770E+2	2.9088E+2	1.9509E+2	1.2798E+2	1.1199E+2	9.7700E+1	8.5248E+1	7.5207E+1	6.8061E+1	6.0728E+1	5.6138E+1	5.3788E+1	5.0766E+1	4.9656E+1	4.8036E+1	4.6426E+1	4.4956E+1	4.3756E+1	4.2535E+1	4.1314E+1	4.0334E+1	3.9408E+1	3.8748E+1	3.8095E+1	3.7581E+1	3.7182E+1	3.6806E+1	3.6520E+1	3.6308E+1	3.6117E+1	3.5953E+1	3.5841E+1	3.5754E+1	3.5675E+1
6.4006E+2	3.9702E+2	2.9069E+2	1.9566E+2	1.2844E+2	1.1199E+2	9.7403E+1	8.5022E+1	7.5472E+1	6.7599E+1	6.0785E+1	5.6063E+1	5.3861E+1	5.0761E+1	4.9714E+1	4.8047E+1	4.6438E+1	4.4883E+1	4.3638E+1	4.2507E+1	4.1350E+1	4.0366E+1	3.9431E+1	3.8732E+1	3.8096E+1	3.7559E+1	3.7194E+1	3.6786E+1	3.6545E+1	3.6313E+1	3.6118E+1	3.5965E+1	3.5827E+1	3.5731E+1	3.5656E+1
6.4249E+2	3.9790E+2	2.9140E+2	1.9571E+2	1.2783E+2	1.1268E+2	9.7736E+1	8.5248E+1	7.5767E+1	6.7828E+1	6.0926E+1	5.6099E+1	5.3782E+1	5.0787E+1	4.9648E+1	4.8084E+1	4.6459E+1	4.5028E+1	4.3673E+1	4.2529E+1	4.1363E+1	4.0341E+1	3.9392E+1	3.8722E+1	3.8065E+1	3.7564E+1	3.7193E+1	3.6807E+1	3.6523E+1	3.6293E+1	3.6075E+1	3.5967E+1	3.5836E+1	3.5770E+1	3.5674E+1
6.4036E+2	3.9582E+2	2.8997E+2	1.9506E+2	1.2750E+2	1.1286E+2	9.7817E+1	8.4558E+1	7.5522E+1	6.7484E+1	6.0637E+1	5.6053E+1	5.3793E+1	5.0773E+1	4.9718E+1	4.8131E+1	4.6417E+1	4.4940E+1	4.3691E+1	4.2555E+1	4.1335E+1	4.0328E+1	3.9407E+1	3.8709E+1	3.8078E+1	3.7559E+1	3.7184E+1	3.6790E+1	3.6517E+1	3.6301E+1	3.6097E+1	3.5959E+1	3.5835E+1	3.5728E+1	3.5659E+1
6.4281E+2	3.9712E+2	2.9172E+2	1.9669E+2	1.2899E+2	1.1225E+2	9.7186E+1	8.5628E+1	7.5902E+1	6.7540E+1	6.1121E+1	5.6140E+1	5.3835E+1	5.0873E+1	4.9620E+1	4.7996E+1	4.6434E+1	4.4947E+1	4.3649E+1	4.2530E+1	4.1326E+1	4.0333E+1	3.9441E+1	3.8734E+1	3.8079E+1	3.7574E+1	3.7191E+1	3.6785E+1	3.6509E+1	3.6285E+1	3.6083E+1	3.5959E+1	3.5830E+1	3.5735E+1	3.5684E+1
6.4733E+2	4.0133E+2	2.9070E+2	1.9492E+2	1.2855E+2	1.1242E+2	9.7118E+1	8.5564E+1	7.6045E+1	6.8041E+1	6.0749E+1	5.6135E+1	5.3866E+1	5.0761E+1	4.9722E+1	4.8142E+1	4.6528E+1	4.4917E+1	4.3736E+1	4.2503E+1	4.1341E+1	4.0311E+1	3.9404E+1	3.8698E+1	3.8071E+1	3.7566E+1	3.7179E+1	3.6799E+1	3.6517E+1	3.6270E+1	3.6110E+1	3.5960E+1	3.5807E+1	3.5727E+1	3.5676E+1
6.4724E+2	3.9946E+2	2.9353E+2	1.9689E+2	1.2816E+2	1.1271E+2	9.7250E+1	8.5282E+1	7.5932E+1	6.7889E+1	6.0919E+1	5.6036E+1	5.3822E+1	5.0832E+1	4.9742E+1	4.8150E+1	4.6462E+1	4.4963E+1	4.3732E+1	4.2607E+1	4.1324E+1	4.0360E+1	3.9443E+1	3.8694E+1	3.8073E+1	3.7561E+1	3.7172E+1	3.6780E+1	3.6509E+1	3.6268E+1	3.6085E+1	3.5947E+1	3.5836E+1	3.5718E+1	3.5665E+1
6.4723E+2	4.0066E+2	2.9445E+2	1.9637E+2	1.2857E+2	1.1266E+2	9.8106E+1	8.5584E+1	7.5522E+1	6.8067E+1	6.0869E+1	5.6144E+1	5.3868E+1	5.0846E+1	4.9745E+1	4.8132E+1	4.6435E+1	4.4973E+1	4.3684E+1	4.2566E+1	4.1327E+1	4.0334E+1	3.9437E+1	3.8741E+1	3.8066E+1	3.7565E+1	3.7164E+1	3.6797E+1	3.6490E+1	3.6261E+1	3.6067E+1	3.5941E+1	3.5820E+1	3.5716E+1	3.5648E+1
6.5091E+2	4.0416E+2	2.9438E+2	1.9580E+2	1.2881E+2	1.1321E+2	9.7080E+1	8.4635E+1	7.5954E+1	6.8196E+1	6.0829E+1	5.6170E+1	5.3818E+1	5.0833E+1	4.9836E+1	4.8143E+1	4.6488E+1	4.5008E+1	4.3757E+1	4.2618E+1	4.1386E+1	4.0355E+1	3.9415E+1	3.8710E+1	3.8062E+1	3.7562E+1	3.7147E+1	3.6771E+1	3.6489E+1	3.6267E+1	3.6064E+1	3.5912E+1	3.5823E+1	3.5685E+1	3.5635E+1
6.5056E+2	4.0357E+2	2.9386E+2	1.9741E+2	1.2882E+2	1.1321E+2	9.7876E+1	8.5218E+1	7.5755E+1	6.8037E+1	6.1232E+1	5.6171E+1	5.3911E+1	5.0902E+1	4.9732E+1	4.8136E+1	4.6445E+1	4.4968E+1	4.3729E+1	4.2562E+1	4.1377E+1	4.0362E+1	3.9446E+1	3.8730E+1	3.8077E+1	3.7557E+1	3.7145E+1	3.6774E+1	3.6497E+1	3.6261E+1	3.6070E+1	3.5915E+1	3.5790E+1	3.5718E+1	3.5659E+1
6.5631E+2	4.0603E+2	2.9232E+2	1.9894E+2	1.3004E+2	1.1394E+2	9.7311E+1	8.5929E+1	7.5996E+1	6.8563E+1	6.0854E+1	5.6279E+1	5.3874E+1	5.0763E+1	4.9814E+1	4.8060E+1	4.6527E+1	4.5019E+1	4.3745E+1	4.2537E+1	4.1310E+1	4.0320E+1	3.9418E+1	3.8712E+1	3.8049E+1	3.7545E+1	3.7161E+1	3.6754E+1	3.6487E+1	3.6276E+1	3.6043E+1	3.5949E+1	3.5808E+1	3.5709E+1	3.5626E+1
6.5788E+2	4.0491E+2	2.9309E+2	1.9923E+2	1.2960E+2	1.1316E+2	9.8304E+1	8.5215E+1	7.5931E+1	6.8188E+1	6.1003E+1	5.6301E+1	5.3984E+1	5.0772E+1	4.9817E+1	4.8197E+1	4.6483E+1	4.5055E+1	4.3762E+1	4.2547E+1	4.1405E+1	4.0286E+1	3.9420E+1	3.8708E+1	3.8022E+1	3.7564E+1	3.7163E+1	3.6757E+1	3.6483E+1	3.6258E+1	3.6044E+1	3.5909E+1	3.5782E+1	3.5683E+1	3.5630E+1
6.5694E+2	4.0442E+2	2.9464E+2	1.9770E+2	1.2889E+2	1.1359E+2	9.8156E+1	8.5710E+1	7.6052E+1	6.8384E+1	6.1265E+1	5.6318E+1	5.4007E+1	5.0825E+1	4.9851E+1	4.8205E+1	4.6421E+1	4.5075E+1	4.3732E+1	4.2544E+1	4.1365E+1	4.0344E+1	3.9406E+1	3.8692E+1	3.8027E+1	3.7543E+1	3.7145E+1	3.6778E+1	3.6476E+1	3.6236E+1	3.6056E+1	3.5900E+1	3.5777E+1	3.5714E+1	3.5628E+1
6.4013E+2	4.0733E+2	2.9533E+2	2.0334E+2	1.2789E+2	1.1192E+2	9.7466E+1	8.6714E+1	7.5776E+1	6.7276E+1	6.1544E+1	5.6301E+1	5.4011E+1	5.0780E+1	4.9892E+1	4.8202E+1	4.6552E+1	4.4919E+1	4.3716E+1	4.2481E+1	4.1350E+1	4.0349E+1	3.9458E+1	3.8704E+1	3.8057E+1	3.7570E+1	3.7138E+1	3.6750E+1	3.6476E+1	3.6242E+1	3.6054E+1	3.5887E+1	3.5784E+1	3.5690E+1	3.5585E+1
6.5952E+2	4.0288E+2	2.9823E+2	1.9813E+2	1.2989E+2	1.1295E+2	9.7763E+1	8.5739E+1	7.6359E+1	6.8562E+1	6.1524E+1	5.6337E+1	5.3987E+1	5.0969E+1	4.9886E+1	4.8153E+1	4.6483E+1	4.4977E+1	4.3770E+1	4.2560E+1	4.1353E+1	4.0324E+1	3.9432E+1	3.8701E+1	3.8041E+1	3.7558E+1	3.7135E+1	3.6741E+1	3.6496E+1	3.6243E+1	3.6032E+1	3.5907E+1	3.5783E+1	3.5662E+1	3.5592E+1
6.5345E+2	4.0944E+2	2.9304E+2	1.9753E+2	1.3097E+2	1.1308E+2	9.8418E+1	8.5100E+1	7.6373E+1	6.7677E+1	6.1182E+1	5.6389E+1	5.3952E+1	5.0929E+1	4.9791E+1	4.8296E+1	4.6481E+1	4.4982E+1	4.3689E+1	4.2555E+1	4.1379E+1	4.0350E+1	3.9449E+1	3.8689E+1	3.8024E+1	3.7508E+1	3.7145E+1	3.6738E+1	3.6463E+1	3.6254E+1	3.6031E+1	3.5907E+1	3.5743E+1	3.5652E+1	3.5608E+1
6.5811E+2	4.0638E+2	2.9703E+2	1.9929E+2	1.2990E+2	1.1415E+2	9.8344E+1	8.5939E+1	7.6520E+1	6.8263E+1	6.1197E+1	5.6300E+1	5.3962E+1	5.0990E+1	4.9866E+1	4.8123E+1	4.6516E+1	4.5013E+1	4.3728E+1	4.2544E+1	4.1374E+1	4.0325E+1	3.9395E+1	3.8715E+1	3.8037E+1	3.7525E+1	3.7137E+1	3.6753E+1	3.6471E+1	3.6238E+1	3.6054E+1	3.5871E+1	3.5769E+1	3.5665E+1	3.5578E+1
6.5995E+2	4.0973E+2	2.9720E+2	1.9969E+2	1.2852E+2	1.1459E+2	9.8450E+1	8.5518E+1	7.7035E+1	6.7856E+1	6.1255E+1	5.6434E+1	5.3966E+1	5.1021E+1	4.9886E+1	4.8210E+1	4.6501E+1	4.5000E+1	4.3734E+1	4.2510E+1	4.1352E+1	4.0347E+1	3.9421E+1	3.8701E+1	3.8009E+1	3.7519E+1	3.7128E+1	3.6752E+1	3.6467E+1	3.6236E+1	3.6027E+1	3.5898E+1	3.5749E+1	3.5656E+1	3.5576E+1
6.5935E+2	4.0688E+2	2.9756E+2	1.9983E+2	1.3052E+2	1.1421E+2	9.8524E+1	8.6324E+1	7.6217E+1	6.8373E+1	6.1233E+1	5.6384E+1	5.4040E+1	5.0939E+1	4.9886E+1	4.8278E+1	4.6546E+1	4.5012E+1	4.3709E+1	4.2571E+1	4.1328E+1	4.0352E+1	3.9416E+1	3.8678E+1	3.8024E+1	3.7526E+1	3.7143E+1	3.6722E+1	3.6460E+1	3.6235E+1	3.6040E+1	3.5875E+1	3.5763E+1	3.5629E+1	3.5595E+1
6.6944E+2	4.0511E+2	3.0392E+2	2.0269E+2	1.2979E+2	1.1620E+2	9.8451E+1	8.7207E+1	7.5407E+1	6.7716E+1	6.0686E+1	5.6233E+1	5.4073E+1	5.0934E+1	4.9847E+1	4.8195E+1	4.6576E+1	4.5039E+1	4.3774E+1	4.2580E+1	4.1361E+1	4.0363E+1	3.9401E+1	3.8709E+1	3.8031E+1	3.7539E+1	3.7115E+1	3.6728E+1	3.6443E+1	3.6223E+1	3.6027E+1	3.5879E+1	3.5749E+1	3.5648E+1	3.5603E+1
6.5908E+2	4.0802E+2	2.9804E+2	1.9997E+2	1.3060E+2	1.1389E+2	9.9084E+1	8.6046E+1	7.6240E+1	6.8575E+1	6.1206E+1	5.6456E+1	5.4094E+1	5.0959E+1	4.9893E+1	4.8177E+1	4.6565E+1	4.5041E+1	4.3759E+1	4.2543E+1	4.1402E+1	4.0342E+1	3.9377E+1	3.8715E+1	3.8024E+1	3.7531E+1	3.7109E+1	3.6741E+1	3.6438E+1	3.6208E+1	3.6015E+1	3.5866E+1	3.5763E+1	3.5658E+1	3.5548E+1
6.6229E+2	4.0644E+2	2.9834E+2	1.9955E+2	1.3065E+2	1.1427E+2	9.9069E+1	8.6136E+1	7.6558E+1	6.8593E+1	6.1334E+1	5.6348E+1	5.4045E+1	5.0954E+1	4.9872E+1	4.8196E+1	4.6486E+1	4.5069E+1	4.3707E+1	4.2612E+1	4.1368E+1	4.0330E+1	3.9382E+1	3.8699E+1	3.8010E+1	3.7505E+1	3.7130E+1	3.6735E+1	3.6439E+1	3.6212E+1	3.6025E+1	3.5845E+1	3.5725E+1	3.5638E+1	3.5562E+1
6.5689E+2	4.0993E+2	2.9934E+2	2.0035E+2	1.3011E+2	1.1399E+2	9.8677E+1	8.5930E+1	7.6371E+1	6.8444E+1	6.1150E+1	5.6419E+1	5.4071E+1	5.1011E+1	4.9851E+1	4.8244E+1	4.6553E+1	4.5001E+1	4.3715E+1	4.2637E+1	4.1368E+1	4.0364E+1	3.9416E+1	3.8681E+1	3.8024E+1	3.7515E+1	3.7134E+1	3.6716E+1	3.6453E+1	3.6178E+1	3.6014E+1	3.5834E+1	3.5729E+1	3.5634E+1	3.5541E+1
6.6179E+2	4.0778E+2	2.9864E+2	1.9991E+2	1.3057E+2	1.1411E+2	9.8932E+1	8.6204E+1	7.6600E+1	6.8466E+1	6.1154E+1	5.6450E+1	5.4133E+1	5.1006E+1	4.9872E+1	4.8199E+1	4.6520E+1	4.5069E+1	4.3751E+1	4.2555E+1	4.1320E+1	4.0324E+1	3.9391E+1	3.8681E+1	3.8009E+1	3.7518E+1	3.7111E+1	3.6736E+1	3.6428E+1	3.6184E+1	3.5978E+1	3.5849E+1	3.5739E+1	3.5623E+1	3.5573E+1
6.6072E+2	4.0956E+2	2.9995E+2	1.9968E+2	1.3059E+2	1.1432E+2	9.8808E+1	8.6301E+1	7.6517E+1	6.8438E+1	6.1453E+1	5.6537E+1	5.4056E+1	5.0974E+1	4.9892E+1	4.8233E+1	4.6516E+1	4.5026E+1	4.3801E+1	4.2534E+1	4.1390E+1	4.0329E+1	3.9436E+1	3.8707E+1	3.8038E+1	3.7487E+1	3.7090E+1	3.6703E+1	3.6423E+1	3.6183E+1	3.5984E+1	3.5845E+1	3.5739E+1	3.5623E+1	3.5554E+1
6.6193E+2	4.0826E+2	3.0093E+2	2.0051E+2	1.3032E+2	1.1522E+2	9.8524E+1	8.6733E+1	7.6144E+1	6.8490E+1	6.1418E+1	5.6505E+1	5.4115E+1	5.0930E+1	4.9947E+1	4.8216E+1	4.6537E+1	4.5054E+1	4.3750E+1	4.2589E+1	4.1330E+1	4.0326E+1	3.9392E+1	3.8702E+1	3.7984E+1	3.7530E+1	3.7123E+1	3.6727E+1	3.6432E+1	3.6154E+1	3.6002E+1	3.5836E+1	3.5689E+1	3.5646E+1	3.5557E+1
6.6628E+2	4.1107E+2	3.0047E+2	1.9996E+2	1.3063E+2	1.1468E+2	9.8748E+1	8.6348E+1	7.6761E+1	6.8580E+1	6.1570E+1	5.6550E+1	5.4122E+1	5.0989E+1	4.9951E+1	4.8252E+1	4.6541E+1	4.5110E+1	4.3718E+1	4.2578E+1	4.1331E+1	4.0312E+1	3.9389E+1	3.8658E+1	3.8002E+1	3.7492E+1	3.7096E+1	3.6710E+1	3.6403E+1	3.6197E+1	3.5972E+1	3.5824E+1	3.5726E+1	3.5626E+1	3.5550E+1
6.5578E+2	4.1606E+2	3.0315E+2	1.9932E+2	1.3195E+2	1.1570E+2	9.9444E+1	8.7006E+1	7.7309E+1	6.8967E+1	6.1467E+1	5.6539E+1	5.4150E+1	5.1060E+1	4.9945E+1	4.8203E+1	4.6555E+1	4.4999E+1	4.3748E+1	4.2578E+1	4.1338E+1	4.0329E+1	3.9402E+1	3.8686E+1	3.8044E+1	3.7522E+1	3.7080E+1	3.6698E+1	3.6414E+1	3.6200E+1	3.5978E+1	3.5843E+1	3.5691E+1	3.5623E+1	3.5537E+1
6.6392E+2	4.1264E+2	3.0164E+2	2.0230E+2	1.3142E+2	1.1399E+2	9.8888E+1	8.5939E+1	7.6379E+1	6.8982E+1	6.1628E+1	5.6538E+1	5.4156E+1	5.0995E+1	4.9935E+1	4.8223E+1	4.6549E+1	4.5009E+1	4.3714E+1	4.2549E+1	4.1291E+1	4.0321E+1	3.9384E+1	3.8653E+1	3.8023E+1	3.7486E+1	3.7082E+1	3.6686E+1	3.6400E+1	3.6154E+1	3.5968E+1	3.5825E+1	3.5685E+1	3.5622E+1	3.5540E+1
6.6169E+2	4.1100E+2	3.0003E+2	2.0094E+2	1.3099E+2	1.1452E+2	9.8890E+1	8.6315E+1	7.6632E+1	6.8441E+1	6.1394E+1	5.6525E+1	5.4136E+1	5.1040E+1	4.9877E+1	4.8241E+1	4.6481E+1	4.4990E+1	4.3746E+1	4.2615E+1	4.1377E+1	4.0327E+1	3.9394E+1	3.8683E+1	3.7992E+1	3.7469E+1	3.7081E+1	3.6679E+1	3.6403E+1	3.6149E+1	3.5976E+1	3.5816E+1	3.5688E+1	3.5600E+1	3.5517E+1
6.6904E+2	4.1089E+2	3.0154E+2	2.0021E+2	1.3033E+2	1.1494E+2	1.0004E+2	8.6036E+1	7.6442E+1	6.8183E+1	6.1191E+1	5.6378E+1	5.4158E+1	5.1128E+1	4.9902E+1	4.8282E+1	4.6507E+1	4.4989E+1	4.3709E+1	4.2558E+1	4.1363E+1	4.0327E+1	3.9360E+1	3.8658E+1	3.8006E+1	3.7473E+1	3.7080E+1	3.6685E+1	3.6387E+1	3.6151E+1	3.5977E+1	3.5816E+1	3.5705E+1	3.5614E+1	3.5482E+1
6.7307E+2	4.1278E+2	3.0209E+2	2.0234E+2	1.3104E+2	1.1525E+2	9.9094E+1	8.6816E+1	7.6663E+1	6.8810E+1	6.1521E+1	5.6604E+1	5.4145E+1	5.1064E+1	4.9931E+1	4.8271E+1	4.6546E+1	4.5009E+1	4.3786E+1	4.2559E+1	4.1347E+1	4.0334E+1	3.9395E+1	3.8663E+1	3.8005E+1	3.7480E+1	3.7079E+1	3.6661E+1	3.6391E+1	3.6155E+1	3.5958E+1	3.5805E+1	3.5695E+1	3.5570E+1	3.5549E+1
6.7656E+2	4.1397E+2	3.0257E+2	2.0256E+2	1.3165E+2	1.1488E+2	9.9893E+1	8.6953E+1	7.6910E+1	6.8782E+1	6.1452E+1	5.6498E+1	5.4157E+1	5.1189E+1	4.9963E+1	4.8286E+1	4.6576E+1	4.5066E+1	4.3792E+1	4.2577E+1	4.1316E+1	4.0312E+1	3.9448E+1	3.8672E+1	3.8018E+1	3.7460E+1	3.7070E+1	3.6674E+1	3.6389E+1	3.6148E+1	3.5939E+1	3.5784E+1	3.5677E+1	3.5596E+1	3.5503E+1
6.7137E+2	4.1354E+2	3.0201E+2	2.0269E+2	1.3200E+2	1.1504E+2	9.9517E+1	8.6678E+1	7.6769E+1	6.8413E+1	6.1358E+1	5.6532E+1	5.4237E+1	5.1059E+1	4.9998E+1	4.8320E+1	4.6541E+1	4.5034E+1	4.3773E+1	4.2541E+1	4.1310E+1	4.0334E+1	3.9365E+1	3.8672E+1	3.8018E+1	3.7486E+1	3.7059E+1	3.6659E+1	3.6390E+1	3.6163E+1	3.5941E+1	3.5800E+1	3.5668E+1	3.5575E+1	3.5473E+1
6.7323E+2	4.1156E+2	3.0180E+2	2.0314E+2	1.3212E+2	1.1552E+2	9.9362E+1	8.6667E+1	7.6925E+1	6.9286E+1	6.1356E+1	5.6593E+1	5.4207E+1	5.1099E+1	4.9974E+1	4.8278E+1	4.6561E+1	4.5035E+1	4.3811E+1	4.2578E+1	4.1336E+1	4.0321E+1	3.9369E+1	3.8661E+1	3.7973E+1	3.7433E+1	3.7062E+1	3.6683E+1	3.6389E+1	3.6140E+1	3.5931E+1	3.5789E+1	3.5684E+1	3.5586E+1	3.5481E+1
6.7317E+2	4.1499E+2	3.0256E+2	2.0172E+2	1.3192E+2	1.1520E+2	9.9233E+1	8.6699E+1	7.6979E+1	6.8787E+1	6.1628E+1	5.6625E+1	5.4294E+1	5.1028E+1	4.9981E+1	4.8286E+1	4.6562E+1	4.5035E+1	4.3777E+1	4.2635E+1	4.1377E+1	4.0317E+1	3.9384E+1	3.8681E+1	3.7955E+1	3.7476E+1	3.7048E+1	3.6671E+1	3.6384E+1	3.6151E+1	3.5936E+1	3.5793E+1	3.5669E+1	3.5573E+1	3.5516E+1
6.7577E+2	4.1459E+2	3.0208E+2	2.0299E+2	1.3225E+2	1.1612E+2	1.0009E+2	8.7072E+1	7.6557E+1	6.8701E+1	6.1958E+1	5.6699E+1	5.4273E+1	5.1103E+1	4.9998E+1	4.8321E+1	4.6637E+1	4.5063E+1	4.3823E+1	4.2542E+1	4.1355E+1	4.0316E+1	3.9401E+1	3.8647E+1	3.7986E+1	3.7466E+1	3.7051E+1	3.6655E+1	3.6358E+1	3.6144E+1	3.5938E+1	3.5768E+1	3.5671E+1	3.5572E+1	3.5434E+1
6.7197E+2	4.1366E+2	3.0289E+2	2.0301E+2	1.3210E+2	1.1539E+2	9.9510E+1	8.7159E+1	7.7168E+1	6.8749E+1	6.1702E+1	5.6660E+1	5.4248E+1	5.1149E+1	5.0036E+1	4.8347E+1	4.6501E+1	4.5030E+1	4.3829E+1	4.2602E+1	4.1334E+1	4.0304E+1	3.9354E+1	3.8640E+1	3.7968E+1	3.7454E+1	3.7068E+1	3.6670E+1	3.6374E+1	3.6119E+1	3.5937E+1	3.5784E+1	3.5664E+1	3.5538E+1	3.5487E+1
6.7236E+2	4.1072E+2	3.0342E+2	2.0399E+2	1.3241E+2	1.1597E+2	1.0004E+2	8.6942E+1	7.7229E+1	6.8758E+1	6.1929E+1	5.6702E+1	5.4215E+1	5.1116E+1	5.0065E+1	4.8347E+1	4.6605E+1	4.5093E+1	4.3762E+1	4.2536E+1	4.1340E+1	4.0284E+1	3.9356E+1	3.8647E+1	3.7985E+1	3.7438E+1	3.7078E+1	3.6660E+1	3.6348E+1	3.6138E+1	3.5910E+1	3.5776E+1	3.5652E+1	3.5536E+1	3.5476E+1
6.7345E+2	4.1806E+2	3.0437E+2	2.0315E+2	1.3206E+2	1.1602E+2	1.0019E+2	8.7370E+1	7.7318E+1	6.9118E+1	6.1967E+1	5.6757E+1	5.4389E+1	5.1113E+1	5.0047E+1	4.8357E+1	4.6615E+1	4.5075E+1	4.3778E+1	4.2519E+1	4.1381E+1	4.0280E+1	3.9397E+1	3.8625E+1	3.7956E+1	3.7431E+1	3.7044E+1	3.6643E+1	3.6357E+1	3.6119E+1	3.5907E+1	3.5784E+1	3.5642E+1	3.5537E+1	3.5484E+1
6.7551E+2	4.1987E+2	3.0355E+2	2.0359E+2	1.3265E+2	1.1615E+2	1.0007E+2	8.7432E+1	7.7133E+1	6.9000E+1	6.1715E+1	5.6712E+1	5.4291E+1	5.1134E+1	5.0098E+1	4.8412E+1	4.6640E+1	4.5087E+1	4.3814E+1	4.2604E+1	4.1358E+1	4.0356E+1	3.9395E+1	3.8657E+1	3.7961E+1	3.7436E+1	3.7028E+1	3.6657E+1	3.6335E+1	3.6100E+1	3.5913E+1	3.5757E+1	3.5642E+1	3.5537E+1	3.5460E+1
6.7558E+2	4.1921E+2	3.0536E+2	2.0417E+2	1.3231E+2	1.1615E+2	9.9810E+1	8.7204E+1	7.7160E+1	6.9250E+1	6.1623E+1	5.6814E+1	5.4306E+1	5.1195E+1	5.0103E+1	4.8347E+1	4.6591E+1	4.5095E+1	4.3759E+1	4.2584E+1	4.1389E+1	4.0348E+1	3.9364E+1	3.8672E+1	3.7971E+1	3.7448E+1	3.7057E+1	3.6661E+1	3.6346E+1	3.6108E+1	3.5914E+1	3.5765E+1	3.5635E+1	3.5541E+1	3.5467E+1
6.7730E+2	4.1515E+2	3.0519E+2	2.0370E+2	1.3277E+2	1.1603E+2	9.9712E+1	8.7264E+1	7.7602E+1	6.9116E+1	6.1956E+1	5.6800E+1	5.4348E+1	5.1194E+1	5.0164E+1	4.8433E+1	4.6605E+1	4.5099E+1	4.3777E+1	4.2601E+1	4.1339E+1	4.0336E+1	3.9367E+1	3.8623E+1	3.7968E+1	3.7438E+1	3.7032E+1	3.6612E+1	3.6348E+1	3.6113E+1	3.5915E+1	3.5739E+1	3.5621E+1	3.5565E+1	3.5473E+1
6.7849E+2	4.1963E+2	3.0482E+2	2.0465E+2	1.3270E+2	1.1629E+2	1.0042E+2	8.7346E+1	7.7222E+1	6.9172E+1	6.1885E+1	5.6849E+1	5.4365E+1	5.1199E+1	5.0119E+1	4.8371E+1	4.6641E+1	4.5108E+1	4.3844E+1	4.2629E+1	4.1342E+1	4.0313E+1	3.9392E+1	3.8656E+1	3.7997E+1	3.7465E+1	3.7042E+1	3.6632E+1	3.6342E+1	3.6104E+1	3.5912E+1	3.5753E+1	3.5614E+1	3.5543E+1	3.5486E+1
6.7782E+2	4.1761E+2	3.0549E+2	2.0410E+2	1.3320E+2	1.1619E+2	1.0055E+2	8.7498E+1	7.7657E+1	6.9217E+1	6.1843E+1	5.6831E+1	5.4478E+1	5.1234E+1	5.0093E+1	4.8438E+1	4.6653E+1	4.5123E+1	4.3874E+1	4.2607E+1	4.1336E+1	4.0316E+1	3.9390E+1	3.8669E+1	3.7966E+1	3.7418E+1	3.7056E+1	3.6647E+1	3.6342E+1	3.6098E+1	3.5906E+1	3.5750E+1	3.5629E+1	3.5519E+1	3.5437E+1
