1.2399E+6	1.4799E+6	1.5172E+6	1.5362E+6	1.3060E+6	1.2171E+6	1.0895E+6	9.6210E+5	8.2845E+5	6.9850E+5	5.6450E+5	4.4949E+5	3.4804E+5	2.7469E+5	2.0925E+5	1.6162E+5	1.2724E+5	9.5070E+4	7.2458E+4	5.5089E+4	4.1293E+4	3.1116E+4	2.3247E+4	1.7310E+4
1.1820E+6	1.3413E+6	1.4091E+6	1.3888E+6	1.2159E+6	1.1290E+6	1.0212E+6	9.0391E+5	7.8679E+5	6.7021E+5	5.4449E+5	4.3622E+5	3.4017E+5	2.6890E+5	2.0532E+5	1.5881E+5	1.2504E+5	9.3493E+4	7.1264E+4	5.4174E+4	4.0596E+4	3.0587E+4	2.2848E+4	1.7009E+4
1.0232E+6	1.2397E+6	1.3077E+6	1.2936E+6	1.1601E+6	1.0954E+6	9.9083E+5	8.8298E+5	7.7477E+5	6.5758E+5	5.4102E+5	4.3320E+5	3.3800E+5	2.6712E+5	2.0383E+5	1.5744E+5	1.2390E+5	9.2524E+4	7.0462E+4	5.3514E+4	4.0089E+4	3.0187E+4	2.2539E+4	1.6773E+4
8.5225E+5	1.0265E+6	1.0894E+6	1.1276E+6	1.0452E+6	9.9727E+5	9.2277E+5	8.3069E+5	7.3586E+5	6.3531E+5	5.2316E+5	4.2277E+5	3.3087E+5	2.6218E+5	2.0051E+5	1.5506E+5	1.2210E+5	9.1214E+4	6.9475E+4	5.2798E+4	3.9542E+4	2.9780E+4	2.2232E+4	1.6547E+4
6.8583E+5	8.2090E+5	9.0721E+5	9.7274E+5	9.3145E+5	9.0644E+5	8.4616E+5	7.7974E+5	6.9695E+5	6.0738E+5	5.0469E+5	4.1103E+5	3.2350E+5	2.5744E+5	1.9737E+5	1.5287E+5	1.2053E+5	9.0112E+4	6.8682E+4	5.2193E+4	3.9103E+4	2.9448E+4	2.1987E+4	1.6363E+4
5.0568E+5	6.3844E+5	7.1653E+5	8.0313E+5	8.1497E+5	8.0248E+5	7.6667E+5	7.1673E+5	6.5185E+5	5.7781E+5	4.8609E+5	3.9935E+5	3.1664E+5	2.5284E+5	1.9433E+5	1.5087E+5	1.1904E+5	8.9094E+4	6.7940E+4	5.1647E+4	3.8701E+4	2.9154E+4	2.1767E+4	1.6200E+4
4.2937E+5	5.4797E+5	6.2484E+5	7.0046E+5	7.2261E+5	7.3497E+5	7.1044E+5	6.7399E+5	6.2024E+5	5.5432E+5	4.7296E+5	3.9142E+5	3.1203E+5	2.5030E+5	1.9291E+5	1.4983E+5	1.1829E+5	8.8548E+4	6.7504E+4	5.1304E+4	3.8429E+4	2.8940E+4	2.1604E+4	1.6076E+4
4.1281E+5	5.1525E+5	5.8963E+5	6.5674E+5	6.9021E+5	6.9761E+5	6.8056E+5	6.5215E+5	6.0273E+5	5.4204E+5	4.6516E+5	3.8748E+5	3.0970E+5	2.4856E+5	1.9172E+5	1.4893E+5	1.1762E+5	8.8009E+4	6.7082E+4	5.0969E+4	3.8175E+4	2.8745E+4	2.1457E+4	1.5962E+4
3.9880E+5	4.8661E+5	5.5629E+5	6.2663E+5	6.6145E+5	6.6599E+5	6.5529E+5	6.2332E+5	5.8394E+5	5.2756E+5	4.5624E+5	3.8103E+5	3.0597E+5	2.4614E+5	1.9020E+5	1.4800E+5	1.1686E+5	8.7484E+4	6.6678E+4	5.0672E+4	3.7950E+4	2.8572E+4	2.1324E+4	1.5864E+4
3.7314E+5	4.5973E+5	5.0550E+5	5.7248E+5	6.2238E+5	6.3030E+5	6.2002E+5	6.0040E+5	5.6194E+5	5.1389E+5	4.4545E+5	3.7445E+5	3.0187E+5	2.4373E+5	1.8870E+5	1.4694E+5	1.1613E+5	8.6960E+4	6.6298E+4	5.0374E+4	3.7724E+4	2.8401E+4	2.1196E+4	1.5767E+4
2.8956E+5	3.6763E+5	4.2620E+5	4.8114E+5	5.5050E+5	5.4983E+5	5.5333E+5	5.3993E+5	5.1730E+5	4.7906E+5	4.2329E+5	3.6102E+5	2.9414E+5	2.3911E+5	1.8608E+5	1.4539E+5	1.1513E+5	8.6298E+4	6.5850E+4	5.0056E+4	3.7499E+4	2.8235E+4	2.1073E+4	1.5678E+4
2.6096E+5	3.2760E+5	3.7607E+5	4.2940E+5	4.8397E+5	4.9296E+5	5.0130E+5	4.9362E+5	4.7601E+5	4.4755E+5	4.0042E+5	3.4578E+5	2.8506E+5	2.3350E+5	1.8282E+5	1.4338E+5	1.1384E+5	8.5536E+4	6.5343E+4	4.9706E+4	3.7253E+4	2.8057E+4	2.0945E+4	1.5584E+4
2.3999E+5	3.0431E+5	3.4883E+5	4.0222E+5	4.5641E+5	4.6190E+5	4.7294E+5	4.6946E+5	4.5804E+5	4.3233E+5	3.9002E+5	3.3895E+5	2.8091E+5	2.3110E+5	1.8134E+5	1.4249E+5	1.1321E+5	8.5080E+4	6.5022E+4	4.9471E+4	3.7078E+4	2.7927E+4	2.0847E+4	1.5510E+4
2.2803E+5	2.8811E+5	3.2637E+5	3.7546E+5	4.2284E+5	4.3394E+5	4.4360E+5	4.4271E+5	4.3320E+5	4.1292E+5	3.7657E+5	3.2939E+5	2.7492E+5	2.2700E+5	1.7886E+5	1.4092E+5	1.1219E+5	8.4447E+4	6.4604E+4	4.9185E+4	3.6871E+4	2.7776E+4	2.0737E+4	1.5431E+4
2.1778E+5	2.8069E+5	3.1148E+5	3.6085E+5	4.1380E+5	4.2291E+5	4.3289E+5	4.3738E+5	4.2802E+5	4.0933E+5	3.7302E+5	3.2817E+5	2.7419E+5	2.2679E+5	1.7873E+5	1.4069E+5	1.1199E+5	8.4259E+4	6.4429E+4	4.9021E+4	3.6754E+4	2.7683E+4	2.0664E+4	1.5373E+4
2.3202E+5	2.9046E+5	3.2156E+5	3.7232E+5	4.2537E+5	4.3127E+5	4.3872E+5	4.4042E+5	4.3122E+5	4.0954E+5	3.7329E+5	3.2767E+5	2.7402E+5	2.2613E+5	1.7829E+5	1.4028E+5	1.1162E+5	8.4023E+4	6.4225E+4	4.8876E+4	3.6630E+4	2.7592E+4	2.0593E+4	1.5320E+4
2.4141E+5	2.8942E+5	3.1858E+5	3.6046E+5	4.0604E+5	4.1428E+5	4.2395E+5	4.2609E+5	4.1717E+5	4.0039E+5	3.6595E+5	3.2194E+5	2.6980E+5	2.2346E+5	1.7652E+5	1.3926E+5	1.1088E+5	8.3526E+4	6.3901E+4	4.8635E+4	3.6457E+4	2.7468E+4	2.0501E+4	1.5254E+4
2.5541E+5	2.8622E+5	3.2045E+5	3.5602E+5	3.9747E+5	4.0625E+5	4.1420E+5	4.1494E+5	4.0912E+5	3.9059E+5	3.5781E+5	3.1640E+5	2.6600E+5	2.2073E+5	1.7478E+5	1.3814E+5	1.1013E+5	8.3029E+4	6.3545E+4	4.8393E+4	3.6300E+4	2.7344E+4	2.0413E+4	1.5190E+4
2.5613E+5	2.9687E+5	3.2813E+5	3.7209E+5	4.1062E+5	4.1715E+5	4.2292E+5	4.2361E+5	4.1301E+5	3.9441E+5	3.5945E+5	3.1744E+5	2.6637E+5	2.2086E+5	1.7477E+5	1.3797E+5	1.0991E+5	8.2850E+4	6.3373E+4	4.8258E+4	3.6189E+4	2.7256E+4	2.0350E+4	1.5139E+4
2.5197E+5	3.0391E+5	3.3243E+5	3.6790E+5	4.0103E+5	4.0652E+5	4.1492E+5	4.1192E+5	4.0605E+5	3.8749E+5	3.5411E+5	3.1282E+5	2.6326E+5	2.1893E+5	1.7346E+5	1.3703E+5	1.0933E+5	8.2432E+4	6.3103E+4	4.8043E+4	3.6032E+4	2.7154E+4	2.0269E+4	1.5084E+4
2.7453E+5	3.1438E+5	3.3753E+5	3.6463E+5	3.9421E+5	3.9815E+5	4.0338E+5	4.0012E+5	3.9469E+5	3.7627E+5	3.4777E+5	3.0764E+5	2.5996E+5	2.1655E+5	1.7216E+5	1.3618E+5	1.0875E+5	8.2033E+4	6.2821E+4	4.7851E+4	3.5894E+4	2.7042E+4	2.0191E+4	1.5023E+4
2.8525E+5	3.1450E+5	3.3565E+5	3.6243E+5	3.8411E+5	3.9134E+5	3.9464E+5	3.9481E+5	3.8666E+5	3.7192E+5	3.4127E+5	3.0437E+5	2.5746E+5	2.1501E+5	1.7099E+5	1.3553E+5	1.0825E+5	8.1703E+4	6.2583E+4	4.7679E+4	3.5764E+4	2.6947E+4	2.0122E+4	1.4970E+4
2.8656E+5	3.1149E+5	3.3544E+5	3.5550E+5	3.7667E+5	3.7998E+5	3.8241E+5	3.8127E+5	3.7466E+5	3.6051E+5	3.3402E+5	2.9737E+5	2.5301E+5	2.1208E+5	1.6935E+5	1.3443E+5	1.0749E+5	8.1245E+4	6.2265E+4	4.7458E+4	3.5614E+4	2.6835E+4	2.0039E+4	1.4913E+4
2.7589E+5	3.1398E+5	3.2982E+5	3.4310E+5	3.6176E+5	3.6612E+5	3.7075E+5	3.6874E+5	3.6264E+5	3.5040E+5	3.2467E+5	2.9119E+5	2.4888E+5	2.0926E+5	1.6738E+5	1.3319E+5	1.0674E+5	8.0772E+4	6.1943E+4	4.7250E+4	3.5463E+4	2.6729E+4	1.9961E+4	1.4857E+4
2.8147E+5	3.1355E+5	3.2343E+5	3.4072E+5	3.5317E+5	3.6128E+5	3.6174E+5	3.6127E+5	3.5509E+5	3.4329E+5	3.1854E+5	2.8675E+5	2.4555E+5	2.0705E+5	1.6603E+5	1.3227E+5	1.0611E+5	8.0349E+4	6.1672E+4	4.7046E+4	3.5331E+4	2.6632E+4	1.9893E+4	1.4806E+4
2.8389E+5	3.1053E+5	3.2117E+5	3.3375E+5	3.4571E+5	3.4981E+5	3.5073E+5	3.5078E+5	3.4429E+5	3.3190E+5	3.1141E+5	2.8047E+5	2.4152E+5	2.0434E+5	1.6431E+5	1.3122E+5	1.0541E+5	7.9921E+4	6.1396E+4	4.6855E+4	3.5191E+4	2.6536E+4	1.9821E+4	1.4753E+4
2.9287E+5	3.1384E+5	3.2324E+5	3.3392E+5	3.4517E+5	3.4882E+5	3.5029E+5	3.4760E+5	3.4390E+5	3.3199E+5	3.0914E+5	2.7930E+5	2.4043E+5	2.0336E+5	1.6372E+5	1.3078E+5	1.0501E+5	7.9663E+4	6.1190E+4	4.6712E+4	3.5085E+4	2.6452E+4	1.9759E+4	1.4707E+4
2.9861E+5	3.1763E+5	3.2768E+5	3.3424E+5	3.4364E+5	3.4462E+5	3.4550E+5	3.4259E+5	3.3726E+5	3.2527E+5	3.0442E+5	2.7516E+5	2.3739E+5	2.0127E+5	1.6234E+5	1.2991E+5	1.0449E+5	7.9332E+4	6.0953E+4	4.6540E+4	3.4965E+4	2.6371E+4	1.9700E+4	1.4664E+4
3.0088E+5	3.2211E+5	3.2916E+5	3.3566E+5	3.3725E+5	3.4274E+5	3.4274E+5	3.4089E+5	3.3367E+5	3.2315E+5	3.0239E+5	2.7299E+5	2.3587E+5	2.0033E+5	1.6164E+5	1.2943E+5	1.0408E+5	7.9060E+4	6.0774E+4	4.6416E+4	3.4869E+4	2.6297E+4	1.9643E+4	1.4623E+4
3.0205E+5	3.2295E+5	3.2684E+5	3.2817E+5	3.3129E+5	3.3325E+5	3.3407E+5	3.3049E+5	3.2712E+5	3.1530E+5	2.9604E+5	2.6906E+5	2.3287E+5	1.9829E+5	1.6041E+5	1.2864E+5	1.0359E+5	7.8719E+4	6.0550E+4	4.6248E+4	3.4754E+4	2.6217E+4	1.9585E+4	1.4581E+4
3.0187E+5	3.2727E+5	3.3038E+5	3.3310E+5	3.3549E+5	3.3647E+5	3.3687E+5	3.3545E+5	3.2729E+5	3.1799E+5	2.9707E+5	2.6841E+5	2.3238E+5	1.9759E+5	1.5988E+5	1.2824E+5	1.0323E+5	7.8495E+4	6.0389E+4	4.6125E+4	3.4667E+4	2.6149E+4	1.9537E+4	1.4543E+4
3.1844E+5	3.2090E+5	3.2601E+5	3.2756E+5	3.2707E+5	3.2860E+5	3.2900E+5	3.2687E+5	3.2076E+5	3.0992E+5	2.8954E+5	2.6370E+5	2.2907E+5	1.9526E+5	1.5838E+5	1.2731E+5	1.0264E+5	7.8095E+4	6.0108E+4	4.5951E+4	3.4542E+4	2.6059E+4	1.9474E+4	1.4498E+4
3.2317E+5	3.3216E+5	3.2573E+5	3.2464E+5	3.2474E+5	3.2542E+5	3.2394E+5	3.2055E+5	3.1503E+5	3.0577E+5	2.8481E+5	2.5986E+5	2.2610E+5	1.9322E+5	1.5699E+5	1.2638E+5	1.0203E+5	7.7723E+4	5.9876E+4	4.5787E+4	3.4426E+4	2.5981E+4	1.9416E+4	1.4455E+4
3.2871E+5	3.2315E+5	3.3018E+5	3.2307E+5	3.2076E+5	3.2231E+5	3.2040E+5	3.1808E+5	3.1161E+5	3.0186E+5	2.8311E+5	2.5792E+5	2.2493E+5	1.9234E+5	1.5646E+5	1.2598E+5	1.0176E+5	7.7540E+4	5.9726E+4	4.5679E+4	3.4348E+4	2.5920E+4	1.9370E+4	1.4421E+4
3.4266E+5	3.3807E+5	3.3263E+5	3.2866E+5	3.2223E+5	3.2211E+5	3.1895E+5	3.1494E+5	3.0927E+5	3.0045E+5	2.8032E+5	2.5566E+5	2.2320E+5	1.9115E+5	1.5571E+5	1.2548E+5	1.0141E+5	7.7304E+4	5.9569E+4	4.5563E+4	3.4264E+4	2.5856E+4	1.9325E+4	1.4387E+4
3.6033E+5	3.3892E+5	3.3344E+5	3.2646E+5	3.2261E+5	3.2267E+5	3.1898E+5	3.1214E+5	3.0742E+5	2.9894E+5	2.7777E+5	2.5389E+5	2.2170E+5	1.8994E+5	1.5490E+5	1.2494E+5	1.0105E+5	7.7068E+4	5.9388E+4	4.5440E+4	3.4173E+4	2.5791E+4	1.9276E+4	1.4351E+4
3.3457E+5	3.3373E+5	3.3326E+5	3.1973E+5	3.1741E+5	3.1408E+5	3.1102E+5	3.0701E+5	3.0070E+5	2.9180E+5	2.7330E+5	2.5012E+5	2.1914E+5	1.8819E+5	1.5368E+5	1.2423E+5	1.0051E+5	7.6753E+4	5.9183E+4	4.5294E+4	3.4079E+4	2.5723E+4	1.9225E+4	1.4315E+4
3.3755E+5	3.3340E+5	3.2356E+5	3.1809E+5	3.1310E+5	3.0778E+5	3.0634E+5	3.0116E+5	2.9670E+5	2.8780E+5	2.7056E+5	2.4755E+5	2.1726E+5	1.8689E+5	1.5290E+5	1.2356E+5	1.0011E+5	7.6461E+4	5.8984E+4	4.5156E+4	3.3978E+4	2.5649E+4	1.9174E+4	1.4276E+4
3.4311E+5	3.3275E+5	3.2274E+5	3.1461E+5	3.0734E+5	3.0404E+5	3.0184E+5	2.9576E+5	2.9075E+5	2.8291E+5	2.6512E+5	2.4396E+5	2.1452E+5	1.8489E+5	1.5153E+5	1.2270E+5	9.9497E+4	7.6078E+4	5.8732E+4	4.4980E+4	3.3860E+4	2.5570E+4	1.9117E+4	1.4236E+4
3.3808E+5	3.2445E+5	3.1580E+5	3.0643E+5	2.9878E+5	2.9624E+5	2.9268E+5	2.8855E+5	2.8369E+5	2.7419E+5	2.6053E+5	2.3929E+5	2.1117E+5	1.8247E+5	1.5001E+5	1.2178E+5	9.8912E+4	7.5743E+4	5.8514E+4	4.4833E+4	3.3766E+4	2.5504E+4	1.9069E+4	1.4201E+4
3.4194E+5	3.2167E+5	3.2023E+5	3.0507E+5	2.9768E+5	2.9430E+5	2.9055E+5	2.8728E+5	2.8168E+5	2.7341E+5	2.5875E+5	2.3754E+5	2.0967E+5	1.8162E+5	1.4947E+5	1.2136E+5	9.8633E+4	7.5556E+4	5.8389E+4	4.4748E+4	3.3698E+4	2.5451E+4	1.9031E+4	1.4174E+4
3.3735E+5	3.3375E+5	3.1704E+5	3.0508E+5	2.9401E+5	2.9107E+5	2.8760E+5	2.8204E+5	2.7611E+5	2.6879E+5	2.5353E+5	2.3397E+5	2.0728E+5	1.7986E+5	1.4831E+5	1.2072E+5	9.8220E+4	7.5292E+4	5.8221E+4	4.4634E+4	3.3616E+4	2.5394E+4	1.8987E+4	1.4143E+4
3.5196E+5	3.3433E+5	3.1866E+5	3.0480E+5	2.9312E+5	2.8609E+5	2.8291E+5	2.7773E+5	2.7295E+5	2.6409E+5	2.5023E+5	2.3166E+5	2.0546E+5	1.7854E+5	1.4755E+5	1.2020E+5	9.7901E+4	7.5089E+4	5.8090E+4	4.4536E+4	3.3548E+4	2.5340E+4	1.8949E+4	1.4115E+4
3.6801E+5	3.4117E+5	3.2285E+5	3.0561E+5	2.9130E+5	2.8618E+5	2.8174E+5	2.7509E+5	2.6995E+5	2.6070E+5	2.4738E+5	2.2956E+5	2.0380E+5	1.7736E+5	1.4682E+5	1.1972E+5	9.7518E+4	7.4858E+4	5.7922E+4	4.4419E+4	3.3472E+4	2.5284E+4	1.8912E+4	1.4087E+4
3.6183E+5	3.3763E+5	3.2316E+5	3.0302E+5	2.8826E+5	2.8228E+5	2.7834E+5	2.7282E+5	2.6691E+5	2.5985E+5	2.4636E+5	2.2781E+5	2.0264E+5	1.7673E+5	1.4640E+5	1.1947E+5	9.7347E+4	7.4733E+4	5.7839E+4	4.4353E+4	3.3414E+4	2.5243E+4	1.8877E+4	1.4060E+4
3.5709E+5	3.3657E+5	3.2145E+5	3.0298E+5	2.8457E+5	2.7892E+5	2.7354E+5	2.6896E+5	2.6395E+5	2.5557E+5	2.4270E+5	2.2543E+5	2.0087E+5	1.7536E+5	1.4549E+5	1.1886E+5	9.6925E+4	7.4472E+4	5.7649E+4	4.4237E+4	3.3334E+4	2.5185E+4	1.8834E+4	1.4028E+4
3.6427E+5	3.3954E+5	3.1667E+5	3.0017E+5	2.8098E+5	2.7657E+5	2.7233E+5	2.6433E+5	2.5926E+5	2.5229E+5	2.4009E+5	2.2277E+5	1.9878E+5	1.7388E+5	1.4456E+5	1.1823E+5	9.6515E+4	7.4216E+4	5.7492E+4	4.4125E+4	3.3255E+4	2.5129E+4	1.8794E+4	1.4002E+4
3.6051E+5	3.3643E+5	3.1726E+5	2.9674E+5	2.7869E+5	2.7301E+5	2.6666E+5	2.6106E+5	2.5540E+5	2.4696E+5	2.3535E+5	2.1959E+5	1.9660E+5	1.7220E+5	1.4341E+5	1.1753E+5	9.6053E+4	7.3928E+4	5.7288E+4	4.3986E+4	3.3166E+4	2.5065E+4	1.8750E+4	1.3967E+4
3.6909E+5	3.3448E+5	3.1026E+5	2.8937E+5	2.7282E+5	2.6696E+5	2.6120E+5	2.5407E+5	2.4934E+5	2.4198E+5	2.2954E+5	2.1487E+5	1.9311E+5	1.6978E+5	1.4185E+5	1.1655E+5	9.5420E+4	7.3571E+4	5.7060E+4	4.3842E+4	3.3071E+4	2.4998E+4	1.8702E+4	1.3935E+4
3.6314E+5	3.3118E+5	3.1367E+5	2.8779E+5	2.6735E+5	2.6112E+5	2.5566E+5	2.5021E+5	2.4536E+5	2.3852E+5	2.2795E+5	2.1277E+5	1.9136E+5	1.6851E+5	1.4108E+5	1.1602E+5	9.5063E+4	7.3347E+4	5.6918E+4	4.3740E+4	3.2993E+4	2.4947E+4	1.8664E+4	1.3908E+4
3.7055E+5	3.4368E+5	3.1323E+5	2.8926E+5	2.6866E+5	2.6283E+5	2.5681E+5	2.5006E+5	2.4466E+5	2.3760E+5	2.2759E+5	2.1216E+5	1.9087E+5	1.6808E+5	1.4066E+5	1.1568E+5	9.4824E+4	7.3162E+4	5.6789E+4	4.3653E+4	3.2936E+4	2.4901E+4	1.8632E+4	1.3884E+4
3.7565E+5	3.3764E+5	3.2126E+5	2.9173E+5	2.6923E+5	2.6312E+5	2.5737E+5	2.5136E+5	2.4496E+5	2.3646E+5	2.2617E+5	2.1086E+5	1.8986E+5	1.6710E+5	1.3997E+5	1.1524E+5	9.4467E+4	7.2935E+4	5.6621E+4	4.3548E+4	3.2861E+4	2.4852E+4	1.8597E+4	1.3856E+4
3.7647E+5	3.4112E+5	3.2028E+5	2.9254E+5	2.6772E+5	2.6162E+5	2.5601E+5	2.4992E+5	2.4300E+5	2.3470E+5	2.2497E+5	2.0961E+5	1.8855E+5	1.6634E+5	1.3950E+5	1.1487E+5	9.4264E+4	7.2827E+4	5.6547E+4	4.3472E+4	3.2808E+4	2.4809E+4	1.8563E+4	1.3833E+4
3.7274E+5	3.3890E+5	3.1175E+5	2.8755E+5	2.6333E+5	2.5530E+5	2.4911E+5	2.4340E+5	2.3763E+5	2.3062E+5	2.1935E+5	2.0586E+5	1.8596E+5	1.6431E+5	1.3808E+5	1.1395E+5	9.3619E+4	7.2401E+4	5.6292E+4	4.3317E+4	3.2701E+4	2.4737E+4	1.8516E+4	1.3800E+4
3.6544E+5	3.3519E+5	3.1020E+5	2.8243E+5	2.5959E+5	2.4988E+5	2.4557E+5	2.3887E+5	2.3329E+5	2.2603E+5	2.1633E+5	2.0326E+5	1.8386E+5	1.6294E+5	1.3718E+5	1.1344E+5	9.3291E+4	7.2195E+4	5.6159E+4	4.3223E+4	3.2641E+4	2.4694E+4	1.8486E+4	1.3776E+4
3.6355E+5	3.2875E+5	3.0324E+5	2.7751E+5	2.5464E+5	2.4662E+5	2.4040E+5	2.3447E+5	2.2881E+5	2.2324E+5	2.1336E+5	2.0010E+5	1.8171E+5	1.6123E+5	1.3606E+5	1.1271E+5	9.2766E+4	7.1910E+4	5.5948E+4	4.3099E+4	3.2558E+4	2.4641E+4	1.8447E+4	1.3749E+4
3.7352E+5	3.3381E+5	3.0656E+5	2.7983E+5	2.5471E+5	2.4746E+5	2.4081E+5	2.3426E+5	2.2795E+5	2.2032E+5	2.1247E+5	1.9914E+5	1.8082E+5	1.6057E+5	1.3567E+5	1.1238E+5	9.2557E+4	7.1777E+4	5.5878E+4	4.3029E+4	3.2503E+4	2.4600E+4	1.8417E+4	1.3726E+4
3.6806E+5	3.2923E+5	3.0630E+5	2.7911E+5	2.5092E+5	2.4582E+5	2.3844E+5	2.3196E+5	2.2661E+5	2.1965E+5	2.1032E+5	1.9822E+5	1.8003E+5	1.6005E+5	1.3517E+5	1.1210E+5	9.2369E+4	7.1622E+4	5.5765E+4	4.2965E+4	3.2447E+4	2.4558E+4	1.8384E+4	1.3702E+4
3.6692E+5	3.3087E+5	3.0672E+5	2.7348E+5	2.4966E+5	2.4227E+5	2.3531E+5	2.2915E+5	2.2290E+5	2.1700E+5	2.0843E+5	1.9567E+5	1.7805E+5	1.5837E+5	1.3410E+5	1.1136E+5	9.1846E+4	7.1305E+4	5.5571E+4	4.2822E+4	3.2373E+4	2.4501E+4	1.8346E+4	1.3674E+4
3.7562E+5	3.3415E+5	3.0557E+5	2.7830E+5	2.5138E+5	2.4329E+5	2.3756E+5	2.3032E+5	2.2386E+5	2.1911E+5	2.0899E+5	1.9628E+5	1.7828E+5	1.5872E+5	1.3430E+5	1.1142E+5	9.1837E+4	7.1279E+4	5.5534E+4	4.2776E+4	3.2334E+4	2.4474E+4	1.8324E+4	1.3659E+4
3.8919E+5	3.4237E+5	3.0837E+5	2.7719E+5	2.4942E+5	2.4323E+5	2.3541E+5	2.2873E+5	2.2342E+5	2.1612E+5	2.0777E+5	1.9524E+5	1.7767E+5	1.5823E+5	1.3391E+5	1.1115E+5	9.1678E+4	7.1168E+4	5.5455E+4	4.2719E+4	3.2284E+4	2.4440E+4	1.8296E+4	1.3638E+4
3.8900E+5	3.4058E+5	3.0790E+5	2.7603E+5	2.4789E+5	2.4045E+5	2.3262E+5	2.2567E+5	2.2014E+5	2.1351E+5	2.0456E+5	1.9298E+5	1.7586E+5	1.5694E+5	1.3307E+5	1.1069E+5	9.1387E+4	7.0962E+4	5.5329E+4	4.2640E+4	3.2228E+4	2.4399E+4	1.8270E+4	1.3617E+4
3.8987E+5	3.3699E+5	3.0806E+5	2.7151E+5	2.4483E+5	2.3806E+5	2.3091E+5	2.2360E+5	2.1792E+5	2.1091E+5	2.0330E+5	1.9154E+5	1.7468E+5	1.5582E+5	1.3233E+5	1.1002E+5	9.0925E+4	7.0710E+4	5.5148E+4	4.2524E+4	3.2147E+4	2.4343E+4	1.8229E+4	1.3589E+4
3.7202E+5	3.1834E+5	2.9424E+5	2.6081E+5	2.3592E+5	2.2900E+5	2.2144E+5	2.1479E+5	2.0927E+5	2.0333E+5	1.9517E+5	1.8486E+5	1.6928E+5	1.5188E+5	1.2964E+5	1.0839E+5	8.9898E+4	7.0057E+4	5.4765E+4	4.2291E+4	3.2001E+4	2.4246E+4	1.8164E+4	1.3546E+4
3.7494E+5	3.1844E+5	2.9407E+5	2.6169E+5	2.3502E+5	2.2659E+5	2.2001E+5	2.1259E+5	2.0665E+5	2.0015E+5	1.9204E+5	1.8240E+5	1.6710E+5	1.5028E+5	1.2857E+5	1.0765E+5	8.9377E+4	6.9761E+4	5.4576E+4	4.2151E+4	3.1916E+4	2.4192E+4	1.8123E+4	1.3516E+4
3.6692E+5	3.1653E+5	2.8930E+5	2.5975E+5	2.3334E+5	2.2607E+5	2.1821E+5	2.1082E+5	2.0528E+5	2.0077E+5	1.9157E+5	1.8084E+5	1.6602E+5	1.4927E+5	1.2777E+5	1.0708E+5	8.8966E+4	6.9499E+4	5.4392E+4	4.2033E+4	3.1838E+4	2.4132E+4	1.8086E+4	1.3489E+4
3.6944E+5	3.2412E+5	2.9359E+5	2.6284E+5	2.3292E+5	2.2541E+5	2.1745E+5	2.1055E+5	2.0443E+5	1.9773E+5	1.8950E+5	1.7971E+5	1.6499E+5	1.4840E+5	1.2724E+5	1.0675E+5	8.8704E+4	6.9343E+4	5.4295E+4	4.1972E+4	3.1797E+4	2.4103E+4	1.8063E+4	1.3472E+4
3.8721E+5	3.3758E+5	3.0096E+5	2.6750E+5	2.3585E+5	2.2913E+5	2.2077E+5	2.1220E+5	2.0591E+5	2.0007E+5	1.9059E+5	1.8047E+5	1.6531E+5	1.4850E+5	1.2726E+5	1.0662E+5	8.8672E+4	6.9299E+4	5.4243E+4	4.1933E+4	3.1769E+4	2.4080E+4	1.8046E+4	1.3458E+4
4.0360E+5	3.3327E+5	3.0162E+5	2.6726E+5	2.3600E+5	2.2716E+5	2.1848E+5	2.1126E+5	2.0387E+5	1.9747E+5	1.8808E+5	1.7797E+5	1.6310E+5	1.4669E+5	1.2596E+5	1.0575E+5	8.8033E+4	6.8924E+4	5.4020E+4	4.1792E+4	3.1674E+4	2.4016E+4	1.8002E+4	1.3428E+4
4.1341E+5	3.4135E+5	3.0708E+5	2.6975E+5	2.3676E+5	2.3018E+5	2.2162E+5	2.1303E+5	2.0482E+5	1.9724E+5	1.8797E+5	1.7781E+5	1.6286E+5	1.4653E+5	1.2578E+5	1.0560E+5	8.7924E+4	6.8840E+4	5.3958E+4	4.1739E+4	3.1637E+4	2.3988E+4	1.7983E+4	1.3414E+4
3.9556E+5	3.3901E+5	3.0709E+5	2.6908E+5	2.3618E+5	2.2663E+5	2.1834E+5	2.0957E+5	2.0223E+5	1.9519E+5	1.8523E+5	1.7511E+5	1.6079E+5	1.4487E+5	1.2450E+5	1.0479E+5	8.7426E+4	6.8522E+4	5.3752E+4	4.1614E+4	3.1554E+4	2.3936E+4	1.7942E+4	1.3386E+4
4.0115E+5	3.4380E+5	3.0476E+5	2.7151E+5	2.3861E+5	2.2758E+5	2.1756E+5	2.0838E+5	2.0073E+5	1.9303E+5	1.8413E+5	1.7351E+5	1.5932E+5	1.4383E+5	1.2381E+5	1.0432E+5	8.7079E+4	6.8320E+4	5.3628E+4	4.1531E+4	3.1498E+4	2.3890E+4	1.7917E+4	1.3366E+4
3.9114E+5	3.3420E+5	2.9984E+5	2.6403E+5	2.3378E+5	2.2242E+5	2.1374E+5	2.0422E+5	1.9644E+5	1.8901E+5	1.7944E+5	1.7001E+5	1.5655E+5	1.4157E+5	1.2231E+5	1.0331E+5	8.6427E+4	6.7920E+4	5.3389E+4	4.1375E+4	3.1402E+4	2.3831E+4	1.7873E+4	1.3335E+4
3.8622E+5	3.2677E+5	2.9698E+5	2.5979E+5	2.2694E+5	2.1777E+5	2.0842E+5	1.9972E+5	1.9225E+5	1.8599E+5	1.7601E+5	1.6706E+5	1.5371E+5	1.3952E+5	1.2091E+5	1.0228E+5	8.5758E+4	6.7543E+4	5.3157E+4	4.1222E+4	3.1305E+4	2.3764E+4	1.7832E+4	1.3307E+4
3.9305E+5	3.2832E+5	2.9999E+5	2.6420E+5	2.2952E+5	2.1941E+5	2.0988E+5	2.0022E+5	1.9280E+5	1.8457E+5	1.7665E+5	1.6686E+5	1.5380E+5	1.3929E+5	1.2065E+5	1.0212E+5	8.5606E+4	6.7422E+4	5.3059E+4	4.1174E+4	3.1267E+4	2.3742E+4	1.7810E+4	1.3291E+4
3.9441E+5	3.3150E+5	2.9559E+5	2.5708E+5	2.2534E+5	2.1403E+5	2.0612E+5	1.9661E+5	1.8894E+5	1.8139E+5	1.7360E+5	1.6465E+5	1.5231E+5	1.3841E+5	1.2016E+5	1.0182E+5	8.5437E+4	6.7337E+4	5.2997E+4	4.1123E+4	3.1228E+4	2.3710E+4	1.7790E+4	1.3276E+4
4.1135E+5	3.3885E+5	3.0300E+5	2.6021E+5	2.2628E+5	2.1471E+5	2.0569E+5	1.9599E+5	1.8913E+5	1.8184E+5	1.7364E+5	1.6446E+5	1.5216E+5	1.3812E+5	1.1993E+5	1.0170E+5	8.5305E+4	6.7232E+4	5.2913E+4	4.1068E+4	3.1193E+4	2.3680E+4	1.7765E+4	1.3258E+4
4.1793E+5	3.4234E+5	3.0077E+5	2.6226E+5	2.2629E+5	2.1581E+5	2.0558E+5	1.9605E+5	1.8863E+5	1.8192E+5	1.7370E+5	1.6452E+5	1.5218E+5	1.3837E+5	1.1997E+5	1.0173E+5	8.5297E+4	6.7206E+4	5.2888E+4	4.1044E+4	3.1165E+4	2.3659E+4	1.7750E+4	1.3247E+4
4.1150E+5	3.4303E+5	3.0433E+5	2.6268E+5	2.2758E+5	2.1586E+5	2.0550E+5	1.9646E+5	1.8848E+5	1.8094E+5	1.7300E+5	1.6336E+5	1.5097E+5	1.3719E+5	1.1917E+5	1.0118E+5	8.4941E+4	6.6981E+4	5.2739E+4	4.0935E+4	3.1096E+4	2.3613E+4	1.7717E+4	1.3223E+4
4.1427E+5	3.4636E+5	3.0656E+5	2.6171E+5	2.2546E+5	2.1505E+5	2.0399E+5	1.9440E+5	1.8701E+5	1.8019E+5	1.7102E+5	1.6219E+5	1.4997E+5	1.3650E+5	1.1856E+5	1.0069E+5	8.4598E+4	6.6758E+4	5.2612E+4	4.0853E+4	3.1041E+4	2.3575E+4	1.7691E+4	1.3204E+4
4.0580E+5	3.3845E+5	3.0071E+5	2.6061E+5	2.2117E+5	2.1258E+5	2.0289E+5	1.9324E+5	1.8527E+5	1.7826E+5	1.6962E+5	1.6069E+5	1.4871E+5	1.3531E+5	1.1787E+5	1.0022E+5	8.4256E+4	6.6590E+4	5.2469E+4	4.0759E+4	3.0980E+4	2.3534E+4	1.7661E+4	1.3185E+4
4.1029E+5	3.4056E+5	3.0039E+5	2.5792E+5	2.2054E+5	2.1014E+5	2.0002E+5	1.9039E+5	1.8303E+5	1.7611E+5	1.6736E+5	1.5870E+5	1.4716E+5	1.3410E+5	1.1700E+5	9.9640E+4	8.3855E+4	6.6313E+4	5.2313E+4	4.0647E+4	3.0906E+4	2.3484E+4	1.7626E+4	1.3159E+4
4.1243E+5	3.3635E+5	2.9860E+5	2.5498E+5	2.1833E+5	2.0715E+5	1.9739E+5	1.8778E+5	1.8029E+5	1.7349E+5	1.6563E+5	1.5705E+5	1.4583E+5	1.3313E+5	1.1634E+5	9.9293E+4	8.3642E+4	6.6176E+4	5.2223E+4	4.0604E+4	3.0869E+4	2.3457E+4	1.7605E+4	1.3145E+4
4.1628E+5	3.4241E+5	3.0132E+5	2.5686E+5	2.1719E+5	2.0611E+5	1.9573E+5	1.8654E+5	1.7876E+5	1.7115E+5	1.6346E+5	1.5588E+5	1.4478E+5	1.3243E+5	1.1582E+5	9.8850E+4	8.3336E+4	6.5994E+4	5.2107E+4	4.0526E+4	3.0822E+4	2.3426E+4	1.7585E+4	1.3127E+4
4.1296E+5	3.4300E+5	2.9517E+5	2.5956E+5	2.1740E+5	2.0773E+5	1.9687E+5	1.8633E+5	1.7814E+5	1.7108E+5	1.6316E+5	1.5460E+5	1.4360E+5	1.3152E+5	1.1512E+5	9.8419E+4	8.3112E+4	6.5840E+4	5.2018E+4	4.0463E+4	3.0781E+4	2.3395E+4	1.7561E+4	1.3112E+4
4.1596E+5	3.3915E+5	2.9718E+5	2.5326E+5	2.1362E+5	2.0493E+5	1.9349E+5	1.8431E+5	1.7597E+5	1.6916E+5	1.6222E+5	1.5342E+5	1.4290E+5	1.3104E+5	1.1490E+5	9.8241E+4	8.2981E+4	6.5776E+4	5.1964E+4	4.0420E+4	3.0750E+4	2.3368E+4	1.7545E+4	1.3101E+4
4.0449E+5	3.4598E+5	2.9538E+5	2.5322E+5	2.1397E+5	2.0259E+5	1.9285E+5	1.8329E+5	1.7563E+5	1.6959E+5	1.6072E+5	1.5318E+5	1.4266E+5	1.3082E+5	1.1473E+5	9.8115E+4	8.2865E+4	6.5688E+4	5.1907E+4	4.0371E+4	3.0715E+4	2.3345E+4	1.7523E+4	1.3086E+4
4.2619E+5	3.4017E+5	2.9783E+5	2.5232E+5	2.1157E+5	2.0198E+5	1.9133E+5	1.8182E+5	1.7428E+5	1.6740E+5	1.5958E+5	1.5214E+5	1.4177E+5	1.3009E+5	1.1421E+5	9.7847E+4	8.2652E+4	6.5548E+4	5.1807E+4	4.0319E+4	3.0671E+4	2.3316E+4	1.7505E+4	1.3070E+4
4.0573E+5	3.3693E+5	2.9226E+5	2.4768E+5	2.0823E+5	1.9648E+5	1.8646E+5	1.7686E+5	1.6914E+5	1.6227E+5	1.5618E+5	1.4853E+5	1.3914E+5	1.2799E+5	1.1292E+5	9.6950E+4	8.2054E+4	6.5195E+4	5.1599E+4	4.0183E+4	3.0587E+4	2.3257E+4	1.7469E+4	1.3044E+4
4.1386E+5	3.2813E+5	2.8702E+5	2.4164E+5	2.0382E+5	1.9337E+5	1.8385E+5	1.7404E+5	1.6705E+5	1.5991E+5	1.5353E+5	1.4732E+5	1.3811E+5	1.2731E+5	1.1244E+5	9.6714E+4	8.1890E+4	6.5127E+4	5.1542E+4	4.0143E+4	3.0563E+4	2.3243E+4	1.7452E+4	1.3030E+4
4.0117E+5	3.2876E+5	2.8489E+5	2.4377E+5	2.0511E+5	1.9436E+5	1.8303E+5	1.7377E+5	1.6669E+5	1.6111E+5	1.5327E+5	1.4685E+5	1.3782E+5	1.2708E+5	1.1215E+5	9.6443E+4	8.1737E+4	6.5039E+4	5.1467E+4	4.0100E+4	3.0525E+4	2.3214E+4	1.7433E+4	1.3018E+4
4.1654E+5	3.2556E+5	2.8308E+5	2.4055E+5	2.0178E+5	1.9041E+5	1.8035E+5	1.7189E+5	1.6372E+5	1.5751E+5	1.5176E+5	1.4447E+5	1.3578E+5	1.2533E+5	1.1098E+5	9.5677E+4	8.1230E+4	6.4716E+4	5.1276E+4	3.9978E+4	3.0450E+4	2.3161E+4	1.7399E+4	1.2994E+4
4.1007E+5	3.2700E+5	2.8537E+5	2.3841E+5	2.0086E+5	1.8957E+5	1.7977E+5	1.6962E+5	1.6299E+5	1.5602E+5	1.5003E+5	1.4377E+5	1.3511E+5	1.2494E+5	1.1067E+5	9.5418E+4	8.1061E+4	6.4604E+4	5.1214E+4	3.9922E+4	3.0416E+4	2.3139E+4	1.7381E+4	1.2980E+4
4.0298E+5	3.2440E+5	2.7992E+5	2.3662E+5	1.9685E+5	1.8653E+5	1.7625E+5	1.6721E+5	1.5984E+5	1.5309E+5	1.4766E+5	1.4136E+5	1.3299E+5	1.2329E+5	1.0949E+5	9.4685E+4	8.0565E+4	6.4297E+4	5.1039E+4	3.9813E+4	3.0351E+4	2.3094E+4	1.7348E+4	1.2960E+4
3.9374E+5	3.1490E+5	2.7732E+5	2.3311E+5	1.9432E+5	1.8411E+5	1.7419E+5	1.6481E+5	1.5769E+5	1.5206E+5	1.4556E+5	1.4028E+5	1.3210E+5	1.2274E+5	1.0902E+5	9.4366E+4	8.0324E+4	6.4168E+4	5.0940E+4	3.9749E+4	3.0302E+4	2.3062E+4	1.7325E+4	1.2943E+4
4.0023E+5	3.2281E+5	2.8067E+5	2.3633E+5	1.9781E+5	1.8550E+5	1.7623E+5	1.6669E+5	1.5941E+5	1.5315E+5	1.4709E+5	1.4076E+5	1.3259E+5	1.2293E+5	1.0924E+5	9.4441E+4	8.0377E+4	6.4180E+4	5.0915E+4	3.9740E+4	3.0291E+4	2.3047E+4	1.7315E+4	1.2934E+4
4.2480E+5	3.3499E+5	2.8968E+5	2.3921E+5	1.9771E+5	1.8889E+5	1.7818E+5	1.6768E+5	1.6046E+5	1.5405E+5	1.4771E+5	1.4160E+5	1.3333E+5	1.2356E+5	1.0967E+5	9.4773E+4	8.0582E+4	6.4279E+4	5.0976E+4	3.9750E+4	3.0291E+4	2.3040E+4	1.7307E+4	1.2927E+4
4.1112E+5	3.3461E+5	2.9147E+5	2.3860E+5	1.9933E+5	1.8916E+5	1.7745E+5	1.6906E+5	1.6167E+5	1.5494E+5	1.4848E+5	1.4220E+5	1.3381E+5	1.2392E+5	1.0993E+5	9.4877E+4	8.0660E+4	6.4302E+4	5.0988E+4	3.9746E+4	3.0281E+4	2.3032E+4	1.7301E+4	1.2922E+4
4.2299E+5	3.3826E+5	2.8952E+5	2.4173E+5	2.0024E+5	1.8900E+5	1.7839E+5	1.6822E+5	1.6136E+5	1.5375E+5	1.4808E+5	1.4218E+5	1.3366E+5	1.2376E+5	1.0984E+5	9.4880E+4	8.0637E+4	6.4271E+4	5.0952E+4	3.9726E+4	3.0256E+4	2.3018E+4	1.7288E+4	1.2910E+4
4.1652E+5	3.3379E+5	2.9113E+5	2.3854E+5	1.9855E+5	1.8788E+5	1.7771E+5	1.6808E+5	1.6032E+5	1.5445E+5	1.4722E+5	1.4136E+5	1.3306E+5	1.2321E+5	1.0952E+5	9.4594E+4	8.0422E+4	6.4155E+4	5.0882E+4	3.9673E+4	3.0229E+4	2.2989E+4	1.7269E+4	1.2897E+4
4.1408E+5	3.3022E+5	2.7664E+5	2.3408E+5	1.9428E+5	1.8272E+5	1.7283E+5	1.6404E+5	1.5735E+5	1.5100E+5	1.4456E+5	1.3858E+5	1.3088E+5	1.2156E+5	1.0826E+5	9.3706E+4	7.9857E+4	6.3807E+4	5.0649E+4	3.9524E+4	3.0133E+4	2.2932E+4	1.7231E+4	1.2869E+4
4.1017E+5	3.2547E+5	2.8393E+5	2.3668E+5	1.9726E+5	1.8450E+5	1.7359E+5	1.6465E+5	1.5664E+5	1.5086E+5	1.4370E+5	1.3789E+5	1.2997E+5	1.2085E+5	1.0768E+5	9.3375E+4	7.9629E+4	6.3660E+4	5.0564E+4	3.9480E+4	3.0099E+4	2.2910E+4	1.7212E+4	1.2859E+4
4.0879E+5	3.2533E+5	2.8148E+5	2.3335E+5	1.9343E+5	1.8335E+5	1.7210E+5	1.6287E+5	1.5569E+5	1.4921E+5	1.4307E+5	1.3772E+5	1.3004E+5	1.2104E+5	1.0793E+5	9.3636E+4	7.9819E+4	6.3804E+4	5.0644E+4	3.9514E+4	3.0117E+4	2.2915E+4	1.7214E+4	1.2856E+4
4.0772E+5	3.2463E+5	2.8018E+5	2.3158E+5	1.9085E+5	1.8128E+5	1.7014E+5	1.6099E+5	1.5400E+5	1.4787E+5	1.4216E+5	1.3697E+5	1.2970E+5	1.2085E+5	1.0786E+5	9.3577E+4	7.9760E+4	6.3756E+4	5.0601E+4	3.9494E+4	3.0097E+4	2.2899E+4	1.7201E+4	1.2846E+4
4.0390E+5	3.1150E+5	2.7078E+5	2.2837E+5	1.8902E+5	1.7754E+5	1.6849E+5	1.5859E+5	1.5178E+5	1.4525E+5	1.4087E+5	1.3502E+5	1.2802E+5	1.1940E+5	1.0692E+5	9.2857E+4	7.9341E+4	6.3513E+4	5.0468E+4	3.9396E+4	3.0042E+4	2.2864E+4	1.7177E+4	1.2830E+4
4.0886E+5	3.1381E+5	2.7949E+5	2.2944E+5	1.8877E+5	1.7825E+5	1.6752E+5	1.5814E+5	1.5091E+5	1.4467E+5	1.3932E+5	1.3439E+5	1.2764E+5	1.1922E+5	1.0672E+5	9.2804E+4	7.9244E+4	6.3459E+4	5.0425E+4	3.9370E+4	3.0017E+4	2.2843E+4	1.7163E+4	1.2821E+4
4.0729E+5	3.1242E+5	2.7114E+5	2.2768E+5	1.8837E+5	1.7715E+5	1.6743E+5	1.5854E+5	1.5097E+5	1.4591E+5	1.3986E+5	1.3492E+5	1.2798E+5	1.1964E+5	1.0706E+5	9.3053E+4	7.9442E+4	6.3538E+4	5.0465E+4	3.9389E+4	3.0024E+4	2.2844E+4	1.7160E+4	1.2817E+4
3.9930E+5	3.2435E+5	2.7536E+5	2.2924E+5	1.8679E+5	1.7649E+5	1.6617E+5	1.5674E+5	1.5031E+5	1.4408E+5	1.3969E+5	1.3470E+5	1.2822E+5	1.1980E+5	1.0722E+5	9.3126E+4	7.9460E+4	6.3558E+4	5.0467E+4	3.9387E+4	3.0010E+4	2.2835E+4	1.7154E+4	1.2812E+4
3.9883E+5	3.1631E+5	2.7245E+5	2.2965E+5	1.8786E+5	1.7621E+5	1.6628E+5	1.5642E+5	1.5001E+5	1.4451E+5	1.3963E+5	1.3450E+5	1.2811E+5	1.1973E+5	1.0717E+5	9.3138E+4	7.9485E+4	6.3565E+4	5.0442E+4	3.9361E+4	3.0005E+4	2.2825E+4	1.7142E+4	1.2803E+4
4.0113E+5	3.1623E+5	2.7847E+5	2.2596E+5	1.8732E+5	1.7569E+5	1.6497E+5	1.5620E+5	1.4981E+5	1.4464E+5	1.3942E+5	1.3514E+5	1.2886E+5	1.2047E+5	1.0791E+5	9.3642E+4	7.9850E+4	6.3777E+4	5.0575E+4	3.9430E+4	3.0032E+4	2.2837E+4	1.7148E+4	1.2806E+4
4.0623E+5	3.2336E+5	2.7956E+5	2.2884E+5	1.8884E+5	1.7567E+5	1.6685E+5	1.5783E+5	1.5090E+5	1.4559E+5	1.4062E+5	1.3618E+5	1.2954E+5	1.2097E+5	1.0818E+5	9.3812E+4	7.9888E+4	6.3793E+4	5.0561E+4	3.9414E+4	3.0016E+4	2.2826E+4	1.7138E+4	1.2796E+4
4.1433E+5	3.2226E+5	2.7477E+5	2.2896E+5	1.8569E+5	1.7538E+5	1.6561E+5	1.5623E+5	1.5021E+5	1.4412E+5	1.4019E+5	1.3570E+5	1.2923E+5	1.2081E+5	1.0807E+5	9.3724E+4	7.9869E+4	6.3764E+4	5.0547E+4	3.9393E+4	3.0000E+4	2.2814E+4	1.7131E+4	1.2790E+4
4.1043E+5	3.2325E+5	2.7807E+5	2.2889E+5	1.8771E+5	1.7640E+5	1.6668E+5	1.5718E+5	1.5113E+5	1.4542E+5	1.4104E+5	1.3659E+5	1.2993E+5	1.2146E+5	1.0854E+5	9.4030E+4	8.0086E+4	6.3860E+4	5.0606E+4	3.9420E+4	3.0009E+4	2.2813E+4	1.7126E+4	1.2785E+4
4.1104E+5	3.1804E+5	2.7874E+5	2.2694E+5	1.8555E+5	1.7515E+5	1.6617E+5	1.5688E+5	1.5070E+5	1.4477E+5	1.4069E+5	1.3673E+5	1.3019E+5	1.2163E+5	1.0859E+5	9.4160E+4	8.0148E+4	6.3897E+4	5.0606E+4	3.9422E+4	3.0001E+4	2.2803E+4	1.7119E+4	1.2780E+4
4.0928E+5	3.2240E+5	2.7787E+5	2.2993E+5	1.8666E+5	1.7544E+5	1.6616E+5	1.5705E+5	1.5112E+5	1.4571E+5	1.4088E+5	1.3691E+5	1.3051E+5	1.2196E+5	1.0887E+5	9.4329E+4	8.0175E+4	6.3894E+4	5.0594E+4	3.9399E+4	2.9986E+4	2.2790E+4	1.7107E+4	1.2773E+4
4.1289E+5	3.1713E+5	2.7206E+5	2.2493E+5	1.8476E+5	1.7419E+5	1.6393E+5	1.5539E+5	1.4897E+5	1.4499E+5	1.3993E+5	1.3586E+5	1.2964E+5	1.2115E+5	1.0833E+5	9.3907E+4	7.9911E+4	6.3745E+4	5.0498E+4	3.9331E+4	2.9938E+4	2.2758E+4	1.7088E+4	1.2756E+4
4.1078E+5	3.1885E+5	2.7953E+5	2.2513E+5	1.8464E+5	1.7488E+5	1.6486E+5	1.5572E+5	1.4941E+5	1.4374E+5	1.3950E+5	1.3555E+5	1.2924E+5	1.2086E+5	1.0804E+5	9.3652E+4	7.9744E+4	6.3602E+4	5.0412E+4	3.9275E+4	2.9909E+4	2.2736E+4	1.7072E+4	1.2746E+4
4.0880E+5	3.2124E+5	2.7468E+5	2.2545E+5	1.8506E+5	1.7394E+5	1.6404E+5	1.5486E+5	1.4940E+5	1.4455E+5	1.3977E+5	1.3563E+5	1.2945E+5	1.2118E+5	1.0828E+5	9.3828E+4	7.9843E+4	6.3684E+4	5.0427E+4	3.9280E+4	2.9898E+4	2.2731E+4	1.7067E+4	1.2739E+4
4.1913E+5	3.2327E+5	2.7839E+5	2.2573E+5	1.8611E+5	1.7417E+5	1.6415E+5	1.5560E+5	1.4894E+5	1.4346E+5	1.3981E+5	1.3573E+5	1.2947E+5	1.2123E+5	1.0830E+5	9.3837E+4	7.9822E+4	6.3655E+4	5.0416E+4	3.9267E+4	2.9891E+4	2.2720E+4	1.7055E+4	1.2733E+4
4.2330E+5	3.2354E+5	2.7657E+5	2.2421E+5	1.8411E+5	1.7293E+5	1.6271E+5	1.5412E+5	1.4793E+5	1.4362E+5	1.3963E+5	1.3536E+5	1.2941E+5	1.2108E+5	1.0830E+5	9.3878E+4	7.9848E+4	6.3632E+4	5.0407E+4	3.9252E+4	2.9882E+4	2.2711E+4	1.7049E+4	1.2727E+4
4.0688E+5	3.1483E+5	2.6758E+5	2.2230E+5	1.8117E+5	1.7251E+5	1.6120E+5	1.5323E+5	1.4717E+5	1.4191E+5	1.3771E+5	1.3390E+5	1.2794E+5	1.1995E+5	1.0743E+5	9.3189E+4	7.9402E+4	6.3375E+4	5.0252E+4	3.9158E+4	2.9814E+4	2.2672E+4	1.7022E+4	1.2709E+4
4.0344E+5	3.1119E+5	2.6693E+5	2.1838E+5	1.7786E+5	1.6766E+5	1.5787E+5	1.4864E+5	1.4331E+5	1.3812E+5	1.3460E+5	1.3081E+5	1.2519E+5	1.1777E+5	1.0578E+5	9.2131E+4	7.8697E+4	6.2992E+4	5.0012E+4	3.9026E+4	2.9738E+4	2.2617E+4	1.6988E+4	1.2685E+4
3.9727E+5	3.0755E+5	2.6058E+5	2.1486E+5	1.7509E+5	1.6566E+5	1.5596E+5	1.4769E+5	1.4202E+5	1.3761E+5	1.3305E+5	1.2990E+5	1.2460E+5	1.1723E+5	1.0544E+5	9.1897E+4	7.8585E+4	6.2897E+4	4.9966E+4	3.8986E+4	2.9710E+4	2.2602E+4	1.6978E+4	1.2679E+4
3.7785E+5	3.1117E+5	2.6170E+5	2.1691E+5	1.7487E+5	1.6425E+5	1.5525E+5	1.4604E+5	1.4065E+5	1.3613E+5	1.3213E+5	1.2907E+5	1.2401E+5	1.1683E+5	1.0522E+5	9.1799E+4	7.8492E+4	6.2819E+4	4.9919E+4	3.8952E+4	2.9693E+4	2.2588E+4	1.6965E+4	1.2669E+4
3.9999E+5	3.2022E+5	2.6136E+5	2.1677E+5	1.7586E+5	1.6463E+5	1.5502E+5	1.4744E+5	1.4093E+5	1.3687E+5	1.3305E+5	1.2982E+5	1.2473E+5	1.1740E+5	1.0562E+5	9.2086E+4	7.8646E+4	6.2923E+4	4.9962E+4	3.8980E+4	2.9700E+4	2.2588E+4	1.6964E+4	1.2666E+4
4.0361E+5	3.1482E+5	2.6448E+5	2.1727E+5	1.7417E+5	1.6545E+5	1.5571E+5	1.4711E+5	1.4128E+5	1.3689E+5	1.3329E+5	1.3001E+5	1.2485E+5	1.1750E+5	1.0576E+5	9.2110E+4	7.8694E+4	6.2942E+4	4.9959E+4	3.8968E+4	2.9689E+4	2.2577E+4	1.6952E+4	1.2659E+4
3.8570E+5	3.0799E+5	2.6625E+5	2.1709E+5	1.7455E+5	1.6450E+5	1.5457E+5	1.4697E+5	1.4118E+5	1.3674E+5	1.3362E+5	1.2998E+5	1.2486E+5	1.1758E+5	1.0587E+5	9.2234E+4	7.8766E+4	6.2998E+4	4.9980E+4	3.8983E+4	2.9688E+4	2.2575E+4	1.6950E+4	1.2656E+4
4.0082E+5	3.0947E+5	2.6203E+5	2.1435E+5	1.7472E+5	1.6440E+5	1.5512E+5	1.4642E+5	1.4067E+5	1.3613E+5	1.3256E+5	1.2993E+5	1.2503E+5	1.1782E+5	1.0609E+5	9.2357E+4	7.8883E+4	6.3047E+4	5.0019E+4	3.8989E+4	2.9688E+4	2.2569E+4	1.6945E+4	1.2650E+4
3.9514E+5	3.0696E+5	2.6262E+5	2.1262E+5	1.7370E+5	1.6371E+5	1.5356E+5	1.4561E+5	1.3946E+5	1.3634E+5	1.3294E+5	1.2981E+5	1.2506E+5	1.1789E+5	1.0619E+5	9.2452E+4	7.8932E+4	6.3068E+4	5.0025E+4	3.8986E+4	2.9682E+4	2.2565E+4	1.6940E+4	1.2646E+4
3.9163E+5	3.1285E+5	2.6312E+5	2.0861E+5	1.7262E+5	1.6057E+5	1.5121E+5	1.4371E+5	1.3886E+5	1.3518E+5	1.3211E+5	1.2966E+5	1.2523E+5	1.1805E+5	1.0642E+5	9.2597E+4	7.9023E+4	6.3126E+4	5.0045E+4	3.8982E+4	2.9675E+4	2.2557E+4	1.6933E+4	1.2640E+4
3.9335E+5	3.0167E+5	2.5748E+5	2.1109E+5	1.7147E+5	1.6078E+5	1.5179E+5	1.4368E+5	1.3868E+5	1.3468E+5	1.3158E+5	1.2929E+5	1.2474E+5	1.1778E+5	1.0609E+5	9.2478E+4	7.8917E+4	6.3054E+4	4.9992E+4	3.8955E+4	2.9652E+4	2.2540E+4	1.6920E+4	1.2632E+4
3.9397E+5	3.0247E+5	2.5755E+5	2.0645E+5	1.6954E+5	1.6087E+5	1.5099E+5	1.4331E+5	1.3757E+5	1.3416E+5	1.3094E+5	1.2872E+5	1.2421E+5	1.1738E+5	1.0578E+5	9.2180E+4	7.8689E+4	6.2910E+4	4.9907E+4	3.8896E+4	2.9613E+4	2.2514E+4	1.6901E+4	1.2618E+4
3.9673E+5	3.0157E+5	2.5617E+5	2.0803E+5	1.7050E+5	1.6010E+5	1.5071E+5	1.4346E+5	1.3772E+5	1.3390E+5	1.3135E+5	1.2886E+5	1.2437E+5	1.1742E+5	1.0587E+5	9.2209E+4	7.8751E+4	6.2935E+4	4.9896E+4	3.8886E+4	2.9606E+4	2.2505E+4	1.6897E+4	1.2613E+4
3.8988E+5	2.9886E+5	2.5568E+5	2.0832E+5	1.7052E+5	1.5923E+5	1.5181E+5	1.4392E+5	1.3880E+5	1.3514E+5	1.3234E+5	1.2982E+5	1.2519E+5	1.1800E+5	1.0623E+5	9.2506E+4	7.8892E+4	6.2993E+4	4.9920E+4	3.8894E+4	2.9603E+4	2.2504E+4	1.6891E+4	1.2609E+4
3.9754E+5	3.0158E+5	2.5550E+5	2.0987E+5	1.7102E+5	1.6036E+5	1.5140E+5	1.4429E+5	1.3895E+5	1.3482E+5	1.3290E+5	1.2997E+5	1.2539E+5	1.1820E+5	1.0645E+5	9.2609E+4	7.8975E+4	6.3014E+4	4.9929E+4	3.8891E+4	2.9597E+4	2.2496E+4	1.6885E+4	1.2605E+4
3.7195E+5	2.8490E+5	2.5079E+5	2.0701E+5	1.6613E+5	1.5785E+5	1.4885E+5	1.4208E+5	1.3677E+5	1.3422E+5	1.3163E+5	1.2883E+5	1.2451E+5	1.1768E+5	1.0597E+5	9.2358E+4	7.8800E+4	6.2916E+4	4.9851E+4	3.8854E+4	2.9568E+4	2.2471E+4	1.6869E+4	1.2594E+4
3.8919E+5	3.0259E+5	2.5147E+5	2.0709E+5	1.6983E+5	1.5912E+5	1.4987E+5	1.4238E+5	1.3758E+5	1.3480E+5	1.3139E+5	1.2930E+5	1.2501E+5	1.1812E+5	1.0640E+5	9.2577E+4	7.8941E+4	6.2963E+4	4.9892E+4	3.8858E+4	2.9568E+4	2.2473E+4	1.6866E+4	1.2590E+4
4.1041E+5	2.8806E+5	2.5592E+5	2.0782E+5	1.6806E+5	1.5983E+5	1.5050E+5	1.4304E+5	1.3833E+5	1.3439E+5	1.3274E+5	1.3032E+5	1.2608E+5	1.1890E+5	1.0700E+5	9.2992E+4	7.9222E+4	6.3121E+4	4.9969E+4	3.8888E+4	2.9585E+4	2.2476E+4	1.6869E+4	1.2588E+4
3.8408E+5	3.0081E+5	2.5325E+5	2.0602E+5	1.6811E+5	1.5894E+5	1.5047E+5	1.4292E+5	1.3829E+5	1.3464E+5	1.3212E+5	1.3013E+5	1.2581E+5	1.1874E+5	1.0683E+5	9.2884E+4	7.9096E+4	6.3041E+4	4.9928E+4	3.8864E+4	2.9562E+4	2.2460E+4	1.6856E+4	1.2581E+4
3.7608E+5	2.9240E+5	2.5375E+5	2.0682E+5	1.6691E+5	1.5831E+5	1.4981E+5	1.4271E+5	1.3803E+5	1.3480E+5	1.3276E+5	1.3059E+5	1.2627E+5	1.1907E+5	1.0715E+5	9.2994E+4	7.9154E+4	6.3032E+4	4.9875E+4	3.8803E+4	2.9512E+4	2.2420E+4	1.6829E+4	1.2561E+4
3.7294E+5	2.8831E+5	2.4542E+5	2.0030E+5	1.6409E+5	1.5473E+5	1.4631E+5	1.3980E+5	1.3472E+5	1.3225E+5	1.2966E+5	1.2789E+5	1.2412E+5	1.1749E+5	1.0592E+5	9.2299E+4	7.8697E+4	6.2827E+4	4.9770E+4	3.8759E+4	2.9494E+4	2.2410E+4	1.6819E+4	1.2554E+4
3.7286E+5	2.8456E+5	2.4063E+5	1.9633E+5	1.6318E+5	1.5170E+5	1.4461E+5	1.3698E+5	1.3331E+5	1.3045E+5	1.2824E+5	1.2663E+5	1.2293E+5	1.1645E+5	1.0528E+5	9.1814E+4	7.8398E+4	6.2637E+4	4.9660E+4	3.8692E+4	2.9455E+4	2.2384E+4	1.6803E+4	1.2544E+4
3.7120E+5	2.9285E+5	2.3708E+5	1.9639E+5	1.6293E+5	1.5164E+5	1.4340E+5	1.3648E+5	1.3261E+5	1.2981E+5	1.2768E+5	1.2585E+5	1.2219E+5	1.1582E+5	1.0466E+5	9.1400E+4	7.8108E+4	6.2467E+4	4.9544E+4	3.8618E+4	2.9402E+4	2.2351E+4	1.6782E+4	1.2529E+4
3.8291E+5	2.8630E+5	2.4090E+5	1.9637E+5	1.5992E+5	1.5106E+5	1.4279E+5	1.3618E+5	1.3203E+5	1.2863E+5	1.2677E+5	1.2551E+5	1.2196E+5	1.1558E+5	1.0458E+5	9.1319E+4	7.8031E+4	6.2406E+4	4.9492E+4	3.8592E+4	2.9379E+4	2.2339E+4	1.6772E+4	1.2520E+4
3.5549E+5	2.7894E+5	2.4006E+5	1.9449E+5	1.6039E+5	1.5089E+5	1.4273E+5	1.3612E+5	1.3197E+5	1.2920E+5	1.2699E+5	1.2539E+5	1.2204E+5	1.1568E+5	1.0462E+5	9.1347E+4	7.8046E+4	6.2425E+4	4.9514E+4	3.8590E+4	2.9380E+4	2.2335E+4	1.6767E+4	1.2518E+4
3.6121E+5	2.7489E+5	2.3902E+5	1.9221E+5	1.6140E+5	1.5078E+5	1.4340E+5	1.3616E+5	1.3216E+5	1.2898E+5	1.2823E+5	1.2633E+5	1.2273E+5	1.1640E+5	1.0510E+5	9.1660E+4	7.8215E+4	6.2480E+4	4.9557E+4	3.8606E+4	2.9390E+4	2.2335E+4	1.6765E+4	1.2515E+4
3.6668E+5	2.8544E+5	2.4055E+5	1.9353E+5	1.5832E+5	1.5002E+5	1.4334E+5	1.3662E+5	1.3239E+5	1.3088E+5	1.2928E+5	1.2729E+5	1.2363E+5	1.1704E+5	1.0564E+5	9.2018E+4	7.8470E+4	6.2626E+4	4.9617E+4	3.8637E+4	2.9402E+4	2.2342E+4	1.6766E+4	1.2515E+4
3.7575E+5	2.8445E+5	2.3284E+5	1.9216E+5	1.5800E+5	1.5051E+5	1.4278E+5	1.3556E+5	1.3150E+5	1.2991E+5	1.2748E+5	1.2664E+5	1.2322E+5	1.1682E+5	1.0554E+5	9.1928E+4	7.8440E+4	6.2612E+4	4.9603E+4	3.8623E+4	2.9385E+4	2.2330E+4	1.6758E+4	1.2507E+4
3.5797E+5	2.7156E+5	2.3031E+5	1.8891E+5	1.5590E+5	1.4775E+5	1.4027E+5	1.3427E+5	1.3106E+5	1.2933E+5	1.2823E+5	1.2711E+5	1.2356E+5	1.1729E+5	1.0586E+5	9.2143E+4	7.8586E+4	6.2681E+4	4.9634E+4	3.8640E+4	2.9388E+4	2.2327E+4	1.6755E+4	1.2505E+4
3.5937E+5	2.7657E+5	2.3690E+5	1.9306E+5	1.5952E+5	1.5241E+5	1.4376E+5	1.3718E+5	1.3327E+5	1.3135E+5	1.3014E+5	1.2915E+5	1.2544E+5	1.1865E+5	1.0685E+5	9.2770E+4	7.8970E+4	6.2896E+4	4.9743E+4	3.8694E+4	2.9417E+4	2.2342E+4	1.6760E+4	1.2508E+4
3.6147E+5	2.7034E+5	2.3235E+5	1.8994E+5	1.5766E+5	1.4854E+5	1.4145E+5	1.3541E+5	1.3258E+5	1.3054E+5	1.2888E+5	1.2823E+5	1.2471E+5	1.1813E+5	1.0652E+5	9.2580E+4	7.8806E+4	6.2809E+4	4.9672E+4	3.8648E+4	2.9389E+4	2.2320E+4	1.6744E+4	1.2496E+4
3.6519E+5	2.7499E+5	2.3384E+5	1.9174E+5	1.5833E+5	1.4918E+5	1.4175E+5	1.3584E+5	1.3225E+5	1.2984E+5	1.2928E+5	1.2805E+5	1.2446E+5	1.1789E+5	1.0626E+5	9.2396E+4	7.8668E+4	6.2687E+4	4.9601E+4	3.8605E+4	2.9356E+4	2.2296E+4	1.6730E+4	1.2487E+4
3.5769E+5	2.7423E+5	2.3454E+5	1.9416E+5	1.5870E+5	1.5024E+5	1.4297E+5	1.3751E+5	1.3394E+5	1.3216E+5	1.3091E+5	1.2966E+5	1.2583E+5	1.1888E+5	1.0692E+5	9.2794E+4	7.8936E+4	6.2829E+4	4.9686E+4	3.8640E+4	2.9373E+4	2.2306E+4	1.6734E+4	1.2486E+4
3.6748E+5	2.7664E+5	2.3403E+5	1.9133E+5	1.5848E+5	1.5098E+5	1.4324E+5	1.3685E+5	1.3368E+5	1.3215E+5	1.3096E+5	1.2987E+5	1.2620E+5	1.1924E+5	1.0714E+5	9.2968E+4	7.9042E+4	6.2863E+4	4.9697E+4	3.8644E+4	2.9372E+4	2.2301E+4	1.6731E+4	1.2485E+4
3.5666E+5	2.7821E+5	2.3463E+5	1.9242E+5	1.5841E+5	1.5026E+5	1.4289E+5	1.3750E+5	1.3450E+5	1.3309E+5	1.3169E+5	1.3085E+5	1.2682E+5	1.1990E+5	1.0756E+5	9.3260E+4	7.9218E+4	6.2977E+4	4.9744E+4	3.8662E+4	2.9378E+4	2.2302E+4	1.6729E+4	1.2481E+4
3.6918E+5	2.7639E+5	2.3546E+5	1.9319E+5	1.6023E+5	1.5215E+5	1.4482E+5	1.3915E+5	1.3601E+5	1.3401E+5	1.3299E+5	1.3222E+5	1.2809E+5	1.2090E+5	1.0841E+5	9.3729E+4	7.9501E+4	6.3106E+4	4.9804E+4	3.8686E+4	2.9392E+4	2.2306E+4	1.6730E+4	1.2481E+4
3.5638E+5	2.8040E+5	2.3487E+5	1.9348E+5	1.5976E+5	1.5215E+5	1.4551E+5	1.3984E+5	1.3678E+5	1.3555E+5	1.3447E+5	1.3315E+5	1.2886E+5	1.2149E+5	1.0874E+5	9.4024E+4	7.9645E+4	6.3192E+4	4.9854E+4	3.8709E+4	2.9390E+4	2.2306E+4	1.6727E+4	1.2479E+4
3.6140E+5	2.7048E+5	2.3247E+5	1.8942E+5	1.5766E+5	1.4964E+5	1.4315E+5	1.3897E+5	1.3527E+5	1.3457E+5	1.3311E+5	1.3240E+5	1.2836E+5	1.2100E+5	1.0852E+5	9.3820E+4	7.9544E+4	6.3092E+4	4.9787E+4	3.8663E+4	2.9361E+4	2.2284E+4	1.6711E+4	1.2467E+4
3.6916E+5	2.8014E+5	2.3201E+5	1.9240E+5	1.6135E+5	1.5157E+5	1.4547E+5	1.4058E+5	1.3747E+5	1.3571E+5	1.3549E+5	1.3371E+5	1.2969E+5	1.2206E+5	1.0913E+5	9.4177E+4	7.9755E+4	6.3227E+4	4.9855E+4	3.8691E+4	2.9373E+4	2.2288E+4	1.6712E+4	1.2468E+4
3.7334E+5	2.7407E+5	2.3976E+5	1.9198E+5	1.6196E+5	1.5402E+5	1.4636E+5	1.4123E+5	1.3834E+5	1.3691E+5	1.3621E+5	1.3489E+5	1.3047E+5	1.2277E+5	1.0972E+5	9.4517E+4	7.9976E+4	6.3306E+4	4.9891E+4	3.8711E+4	2.9379E+4	2.2290E+4	1.6710E+4	1.2464E+4
3.6027E+5	2.6411E+5	2.3239E+5	1.9202E+5	1.5695E+5	1.4985E+5	1.4410E+5	1.3998E+5	1.3681E+5	1.3520E+5	1.3522E+5	1.3370E+5	1.2985E+5	1.2228E+5	1.0932E+5	9.4307E+4	7.9842E+4	6.3251E+4	4.9836E+4	3.8676E+4	2.9353E+4	2.2270E+4	1.6699E+4	1.2457E+4
3.5903E+5	2.7758E+5	2.3307E+5	1.9317E+5	1.6023E+5	1.5117E+5	1.4503E+5	1.3996E+5	1.3704E+5	1.3602E+5	1.3456E+5	1.3408E+5	1.2982E+5	1.2220E+5	1.0927E+5	9.4243E+4	7.9784E+4	6.3195E+4	4.9819E+4	3.8654E+4	2.9344E+4	2.2263E+4	1.6691E+4	1.2450E+4
3.4673E+5	2.6582E+5	2.2618E+5	1.8698E+5	1.5575E+5	1.4867E+5	1.4250E+5	1.3726E+5	1.3503E+5	1.3344E+5	1.3304E+5	1.3227E+5	1.2864E+5	1.2137E+5	1.0868E+5	9.3933E+4	7.9559E+4	6.3076E+4	4.9755E+4	3.8611E+4	2.9317E+4	2.2244E+4	1.6678E+4	1.2441E+4
3.4475E+5	2.8070E+5	2.2855E+5	1.8977E+5	1.5899E+5	1.5204E+5	1.4588E+5	1.3971E+5	1.3750E+5	1.3594E+5	1.3522E+5	1.3407E+5	1.3001E+5	1.2228E+5	1.0932E+5	9.4280E+4	7.9783E+4	6.3177E+4	4.9798E+4	3.8638E+4	2.9322E+4	2.2246E+4	1.6676E+4	1.2440E+4
3.3881E+5	2.6579E+5	2.2807E+5	1.8956E+5	1.5782E+5	1.5100E+5	1.4450E+5	1.3957E+5	1.3725E+5	1.3571E+5	1.3552E+5	1.3423E+5	1.3022E+5	1.2257E+5	1.0948E+5	9.4398E+4	7.9829E+4	6.3179E+4	4.9789E+4	3.8627E+4	2.9310E+4	2.2238E+4	1.6670E+4	1.2434E+4
3.5587E+5	2.7163E+5	2.3109E+5	1.9066E+5	1.5843E+5	1.5220E+5	1.4594E+5	1.4056E+5	1.3824E+5	1.3722E+5	1.3674E+5	1.3522E+5	1.3093E+5	1.2314E+5	1.0984E+5	9.4590E+4	7.9961E+4	6.3249E+4	4.9811E+4	3.8632E+4	2.9313E+4	2.2233E+4	1.6668E+4	1.2431E+4
3.5027E+5	2.6892E+5	2.3169E+5	1.9059E+5	1.6048E+5	1.5318E+5	1.4634E+5	1.4163E+5	1.3905E+5	1.3758E+5	1.3755E+5	1.3598E+5	1.3169E+5	1.2359E+5	1.1015E+5	9.4792E+4	8.0053E+4	6.3287E+4	4.9819E+4	3.8629E+4	2.9303E+4	2.2224E+4	1.6659E+4	1.2425E+4
3.4749E+5	2.7252E+5	2.3077E+5	1.9039E+5	1.5958E+5	1.5162E+5	1.4562E+5	1.4167E+5	1.3904E+5	1.3855E+5	1.3751E+5	1.3662E+5	1.3212E+5	1.2401E+5	1.1039E+5	9.4884E+4	8.0063E+4	6.3273E+4	4.9802E+4	3.8609E+4	2.9287E+4	2.2215E+4	1.6651E+4	1.2419E+4
3.5833E+5	2.7487E+5	2.3188E+5	1.9094E+5	1.6182E+5	1.5462E+5	1.4860E+5	1.4376E+5	1.4108E+5	1.3988E+5	1.3952E+5	1.3824E+5	1.3359E+5	1.2508E+5	1.1112E+5	9.5327E+4	8.0363E+4	6.3434E+4	4.9896E+4	3.8662E+4	2.9310E+4	2.2226E+4	1.6655E+4	1.2421E+4
3.6423E+5	2.7487E+5	2.3579E+5	1.9497E+5	1.6303E+5	1.5571E+5	1.4879E+5	1.4481E+5	1.4199E+5	1.4040E+5	1.4000E+5	1.3827E+5	1.3344E+5	1.2483E+5	1.1090E+5	9.5185E+4	8.0230E+4	6.3361E+4	4.9838E+4	3.8623E+4	2.9292E+4	2.2211E+4	1.6646E+4	1.2414E+4
3.5435E+5	2.7185E+5	2.3247E+5	1.9302E+5	1.6163E+5	1.5374E+5	1.4755E+5	1.4202E+5	1.4023E+5	1.3905E+5	1.3845E+5	1.3732E+5	1.3264E+5	1.2440E+5	1.1066E+5	9.5041E+4	8.0186E+4	6.3317E+4	4.9826E+4	3.8608E+4	2.9275E+4	2.2198E+4	1.6639E+4	1.2407E+4
3.6309E+5	2.7268E+5	2.3218E+5	1.9392E+5	1.6285E+5	1.5402E+5	1.4823E+5	1.4397E+5	1.4095E+5	1.3943E+5	1.3889E+5	1.3830E+5	1.3361E+5	1.2515E+5	1.1121E+5	9.5420E+4	8.0419E+4	6.3433E+4	4.9868E+4	3.8630E+4	2.9287E+4	2.2205E+4	1.6637E+4	1.2406E+4
3.5895E+5	2.7711E+5	2.3567E+5	1.9430E+5	1.6170E+5	1.5442E+5	1.4764E+5	1.4371E+5	1.4141E+5	1.4110E+5	1.3976E+5	1.3877E+5	1.3384E+5	1.2541E+5	1.1143E+5	9.5484E+4	8.0442E+4	6.3457E+4	4.9874E+4	3.8628E+4	2.9282E+4	2.2196E+4	1.6633E+4	1.2401E+4
3.5756E+5	2.7844E+5	2.3745E+5	1.9436E+5	1.6158E+5	1.5504E+5	1.4849E+5	1.4387E+5	1.4179E+5	1.4120E+5	1.4013E+5	1.3917E+5	1.3441E+5	1.2588E+5	1.1158E+5	9.5645E+4	8.0527E+4	6.3481E+4	4.9874E+4	3.8624E+4	2.9272E+4	2.2191E+4	1.6625E+4	1.2399E+4
3.5781E+5	2.7579E+5	2.3342E+5	1.9367E+5	1.6202E+5	1.5466E+5	1.4907E+5	1.4381E+5	1.4169E+5	1.4106E+5	1.4069E+5	1.3940E+5	1.3442E+5	1.2584E+5	1.1156E+5	9.5595E+4	8.0488E+4	6.3448E+4	4.9852E+4	3.8605E+4	2.9254E+4	2.2175E+4	1.6616E+4	1.2392E+4
3.6508E+5	2.7172E+5	2.3048E+5	1.9323E+5	1.6124E+5	1.5283E+5	1.4716E+5	1.4323E+5	1.4143E+5	1.4021E+5	1.3983E+5	1.3889E+5	1.3410E+5	1.2567E+5	1.1151E+5	9.5570E+4	8.0453E+4	6.3409E+4	4.9829E+4	3.8580E+4	2.9239E+4	2.2166E+4	1.6608E+4	1.2384E+4
3.5015E+5	2.7815E+5	2.3416E+5	1.9034E+5	1.6262E+5	1.5331E+5	1.4785E+5	1.4353E+5	1.4157E+5	1.4110E+5	1.4048E+5	1.3906E+5	1.3416E+5	1.2569E+5	1.1149E+5	9.5503E+4	8.0404E+4	6.3397E+4	4.9806E+4	3.8563E+4	2.9227E+4	2.2153E+4	1.6600E+4	1.2378E+4
3.4535E+5	2.6929E+5	2.3225E+5	1.9105E+5	1.6092E+5	1.5352E+5	1.4712E+5	1.4294E+5	1.4076E+5	1.3947E+5	1.4017E+5	1.3867E+5	1.3383E+5	1.2528E+5	1.1123E+5	9.5318E+4	8.0311E+4	6.3305E+4	4.9753E+4	3.8530E+4	2.9206E+4	2.2141E+4	1.6590E+4	1.2370E+4
3.5429E+5	2.6962E+5	2.2886E+5	1.9038E+5	1.5863E+5	1.5261E+5	1.4723E+5	1.4383E+5	1.4118E+5	1.4047E+5	1.4035E+5	1.3882E+5	1.3414E+5	1.2555E+5	1.1139E+5	9.5467E+4	8.0362E+4	6.3356E+4	4.9782E+4	3.8541E+4	2.9204E+4	2.2139E+4	1.6586E+4	1.2368E+4
3.3858E+5	2.6344E+5	2.2600E+5	1.8799E+5	1.5956E+5	1.5142E+5	1.4582E+5	1.4160E+5	1.3958E+5	1.3917E+5	1.3897E+5	1.3808E+5	1.3349E+5	1.2511E+5	1.1115E+5	9.5325E+4	8.0278E+4	6.3290E+4	4.9735E+4	3.8513E+4	2.9188E+4	2.2122E+4	1.6578E+4	1.2361E+4
3.5683E+5	2.7086E+5	2.3282E+5	1.9126E+5	1.6074E+5	1.5454E+5	1.4829E+5	1.4423E+5	1.4196E+5	1.4104E+5	1.4126E+5	1.3970E+5	1.3481E+5	1.2615E+5	1.1182E+5	9.5721E+4	8.0504E+4	6.3415E+4	4.9800E+4	3.8540E+4	2.9200E+4	2.2129E+4	1.6580E+4	1.2362E+4
3.4979E+5	2.6732E+5	2.3084E+5	1.9035E+5	1.5996E+5	1.5321E+5	1.4683E+5	1.4355E+5	1.4106E+5	1.4018E+5	1.4001E+5	1.3907E+5	1.3428E+5	1.2568E+5	1.1149E+5	9.5503E+4	8.0334E+4	6.3323E+4	4.9731E+4	3.8496E+4	2.9173E+4	2.2111E+4	1.6566E+4	1.2352E+4
3.4869E+5	2.6867E+5	2.2990E+5	1.8958E+5	1.6044E+5	1.5283E+5	1.4688E+5	1.4330E+5	1.4132E+5	1.4117E+5	1.4096E+5	1.3968E+5	1.3485E+5	1.2618E+5	1.1179E+5	9.5727E+4	8.0495E+4	6.3374E+4	4.9764E+4	3.8512E+4	2.9177E+4	2.2112E+4	1.6566E+4	1.2351E+4
3.3560E+5	2.7168E+5	2.2799E+5	1.9007E+5	1.5981E+5	1.5228E+5	1.4671E+5	1.4310E+5	1.4132E+5	1.4134E+5	1.4056E+5	1.3966E+5	1.3496E+5	1.2620E+5	1.1189E+5	9.5733E+4	8.0489E+4	6.3368E+4	4.9762E+4	3.8506E+4	2.9169E+4	2.2103E+4	1.6558E+4	1.2345E+4
3.4828E+5	2.6644E+5	2.2881E+5	1.8650E+5	1.5805E+5	1.5173E+5	1.4727E+5	1.4361E+5	1.4099E+5	1.4114E+5	1.4133E+5	1.4004E+5	1.3530E+5	1.2649E+5	1.1203E+5	9.5807E+4	8.0532E+4	6.3392E+4	4.9758E+4	3.8500E+4	2.9165E+4	2.2098E+4	1.6555E+4	1.2341E+4
3.5981E+5	2.7108E+5	2.2904E+5	1.9030E+5	1.6048E+5	1.5326E+5	1.4817E+5	1.4389E+5	1.4183E+5	1.4219E+5	1.4205E+5	1.4072E+5	1.3571E+5	1.2687E+5	1.1227E+5	9.5911E+4	8.0618E+4	6.3432E+4	4.9770E+4	3.8499E+4	2.9160E+4	2.2094E+4	1.6550E+4	1.2338E+4
3.2810E+5	2.7616E+5	2.2636E+5	1.8610E+5	1.5941E+5	1.5226E+5	1.4573E+5	1.4276E+5	1.4001E+5	1.3976E+5	1.4013E+5	1.3865E+5	1.3391E+5	1.2538E+5	1.1116E+5	9.5248E+4	8.0133E+4	6.3132E+4	4.9600E+4	3.8397E+4	2.9093E+4	2.2053E+4	1.6526E+4	1.2321E+4
2.9977E+5	2.5819E+5	2.2185E+5	1.8454E+5	1.5582E+5	1.4814E+5	1.4424E+5	1.3943E+5	1.3742E+5	1.3748E+5	1.3725E+5	1.3682E+5	1.3235E+5	1.2427E+5	1.1039E+5	9.4669E+4	7.9767E+4	6.2934E+4	4.9474E+4	3.8319E+4	2.9050E+4	2.2026E+4	1.6506E+4	1.2309E+4
3.3898E+5	2.7358E+5	2.3124E+5	1.9078E+5	1.6052E+5	1.5154E+5	1.4651E+5	1.4204E+5	1.4059E+5	1.3959E+5	1.3927E+5	1.3868E+5	1.3385E+5	1.2536E+5	1.1102E+5	9.5060E+4	8.0015E+4	6.3048E+4	4.9530E+4	3.8347E+4	2.9062E+4	2.2027E+4	1.6507E+4	1.2309E+4
3.4204E+5	2.6375E+5	2.2301E+5	1.8742E+5	1.5632E+5	1.5057E+5	1.4577E+5	1.4173E+5	1.3974E+5	1.3890E+5	1.3955E+5	1.3835E+5	1.3362E+5	1.2506E+5	1.1090E+5	9.4995E+4	7.9946E+4	6.2994E+4	4.9511E+4	3.8322E+4	2.9050E+4	2.2018E+4	1.6500E+4	1.2304E+4
3.5344E+5	2.7444E+5	2.2952E+5	1.9224E+5	1.6253E+5	1.5404E+5	1.4849E+5	1.4516E+5	1.4280E+5	1.4210E+5	1.4174E+5	1.4068E+5	1.3540E+5	1.2624E+5	1.1170E+5	9.5444E+4	8.0214E+4	6.3116E+4	4.9566E+4	3.8360E+4	2.9065E+4	2.2025E+4	1.6502E+4	1.2302E+4
3.4773E+5	2.6629E+5	2.3201E+5	1.8933E+5	1.6032E+5	1.5367E+5	1.4778E+5	1.4290E+5	1.4136E+5	1.4022E+5	1.4072E+5	1.3902E+5	1.3411E+5	1.2536E+5	1.1104E+5	9.4997E+4	7.9921E+4	6.2956E+4	4.9459E+4	3.8292E+4	2.9025E+4	2.2001E+4	1.6484E+4	1.2291E+4
3.4728E+5	2.6813E+5	2.2513E+5	1.8864E+5	1.5868E+5	1.5207E+5	1.4685E+5	1.4177E+5	1.4041E+5	1.3908E+5	1.3955E+5	1.3799E+5	1.3335E+5	1.2474E+5	1.1066E+5	9.4780E+4	7.9793E+4	6.2880E+4	4.9418E+4	3.8266E+4	2.9006E+4	2.1988E+4	1.6477E+4	1.2285E+4
3.3748E+5	2.7182E+5	2.3189E+5	1.8794E+5	1.5882E+5	1.5327E+5	1.4674E+5	1.4235E+5	1.3991E+5	1.3943E+5	1.3857E+5	1.3767E+5	1.3292E+5	1.2444E+5	1.1049E+5	9.4686E+4	7.9752E+4	6.2884E+4	4.9410E+4	3.8256E+4	2.8997E+4	2.1979E+4	1.6468E+4	1.2280E+4
3.4620E+5	2.6433E+5	2.2677E+5	1.8825E+5	1.5917E+5	1.5186E+5	1.4639E+5	1.4149E+5	1.3986E+5	1.3854E+5	1.3940E+5	1.3779E+5	1.3309E+5	1.2460E+5	1.1059E+5	9.4703E+4	7.9743E+4	6.2864E+4	4.9391E+4	3.8242E+4	2.8983E+4	2.1969E+4	1.6461E+4	1.2274E+4
3.5517E+5	2.6987E+5	2.2956E+5	1.8946E+5	1.5988E+5	1.5237E+5	1.4669E+5	1.4277E+5	1.4051E+5	1.3928E+5	1.3976E+5	1.3838E+5	1.3366E+5	1.2513E+5	1.1094E+5	9.5005E+4	7.9913E+4	6.2944E+4	4.9423E+4	3.8262E+4	2.8990E+4	2.1972E+4	1.6460E+4	1.2273E+4
3.5113E+5	2.7380E+5	2.3140E+5	1.9077E+5	1.5877E+5	1.5342E+5	1.4811E+5	1.4335E+5	1.4103E+5	1.4043E+5	1.4067E+5	1.3925E+5	1.3451E+5	1.2565E+5	1.1131E+5	9.5197E+4	8.0046E+4	6.2978E+4	4.9447E+4	3.8252E+4	2.8985E+4	2.1961E+4	1.6451E+4	1.2266E+4
3.4724E+5	2.6373E+5	2.2512E+5	1.8740E+5	1.5741E+5	1.5135E+5	1.4579E+5	1.4204E+5	1.4012E+5	1.3932E+5	1.3960E+5	1.3886E+5	1.3417E+5	1.2557E+5	1.1121E+5	9.5197E+4	8.0011E+4	6.2985E+4	4.9446E+4	3.8256E+4	2.8974E+4	2.1959E+4	1.6447E+4	1.2261E+4
3.4770E+5	2.6467E+5	2.3066E+5	1.8803E+5	1.5649E+5	1.5243E+5	1.4531E+5	1.4166E+5	1.4010E+5	1.3908E+5	1.3919E+5	1.3893E+5	1.3423E+5	1.2570E+5	1.1135E+5	9.5231E+4	8.0058E+4	6.2992E+4	4.9439E+4	3.8245E+4	2.8973E+4	2.1951E+4	1.6442E+4	1.2259E+4
3.4830E+5	2.6514E+5	2.2889E+5	1.8896E+5	1.5955E+5	1.5293E+5	1.4645E+5	1.4266E+5	1.4156E+5	1.4066E+5	1.4121E+5	1.4001E+5	1.3517E+5	1.2636E+5	1.1182E+5	9.5596E+4	8.0232E+4	6.3105E+4	4.9489E+4	3.8283E+4	2.8985E+4	2.1955E+4	1.6445E+4	1.2257E+4
3.4599E+5	2.5984E+5	2.2554E+5	1.8856E+5	1.6340E+5	1.5439E+5	1.4873E+5	1.4392E+5	1.4272E+5	1.4191E+5	1.4184E+5	1.4064E+5	1.3564E+5	1.2664E+5	1.1197E+5	9.5613E+4	8.0269E+4	6.3096E+4	4.9493E+4	3.8257E+4	2.8971E+4	2.1949E+4	1.6439E+4	1.2253E+4
3.4855E+5	2.7016E+5	2.3119E+5	1.9025E+5	1.6014E+5	1.5255E+5	1.4755E+5	1.4324E+5	1.4142E+5	1.4089E+5	1.4134E+5	1.4020E+5	1.3545E+5	1.2647E+5	1.1182E+5	9.5534E+4	8.0195E+4	6.3067E+4	4.9452E+4	3.8241E+4	2.8955E+4	2.1939E+4	1.6431E+4	1.2247E+4
3.5677E+5	2.7286E+5	2.2649E+5	1.9032E+5	1.6012E+5	1.5296E+5	1.4722E+5	1.4354E+5	1.4124E+5	1.4176E+5	1.4120E+5	1.4044E+5	1.3570E+5	1.2673E+5	1.1206E+5	9.5664E+4	8.0252E+4	6.3082E+4	4.9458E+4	3.8251E+4	2.8962E+4	2.1935E+4	1.6428E+4	1.2245E+4
3.5192E+5	2.6977E+5	2.2977E+5	1.8656E+5	1.5776E+5	1.5034E+5	1.4553E+5	1.4146E+5	1.4019E+5	1.3976E+5	1.4082E+5	1.3961E+5	1.3488E+5	1.2626E+5	1.1168E+5	9.5474E+4	8.0165E+4	6.2997E+4	4.9405E+4	3.8212E+4	2.8932E+4	2.1918E+4	1.6415E+4	1.2239E+4
3.6055E+5	2.6378E+5	2.2706E+5	1.8935E+5	1.5760E+5	1.4984E+5	1.4464E+5	1.4198E+5	1.3998E+5	1.3930E+5	1.4048E+5	1.3949E+5	1.3471E+5	1.2584E+5	1.1146E+5	9.5263E+4	8.0004E+4	6.2907E+4	4.9366E+4	3.8174E+4	2.8911E+4	2.1904E+4	1.6406E+4	1.2230E+4
3.5266E+5	2.6744E+5	2.2736E+5	1.8669E+5	1.5655E+5	1.5105E+5	1.4555E+5	1.4151E+5	1.4024E+5	1.3962E+5	1.4061E+5	1.3974E+5	1.3507E+5	1.2634E+5	1.1174E+5	9.5429E+4	8.0111E+4	6.2943E+4	4.9376E+4	3.8181E+4	2.8908E+4	2.1897E+4	1.6402E+4	1.2227E+4
3.4317E+5	2.6347E+5	2.2450E+5	1.8544E+5	1.5658E+5	1.4900E+5	1.4353E+5	1.4045E+5	1.3801E+5	1.3812E+5	1.3852E+5	1.3816E+5	1.3366E+5	1.2528E+5	1.1096E+5	9.4978E+4	7.9800E+4	6.2789E+4	4.9292E+4	3.8136E+4	2.8882E+4	2.1880E+4	1.6391E+4	1.2220E+4
3.4505E+5	2.6190E+5	2.2280E+5	1.8162E+5	1.5468E+5	1.4752E+5	1.4207E+5	1.3854E+5	1.3723E+5	1.3689E+5	1.3797E+5	1.3743E+5	1.3326E+5	1.2479E+5	1.1073E+5	9.4821E+4	7.9742E+4	6.2748E+4	4.9248E+4	3.8110E+4	2.8861E+4	2.1867E+4	1.6381E+4	1.2212E+4
3.4442E+5	2.6737E+5	2.2766E+5	1.8704E+5	1.5624E+5	1.4941E+5	1.4431E+5	1.4110E+5	1.3943E+5	1.3935E+5	1.3970E+5	1.3915E+5	1.3476E+5	1.2602E+5	1.1155E+5	9.5344E+4	8.0049E+4	6.2898E+4	4.9336E+4	3.8151E+4	2.8884E+4	2.1879E+4	1.6387E+4	1.2216E+4
3.2373E+5	2.5272E+5	2.1488E+5	1.7760E+5	1.5020E+5	1.4384E+5	1.3895E+5	1.3576E+5	1.3423E+5	1.3533E+5	1.3570E+5	1.3588E+5	1.3230E+5	1.2422E+5	1.1046E+5	9.4618E+4	7.9624E+4	6.2694E+4	4.9215E+4	3.8078E+4	2.8840E+4	2.1851E+4	1.6372E+4	1.2203E+4
3.4715E+5	2.5853E+5	2.2213E+5	1.8402E+5	1.5336E+5	1.4777E+5	1.4189E+5	1.3876E+5	1.3742E+5	1.3846E+5	1.3883E+5	1.3838E+5	1.3429E+5	1.2573E+5	1.1147E+5	9.5287E+4	8.0002E+4	6.2889E+4	4.9316E+4	3.8126E+4	2.8866E+4	2.1863E+4	1.6375E+4	1.2206E+4
3.5214E+5	2.6813E+5	2.2587E+5	1.8146E+5	1.5304E+5	1.4663E+5	1.4166E+5	1.3914E+5	1.3735E+5	1.3768E+5	1.3866E+5	1.3861E+5	1.3460E+5	1.2598E+5	1.1164E+5	9.5344E+4	8.0025E+4	6.2906E+4	4.9311E+4	3.8118E+4	2.8859E+4	2.1858E+4	1.6369E+4	1.2201E+4
3.4860E+5	2.6229E+5	2.2449E+5	1.8405E+5	1.5455E+5	1.4864E+5	1.4290E+5	1.3968E+5	1.3912E+5	1.3907E+5	1.4082E+5	1.4000E+5	1.3568E+5	1.2690E+5	1.1215E+5	9.5697E+4	8.0237E+4	6.3009E+4	4.9367E+4	3.8148E+4	2.8872E+4	2.1868E+4	1.6374E+4	1.2204E+4
3.3586E+5	2.5855E+5	2.2490E+5	1.8424E+5	1.5685E+5	1.4885E+5	1.4382E+5	1.4067E+5	1.4052E+5	1.4036E+5	1.4175E+5	1.4123E+5	1.3670E+5	1.2770E+5	1.1274E+5	9.6050E+4	8.0487E+4	6.3111E+4	4.9422E+4	3.8183E+4	2.8885E+4	2.1870E+4	1.6375E+4	1.2204E+4
3.4099E+5	2.6326E+5	2.2028E+5	1.8308E+5	1.5573E+5	1.4915E+5	1.4427E+5	1.4046E+5	1.3967E+5	1.3920E+5	1.4102E+5	1.4106E+5	1.3657E+5	1.2760E+5	1.1261E+5	9.6063E+4	8.0413E+4	6.3079E+4	4.9391E+4	3.8165E+4	2.8872E+4	2.1862E+4	1.6365E+4	1.2198E+4
3.4147E+5	2.5958E+5	2.2053E+5	1.8353E+5	1.5395E+5	1.4776E+5	1.4327E+5	1.3948E+5	1.3926E+5	1.3954E+5	1.3988E+5	1.4022E+5	1.3588E+5	1.2706E+5	1.1225E+5	9.5678E+4	8.0225E+4	6.2980E+4	4.9316E+4	3.8113E+4	2.8840E+4	2.1839E+4	1.6355E+4	1.2189E+4
3.4031E+5	2.5582E+5	2.1830E+5	1.8142E+5	1.5309E+5	1.4616E+5	1.4161E+5	1.3885E+5	1.3785E+5	1.3894E+5	1.3984E+5	1.3975E+5	1.3553E+5	1.2691E+5	1.1212E+5	9.5640E+4	8.0182E+4	6.2937E+4	4.9312E+4	3.8104E+4	2.8827E+4	2.1833E+4	1.6347E+4	1.2183E+4
3.3117E+5	2.6399E+5	2.2042E+5	1.8356E+5	1.5229E+5	1.4781E+5	1.4236E+5	1.3971E+5	1.3908E+5	1.4044E+5	1.4035E+5	1.4054E+5	1.3631E+5	1.2738E+5	1.1251E+5	9.5869E+4	8.0344E+4	6.3022E+4	4.9347E+4	3.8111E+4	2.8840E+4	2.1832E+4	1.6347E+4	1.2184E+4
3.3309E+5	2.4326E+5	2.2588E+5	1.8109E+5	1.5397E+5	1.4737E+5	1.4418E+5	1.3870E+5	1.3944E+5	1.3965E+5	1.4118E+5	1.4072E+5	1.3651E+5	1.2751E+5	1.1254E+5	9.5956E+4	8.0339E+4	6.3018E+4	4.9341E+4	3.8108E+4	2.8827E+4	2.1831E+4	1.6343E+4	1.2180E+4
3.2078E+5	2.5564E+5	2.1619E+5	1.8037E+5	1.5065E+5	1.4579E+5	1.4152E+5	1.3812E+5	1.3709E+5	1.3801E+5	1.3950E+5	1.3922E+5	1.3502E+5	1.2648E+5	1.1184E+5	9.5453E+4	8.0041E+4	6.2841E+4	4.9227E+4	3.8047E+4	2.8789E+4	2.1801E+4	1.6326E+4	1.2169E+4
3.2830E+5	2.5495E+5	2.1672E+5	1.8072E+5	1.5260E+5	1.4601E+5	1.4206E+5	1.3905E+5	1.3877E+5	1.3915E+5	1.4029E+5	1.4042E+5	1.3620E+5	1.2742E+5	1.1248E+5	9.5813E+4	8.0234E+4	6.2948E+4	4.9274E+4	3.8070E+4	2.8800E+4	2.1808E+4	1.6326E+4	1.2167E+4
3.2881E+5	2.5321E+5	2.1490E+5	1.7987E+5	1.5108E+5	1.4608E+5	1.4146E+5	1.3867E+5	1.3859E+5	1.3802E+5	1.4046E+5	1.4071E+5	1.3642E+5	1.2758E+5	1.1255E+5	9.5883E+4	8.0283E+4	6.2965E+4	4.9298E+4	3.8062E+4	2.8796E+4	2.1799E+4	1.6322E+4	1.2164E+4
3.3243E+5	2.5813E+5	2.1908E+5	1.7759E+5	1.4951E+5	1.4454E+5	1.4056E+5	1.3790E+5	1.3753E+5	1.3877E+5	1.3997E+5	1.4034E+5	1.3609E+5	1.2724E+5	1.1244E+5	9.5794E+4	8.0246E+4	6.2917E+4	4.9275E+4	3.8055E+4	2.8791E+4	2.1795E+4	1.6318E+4	1.2161E+4
3.3130E+5	2.5112E+5	2.1497E+5	1.7710E+5	1.4981E+5	1.4475E+5	1.4101E+5	1.3855E+5	1.3874E+5	1.3976E+5	1.4134E+5	1.4103E+5	1.3671E+5	1.2772E+5	1.1276E+5	9.5961E+4	8.0301E+4	6.2937E+4	4.9272E+4	3.8047E+4	2.8779E+4	2.1786E+4	1.6312E+4	1.2154E+4
3.3884E+5	2.5651E+5	2.1481E+5	1.7654E+5	1.5134E+5	1.4603E+5	1.4182E+5	1.3829E+5	1.3765E+5	1.3881E+5	1.4005E+5	1.4080E+5	1.3648E+5	1.2765E+5	1.1264E+5	9.5924E+4	8.0325E+4	6.2953E+4	4.9268E+4	3.8036E+4	2.8772E+4	2.1779E+4	1.6305E+4	1.2150E+4
3.2759E+5	2.5280E+5	2.1326E+5	1.7777E+5	1.5019E+5	1.4437E+5	1.4015E+5	1.3771E+5	1.3764E+5	1.3808E+5	1.4077E+5	1.4098E+5	1.3673E+5	1.2779E+5	1.1283E+5	9.6006E+4	8.0364E+4	6.2966E+4	4.9253E+4	3.8031E+4	2.8765E+4	2.1770E+4	1.6296E+4	1.2145E+4
3.3391E+5	2.5168E+5	2.1546E+5	1.7844E+5	1.4992E+5	1.4616E+5	1.4106E+5	1.3794E+5	1.3863E+5	1.3900E+5	1.4123E+5	1.4131E+5	1.3712E+5	1.2815E+5	1.1299E+5	9.6097E+4	8.0377E+4	6.2976E+4	4.9260E+4	3.8027E+4	2.8762E+4	2.1769E+4	1.6295E+4	1.2141E+4
3.3357E+5	2.5196E+5	2.1687E+5	1.7753E+5	1.5201E+5	1.4575E+5	1.4130E+5	1.3888E+5	1.3862E+5	1.3999E+5	1.4141E+5	1.4208E+5	1.3776E+5	1.2861E+5	1.1332E+5	9.6261E+4	8.0500E+4	6.3011E+4	4.9281E+4	3.8028E+4	2.8758E+4	2.1764E+4	1.6290E+4	1.2140E+4
3.3376E+5	2.5243E+5	2.1511E+5	1.7793E+5	1.5129E+5	1.4489E+5	1.4114E+5	1.3828E+5	1.3846E+5	1.3989E+5	1.4179E+5	1.4209E+5	1.3769E+5	1.2865E+5	1.1328E+5	9.6299E+4	8.0454E+4	6.3010E+4	4.9271E+4	3.8023E+4	2.8750E+4	2.1760E+4	1.6288E+4	1.2138E+4
3.2578E+5	2.5312E+5	2.1265E+5	1.7636E+5	1.4929E+5	1.4543E+5	1.4148E+5	1.3856E+5	1.3846E+5	1.3982E+5	1.4230E+5	1.4223E+5	1.3800E+5	1.2892E+5	1.1350E+5	9.6416E+4	8.0584E+4	6.3051E+4	4.9293E+4	3.8021E+4	2.8750E+4	2.1759E+4	1.6287E+4	1.2134E+4
3.2364E+5	2.4312E+5	2.1019E+5	1.7253E+5	1.4749E+5	1.4345E+5	1.3861E+5	1.3696E+5	1.3751E+5	1.3837E+5	1.4112E+5	1.4153E+5	1.3741E+5	1.2837E+5	1.1319E+5	9.6174E+4	8.0435E+4	6.2963E+4	4.9239E+4	3.8005E+4	2.8732E+4	2.1745E+4	1.6276E+4	1.2130E+4
3.2884E+5	2.5661E+5	2.1629E+5	1.7726E+5	1.5165E+5	1.4458E+5	1.4035E+5	1.3824E+5	1.3843E+5	1.3974E+5	1.4215E+5	1.4210E+5	1.3783E+5	1.2855E+5	1.1329E+5	9.6300E+4	8.0453E+4	6.2991E+4	4.9256E+4	3.8004E+4	2.8726E+4	2.1742E+4	1.6274E+4	1.2125E+4
3.1921E+5	2.4574E+5	2.0929E+5	1.7331E+5	1.4828E+5	1.4181E+5	1.3873E+5	1.3708E+5	1.3670E+5	1.3832E+5	1.4076E+5	1.4140E+5	1.3733E+5	1.2846E+5	1.1324E+5	9.6240E+4	8.0402E+4	6.2962E+4	4.9223E+4	3.7989E+4	2.8720E+4	2.1736E+4	1.6268E+4	1.2121E+4
3.1687E+5	2.4604E+5	2.0754E+5	1.7387E+5	1.4888E+5	1.4339E+5	1.3940E+5	1.3723E+5	1.3786E+5	1.3879E+5	1.4175E+5	1.4242E+5	1.3794E+5	1.2893E+5	1.1353E+5	9.6415E+4	8.0539E+4	6.2997E+4	4.9241E+4	3.7985E+4	2.8717E+4	2.1732E+4	1.6264E+4	1.2119E+4
3.1770E+5	2.4481E+5	2.0681E+5	1.7240E+5	1.4876E+5	1.4297E+5	1.3900E+5	1.3770E+5	1.3736E+5	1.3859E+5	1.4115E+5	1.4195E+5	1.3777E+5	1.2859E+5	1.1316E+5	9.6279E+4	8.0400E+4	6.2937E+4	4.9206E+4	3.7956E+4	2.8705E+4	2.1718E+4	1.6258E+4	1.2112E+4
3.2422E+5	2.4573E+5	2.1244E+5	1.7495E+5	1.4869E+5	1.4353E+5	1.3937E+5	1.3808E+5	1.3835E+5	1.4025E+5	1.4215E+5	1.4250E+5	1.3839E+5	1.2911E+5	1.1369E+5	9.6481E+4	8.0530E+4	6.3006E+4	4.9245E+4	3.7976E+4	2.8709E+4	2.1721E+4	1.6258E+4	1.2112E+4
3.3330E+5	2.4366E+5	2.0605E+5	1.7661E+5	1.5004E+5	1.4460E+5	1.4096E+5	1.3831E+5	1.3865E+5	1.4027E+5	1.4333E+5	1.4340E+5	1.3934E+5	1.2979E+5	1.1413E+5	9.6749E+4	8.0727E+4	6.3061E+4	4.9259E+4	3.7989E+4	2.8716E+4	2.1723E+4	1.6257E+4	1.2113E+4
3.2209E+5	2.4606E+5	2.0990E+5	1.7409E+5	1.4903E+5	1.4411E+5	1.3989E+5	1.3960E+5	1.3997E+5	1.4124E+5	1.4368E+5	1.4431E+5	1.4000E+5	1.3057E+5	1.1444E+5	9.6982E+4	8.0876E+4	6.3143E+4	4.9298E+4	3.8009E+4	2.8718E+4	2.1726E+4	1.6255E+4	1.2111E+4
3.1542E+5	2.4363E+5	2.0733E+5	1.7343E+5	1.4898E+5	1.4307E+5	1.4046E+5	1.3856E+5	1.3907E+5	1.4149E+5	1.4397E+5	1.4446E+5	1.4002E+5	1.3044E+5	1.1452E+5	9.6938E+4	8.0834E+4	6.3126E+4	4.9282E+4	3.7992E+4	2.8706E+4	2.1716E+4	1.6248E+4	1.2106E+4
3.1344E+5	2.4173E+5	2.0926E+5	1.7543E+5	1.4954E+5	1.4388E+5	1.3981E+5	1.3854E+5	1.3895E+5	1.4009E+5	1.4373E+5	1.4400E+5	1.3976E+5	1.3007E+5	1.1415E+5	9.6852E+4	8.0724E+4	6.3073E+4	4.9257E+4	3.7969E+4	2.8692E+4	2.1708E+4	1.6242E+4	1.2101E+4
3.3194E+5	2.5285E+5	2.0958E+5	1.7387E+5	1.4900E+5	1.4422E+5	1.3985E+5	1.3795E+5	1.3889E+5	1.4118E+5	1.4276E+5	1.4378E+5	1.3951E+5	1.3009E+5	1.1426E+5	9.6804E+4	8.0737E+4	6.3074E+4	4.9241E+4	3.7965E+4	2.8684E+4	2.1702E+4	1.6238E+4	1.2098E+4
3.2616E+5	2.4681E+5	2.0796E+5	1.7272E+5	1.4926E+5	1.4387E+5	1.3954E+5	1.3778E+5	1.3800E+5	1.3983E+5	1.4246E+5	1.4304E+5	1.3885E+5	1.2953E+5	1.1383E+5	9.6545E+4	8.0586E+4	6.2959E+4	4.9180E+4	3.7928E+4	2.8662E+4	2.1683E+4	1.6230E+4	1.2091E+4
3.1637E+5	2.4224E+5	2.0865E+5	1.7521E+5	1.5075E+5	1.4435E+5	1.4056E+5	1.3955E+5	1.3977E+5	1.4111E+5	1.4299E+5	1.4418E+5	1.3960E+5	1.3009E+5	1.1419E+5	9.6728E+4	8.0685E+4	6.3023E+4	4.9207E+4	3.7939E+4	2.8667E+4	2.1684E+4	1.6227E+4	1.2088E+4
3.2648E+5	2.4680E+5	2.0731E+5	1.7338E+5	1.4783E+5	1.4321E+5	1.3906E+5	1.3797E+5	1.3778E+5	1.3952E+5	1.4196E+5	1.4255E+5	1.3850E+5	1.2922E+5	1.1359E+5	9.6406E+4	8.0452E+4	6.2884E+4	4.9141E+4	3.7890E+4	2.8632E+4	2.1665E+4	1.6213E+4	1.2080E+4
3.2305E+5	2.4446E+5	2.0753E+5	1.7403E+5	1.4726E+5	1.4368E+5	1.3952E+5	1.3775E+5	1.3807E+5	1.3996E+5	1.4203E+5	1.4321E+5	1.3887E+5	1.2957E+5	1.1386E+5	9.6567E+4	8.0551E+4	6.2918E+4	4.9137E+4	3.7893E+4	2.8632E+4	2.1661E+4	1.6210E+4	1.2077E+4
3.1347E+5	2.4636E+5	2.0592E+5	1.7261E+5	1.4962E+5	1.4213E+5	1.3897E+5	1.3822E+5	1.3855E+5	1.3987E+5	1.4319E+5	1.4353E+5	1.3936E+5	1.2982E+5	1.1408E+5	9.6669E+4	8.0638E+4	6.2961E+4	4.9157E+4	3.7894E+4	2.8633E+4	2.1657E+4	1.6206E+4	1.2073E+4
3.1577E+5	2.4612E+5	2.1103E+5	1.7335E+5	1.5004E+5	1.4402E+5	1.4129E+5	1.3927E+5	1.3977E+5	1.4224E+5	1.4392E+5	1.4468E+5	1.4015E+5	1.3037E+5	1.1427E+5	9.6818E+4	8.0659E+4	6.2982E+4	4.9167E+4	3.7891E+4	2.8629E+4	2.1651E+4	1.6199E+4	1.2068E+4
3.1421E+5	2.3719E+5	2.0435E+5	1.6939E+5	1.4506E+5	1.4042E+5	1.3765E+5	1.3556E+5	1.3631E+5	1.3856E+5	1.4152E+5	1.4226E+5	1.3798E+5	1.2896E+5	1.1338E+5	9.6204E+4	8.0302E+4	6.2776E+4	4.9048E+4	3.7824E+4	2.8585E+4	2.1626E+4	1.6189E+4	1.2058E+4
3.1752E+5	2.4359E+5	2.0900E+5	1.7238E+5	1.4833E+5	1.4225E+5	1.3875E+5	1.3813E+5	1.3809E+5	1.4016E+5	1.4296E+5	1.4330E+5	1.3919E+5	1.2967E+5	1.1385E+5	9.6498E+4	8.0468E+4	6.2861E+4	4.9083E+4	3.7853E+4	2.8590E+4	2.1630E+4	1.6183E+4	1.2057E+4
3.2141E+5	2.2921E+5	2.0760E+5	1.6955E+5	1.4631E+5	1.4071E+5	1.3651E+5	1.3588E+5	1.3584E+5	1.3805E+5	1.4085E+5	1.4171E+5	1.3771E+5	1.2861E+5	1.1310E+5	9.5987E+4	8.0167E+4	6.2693E+4	4.8989E+4	3.7781E+4	2.8558E+4	2.1603E+4	1.6169E+4	1.2045E+4
3.1666E+5	2.4486E+5	2.1022E+5	1.7544E+5	1.4839E+5	1.4296E+5	1.3987E+5	1.3825E+5	1.3921E+5	1.4127E+5	1.4321E+5	1.4357E+5	1.3933E+5	1.2979E+5	1.1388E+5	9.6456E+4	8.0437E+4	6.2822E+4	4.9047E+4	3.7812E+4	2.8573E+4	2.1614E+4	1.6173E+4	1.2049E+4
3.0867E+5	2.4334E+5	2.0758E+5	1.7111E+5	1.4704E+5	1.4293E+5	1.3944E+5	1.3772E+5	1.3865E+5	1.4123E+5	1.4344E+5	1.4377E+5	1.3936E+5	1.2973E+5	1.1383E+5	9.6468E+4	8.0424E+4	6.2806E+4	4.9043E+4	3.7803E+4	2.8558E+4	2.1606E+4	1.6166E+4	1.2043E+4
3.2718E+5	2.4054E+5	2.1419E+5	1.7423E+5	1.4641E+5	1.4348E+5	1.3821E+5	1.3771E+5	1.3801E+5	1.4076E+5	1.4272E+5	1.4295E+5	1.3856E+5	1.2937E+5	1.1355E+5	9.6264E+4	8.0281E+4	6.2737E+4	4.8984E+4	3.7770E+4	2.8543E+4	2.1592E+4	1.6158E+4	1.2038E+4
3.2305E+5	2.4542E+5	2.0447E+5	1.7154E+5	1.4820E+5	1.4321E+5	1.3980E+5	1.3865E+5	1.3928E+5	1.4150E+5	1.4334E+5	1.4405E+5	1.3930E+5	1.2979E+5	1.1385E+5	9.6433E+4	8.0340E+4	6.2769E+4	4.9004E+4	3.7777E+4	2.8539E+4	2.1589E+4	1.6158E+4	1.2036E+4
3.0966E+5	2.3539E+5	2.0238E+5	1.6970E+5	1.4646E+5	1.4107E+5	1.3772E+5	1.3710E+5	1.3745E+5	1.3949E+5	1.4230E+5	1.4311E+5	1.3874E+5	1.2933E+5	1.1362E+5	9.6287E+4	8.0329E+4	6.2717E+4	4.8978E+4	3.7764E+4	2.8530E+4	2.1584E+4	1.6149E+4	1.2032E+4
3.1770E+5	2.4323E+5	2.0779E+5	1.7137E+5	1.4701E+5	1.4280E+5	1.3907E+5	1.3807E+5	1.3851E+5	1.4104E+5	1.4344E+5	1.4351E+5	1.3925E+5	1.2956E+5	1.1371E+5	9.6320E+4	8.0340E+4	6.2712E+4	4.8972E+4	3.7749E+4	2.8524E+4	2.1573E+4	1.6146E+4	1.2028E+4
3.2131E+5	2.4365E+5	2.0881E+5	1.7358E+5	1.5091E+5	1.4421E+5	1.4107E+5	1.4000E+5	1.4010E+5	1.4267E+5	1.4467E+5	1.4519E+5	1.4027E+5	1.3050E+5	1.1431E+5	9.6655E+4	8.0501E+4	6.2797E+4	4.9028E+4	3.7776E+4	2.8535E+4	2.1580E+4	1.6149E+4	1.2030E+4
3.0767E+5	2.4214E+5	2.0009E+5	1.7193E+5	1.4935E+5	1.4181E+5	1.3930E+5	1.3803E+5	1.3813E+5	1.4037E+5	1.4347E+5	1.4416E+5	1.3935E+5	1.2987E+5	1.1396E+5	9.6467E+4	8.0374E+4	6.2751E+4	4.8971E+4	3.7744E+4	2.8511E+4	2.1568E+4	1.6137E+4	1.2023E+4
2.9194E+5	2.5107E+5	2.1207E+5	1.7239E+5	1.4861E+5	1.4318E+5	1.4014E+5	1.3911E+5	1.3935E+5	1.4045E+5	1.4451E+5	1.4475E+5	1.3998E+5	1.3029E+5	1.1418E+5	9.6546E+4	8.0444E+4	6.2791E+4	4.8996E+4	3.7752E+4	2.8517E+4	2.1570E+4	1.6140E+4	1.2022E+4
3.0981E+5	2.4091E+5	2.0518E+5	1.7260E+5	1.4758E+5	1.4289E+5	1.3959E+5	1.3826E+5	1.3890E+5	1.4167E+5	1.4335E+5	1.4444E+5	1.3983E+5	1.3015E+5	1.1409E+5	9.6568E+4	8.0386E+4	6.2760E+4	4.8984E+4	3.7750E+4	2.8510E+4	2.1560E+4	1.6132E+4	1.2018E+4
3.0490E+5	2.4298E+5	2.0771E+5	1.6985E+5	1.4898E+5	1.4611E+5	1.4043E+5	1.4016E+5	1.4052E+5	1.4173E+5	1.4431E+5	1.4517E+5	1.4052E+5	1.3054E+5	1.1429E+5	9.6643E+4	8.0507E+4	6.2778E+4	4.8982E+4	3.7746E+4	2.8507E+4	2.1559E+4	1.6129E+4	1.2016E+4
3.1136E+5	2.4194E+5	2.0408E+5	1.7142E+5	1.4865E+5	1.4215E+5	1.3970E+5	1.3860E+5	1.3882E+5	1.4092E+5	1.4374E+5	1.4396E+5	1.3949E+5	1.2992E+5	1.1396E+5	9.6390E+4	8.0340E+4	6.2690E+4	4.8934E+4	3.7708E+4	2.8486E+4	2.1544E+4	1.6121E+4	1.2009E+4
3.1492E+5	2.3615E+5	2.0105E+5	1.7237E+5	1.4720E+5	1.4400E+5	1.4023E+5	1.3875E+5	1.4042E+5	1.4180E+5	1.4381E+5	1.4450E+5	1.3980E+5	1.3009E+5	1.1407E+5	9.6404E+4	8.0303E+4	6.2672E+4	4.8895E+4	3.7686E+4	2.8471E+4	2.1533E+4	1.6114E+4	1.2004E+4
3.1373E+5	2.4250E+5	2.0825E+5	1.7385E+5	1.4810E+5	1.4520E+5	1.4175E+5	1.4028E+5	1.4119E+5	1.4357E+5	1.4571E+5	1.4599E+5	1.4104E+5	1.3093E+5	1.1449E+5	9.6716E+4	8.0498E+4	6.2764E+4	4.8955E+4	3.7711E+4	2.8485E+4	2.1536E+4	1.6115E+4	1.2005E+4
3.2031E+5	2.4166E+5	2.0615E+5	1.7169E+5	1.4812E+5	1.4293E+5	1.3994E+5	1.3902E+5	1.4003E+5	1.4206E+5	1.4515E+5	1.4547E+5	1.4052E+5	1.3065E+5	1.1435E+5	9.6644E+4	8.0446E+4	6.2744E+4	4.8933E+4	3.7705E+4	2.8474E+4	2.1534E+4	1.6111E+4	1.2000E+4
3.1671E+5	2.4161E+5	2.0811E+5	1.7306E+5	1.4958E+5	1.4364E+5	1.4066E+5	1.3997E+5	1.4045E+5	1.4227E+5	1.4509E+5	1.4544E+5	1.4063E+5	1.3067E+5	1.1427E+5	9.6562E+4	8.0396E+4	6.2709E+4	4.8899E+4	3.7676E+4	2.8458E+4	2.1523E+4	1.6103E+4	1.1995E+4
2.9843E+5	2.3903E+5	2.0229E+5	1.6725E+5	1.4604E+5	1.4145E+5	1.3950E+5	1.3719E+5	1.3837E+5	1.4018E+5	1.4294E+5	1.4308E+5	1.3843E+5	1.2876E+5	1.1303E+5	9.5787E+4	7.9904E+4	6.2400E+4	4.8744E+4	3.7595E+4	2.8406E+4	2.1487E+4	1.6081E+4	1.1981E+4
3.1487E+5	2.4083E+5	2.0996E+5	1.7277E+5	1.5020E+5	1.4542E+5	1.4101E+5	1.4078E+5	1.4084E+5	1.4204E+5	1.4476E+5	1.4509E+5	1.3997E+5	1.3011E+5	1.1396E+5	9.6317E+4	8.0165E+4	6.2579E+4	4.8829E+4	3.7625E+4	2.8425E+4	2.1498E+4	1.6084E+4	1.1983E+4
3.1853E+5	2.4312E+5	2.0653E+5	1.7314E+5	1.5054E+5	1.4572E+5	1.4165E+5	1.4069E+5	1.4082E+5	1.4302E+5	1.4501E+5	1.4536E+5	1.4034E+5	1.3029E+5	1.1406E+5	9.6354E+4	8.0234E+4	6.2584E+4	4.8830E+4	3.7629E+4	2.8421E+4	2.1497E+4	1.6081E+4	1.1980E+4
2.9842E+5	2.3048E+5	1.9808E+5	1.6412E+5	1.4332E+5	1.3838E+5	1.3477E+5	1.3346E+5	1.3473E+5	1.3676E+5	1.3907E+5	1.3956E+5	1.3564E+5	1.2674E+5	1.1168E+5	9.4899E+4	7.9322E+4	6.2102E+4	4.8552E+4	3.7464E+4	2.8327E+4	2.1440E+4	1.6048E+4	1.1956E+4
3.0560E+5	2.3234E+5	2.0008E+5	1.6895E+5	1.4344E+5	1.3872E+5	1.3592E+5	1.3408E+5	1.3433E+5	1.3667E+5	1.3864E+5	1.3990E+5	1.3570E+5	1.2680E+5	1.1162E+5	9.4864E+4	7.9297E+4	6.2079E+4	4.8541E+4	3.7467E+4	2.8324E+4	2.1436E+4	1.6045E+4	1.1955E+4
3.0733E+5	2.2822E+5	1.9864E+5	1.6570E+5	1.4411E+5	1.3948E+5	1.3588E+5	1.3432E+5	1.3512E+5	1.3785E+5	1.3930E+5	1.3992E+5	1.3585E+5	1.2686E+5	1.1170E+5	9.4917E+4	7.9301E+4	6.2070E+4	4.8543E+4	3.7456E+4	2.8320E+4	2.1434E+4	1.6042E+4	1.1953E+4
3.0725E+5	2.3713E+5	2.0021E+5	1.6939E+5	1.4500E+5	1.4106E+5	1.3872E+5	1.3718E+5	1.3786E+5	1.3850E+5	1.4239E+5	1.4224E+5	1.3761E+5	1.2820E+5	1.1255E+5	9.5418E+4	7.9619E+4	6.2257E+4	4.8626E+4	3.7498E+4	2.8341E+4	2.1443E+4	1.6048E+4	1.1956E+4
2.8375E+5	2.2134E+5	2.0289E+5	1.6384E+5	1.4169E+5	1.3700E+5	1.3364E+5	1.3201E+5	1.3425E+5	1.3587E+5	1.3937E+5	1.3956E+5	1.3571E+5	1.2679E+5	1.1168E+5	9.4880E+4	7.9318E+4	6.2078E+4	4.8527E+4	3.7448E+4	2.8311E+4	2.1425E+4	1.6035E+4	1.1947E+4
2.9817E+5	2.2989E+5	1.9913E+5	1.6736E+5	1.4491E+5	1.3935E+5	1.3675E+5	1.3466E+5	1.3589E+5	1.3847E+5	1.4117E+5	1.4141E+5	1.3726E+5	1.2804E+5	1.1247E+5	9.5448E+4	7.9618E+4	6.2216E+4	4.8618E+4	3.7499E+4	2.8338E+4	2.1438E+4	1.6041E+4	1.1951E+4
3.0066E+5	2.3463E+5	2.0048E+5	1.6667E+5	1.4377E+5	1.3978E+5	1.3593E+5	1.3473E+5	1.3607E+5	1.3774E+5	1.4091E+5	1.4134E+5	1.3711E+5	1.2787E+5	1.1241E+5	9.5324E+4	7.9606E+4	6.2220E+4	4.8599E+4	3.7484E+4	2.8328E+4	2.1428E+4	1.6038E+4	1.1947E+4
3.0485E+5	2.3416E+5	2.0220E+5	1.6903E+5	1.4466E+5	1.4004E+5	1.3695E+5	1.3623E+5	1.3629E+5	1.3835E+5	1.4164E+5	1.4204E+5	1.3775E+5	1.2834E+5	1.1268E+5	9.5555E+4	7.9699E+4	6.2272E+4	4.8623E+4	3.7488E+4	2.8333E+4	2.1434E+4	1.6036E+4	1.1948E+4
3.0264E+5	2.3040E+5	1.9797E+5	1.6931E+5	1.4346E+5	1.3955E+5	1.3583E+5	1.3501E+5	1.3527E+5	1.3787E+5	1.4064E+5	1.4099E+5	1.3691E+5	1.2780E+5	1.1229E+5	9.5231E+4	7.9509E+4	6.2147E+4	4.8566E+4	3.7455E+4	2.8303E+4	2.1416E+4	1.6026E+4	1.1939E+4
2.9086E+5	2.2613E+5	1.9742E+5	1.6500E+5	1.4296E+5	1.3778E+5	1.3466E+5	1.3389E+5	1.3429E+5	1.3707E+5	1.3908E+5	1.3938E+5	1.3547E+5	1.2654E+5	1.1146E+5	9.4772E+4	7.9196E+4	6.1994E+4	4.8464E+4	3.7403E+4	2.8274E+4	2.1394E+4	1.6013E+4	1.1930E+4
2.9302E+5	2.2756E+5	1.9547E+5	1.6565E+5	1.4498E+5	1.3863E+5	1.3577E+5	1.3448E+5	1.3568E+5	1.3678E+5	1.3968E+5	1.4021E+5	1.3602E+5	1.2689E+5	1.1171E+5	9.4907E+4	7.9271E+4	6.2015E+4	4.8476E+4	3.7400E+4	2.8272E+4	2.1392E+4	1.6011E+4	1.1929E+4
2.8831E+5	2.2122E+5	1.9314E+5	1.6298E+5	1.4060E+5	1.3625E+5	1.3334E+5	1.3198E+5	1.3209E+5	1.3462E+5	1.3705E+5	1.3839E+5	1.3468E+5	1.2598E+5	1.1111E+5	9.4544E+4	7.9028E+4	6.1922E+4	4.8408E+4	3.7356E+4	2.8246E+4	2.1377E+4	1.6000E+4	1.1921E+4
3.1033E+5	2.2747E+5	1.9961E+5	1.6511E+5	1.4055E+5	1.3722E+5	1.3343E+5	1.3190E+5	1.3272E+5	1.3399E+5	1.3671E+5	1.3780E+5	1.3423E+5	1.2565E+5	1.1080E+5	9.4350E+4	7.8943E+4	6.1827E+4	4.8364E+4	3.7335E+4	2.8234E+4	2.1369E+4	1.5995E+4	1.1921E+4
3.0012E+5	2.3159E+5	1.9696E+5	1.6567E+5	1.4307E+5	1.3860E+5	1.3437E+5	1.3320E+5	1.3381E+5	1.3546E+5	1.3779E+5	1.3831E+5	1.3450E+5	1.2598E+5	1.1110E+5	9.4428E+4	7.8981E+4	6.1847E+4	4.8383E+4	3.7343E+4	2.8235E+4	2.1368E+4	1.5994E+4	1.1917E+4
2.9224E+5	2.3086E+5	1.9564E+5	1.6276E+5	1.4202E+5	1.3678E+5	1.3353E+5	1.3205E+5	1.3284E+5	1.3495E+5	1.3742E+5	1.3804E+5	1.3411E+5	1.2548E+5	1.1077E+5	9.4263E+4	7.8870E+4	6.1790E+4	4.8334E+4	3.7310E+4	2.8220E+4	2.1359E+4	1.5985E+4	1.1911E+4
2.9514E+5	2.2363E+5	1.9254E+5	1.6357E+5	1.3990E+5	1.3621E+5	1.3288E+5	1.3254E+5	1.3276E+5	1.3463E+5	1.3698E+5	1.3754E+5	1.3383E+5	1.2521E+5	1.1058E+5	9.4114E+4	7.8784E+4	6.1720E+4	4.8296E+4	3.7285E+4	2.8201E+4	2.1347E+4	1.5979E+4	1.1907E+4
2.9065E+5	2.2249E+5	1.9015E+5	1.5986E+5	1.3850E+5	1.3432E+5	1.3184E+5	1.3031E+5	1.3090E+5	1.3414E+5	1.3624E+5	1.3699E+5	1.3348E+5	1.2508E+5	1.1045E+5	9.4110E+4	7.8773E+4	6.1724E+4	4.8315E+4	3.7281E+4	2.8198E+4	2.1342E+4	1.5976E+4	1.1903E+4
2.9747E+5	2.2267E+5	1.9215E+5	1.5679E+5	1.3749E+5	1.3378E+5	1.3120E+5	1.2989E+5	1.3026E+5	1.3241E+5	1.3563E+5	1.3622E+5	1.3272E+5	1.2454E+5	1.1022E+5	9.3904E+4	7.8666E+4	6.1676E+4	4.8257E+4	3.7264E+4	2.8184E+4	2.1334E+4	1.5969E+4	1.1900E+4
2.8855E+5	2.2135E+5	1.8820E+5	1.6074E+5	1.3989E+5	1.3434E+5	1.3220E+5	1.3062E+5	1.3110E+5	1.3322E+5	1.3550E+5	1.3662E+5	1.3309E+5	1.2477E+5	1.1026E+5	9.3978E+4	7.8644E+4	6.1664E+4	4.8261E+4	3.7261E+4	2.8179E+4	2.1330E+4	1.5966E+4	1.1897E+4
2.9272E+5	2.2069E+5	1.9240E+5	1.6020E+5	1.3915E+5	1.3433E+5	1.3153E+5	1.2946E+5	1.3075E+5	1.3247E+5	1.3558E+5	1.3608E+5	1.3260E+5	1.2433E+5	1.0999E+5	9.3801E+4	7.8586E+4	6.1592E+4	4.8223E+4	3.7237E+4	2.8165E+4	2.1320E+4	1.5959E+4	1.1892E+4
2.8580E+5	2.1574E+5	1.9182E+5	1.5871E+5	1.3645E+5	1.3207E+5	1.2878E+5	1.2692E+5	1.2786E+5	1.2981E+5	1.3277E+5	1.3406E+5	1.3128E+5	1.2324E+5	1.0929E+5	9.3398E+4	7.8323E+4	6.1480E+4	4.8159E+4	3.7201E+4	2.8144E+4	2.1307E+4	1.5950E+4	1.1886E+4
2.8583E+5	2.2302E+5	1.9659E+5	1.6250E+5	1.4022E+5	1.3514E+5	1.3263E+5	1.3100E+5	1.3121E+5	1.3313E+5	1.3591E+5	1.3706E+5	1.3345E+5	1.2499E+5	1.1051E+5	9.4103E+4	7.8757E+4	6.1699E+4	4.8267E+4	3.7255E+4	2.8170E+4	2.1321E+4	1.5957E+4	1.1889E+4
2.8414E+5	2.1864E+5	1.8703E+5	1.5862E+5	1.3478E+5	1.3093E+5	1.2771E+5	1.2699E+5	1.2669E+5	1.2975E+5	1.3183E+5	1.3379E+5	1.3071E+5	1.2311E+5	1.0924E+5	9.3345E+4	7.8313E+4	6.1454E+4	4.8133E+4	3.7182E+4	2.8129E+4	2.1295E+4	1.5941E+4	1.1879E+4
2.9011E+5	2.2343E+5	1.8888E+5	1.6261E+5	1.3833E+5	1.3444E+5	1.3105E+5	1.2914E+5	1.2963E+5	1.3188E+5	1.3463E+5	1.3569E+5	1.3262E+5	1.2430E+5	1.1006E+5	9.3808E+4	7.8607E+4	6.1632E+4	4.8210E+4	3.7215E+4	2.8149E+4	2.1302E+4	1.5946E+4	1.1882E+4
2.9238E+5	2.2300E+5	1.9266E+5	1.6131E+5	1.3958E+5	1.3434E+5	1.3049E+5	1.3009E+5	1.2945E+5	1.3128E+5	1.3424E+5	1.3564E+5	1.3246E+5	1.2434E+5	1.1007E+5	9.3812E+4	7.8568E+4	6.1617E+4	4.8205E+4	3.7208E+4	2.8145E+4	2.1301E+4	1.5943E+4	1.1881E+4
2.9057E+5	2.2413E+5	1.9188E+5	1.6008E+5	1.3765E+5	1.3379E+5	1.3061E+5	1.2915E+5	1.2983E+5	1.3146E+5	1.3456E+5	1.3607E+5	1.3268E+5	1.2459E+5	1.1019E+5	9.3896E+4	7.8609E+4	6.1590E+4	4.8194E+4	3.7204E+4	2.8131E+4	2.1290E+4	1.5937E+4	1.1874E+4
2.9629E+5	2.1789E+5	1.8481E+5	1.5554E+5	1.3448E+5	1.3056E+5	1.2694E+5	1.2663E+5	1.2661E+5	1.2983E+5	1.3164E+5	1.3362E+5	1.3078E+5	1.2301E+5	1.0910E+5	9.3217E+4	7.8174E+4	6.1358E+4	4.8053E+4	3.7118E+4	2.8085E+4	2.1260E+4	1.5920E+4	1.1863E+4
2.9893E+5	2.1989E+5	1.9039E+5	1.6245E+5	1.3744E+5	1.3373E+5	1.3028E+5	1.2907E+5	1.2973E+5	1.3300E+5	1.3454E+5	1.3604E+5	1.3278E+5	1.2451E+5	1.1017E+5	9.3820E+4	7.8500E+4	6.1549E+4	4.8151E+4	3.7159E+4	2.8101E+4	2.1273E+4	1.5921E+4	1.1864E+4
3.0596E+5	2.2404E+5	1.9141E+5	1.5787E+5	1.3544E+5	1.3060E+5	1.2665E+5	1.2604E+5	1.2696E+5	1.2841E+5	1.3226E+5	1.3367E+5	1.3067E+5	1.2300E+5	1.0905E+5	9.3080E+4	7.8079E+4	6.1271E+4	4.7998E+4	3.7077E+4	2.8051E+4	2.1237E+4	1.5898E+4	1.1847E+4
2.8026E+5	2.1527E+5	1.8422E+5	1.5198E+5	1.3329E+5	1.2786E+5	1.2528E+5	1.2428E+5	1.2430E+5	1.2678E+5	1.2979E+5	1.3113E+5	1.2862E+5	1.2140E+5	1.0794E+5	9.2434E+4	7.7680E+4	6.1050E+4	4.7869E+4	3.7009E+4	2.8010E+4	2.1210E+4	1.5885E+4	1.1839E+4
2.8327E+5	2.1615E+5	1.8557E+5	1.5471E+5	1.3407E+5	1.2857E+5	1.2539E+5	1.2400E+5	1.2482E+5	1.2619E+5	1.2927E+5	1.3105E+5	1.2843E+5	1.2110E+5	1.0766E+5	9.2240E+4	7.7507E+4	6.0960E+4	4.7815E+4	3.6963E+4	2.7980E+4	2.1194E+4	1.5870E+4	1.1828E+4
2.9043E+5	2.1498E+5	1.8820E+5	1.5423E+5	1.3504E+5	1.3004E+5	1.2634E+5	1.2505E+5	1.2593E+5	1.2827E+5	1.3103E+5	1.3233E+5	1.2962E+5	1.2218E+5	1.0845E+5	9.2718E+4	7.7879E+4	6.1134E+4	4.7924E+4	3.7022E+4	2.8016E+4	2.1213E+4	1.5879E+4	1.1835E+4
2.6639E+5	2.2448E+5	1.8459E+5	1.5723E+5	1.3415E+5	1.2856E+5	1.2507E+5	1.2503E+5	1.2602E+5	1.2890E+5	1.3213E+5	1.3329E+5	1.3051E+5	1.2286E+5	1.0902E+5	9.3073E+4	7.8059E+4	6.1261E+4	4.7963E+4	3.7047E+4	2.8028E+4	2.1219E+4	1.5883E+4	1.1836E+4
2.8940E+5	2.1547E+5	1.8752E+5	1.5819E+5	1.3529E+5	1.3040E+5	1.2783E+5	1.2698E+5	1.2837E+5	1.3097E+5	1.3367E+5	1.3502E+5	1.3194E+5	1.2390E+5	1.0965E+5	9.3516E+4	7.8334E+4	6.1389E+4	4.8056E+4	3.7098E+4	2.8050E+4	2.1231E+4	1.5890E+4	1.1839E+4
2.9036E+5	2.1855E+5	1.8539E+5	1.5697E+5	1.3454E+5	1.3040E+5	1.2774E+5	1.2674E+5	1.2783E+5	1.3061E+5	1.3333E+5	1.3441E+5	1.3146E+5	1.2357E+5	1.0939E+5	9.3359E+4	7.8186E+4	6.1314E+4	4.7995E+4	3.7051E+4	2.8030E+4	2.1214E+4	1.5880E+4	1.1832E+4
2.8909E+5	2.1874E+5	1.8795E+5	1.5698E+5	1.3498E+5	1.2991E+5	1.2762E+5	1.2662E+5	1.2765E+5	1.2999E+5	1.3286E+5	1.3447E+5	1.3154E+5	1.2360E+5	1.0949E+5	9.3354E+4	7.8241E+4	6.1328E+4	4.8002E+4	3.7061E+4	2.8021E+4	2.1211E+4	1.5880E+4	1.1831E+4
2.8948E+5	2.1135E+5	1.8071E+5	1.5413E+5	1.3324E+5	1.2739E+5	1.2447E+5	1.2365E+5	1.2418E+5	1.2645E+5	1.3058E+5	1.3191E+5	1.2949E+5	1.2216E+5	1.0848E+5	9.2789E+4	7.7874E+4	6.1140E+4	4.7889E+4	3.7001E+4	2.7988E+4	2.1191E+4	1.5865E+4	1.1822E+4
3.0002E+5	2.2344E+5	1.9069E+5	1.5365E+5	1.3488E+5	1.2849E+5	1.2578E+5	1.2614E+5	1.2582E+5	1.2944E+5	1.3219E+5	1.3405E+5	1.3109E+5	1.2347E+5	1.0942E+5	9.3337E+4	7.8217E+4	6.1330E+4	4.7986E+4	3.7054E+4	2.8019E+4	2.1206E+4	1.5872E+4	1.1826E+4
2.7651E+5	2.2274E+5	1.8816E+5	1.5622E+5	1.3438E+5	1.3039E+5	1.2735E+5	1.2614E+5	1.2732E+5	1.2959E+5	1.3324E+5	1.3491E+5	1.3216E+5	1.2423E+5	1.0995E+5	9.3722E+4	7.8416E+4	6.1443E+4	4.8056E+4	3.7086E+4	2.8033E+4	2.1214E+4	1.5877E+4	1.1829E+4
2.8800E+5	2.2225E+5	1.8711E+5	1.5703E+5	1.3400E+5	1.3006E+5	1.2804E+5	1.2693E+5	1.2764E+5	1.2997E+5	1.3435E+5	1.3565E+5	1.3264E+5	1.2468E+5	1.1022E+5	9.3917E+4	7.8568E+4	6.1508E+4	4.8091E+4	3.7098E+4	2.8039E+4	2.1215E+4	1.5876E+4	1.1829E+4
2.7445E+5	2.0897E+5	1.8035E+5	1.5032E+5	1.3020E+5	1.2656E+5	1.2375E+5	1.2286E+5	1.2440E+5	1.2695E+5	1.3034E+5	1.3265E+5	1.3033E+5	1.2284E+5	1.0909E+5	9.3165E+4	7.8126E+4	6.1256E+4	4.7944E+4	3.7019E+4	2.7998E+4	2.1186E+4	1.5860E+4	1.1817E+4
2.8487E+5	2.1920E+5	1.8563E+5	1.5392E+5	1.3310E+5	1.2998E+5	1.2739E+5	1.2663E+5	1.2702E+5	1.2937E+5	1.3329E+5	1.3529E+5	1.3235E+5	1.2433E+5	1.1008E+5	9.3735E+4	7.8445E+4	6.1437E+4	4.8039E+4	3.7064E+4	2.8014E+4	2.1201E+4	1.5867E+4	1.1820E+4
2.8487E+5	2.1957E+5	1.8514E+5	1.5547E+5	1.3363E+5	1.3062E+5	1.2646E+5	1.2584E+5	1.2684E+5	1.2856E+5	1.3235E+5	1.3458E+5	1.3189E+5	1.2405E+5	1.0968E+5	9.3516E+4	7.8294E+4	6.1352E+4	4.7999E+4	3.7031E+4	2.7996E+4	2.1193E+4	1.5857E+4	1.1814E+4
2.9054E+5	2.1862E+5	1.8887E+5	1.5792E+5	1.3511E+5	1.3109E+5	1.2804E+5	1.2723E+5	1.2748E+5	1.3011E+5	1.3382E+5	1.3546E+5	1.3256E+5	1.2446E+5	1.1004E+5	9.3746E+4	7.8400E+4	6.1409E+4	4.8004E+4	3.7038E+4	2.8005E+4	2.1186E+4	1.5858E+4	1.1814E+4
2.8715E+5	2.1914E+5	1.8652E+5	1.5751E+5	1.3526E+5	1.3134E+5	1.2910E+5	1.2796E+5	1.2882E+5	1.3154E+5	1.3486E+5	1.3628E+5	1.3322E+5	1.2497E+5	1.1041E+5	9.3965E+4	7.8521E+4	6.1465E+4	4.8034E+4	3.7053E+4	2.8009E+4	2.1191E+4	1.5858E+4	1.1814E+4
2.8808E+5	2.1848E+5	1.8586E+5	1.5645E+5	1.3486E+5	1.3011E+5	1.2778E+5	1.2705E+5	1.2745E+5	1.3096E+5	1.3357E+5	1.3529E+5	1.3234E+5	1.2430E+5	1.0998E+5	9.3656E+4	7.8353E+4	6.1371E+4	4.7995E+4	3.7032E+4	2.7987E+4	2.1181E+4	1.5852E+4	1.1808E+4
2.8927E+5	2.2001E+5	1.8737E+5	1.5772E+5	1.3604E+5	1.3222E+5	1.2954E+5	1.2855E+5	1.2919E+5	1.3202E+5	1.3549E+5	1.3656E+5	1.3326E+5	1.2490E+5	1.1033E+5	9.3876E+4	7.8448E+4	6.1391E+4	4.7995E+4	3.7022E+4	2.7987E+4	2.1176E+4	1.5845E+4	1.1807E+4
2.8391E+5	2.2379E+5	1.8525E+5	1.5441E+5	1.3368E+5	1.3026E+5	1.2810E+5	1.2686E+5	1.2767E+5	1.3100E+5	1.3367E+5	1.3528E+5	1.3226E+5	1.2418E+5	1.0985E+5	9.3502E+4	7.8246E+4	6.1278E+4	4.7929E+4	3.6989E+4	2.7969E+4	2.1163E+4	1.5838E+4	1.1800E+4
2.9161E+5	2.1654E+5	1.8663E+5	1.5628E+5	1.3457E+5	1.3102E+5	1.2840E+5	1.2701E+5	1.2766E+5	1.3055E+5	1.3359E+5	1.3487E+5	1.3173E+5	1.2369E+5	1.0936E+5	9.3210E+4	7.8062E+4	6.1170E+4	4.7859E+4	3.6949E+4	2.7940E+4	2.1143E+4	1.5827E+4	1.1793E+4
2.7561E+5	2.1536E+5	1.8894E+5	1.5480E+5	1.3378E+5	1.2995E+5	1.2680E+5	1.2635E+5	1.2682E+5	1.3028E+5	1.3280E+5	1.3416E+5	1.3130E+5	1.2335E+5	1.0927E+5	9.3122E+4	7.7981E+4	6.1141E+4	4.7845E+4	3.6938E+4	2.7932E+4	2.1140E+4	1.5825E+4	1.1788E+4
2.8549E+5	2.2679E+5	1.8817E+5	1.5418E+5	1.3501E+5	1.3110E+5	1.2797E+5	1.2695E+5	1.2746E+5	1.3003E+5	1.3295E+5	1.3381E+5	1.3078E+5	1.2289E+5	1.0892E+5	9.2911E+4	7.7855E+4	6.1081E+4	4.7808E+4	3.6918E+4	2.7916E+4	2.1133E+4	1.5818E+4	1.1786E+4
2.8407E+5	2.1892E+5	1.8578E+5	1.5718E+5	1.3530E+5	1.3142E+5	1.2804E+5	1.2690E+5	1.2769E+5	1.3045E+5	1.3267E+5	1.3438E+5	1.3140E+5	1.2352E+5	1.0926E+5	9.3178E+4	7.7998E+4	6.1133E+4	4.7846E+4	3.6935E+4	2.7923E+4	2.1134E+4	1.5818E+4	1.1786E+4
2.8935E+5	2.2012E+5	1.8889E+5	1.5385E+5	1.3457E+5	1.3084E+5	1.2794E+5	1.2617E+5	1.2852E+5	1.2975E+5	1.3389E+5	1.3534E+5	1.3214E+5	1.2406E+5	1.0955E+5	9.3370E+4	7.8128E+4	6.1200E+4	4.7868E+4	3.6944E+4	2.7929E+4	2.1138E+4	1.5819E+4	1.1787E+4
2.7585E+5	2.2569E+5	1.8921E+5	1.5640E+5	1.3600E+5	1.3174E+5	1.2802E+5	1.2732E+5	1.2811E+5	1.2966E+5	1.3419E+5	1.3547E+5	1.3223E+5	1.2412E+5	1.0969E+5	9.3480E+4	7.8235E+4	6.1230E+4	4.7902E+4	3.6954E+4	2.7938E+4	2.1138E+4	1.5817E+4	1.1783E+4
2.8022E+5	2.1865E+5	1.8682E+5	1.5682E+5	1.3547E+5	1.3022E+5	1.2736E+5	1.2627E+5	1.2773E+5	1.3064E+5	1.3356E+5	1.3495E+5	1.3203E+5	1.2404E+5	1.0970E+5	9.3516E+4	7.8212E+4	6.1240E+4	4.7889E+4	3.6946E+4	2.7935E+4	2.1132E+4	1.5818E+4	1.1784E+4
2.8644E+5	2.1250E+5	1.8717E+5	1.5759E+5	1.3570E+5	1.3135E+5	1.2746E+5	1.2652E+5	1.2746E+5	1.2967E+5	1.3322E+5	1.3464E+5	1.3167E+5	1.2368E+5	1.0944E+5	9.3234E+4	7.8052E+4	6.1156E+4	4.7830E+4	3.6916E+4	2.7908E+4	2.1120E+4	1.5807E+4	1.1776E+4
2.8189E+5	2.1904E+5	1.8786E+5	1.5765E+5	1.3688E+5	1.3075E+5	1.2839E+5	1.2706E+5	1.2843E+5	1.3023E+5	1.3368E+5	1.3532E+5	1.3213E+5	1.2399E+5	1.0963E+5	9.3368E+4	7.8148E+4	6.1196E+4	4.7863E+4	3.6930E+4	2.7915E+4	2.1119E+4	1.5808E+4	1.1777E+4
2.7667E+5	2.1705E+5	1.8509E+5	1.5480E+5	1.3573E+5	1.3133E+5	1.2837E+5	1.2767E+5	1.2911E+5	1.3077E+5	1.3440E+5	1.3595E+5	1.3270E+5	1.2455E+5	1.0994E+5	9.3615E+4	7.8287E+4	6.1255E+4	4.7878E+4	3.6947E+4	2.7922E+4	2.1123E+4	1.5808E+4	1.1776E+4
2.8296E+5	2.1928E+5	1.8880E+5	1.5854E+5	1.3622E+5	1.3218E+5	1.2977E+5	1.2849E+5	1.2983E+5	1.3242E+5	1.3570E+5	1.3711E+5	1.3383E+5	1.2536E+5	1.1054E+5	9.3966E+4	7.8489E+4	6.1361E+4	4.7954E+4	3.6969E+4	2.7932E+4	2.1134E+4	1.5810E+4	1.1778E+4
2.8429E+5	2.1485E+5	1.8298E+5	1.5354E+5	1.3245E+5	1.2889E+5	1.2619E+5	1.2643E+5	1.2700E+5	1.2931E+5	1.3319E+5	1.3506E+5	1.3207E+5	1.2400E+5	1.0966E+5	9.3357E+4	7.8164E+4	6.1189E+4	4.7852E+4	3.6922E+4	2.7900E+4	2.1112E+4	1.5801E+4	1.1770E+4
2.8110E+5	2.2208E+5	1.8880E+5	1.5445E+5	1.3427E+5	1.3098E+5	1.2771E+5	1.2632E+5	1.2835E+5	1.3061E+5	1.3436E+5	1.3555E+5	1.3274E+5	1.2462E+5	1.1003E+5	9.3643E+4	7.8298E+4	6.1256E+4	4.7876E+4	3.6922E+4	2.7909E+4	2.1115E+4	1.5797E+4	1.1770E+4
2.7102E+5	2.1426E+5	1.8420E+5	1.5270E+5	1.3210E+5	1.2796E+5	1.2616E+5	1.2538E+5	1.2573E+5	1.2874E+5	1.3208E+5	1.3416E+5	1.3152E+5	1.2353E+5	1.0939E+5	9.3290E+4	7.8071E+4	6.1144E+4	4.7812E+4	3.6893E+4	2.7886E+4	2.1099E+4	1.5789E+4	1.1762E+4
2.7801E+5	2.1789E+5	1.8626E+5	1.5619E+5	1.3522E+5	1.2832E+5	1.2646E+5	1.2621E+5	1.2706E+5	1.3044E+5	1.3329E+5	1.3518E+5	1.3226E+5	1.2431E+5	1.0985E+5	9.3551E+4	7.8195E+4	6.1204E+4	4.7833E+4	3.6899E+4	2.7893E+4	2.1101E+4	1.5790E+4	1.1762E+4
2.8018E+5	2.1146E+5	1.8536E+5	1.5661E+5	1.3355E+5	1.3057E+5	1.2706E+5	1.2739E+5	1.2714E+5	1.2984E+5	1.3379E+5	1.3522E+5	1.3239E+5	1.2423E+5	1.0987E+5	9.3464E+4	7.8154E+4	6.1163E+4	4.7825E+4	3.6890E+4	2.7884E+4	2.1095E+4	1.5784E+4	1.1759E+4
2.8339E+5	2.1674E+5	1.8174E+5	1.5361E+5	1.3405E+5	1.2954E+5	1.2718E+5	1.2542E+5	1.2677E+5	1.2946E+5	1.3274E+5	1.3460E+5	1.3179E+5	1.2389E+5	1.0954E+5	9.3276E+4	7.8032E+4	6.1111E+4	4.7779E+4	3.6863E+4	2.7861E+4	2.1083E+4	1.5779E+4	1.1755E+4
2.7820E+5	2.2358E+5	1.7819E+5	1.5489E+5	1.3257E+5	1.2760E+5	1.2683E+5	1.2414E+5	1.2632E+5	1.2891E+5	1.3265E+5	1.3422E+5	1.3138E+5	1.2355E+5	1.0932E+5	9.3162E+4	7.7972E+4	6.1052E+4	4.7735E+4	3.6838E+4	2.7851E+4	2.1074E+4	1.5773E+4	1.1751E+4
2.8125E+5	2.1328E+5	1.8009E+5	1.5068E+5	1.3275E+5	1.2815E+5	1.2469E+5	1.2365E+5	1.2471E+5	1.2704E+5	1.3078E+5	1.3270E+5	1.3011E+5	1.2252E+5	1.0861E+5	9.2719E+4	7.7681E+4	6.0912E+4	4.7666E+4	3.6800E+4	2.7824E+4	2.1061E+4	1.5761E+4	1.1743E+4
2.7875E+5	2.1383E+5	1.8402E+5	1.5238E+5	1.3288E+5	1.2735E+5	1.2457E+5	1.2422E+5	1.2558E+5	1.2847E+5	1.3190E+5	1.3416E+5	1.3127E+5	1.2350E+5	1.0924E+5	9.3101E+4	7.7893E+4	6.1019E+4	4.7738E+4	3.6839E+4	2.7841E+4	2.1068E+4	1.5768E+4	1.1747E+4
2.7317E+5	2.0941E+5	1.7848E+5	1.4986E+5	1.2789E+5	1.2537E+5	1.2267E+5	1.2158E+5	1.2323E+5	1.2629E+5	1.2991E+5	1.3197E+5	1.2976E+5	1.2231E+5	1.0860E+5	9.2666E+4	7.7652E+4	6.0889E+4	4.7659E+4	3.6788E+4	2.7814E+4	2.1051E+4	1.5757E+4	1.1739E+4
2.6864E+5	2.0665E+5	1.7939E+5	1.4940E+5	1.2736E+5	1.2398E+5	1.2162E+5	1.2014E+5	1.2149E+5	1.2519E+5	1.2798E+5	1.3040E+5	1.2834E+5	1.2117E+5	1.0780E+5	9.2205E+4	7.7340E+4	6.0726E+4	4.7554E+4	3.6727E+4	2.7783E+4	2.1033E+4	1.5743E+4	1.1730E+4
2.6807E+5	2.0734E+5	1.7702E+5	1.4657E+5	1.2631E+5	1.2206E+5	1.1911E+5	1.1920E+5	1.1985E+5	1.2300E+5	1.2653E+5	1.2874E+5	1.2706E+5	1.2014E+5	1.0707E+5	9.1723E+4	7.7094E+4	6.0569E+4	4.7472E+4	3.6671E+4	2.7754E+4	2.1009E+4	1.5730E+4	1.1720E+4
2.6730E+5	2.0530E+5	1.7969E+5	1.4749E+5	1.2659E+5	1.2269E+5	1.1970E+5	1.1929E+5	1.1994E+5	1.2229E+5	1.2607E+5	1.2858E+5	1.2668E+5	1.1989E+5	1.0687E+5	9.1582E+4	7.6921E+4	6.0469E+4	4.7403E+4	3.6632E+4	2.7728E+4	2.0988E+4	1.5715E+4	1.1709E+4
2.6083E+5	2.0403E+5	1.7799E+5	1.4849E+5	1.2655E+5	1.2235E+5	1.1963E+5	1.1816E+5	1.1992E+5	1.2221E+5	1.2600E+5	1.2778E+5	1.2594E+5	1.1918E+5	1.0637E+5	9.1209E+4	7.6714E+4	6.0343E+4	4.7317E+4	3.6586E+4	2.7687E+4	2.0970E+4	1.5702E+4	1.1701E+4
2.6731E+5	2.0944E+5	1.7728E+5	1.4943E+5	1.2715E+5	1.2326E+5	1.1941E+5	1.1929E+5	1.1955E+5	1.2171E+5	1.2502E+5	1.2712E+5	1.2523E+5	1.1863E+5	1.0585E+5	9.0905E+4	7.6467E+4	6.0224E+4	4.7247E+4	3.6543E+4	2.7668E+4	2.0955E+4	1.5694E+4	1.1695E+4
2.6702E+5	2.0656E+5	1.7906E+5	1.5032E+5	1.2844E+5	1.2371E+5	1.2094E+5	1.1987E+5	1.2023E+5	1.2348E+5	1.2533E+5	1.2776E+5	1.2570E+5	1.1898E+5	1.0605E+5	9.1020E+4	7.6600E+4	6.0255E+4	4.7269E+4	3.6557E+4	2.7671E+4	2.0957E+4	1.5693E+4	1.1694E+4
2.6118E+5	2.0525E+5	1.7904E+5	1.4807E+5	1.2697E+5	1.2313E+5	1.1992E+5	1.1808E+5	1.1836E+5	1.2029E+5	1.2324E+5	1.2543E+5	1.2373E+5	1.1732E+5	1.0499E+5	9.0317E+4	7.6153E+4	6.0040E+4	4.7146E+4	3.6479E+4	2.7631E+4	2.0934E+4	1.5678E+4	1.1685E+4
2.6261E+5	2.0509E+5	1.7695E+5	1.4773E+5	1.2796E+5	1.2279E+5	1.1954E+5	1.1782E+5	1.1831E+5	1.2053E+5	1.2331E+5	1.2563E+5	1.2372E+5	1.1739E+5	1.0495E+5	9.0354E+4	7.6137E+4	6.0021E+4	4.7150E+4	3.6475E+4	2.7624E+4	2.0930E+4	1.5675E+4	1.1684E+4
2.6672E+5	2.0904E+5	1.7802E+5	1.4955E+5	1.2841E+5	1.2404E+5	1.2071E+5	1.2013E+5	1.2039E+5	1.2337E+5	1.2549E+5	1.2754E+5	1.2559E+5	1.1875E+5	1.0596E+5	9.0938E+4	7.6506E+4	6.0228E+4	4.7234E+4	3.6528E+4	2.7653E+4	2.0944E+4	1.5683E+4	1.1687E+4
2.6823E+5	2.0801E+5	1.7736E+5	1.4732E+5	1.2865E+5	1.2339E+5	1.2050E+5	1.1915E+5	1.2036E+5	1.2261E+5	1.2581E+5	1.2773E+5	1.2558E+5	1.1886E+5	1.0601E+5	9.0952E+4	7.6474E+4	6.0196E+4	4.7230E+4	3.6525E+4	2.7650E+4	2.0936E+4	1.5679E+4	1.1685E+4
2.6527E+5	2.0748E+5	1.7585E+5	1.4863E+5	1.2752E+5	1.2285E+5	1.1994E+5	1.1855E+5	1.1982E+5	1.2119E+5	1.2571E+5	1.2750E+5	1.2552E+5	1.1872E+5	1.0593E+5	9.0932E+4	7.6484E+4	6.0224E+4	4.7232E+4	3.6520E+4	2.7650E+4	2.0938E+4	1.5679E+4	1.1683E+4
2.6863E+5	2.0592E+5	1.7691E+5	1.4712E+5	1.2510E+5	1.2227E+5	1.1797E+5	1.1744E+5	1.1783E+5	1.1968E+5	1.2420E+5	1.2599E+5	1.2429E+5	1.1794E+5	1.0548E+5	9.0639E+4	7.6342E+4	6.0124E+4	4.7187E+4	3.6497E+4	2.7631E+4	2.0927E+4	1.5669E+4	1.1679E+4
2.6367E+5	2.0492E+5	1.7817E+5	1.4696E+5	1.2672E+5	1.2304E+5	1.1970E+5	1.1895E+5	1.2002E+5	1.2225E+5	1.2544E+5	1.2752E+5	1.2562E+5	1.1901E+5	1.0613E+5	9.1084E+4	7.6589E+4	6.0268E+4	4.7267E+4	3.6537E+4	2.7650E+4	2.0937E+4	1.5677E+4	1.1682E+4
2.7267E+5	2.1017E+5	1.7894E+5	1.4944E+5	1.2615E+5	1.2402E+5	1.1986E+5	1.2001E+5	1.2028E+5	1.2320E+5	1.2603E+5	1.2841E+5	1.2649E+5	1.1970E+5	1.0669E+5	9.1437E+4	7.6810E+4	6.0375E+4	4.7318E+4	3.6563E+4	2.7665E+4	2.0947E+4	1.5680E+4	1.1685E+4
2.6209E+5	2.0650E+5	1.7990E+5	1.4379E+5	1.2670E+5	1.2210E+5	1.1915E+5	1.1764E+5	1.1984E+5	1.2201E+5	1.2557E+5	1.2801E+5	1.2635E+5	1.1955E+5	1.0656E+5	9.1398E+4	7.6787E+4	6.0367E+4	4.7310E+4	3.6561E+4	2.7663E+4	2.0941E+4	1.5677E+4	1.1683E+4
2.7135E+5	2.0768E+5	1.8066E+5	1.4913E+5	1.2738E+5	1.2314E+5	1.2000E+5	1.1875E+5	1.1991E+5	1.2194E+5	1.2603E+5	1.2857E+5	1.2669E+5	1.1990E+5	1.0681E+5	9.1498E+4	7.6868E+4	6.0405E+4	4.7322E+4	3.6567E+4	2.7662E+4	2.0940E+4	1.5675E+4	1.1681E+4
2.6700E+5	2.0860E+5	1.7969E+5	1.4938E+5	1.2844E+5	1.2333E+5	1.2075E+5	1.1930E+5	1.2059E+5	1.2273E+5	1.2703E+5	1.2929E+5	1.2719E+5	1.2027E+5	1.0712E+5	9.1683E+4	7.6955E+4	6.0435E+4	4.7342E+4	3.6569E+4	2.7663E+4	2.0942E+4	1.5675E+4	1.1680E+4
2.6364E+5	2.0360E+5	1.7431E+5	1.4584E+5	1.2418E+5	1.2049E+5	1.1750E+5	1.1708E+5	1.1779E+5	1.2007E+5	1.2462E+5	1.2685E+5	1.2538E+5	1.1896E+5	1.0621E+5	9.1135E+4	7.6629E+4	6.0264E+4	4.7253E+4	3.6520E+4	2.7633E+4	2.0922E+4	1.5663E+4	1.1671E+4
2.7392E+5	2.0556E+5	1.7465E+5	1.4544E+5	1.2486E+5	1.2027E+5	1.1801E+5	1.1672E+5	1.1788E+5	1.1956E+5	1.2421E+5	1.2682E+5	1.2531E+5	1.1883E+5	1.0610E+5	9.1051E+4	7.6582E+4	6.0246E+4	4.7237E+4	3.6506E+4	2.7626E+4	2.0917E+4	1.5659E+4	1.1670E+4
2.5576E+5	2.0433E+5	1.7256E+5	1.4655E+5	1.2427E+5	1.1931E+5	1.1679E+5	1.1606E+5	1.1690E+5	1.1860E+5	1.2355E+5	1.2607E+5	1.2462E+5	1.1836E+5	1.0581E+5	9.0935E+4	7.6509E+4	6.0193E+4	4.7205E+4	3.6486E+4	2.7613E+4	2.0906E+4	1.5653E+4	1.1664E+4
2.6337E+5	2.0323E+5	1.7406E+5	1.4643E+5	1.2439E+5	1.2022E+5	1.1731E+5	1.1660E+5	1.1710E+5	1.1974E+5	1.2364E+5	1.2651E+5	1.2486E+5	1.1843E+5	1.0589E+5	9.0882E+4	7.6440E+4	6.0137E+4	4.7163E+4	3.6457E+4	2.7599E+4	2.0899E+4	1.5646E+4	1.1659E+4
2.5413E+5	1.9695E+5	1.6942E+5	1.4307E+5	1.2081E+5	1.1790E+5	1.1524E+5	1.1395E+5	1.1590E+5	1.1833E+5	1.2196E+5	1.2495E+5	1.2371E+5	1.1762E+5	1.0533E+5	9.0504E+4	7.6218E+4	6.0037E+4	4.7100E+4	3.6421E+4	2.7574E+4	2.0883E+4	1.5638E+4	1.1653E+4
2.6342E+5	2.0505E+5	1.7455E+5	1.4373E+5	1.2455E+5	1.1921E+5	1.1664E+5	1.1595E+5	1.1649E+5	1.1931E+5	1.2366E+5	1.2583E+5	1.2440E+5	1.1810E+5	1.0564E+5	9.0708E+4	7.6318E+4	6.0078E+4	4.7128E+4	3.6434E+4	2.7583E+4	2.0885E+4	1.5639E+4	1.1654E+4
2.6900E+5	2.0027E+5	1.7402E+5	1.4408E+5	1.2423E+5	1.1944E+5	1.1688E+5	1.1594E+5	1.1675E+5	1.1956E+5	1.2264E+5	1.2583E+5	1.2438E+5	1.1813E+5	1.0554E+5	9.0665E+4	7.6279E+4	6.0057E+4	4.7102E+4	3.6421E+4	2.7572E+4	2.0880E+4	1.5634E+4	1.1651E+4
2.7021E+5	2.0910E+5	1.7835E+5	1.4703E+5	1.2308E+5	1.1921E+5	1.1694E+5	1.1595E+5	1.1566E+5	1.1906E+5	1.2199E+5	1.2458E+5	1.2330E+5	1.1714E+5	1.0490E+5	9.0216E+4	7.6008E+4	5.9904E+4	4.7027E+4	3.6376E+4	2.7545E+4	2.0865E+4	1.5625E+4	1.1644E+4
2.6878E+5	2.0728E+5	1.7213E+5	1.4435E+5	1.2363E+5	1.1998E+5	1.1673E+5	1.1546E+5	1.1584E+5	1.1832E+5	1.2224E+5	1.2450E+5	1.2311E+5	1.1696E+5	1.0475E+5	9.0146E+4	7.5974E+4	5.9869E+4	4.7013E+4	3.6365E+4	2.7541E+4	2.0860E+4	1.5621E+4	1.1642E+4
2.5949E+5	2.0554E+5	1.7149E+5	1.4380E+5	1.2289E+5	1.1889E+5	1.1614E+5	1.1535E+5	1.1544E+5	1.1906E+5	1.2143E+5	1.2374E+5	1.2253E+5	1.1640E+5	1.0434E+5	8.9853E+4	7.5786E+4	5.9765E+4	4.6947E+4	3.6323E+4	2.7512E+4	2.0843E+4	1.5610E+4	1.1635E+4
2.6475E+5	1.9730E+5	1.7216E+5	1.4318E+5	1.2203E+5	1.1847E+5	1.1610E+5	1.1485E+5	1.1582E+5	1.1848E+5	1.2130E+5	1.2380E+5	1.2233E+5	1.1630E+5	1.0422E+5	8.9800E+4	7.5751E+4	5.9742E+4	4.6923E+4	3.6314E+4	2.7506E+4	2.0838E+4	1.5606E+4	1.1632E+4
2.6607E+5	2.0075E+5	1.7441E+5	1.4461E+5	1.2376E+5	1.1989E+5	1.1741E+5	1.1575E+5	1.1660E+5	1.1806E+5	1.2207E+5	1.2427E+5	1.2283E+5	1.1665E+5	1.0449E+5	8.9942E+4	7.5812E+4	5.9789E+4	4.6939E+4	3.6320E+4	2.7506E+4	2.0836E+4	1.5604E+4	1.1631E+4
2.6107E+5	2.0475E+5	1.7463E+5	1.4479E+5	1.2408E+5	1.1958E+5	1.1679E+5	1.1486E+5	1.1556E+5	1.1844E+5	1.2200E+5	1.2371E+5	1.2241E+5	1.1645E+5	1.0434E+5	8.9872E+4	7.5811E+4	5.9768E+4	4.6937E+4	3.6317E+4	2.7504E+4	2.0833E+4	1.5601E+4	1.1629E+4
2.6273E+5	2.0344E+5	1.7488E+5	1.4507E+5	1.2353E+5	1.1916E+5	1.1672E+5	1.1462E+5	1.1590E+5	1.1733E+5	1.2076E+5	1.2335E+5	1.2201E+5	1.1602E+5	1.0408E+5	8.9634E+4	7.5672E+4	5.9671E+4	4.6884E+4	3.6284E+4	2.7486E+4	2.0821E+4	1.5594E+4	1.1622E+4
2.5823E+5	1.9402E+5	1.6981E+5	1.4028E+5	1.2162E+5	1.1714E+5	1.1348E+5	1.1322E+5	1.1383E+5	1.1581E+5	1.1992E+5	1.2241E+5	1.2130E+5	1.1554E+5	1.0380E+5	8.9482E+4	7.5541E+4	5.9616E+4	4.6849E+4	3.6259E+4	2.7470E+4	2.0814E+4	1.5587E+4	1.1618E+4
2.5901E+5	2.0180E+5	1.6676E+5	1.3871E+5	1.2198E+5	1.1639E+5	1.1422E+5	1.1284E+5	1.1317E+5	1.1533E+5	1.2016E+5	1.2231E+5	1.2129E+5	1.1556E+5	1.0391E+5	8.9573E+4	7.5620E+4	5.9663E+4	4.6869E+4	3.6272E+4	2.7479E+4	2.0816E+4	1.5588E+4	1.1618E+4
2.5397E+5	1.9749E+5	1.6853E+5	1.4045E+5	1.2020E+5	1.1616E+5	1.1390E+5	1.1243E+5	1.1325E+5	1.1598E+5	1.1927E+5	1.2208E+5	1.2124E+5	1.1563E+5	1.0390E+5	8.9583E+4	7.5604E+4	5.9651E+4	4.6871E+4	3.6264E+4	2.7471E+4	2.0811E+4	1.5587E+4	1.1616E+4
2.5476E+5	1.9999E+5	1.7070E+5	1.4272E+5	1.2137E+5	1.1717E+5	1.1457E+5	1.1400E+5	1.1455E+5	1.1652E+5	1.2082E+5	1.2323E+5	1.2212E+5	1.1624E+5	1.0434E+5	8.9867E+4	7.5765E+4	5.9746E+4	4.6902E+4	3.6287E+4	2.7480E+4	2.0814E+4	1.5586E+4	1.1616E+4
2.6252E+5	1.9459E+5	1.6740E+5	1.3869E+5	1.1983E+5	1.1573E+5	1.1325E+5	1.1217E+5	1.1326E+5	1.1590E+5	1.1966E+5	1.2215E+5	1.2146E+5	1.1569E+5	1.0398E+5	8.9627E+4	7.5628E+4	5.9650E+4	4.6850E+4	3.6255E+4	2.7459E+4	2.0803E+4	1.5578E+4	1.1610E+4
2.5550E+5	1.9982E+5	1.7108E+5	1.4414E+5	1.2317E+5	1.1880E+5	1.1615E+5	1.1576E+5	1.1700E+5	1.1883E+5	1.2338E+5	1.2572E+5	1.2420E+5	1.1787E+5	1.0537E+5	9.0517E+4	7.6184E+4	5.9943E+4	4.7008E+4	3.6340E+4	2.7501E+4	2.0824E+4	1.5590E+4	1.1617E+4
2.5252E+5	1.9315E+5	1.6864E+5	1.4182E+5	1.2332E+5	1.1831E+5	1.1585E+5	1.1463E+5	1.1550E+5	1.1825E+5	1.2230E+5	1.2493E+5	1.2367E+5	1.1742E+5	1.0509E+5	9.0331E+4	7.6041E+4	5.9862E+4	4.6971E+4	3.6314E+4	2.7484E+4	2.0813E+4	1.5581E+4	1.1613E+4
2.5446E+5	1.9511E+5	1.6889E+5	1.4343E+5	1.2189E+5	1.1848E+5	1.1587E+5	1.1591E+5	1.1630E+5	1.1918E+5	1.2349E+5	1.2580E+5	1.2469E+5	1.1821E+5	1.0564E+5	9.0656E+4	7.6248E+4	5.9962E+4	4.7017E+4	3.6330E+4	2.7493E+4	2.0816E+4	1.5585E+4	1.1614E+4
2.6678E+5	2.0611E+5	1.7313E+5	1.4283E+5	1.2459E+5	1.1964E+5	1.1630E+5	1.1552E+5	1.1732E+5	1.1992E+5	1.2433E+5	1.2634E+5	1.2471E+5	1.1835E+5	1.0561E+5	9.0681E+4	7.6212E+4	5.9950E+4	4.7003E+4	3.6323E+4	2.7486E+4	2.0814E+4	1.5581E+4	1.1611E+4
2.7136E+5	2.0079E+5	1.7192E+5	1.4227E+5	1.2466E+5	1.1944E+5	1.1705E+5	1.1631E+5	1.1700E+5	1.1975E+5	1.2340E+5	1.2604E+5	1.2439E+5	1.1803E+5	1.0544E+5	9.0481E+4	7.6080E+4	5.9851E+4	4.6939E+4	3.6284E+4	2.7464E+4	2.0795E+4	1.5570E+4	1.1603E+4
2.5843E+5	1.9795E+5	1.6903E+5	1.4336E+5	1.2083E+5	1.1802E+5	1.1500E+5	1.1494E+5	1.1602E+5	1.1850E+5	1.2231E+5	1.2485E+5	1.2355E+5	1.1715E+5	1.0478E+5	9.0113E+4	7.5837E+4	5.9740E+4	4.6858E+4	3.6244E+4	2.7441E+4	2.0777E+4	1.5559E+4	1.1595E+4
2.5671E+5	1.9957E+5	1.6918E+5	1.4369E+5	1.2066E+5	1.1656E+5	1.1466E+5	1.1397E+5	1.1520E+5	1.1788E+5	1.2223E+5	1.2418E+5	1.2292E+5	1.1685E+5	1.0463E+5	8.9957E+4	7.5786E+4	5.9686E+4	4.6829E+4	3.6217E+4	2.7425E+4	2.0771E+4	1.5553E+4	1.1591E+4
2.5940E+5	1.9881E+5	1.7156E+5	1.4294E+5	1.2271E+5	1.1886E+5	1.1608E+5	1.1537E+5	1.1661E+5	1.1891E+5	1.2305E+5	1.2584E+5	1.2444E+5	1.1786E+5	1.0534E+5	9.0315E+4	7.6006E+4	5.9816E+4	4.6909E+4	3.6257E+4	2.7445E+4	2.0781E+4	1.5561E+4	1.1595E+4
2.5477E+5	2.0059E+5	1.6753E+5	1.4251E+5	1.2287E+5	1.1867E+5	1.1583E+5	1.1555E+5	1.1693E+5	1.1984E+5	1.2356E+5	1.2575E+5	1.2419E+5	1.1786E+5	1.0526E+5	9.0331E+4	7.6009E+4	5.9791E+4	4.6904E+4	3.6250E+4	2.7435E+4	2.0779E+4	1.5557E+4	1.1593E+4
2.5893E+5	1.9936E+5	1.6913E+5	1.4193E+5	1.2283E+5	1.1881E+5	1.1575E+5	1.1529E+5	1.1642E+5	1.1915E+5	1.2288E+5	1.2550E+5	1.2414E+5	1.1775E+5	1.0521E+5	9.0349E+4	7.6002E+4	5.9795E+4	4.6896E+4	3.6249E+4	2.7437E+4	2.0774E+4	1.5553E+4	1.1591E+4
2.5509E+5	2.0317E+5	1.7289E+5	1.4265E+5	1.2045E+5	1.1763E+5	1.1652E+5	1.1515E+5	1.1582E+5	1.1990E+5	1.2252E+5	1.2550E+5	1.2390E+5	1.1758E+5	1.0508E+5	9.0231E+4	7.5937E+4	5.9737E+4	4.6872E+4	3.6229E+4	2.7426E+4	2.0768E+4	1.5548E+4	1.1586E+4
2.5384E+5	2.0051E+5	1.7125E+5	1.4231E+5	1.2238E+5	1.1887E+5	1.1554E+5	1.1468E+5	1.1654E+5	1.1912E+5	1.2258E+5	1.2560E+5	1.2415E+5	1.1763E+5	1.0513E+5	9.0254E+4	7.5951E+4	5.9747E+4	4.6871E+4	3.6229E+4	2.7426E+4	2.0766E+4	1.5547E+4	1.1584E+4
2.6966E+5	1.9552E+5	1.6712E+5	1.3996E+5	1.2076E+5	1.1880E+5	1.1575E+5	1.1571E+5	1.1671E+5	1.1904E+5	1.2349E+5	1.2564E+5	1.2433E+5	1.1783E+5	1.0530E+5	9.0325E+4	7.5984E+4	5.9799E+4	4.6896E+4	3.6245E+4	2.7428E+4	2.0766E+4	1.5547E+4	1.1584E+4
2.5188E+5	1.9881E+5	1.6906E+5	1.4037E+5	1.2192E+5	1.1785E+5	1.1554E+5	1.1491E+5	1.1628E+5	1.1922E+5	1.2380E+5	1.2615E+5	1.2475E+5	1.1820E+5	1.0559E+5	9.0529E+4	7.6129E+4	5.9847E+4	4.6916E+4	3.6254E+4	2.7433E+4	2.0769E+4	1.5548E+4	1.1586E+4
2.4548E+5	1.9292E+5	1.6438E+5	1.3957E+5	1.2102E+5	1.1723E+5	1.1475E+5	1.1445E+5	1.1602E+5	1.1930E+5	1.2323E+5	1.2558E+5	1.2421E+5	1.1786E+5	1.0525E+5	9.0336E+4	7.6002E+4	5.9783E+4	4.6881E+4	3.6228E+4	2.7418E+4	2.0762E+4	1.5541E+4	1.1580E+4
2.4817E+5	1.9770E+5	1.6819E+5	1.4130E+5	1.2255E+5	1.1742E+5	1.1558E+5	1.1494E+5	1.1660E+5	1.1949E+5	1.2284E+5	1.2569E+5	1.2424E+5	1.1784E+5	1.0526E+5	9.0370E+4	7.5982E+4	5.9785E+4	4.6868E+4	3.6228E+4	2.7413E+4	2.0755E+4	1.5537E+4	1.1578E+4
2.4962E+5	1.9432E+5	1.6944E+5	1.4145E+5	1.2140E+5	1.1710E+5	1.1517E+5	1.1445E+5	1.1600E+5	1.1876E+5	1.2272E+5	1.2533E+5	1.2400E+5	1.1758E+5	1.0513E+5	9.0259E+4	7.5916E+4	5.9736E+4	4.6851E+4	3.6210E+4	2.7402E+4	2.0749E+4	1.5533E+4	1.1575E+4
2.5101E+5	1.9367E+5	1.6599E+5	1.3892E+5	1.1910E+5	1.1824E+5	1.1439E+5	1.1415E+5	1.1530E+5	1.1808E+5	1.2235E+5	1.2487E+5	1.2349E+5	1.1715E+5	1.0481E+5	9.0051E+4	7.5784E+4	5.9680E+4	4.6806E+4	3.6194E+4	2.7390E+4	2.0743E+4	1.5529E+4	1.1572E+4
2.4979E+5	1.9359E+5	1.6350E+5	1.3750E+5	1.2048E+5	1.1619E+5	1.1510E+5	1.1416E+5	1.1538E+5	1.1743E+5	1.2156E+5	1.2453E+5	1.2314E+5	1.1678E+5	1.0454E+5	8.9843E+4	7.5688E+4	5.9603E+4	4.6760E+4	3.6162E+4	2.7375E+4	2.0730E+4	1.5521E+4	1.1567E+4
2.4850E+5	1.9738E+5	1.6510E+5	1.4040E+5	1.2186E+5	1.1711E+5	1.1453E+5	1.1406E+5	1.1438E+5	1.1710E+5	1.2151E+5	1.2378E+5	1.2234E+5	1.1629E+5	1.0422E+5	8.9654E+4	7.5558E+4	5.9518E+4	4.6719E+4	3.6139E+4	2.7356E+4	2.0718E+4	1.5517E+4	1.1563E+4
2.4461E+5	1.9420E+5	1.6439E+5	1.3834E+5	1.2052E+5	1.1619E+5	1.1437E+5	1.1341E+5	1.1450E+5	1.1803E+5	1.2062E+5	1.2332E+5	1.2221E+5	1.1619E+5	1.0406E+5	8.9530E+4	7.5484E+4	5.9499E+4	4.6705E+4	3.6121E+4	2.7348E+4	2.0713E+4	1.5512E+4	1.1560E+4
2.5512E+5	1.9278E+5	1.6589E+5	1.3866E+5	1.1994E+5	1.1694E+5	1.1389E+5	1.1284E+5	1.1477E+5	1.1721E+5	1.2108E+5	1.2370E+5	1.2247E+5	1.1650E+5	1.0432E+5	8.9735E+4	7.5627E+4	5.9545E+4	4.6730E+4	3.6131E+4	2.7358E+4	2.0717E+4	1.5511E+4	1.1559E+4
2.5304E+5	1.8938E+5	1.6757E+5	1.3791E+5	1.1880E+5	1.1507E+5	1.1273E+5	1.1238E+5	1.1302E+5	1.1611E+5	1.1940E+5	1.2195E+5	1.2099E+5	1.1529E+5	1.0354E+5	8.9201E+4	7.5233E+4	5.9371E+4	4.6624E+4	3.6078E+4	2.7325E+4	2.0695E+4	1.5498E+4	1.1551E+4
2.5022E+5	1.9381E+5	1.6604E+5	1.3519E+5	1.1800E+5	1.1452E+5	1.1119E+5	1.1060E+5	1.1160E+5	1.1472E+5	1.1897E+5	1.2135E+5	1.2056E+5	1.1504E+5	1.0331E+5	8.9152E+4	7.5215E+4	5.9331E+4	4.6610E+4	3.6067E+4	2.7312E+4	2.0690E+4	1.5495E+4	1.1548E+4
2.4359E+5	1.9064E+5	1.6575E+5	1.3663E+5	1.1783E+5	1.1369E+5	1.1124E+5	1.0971E+5	1.1097E+5	1.1347E+5	1.1699E+5	1.2030E+5	1.1939E+5	1.1411E+5	1.0275E+5	8.8709E+4	7.4949E+4	5.9188E+4	4.6531E+4	3.6012E+4	2.7283E+4	2.0670E+4	1.5481E+4	1.1539E+4
2.4707E+5	1.8810E+5	1.6107E+5	1.3302E+5	1.1491E+5	1.1232E+5	1.0926E+5	1.0774E+5	1.0922E+5	1.1113E+5	1.1595E+5	1.1878E+5	1.1828E+5	1.1316E+5	1.0207E+5	8.8369E+4	7.4743E+4	5.9102E+4	4.6454E+4	3.5990E+4	2.7261E+4	2.0658E+4	1.5475E+4	1.1535E+4
2.4732E+5	1.8531E+5	1.6123E+5	1.3366E+5	1.1418E+5	1.1098E+5	1.0851E+5	1.0806E+5	1.0905E+5	1.1241E+5	1.1556E+5	1.1894E+5	1.1875E+5	1.1359E+5	1.0244E+5	8.8623E+4	7.4878E+4	5.9153E+4	4.6504E+4	3.5997E+4	2.7271E+4	2.0663E+4	1.5476E+4	1.1533E+4
2.4259E+5	1.9089E+5	1.5987E+5	1.3284E+5	1.1488E+5	1.1201E+5	1.0849E+5	1.0815E+5	1.0881E+5	1.1195E+5	1.1560E+5	1.1886E+5	1.1861E+5	1.1346E+5	1.0236E+5	8.8514E+4	7.4804E+4	5.9131E+4	4.6478E+4	3.5979E+4	2.7257E+4	2.0653E+4	1.5467E+4	1.1528E+4
2.4308E+5	1.8683E+5	1.6136E+5	1.3612E+5	1.1504E+5	1.1256E+5	1.1064E+5	1.0949E+5	1.1058E+5	1.1303E+5	1.1775E+5	1.2057E+5	1.1980E+5	1.1432E+5	1.0302E+5	8.8797E+4	7.5022E+4	5.9206E+4	4.6528E+4	3.6006E+4	2.7271E+4	2.0662E+4	1.5472E+4	1.1533E+4
2.4415E+5	1.8615E+5	1.5983E+5	1.3630E+5	1.1518E+5	1.1303E+5	1.0935E+5	1.0936E+5	1.1045E+5	1.1428E+5	1.1702E+5	1.2071E+5	1.2032E+5	1.1468E+5	1.0322E+5	8.9019E+4	7.5102E+4	5.9267E+4	4.6547E+4	3.6011E+4	2.7282E+4	2.0660E+4	1.5472E+4	1.1531E+4
2.4261E+5	1.9283E+5	1.5069E+5	1.3572E+5	1.1505E+5	1.1141E+5	1.0880E+5	1.0733E+5	1.0945E+5	1.1327E+5	1.1699E+5	1.2003E+5	1.1978E+5	1.1447E+5	1.0309E+5	8.8937E+4	7.5107E+4	5.9262E+4	4.6548E+4	3.6013E+4	2.7273E+4	2.0659E+4	1.5471E+4	1.1529E+4
2.4202E+5	1.8659E+5	1.5978E+5	1.3310E+5	1.1484E+5	1.1163E+5	1.0887E+5	1.0910E+5	1.1010E+5	1.1305E+5	1.1819E+5	1.2121E+5	1.2084E+5	1.1535E+5	1.0369E+5	8.9360E+4	7.5316E+4	5.9365E+4	4.6590E+4	3.6047E+4	2.7292E+4	2.0668E+4	1.5472E+4	1.1531E+4
2.3768E+5	1.8190E+5	1.5964E+5	1.3200E+5	1.1433E+5	1.0993E+5	1.0937E+5	1.0826E+5	1.1020E+5	1.1326E+5	1.1811E+5	1.2151E+5	1.2092E+5	1.1538E+5	1.0369E+5	8.9343E+4	7.5328E+4	5.9361E+4	4.6598E+4	3.6032E+4	2.7276E+4	2.0659E+4	1.5468E+4	1.1526E+4
2.3887E+5	1.7857E+5	1.5594E+5	1.2831E+5	1.1134E+5	1.0820E+5	1.0625E+5	1.0633E+5	1.0817E+5	1.1111E+5	1.1654E+5	1.1958E+5	1.1944E+5	1.1427E+5	1.0302E+5	8.8861E+4	7.5025E+4	5.9185E+4	4.6491E+4	3.5975E+4	2.7247E+4	2.0634E+4	1.5453E+4	1.1516E+4
2.2905E+5	1.8931E+5	1.5401E+5	1.3351E+5	1.1360E+5	1.0830E+5	1.0636E+5	1.0630E+5	1.0771E+5	1.1144E+5	1.1558E+5	1.1902E+5	1.1888E+5	1.1393E+5	1.0264E+5	8.8665E+4	7.4883E+4	5.9124E+4	4.6454E+4	3.5956E+4	2.7227E+4	2.0624E+4	1.5446E+4	1.1510E+4
2.2757E+5	1.8450E+5	1.5646E+5	1.3040E+5	1.1245E+5	1.0867E+5	1.0754E+5	1.0796E+5	1.0893E+5	1.1209E+5	1.1671E+5	1.2055E+5	1.2022E+5	1.1491E+5	1.0331E+5	8.9131E+4	7.5168E+4	5.9282E+4	4.6523E+4	3.5990E+4	2.7250E+4	2.0638E+4	1.5452E+4	1.1515E+4
2.3937E+5	1.8176E+5	1.5513E+5	1.3064E+5	1.1239E+5	1.0936E+5	1.0704E+5	1.0665E+5	1.0910E+5	1.1108E+5	1.1660E+5	1.2006E+5	1.2002E+5	1.1467E+5	1.0318E+5	8.8994E+4	7.5112E+4	5.9227E+4	4.6504E+4	3.5969E+4	2.7238E+4	2.0631E+4	1.5447E+4	1.1513E+4
2.3801E+5	1.8024E+5	1.5571E+5	1.3195E+5	1.1348E+5	1.1002E+5	1.0729E+5	1.0656E+5	1.0846E+5	1.1174E+5	1.1650E+5	1.1997E+5	1.1993E+5	1.1458E+5	1.0311E+5	8.8972E+4	7.5042E+4	5.9186E+4	4.6481E+4	3.5960E+4	2.7230E+4	2.0627E+4	1.5444E+4	1.1508E+4
2.3776E+5	1.8430E+5	1.5492E+5	1.2865E+5	1.1287E+5	1.0827E+5	1.0560E+5	1.0676E+5	1.0813E+5	1.1171E+5	1.1622E+5	1.1966E+5	1.1963E+5	1.1448E+5	1.0300E+5	8.8867E+4	7.5045E+4	5.9200E+4	4.6471E+4	3.5955E+4	2.7222E+4	2.0619E+4	1.5441E+4	1.1508E+4
2.3253E+5	1.8399E+5	1.5496E+5	1.3133E+5	1.1332E+5	1.0932E+5	1.0770E+5	1.0704E+5	1.0867E+5	1.1186E+5	1.1680E+5	1.2027E+5	1.2003E+5	1.1473E+5	1.0323E+5	8.8964E+4	7.5073E+4	5.9211E+4	4.6485E+4	3.5963E+4	2.7220E+4	2.0622E+4	1.5441E+4	1.1508E+4
2.3836E+5	1.8257E+5	1.5710E+5	1.2971E+5	1.1266E+5	1.0865E+5	1.0617E+5	1.0644E+5	1.0765E+5	1.1030E+5	1.1534E+5	1.1908E+5	1.1906E+5	1.1402E+5	1.0265E+5	8.8659E+4	7.4875E+4	5.9063E+4	4.6410E+4	3.5914E+4	2.7198E+4	2.0606E+4	1.5432E+4	1.1500E+4
2.2757E+5	1.7631E+5	1.5401E+5	1.3047E+5	1.1301E+5	1.0877E+5	1.0601E+5	1.0624E+5	1.0812E+5	1.1069E+5	1.1572E+5	1.1899E+5	1.1898E+5	1.1390E+5	1.0260E+5	8.8620E+4	7.4794E+4	5.9061E+4	4.6395E+4	3.5905E+4	2.7191E+4	2.0599E+4	1.5429E+4	1.1497E+4
2.3580E+5	1.7992E+5	1.5771E+5	1.2956E+5	1.1197E+5	1.0787E+5	1.0628E+5	1.0597E+5	1.0763E+5	1.1039E+5	1.1553E+5	1.1885E+5	1.1882E+5	1.1380E+5	1.0253E+5	8.8575E+4	7.4777E+4	5.9028E+4	4.6387E+4	3.5895E+4	2.7188E+4	2.0595E+4	1.5425E+4	1.1495E+4
2.4184E+5	1.8182E+5	1.5779E+5	1.3041E+5	1.1146E+5	1.0759E+5	1.0538E+5	1.0530E+5	1.0712E+5	1.1057E+5	1.1475E+5	1.1821E+5	1.1823E+5	1.1320E+5	1.0216E+5	8.8272E+4	7.4644E+4	5.8936E+4	4.6323E+4	3.5858E+4	2.7167E+4	2.0579E+4	1.5414E+4	1.1489E+4
2.3271E+5	1.7745E+5	1.5360E+5	1.2723E+5	1.1104E+5	1.0665E+5	1.0414E+5	1.0441E+5	1.0598E+5	1.0911E+5	1.1377E+5	1.1766E+5	1.1787E+5	1.1305E+5	1.0202E+5	8.8229E+4	7.4545E+4	5.8886E+4	4.6312E+4	3.5845E+4	2.7152E+4	2.0574E+4	1.5408E+4	1.1485E+4
2.3263E+5	1.8026E+5	1.5216E+5	1.2759E+5	1.1154E+5	1.0663E+5	1.0531E+5	1.0491E+5	1.0683E+5	1.0930E+5	1.1439E+5	1.1832E+5	1.1852E+5	1.1352E+5	1.0230E+5	8.8376E+4	7.4698E+4	5.8941E+4	4.6327E+4	3.5864E+4	2.7160E+4	2.0580E+4	1.5412E+4	1.1486E+4
2.2085E+5	1.7090E+5	1.4808E+5	1.2795E+5	1.0871E+5	1.0731E+5	1.0505E+5	1.0421E+5	1.0582E+5	1.0915E+5	1.1380E+5	1.1797E+5	1.1808E+5	1.1312E+5	1.0208E+5	8.8205E+4	7.4560E+4	5.8892E+4	4.6284E+4	3.5835E+4	2.7146E+4	2.0567E+4	1.5404E+4	1.1482E+4
2.3183E+5	1.7719E+5	1.5340E+5	1.2818E+5	1.0997E+5	1.0695E+5	1.0498E+5	1.0520E+5	1.0703E+5	1.0952E+5	1.1557E+5	1.1884E+5	1.1893E+5	1.1389E+5	1.0253E+5	8.8527E+4	7.4755E+4	5.8988E+4	4.6330E+4	3.5852E+4	2.7156E+4	2.0572E+4	1.5407E+4	1.1484E+4
2.3678E+5	1.8127E+5	1.5388E+5	1.2610E+5	1.0989E+5	1.0702E+5	1.0532E+5	1.0586E+5	1.0724E+5	1.1013E+5	1.1539E+5	1.1892E+5	1.1881E+5	1.1378E+5	1.0255E+5	8.8459E+4	7.4714E+4	5.8961E+4	4.6320E+4	3.5858E+4	2.7152E+4	2.0572E+4	1.5405E+4	1.1481E+4
2.4040E+5	1.8036E+5	1.5721E+5	1.3046E+5	1.1112E+5	1.0834E+5	1.0663E+5	1.0658E+5	1.0841E+5	1.1160E+5	1.1650E+5	1.2037E+5	1.2007E+5	1.1470E+5	1.0308E+5	8.8856E+4	7.4948E+4	5.9085E+4	4.6375E+4	3.5886E+4	2.7164E+4	2.0576E+4	1.5408E+4	1.1482E+4
2.4194E+5	1.8507E+5	1.5572E+5	1.2738E+5	1.1215E+5	1.0739E+5	1.0608E+5	1.0655E+5	1.0804E+5	1.1140E+5	1.1614E+5	1.1980E+5	1.1962E+5	1.1435E+5	1.0289E+5	8.8702E+4	7.4839E+4	5.9025E+4	4.6348E+4	3.5856E+4	2.7152E+4	2.0569E+4	1.5403E+4	1.1479E+4
2.2710E+5	1.7538E+5	1.5068E+5	1.2639E+5	1.0979E+5	1.0585E+5	1.0396E+5	1.0395E+5	1.0635E+5	1.0979E+5	1.1470E+5	1.1831E+5	1.1831E+5	1.1344E+5	1.0231E+5	8.8304E+4	7.4617E+4	5.8892E+4	4.6271E+4	3.5824E+4	2.7131E+4	2.0551E+4	1.5394E+4	1.1473E+4
2.3674E+5	1.8193E+5	1.5464E+5	1.2840E+5	1.1038E+5	1.0691E+5	1.0531E+5	1.0546E+5	1.0688E+5	1.1016E+5	1.1497E+5	1.1913E+5	1.1904E+5	1.1383E+5	1.0249E+5	8.8489E+4	7.4710E+4	5.8940E+4	4.6294E+4	3.5827E+4	2.7140E+4	2.0556E+4	1.5392E+4	1.1473E+4
2.3292E+5	1.7968E+5	1.5277E+5	1.2850E+5	1.1126E+5	1.0641E+5	1.0473E+5	1.0526E+5	1.0733E+5	1.0969E+5	1.1512E+5	1.1868E+5	1.1871E+5	1.1362E+5	1.0238E+5	8.8371E+4	7.4610E+4	5.8893E+4	4.6278E+4	3.5820E+4	2.7129E+4	2.0551E+4	1.5389E+4	1.1471E+4
2.3027E+5	1.7706E+5	1.5186E+5	1.2791E+5	1.0975E+5	1.0693E+5	1.0512E+5	1.0528E+5	1.0670E+5	1.0958E+5	1.1514E+5	1.1866E+5	1.1864E+5	1.1354E+5	1.0231E+5	8.8369E+4	7.4620E+4	5.8892E+4	4.6280E+4	3.5813E+4	2.7127E+4	2.0547E+4	1.5389E+4	1.1468E+4
2.2717E+5	1.7708E+5	1.5115E+5	1.2651E+5	1.0954E+5	1.0582E+5	1.0419E+5	1.0436E+5	1.0656E+5	1.0967E+5	1.1386E+5	1.1822E+5	1.1806E+5	1.1312E+5	1.0198E+5	8.8143E+4	7.4469E+4	5.8826E+4	4.6231E+4	3.5789E+4	2.7112E+4	2.0536E+4	1.5382E+4	1.1464E+4
2.2650E+5	1.7674E+5	1.5107E+5	1.2592E+5	1.0768E+5	1.0539E+5	1.0403E+5	1.0406E+5	1.0579E+5	1.0951E+5	1.1427E+5	1.1776E+5	1.1786E+5	1.1296E+5	1.0194E+5	8.8118E+4	7.4458E+4	5.8803E+4	4.6220E+4	3.5775E+4	2.7098E+4	2.0528E+4	1.5376E+4	1.1461E+4
2.2506E+5	1.7609E+5	1.5042E+5	1.2596E+5	1.0824E+5	1.0509E+5	1.0354E+5	1.0317E+5	1.0493E+5	1.0926E+5	1.1347E+5	1.1746E+5	1.1759E+5	1.1278E+5	1.0166E+5	8.7920E+4	7.4333E+4	5.8752E+4	4.6191E+4	3.5753E+4	2.7091E+4	2.0525E+4	1.5373E+4	1.1456E+4
2.2614E+5	1.7817E+5	1.5262E+5	1.2725E+5	1.0971E+5	1.0627E+5	1.0521E+5	1.0461E+5	1.0682E+5	1.1073E+5	1.1544E+5	1.1879E+5	1.1874E+5	1.1352E+5	1.0231E+5	8.8342E+4	7.4619E+4	5.8869E+4	4.6257E+4	3.5794E+4	2.7106E+4	2.0533E+4	1.5376E+4	1.1461E+4
2.2448E+5	1.7757E+5	1.4859E+5	1.2474E+5	1.0822E+5	1.0512E+5	1.0294E+5	1.0326E+5	1.0477E+5	1.0751E+5	1.1358E+5	1.1735E+5	1.1761E+5	1.1276E+5	1.0178E+5	8.7979E+4	7.4422E+4	5.8770E+4	4.6202E+4	3.5766E+4	2.7089E+4	2.0522E+4	1.5370E+4	1.1454E+4
2.3093E+5	1.7733E+5	1.4877E+5	1.2409E+5	1.0759E+5	1.0407E+5	1.0323E+5	1.0302E+5	1.0463E+5	1.0834E+5	1.1358E+5	1.1741E+5	1.1778E+5	1.1293E+5	1.0192E+5	8.8078E+4	7.4450E+4	5.8786E+4	4.6194E+4	3.5765E+4	2.7087E+4	2.0523E+4	1.5368E+4	1.1453E+4
2.2866E+5	1.8197E+5	1.5104E+5	1.2629E+5	1.0843E+5	1.0527E+5	1.0308E+5	1.0332E+5	1.0508E+5	1.0832E+5	1.1354E+5	1.1768E+5	1.1795E+5	1.1301E+5	1.0198E+5	8.8133E+4	7.4462E+4	5.8802E+4	4.6203E+4	3.5755E+4	2.7085E+4	2.0519E+4	1.5365E+4	1.1451E+4
2.2573E+5	1.7458E+5	1.5004E+5	1.2524E+5	1.0671E+5	1.0422E+5	1.0297E+5	1.0300E+5	1.0517E+5	1.0833E+5	1.1417E+5	1.1795E+5	1.1823E+5	1.1318E+5	1.0211E+5	8.8202E+4	7.4519E+4	5.8812E+4	4.6224E+4	3.5768E+4	2.7087E+4	2.0522E+4	1.5364E+4	1.1452E+4
2.4332E+5	1.7940E+5	1.5167E+5	1.2613E+5	1.0695E+5	1.0408E+5	1.0303E+5	1.0263E+5	1.0507E+5	1.0864E+5	1.1439E+5	1.1777E+5	1.1822E+5	1.1307E+5	1.0198E+5	8.8174E+4	7.4489E+4	5.8782E+4	4.6199E+4	3.5762E+4	2.7080E+4	2.0511E+4	1.5362E+4	1.1449E+4
2.2696E+5	1.7305E+5	1.4934E+5	1.2539E+5	1.0668E+5	1.0394E+5	1.0142E+5	1.0196E+5	1.0462E+5	1.0798E+5	1.1323E+5	1.1763E+5	1.1796E+5	1.1310E+5	1.0208E+5	8.8188E+4	7.4538E+4	5.8829E+4	4.6208E+4	3.5759E+4	2.7084E+4	2.0514E+4	1.5362E+4	1.1448E+4
2.3010E+5	1.7606E+5	1.5120E+5	1.2508E+5	1.0765E+5	1.0458E+5	1.0295E+5	1.0265E+5	1.0496E+5	1.0884E+5	1.1405E+5	1.1825E+5	1.1843E+5	1.1357E+5	1.0236E+5	8.8318E+4	7.4612E+4	5.8849E+4	4.6226E+4	3.5762E+4	2.7081E+4	2.0514E+4	1.5362E+4	1.1448E+4
2.3161E+5	1.7689E+5	1.5034E+5	1.2474E+5	1.0842E+5	1.0471E+5	1.0372E+5	1.0324E+5	1.0536E+5	1.0977E+5	1.1436E+5	1.1866E+5	1.1874E+5	1.1371E+5	1.0250E+5	8.8431E+4	7.4629E+4	5.8888E+4	4.6233E+4	3.5770E+4	2.7087E+4	2.0516E+4	1.5361E+4	1.1447E+4
2.3304E+5	1.7657E+5	1.4612E+5	1.2337E+5	1.0734E+5	1.0344E+5	1.0185E+5	1.0184E+5	1.0422E+5	1.0818E+5	1.1337E+5	1.1740E+5	1.1776E+5	1.1298E+5	1.0196E+5	8.8037E+4	7.4413E+4	5.8756E+4	4.6154E+4	3.5725E+4	2.7060E+4	2.0498E+4	1.5351E+4	1.1440E+4
2.2470E+5	1.7796E+5	1.4742E+5	1.2264E+5	1.0872E+5	1.0431E+5	1.0286E+5	1.0236E+5	1.0478E+5	1.0798E+5	1.1381E+5	1.1757E+5	1.1760E+5	1.1284E+5	1.0186E+5	8.8029E+4	7.4374E+4	5.8731E+4	4.6154E+4	3.5717E+4	2.7053E+4	2.0494E+4	1.5349E+4	1.1439E+4
2.1612E+5	1.6863E+5	1.4783E+5	1.2231E+5	1.0655E+5	1.0227E+5	1.0117E+5	1.0117E+5	1.0295E+5	1.0710E+5	1.1286E+5	1.1682E+5	1.1696E+5	1.1228E+5	1.0142E+5	8.7758E+4	7.4192E+4	5.8627E+4	4.6090E+4	3.5683E+4	2.7030E+4	2.0481E+4	1.5340E+4	1.1433E+4
2.2997E+5	1.7301E+5	1.4652E+5	1.2379E+5	1.0553E+5	1.0329E+5	1.0128E+5	1.0186E+5	1.0414E+5	1.0783E+5	1.1320E+5	1.1721E+5	1.1735E+5	1.1257E+5	1.0158E+5	8.7842E+4	7.4254E+4	5.8652E+4	4.6096E+4	3.5684E+4	2.7033E+4	2.0480E+4	1.5338E+4	1.1433E+4
2.2912E+5	1.7423E+5	1.4782E+5	1.2384E+5	1.0659E+5	1.0323E+5	1.0191E+5	1.0230E+5	1.0416E+5	1.0824E+5	1.1303E+5	1.1693E+5	1.1714E+5	1.1230E+5	1.0145E+5	8.7731E+4	7.4177E+4	5.8608E+4	4.6065E+4	3.5666E+4	2.7022E+4	2.0474E+4	1.5335E+4	1.1429E+4
2.2988E+5	1.7307E+5	1.4864E+5	1.2303E+5	1.0588E+5	1.0452E+5	1.0124E+5	1.0296E+5	1.0426E+5	1.0737E+5	1.1345E+5	1.1726E+5	1.1737E+5	1.1246E+5	1.0146E+5	8.7740E+4	7.4188E+4	5.8596E+4	4.6054E+4	3.5656E+4	2.7016E+4	2.0469E+4	1.5330E+4	1.1426E+4
2.3070E+5	1.7690E+5	1.4813E+5	1.2429E+5	1.0578E+5	1.0398E+5	1.0240E+5	1.0289E+5	1.0447E+5	1.0802E+5	1.1290E+5	1.1692E+5	1.1705E+5	1.1227E+5	1.0124E+5	8.7590E+4	7.4077E+4	5.8547E+4	4.6030E+4	3.5638E+4	2.7003E+4	2.0460E+4	1.5324E+4	1.1421E+4
2.3470E+5	1.7936E+5	1.4956E+5	1.2458E+5	1.0660E+5	1.0442E+5	1.0231E+5	1.0287E+5	1.0476E+5	1.0888E+5	1.1410E+5	1.1747E+5	1.1758E+5	1.1273E+5	1.0171E+5	8.7825E+4	7.4213E+4	5.8613E+4	4.6064E+4	3.5661E+4	2.7015E+4	2.0468E+4	1.5326E+4	1.1422E+4
2.2031E+5	1.7024E+5	1.4571E+5	1.2039E+5	1.0484E+5	1.0236E+5	1.0062E+5	1.0129E+5	1.0309E+5	1.0705E+5	1.1223E+5	1.1634E+5	1.1667E+5	1.1205E+5	1.0118E+5	8.7542E+4	7.4033E+4	5.8541E+4	4.6022E+4	3.5631E+4	2.6990E+4	2.0448E+4	1.5320E+4	1.1418E+4
2.2781E+5	1.7197E+5	1.4558E+5	1.2223E+5	1.0520E+5	1.0270E+5	1.0154E+5	1.0114E+5	1.0388E+5	1.0828E+5	1.1313E+5	1.1684E+5	1.1742E+5	1.1261E+5	1.0155E+5	8.7773E+4	7.4182E+4	5.8598E+4	4.6064E+4	3.5657E+4	2.7007E+4	2.0462E+4	1.5323E+4	1.1419E+4
2.2841E+5	1.7540E+5	1.4849E+5	1.2331E+5	1.0689E+5	1.0369E+5	1.0197E+5	1.0210E+5	1.0467E+5	1.0805E+5	1.1301E+5	1.1704E+5	1.1738E+5	1.1240E+5	1.0144E+5	8.7714E+4	7.4139E+4	5.8559E+4	4.6034E+4	3.5636E+4	2.6995E+4	2.0454E+4	1.5317E+4	1.1416E+4
2.2533E+5	1.6834E+5	1.4401E+5	1.2043E+5	1.0523E+5	1.0173E+5	1.0002E+5	1.0017E+5	1.0260E+5	1.0681E+5	1.1169E+5	1.1548E+5	1.1602E+5	1.1128E+5	1.0072E+5	8.7245E+4	7.3832E+4	5.8405E+4	4.5935E+4	3.5579E+4	2.6967E+4	2.0434E+4	1.5306E+4	1.1407E+4
2.2988E+5	1.7476E+5	1.4929E+5	1.2409E+5	1.0507E+5	1.0347E+5	1.0004E+5	1.0067E+5	1.0340E+5	1.0721E+5	1.1199E+5	1.1561E+5	1.1590E+5	1.1131E+5	1.0060E+5	8.7133E+4	7.3771E+4	5.8378E+4	4.5914E+4	3.5568E+4	2.6954E+4	2.0426E+4	1.5301E+4	1.1405E+4
2.2310E+5	1.7087E+5	1.5283E+5	1.1982E+5	1.0599E+5	1.0265E+5	1.0071E+5	9.9980E+4	1.0194E+5	1.0676E+5	1.1126E+5	1.1467E+5	1.1487E+5	1.1058E+5	1.0008E+5	8.6804E+4	7.3577E+4	5.8246E+4	4.5843E+4	3.5530E+4	2.6936E+4	2.0412E+4	1.5292E+4	1.1398E+4
2.4052E+5	1.8414E+5	1.4010E+5	1.2127E+5	1.0445E+5	1.0339E+5	1.0107E+5	1.0111E+5	1.0260E+5	1.0611E+5	1.1043E+5	1.1487E+5	1.1502E+5	1.1049E+5	1.0013E+5	8.6863E+4	7.3586E+4	5.8252E+4	4.5849E+4	3.5530E+4	2.6937E+4	2.0412E+4	1.5294E+4	1.1398E+4
2.1474E+5	1.6755E+5	1.4321E+5	1.2179E+5	1.0512E+5	1.0101E+5	9.9503E+4	1.0048E+5	1.0213E+5	1.0538E+5	1.1068E+5	1.1411E+5	1.1473E+5	1.1034E+5	9.9995E+4	8.6803E+4	7.3535E+4	5.8221E+4	4.5845E+4	3.5520E+4	2.6925E+4	2.0408E+4	1.5289E+4	1.1394E+4
2.2256E+5	1.7052E+5	1.4409E+5	1.2057E+5	1.0430E+5	1.0131E+5	1.0014E+5	1.0017E+5	1.0188E+5	1.0594E+5	1.1057E+5	1.1425E+5	1.1488E+5	1.1045E+5	1.0011E+5	8.6816E+4	7.3527E+4	5.8240E+4	4.5837E+4	3.5518E+4	2.6921E+4	2.0406E+4	1.5284E+4	1.1392E+4
2.2179E+5	1.7005E+5	1.4311E+5	1.2036E+5	1.0400E+5	9.9663E+4	9.8681E+4	9.7679E+4	1.0088E+5	1.0423E+5	1.0950E+5	1.1292E+5	1.1372E+5	1.0937E+5	9.9385E+4	8.6345E+4	7.3270E+4	5.8075E+4	4.5760E+4	3.5474E+4	2.6897E+4	2.0392E+4	1.5275E+4	1.1386E+4
2.1036E+5	1.6410E+5	1.4787E+5	1.1648E+5	1.0355E+5	9.9764E+4	9.7010E+4	9.8672E+4	9.9151E+4	1.0266E+5	1.0779E+5	1.1209E+5	1.1277E+5	1.0892E+5	9.9070E+4	8.6136E+4	7.3154E+4	5.8023E+4	4.5723E+4	3.5445E+4	2.6885E+4	2.0380E+4	1.5270E+4	1.1383E+4
2.1694E+5	1.6674E+5	1.4204E+5	1.1833E+5	1.0135E+5	9.9461E+4	9.7120E+4	9.7598E+4	9.9134E+4	1.0250E+5	1.0701E+5	1.1097E+5	1.1200E+5	1.0822E+5	9.8523E+4	8.5845E+4	7.2960E+4	5.7914E+4	4.5655E+4	3.5408E+4	2.6862E+4	2.0366E+4	1.5259E+4	1.1377E+4
2.2175E+5	1.6845E+5	1.4533E+5	1.1850E+5	1.0183E+5	9.9544E+4	9.7666E+4	9.7225E+4	9.8974E+4	1.0168E+5	1.0701E+5	1.1079E+5	1.1181E+5	1.0796E+5	9.8355E+4	8.5763E+4	7.2898E+4	5.7874E+4	4.5628E+4	3.5394E+4	2.6849E+4	2.0361E+4	1.5256E+4	1.1375E+4
2.2489E+5	1.6409E+5	1.4327E+5	1.1780E+5	1.0093E+5	9.9179E+4	9.6804E+4	9.7130E+4	9.8929E+4	1.0121E+5	1.0656E+5	1.1033E+5	1.1138E+5	1.0774E+5	9.8218E+4	8.5615E+4	7.2841E+4	5.7827E+4	4.5606E+4	3.5378E+4	2.6838E+4	2.0351E+4	1.5253E+4	1.1371E+4
2.1398E+5	1.6392E+5	1.3957E+5	1.1724E+5	1.0018E+5	9.7344E+4	9.5885E+4	9.5978E+4	9.7565E+4	1.0127E+5	1.0554E+5	1.0978E+5	1.1087E+5	1.0731E+5	9.7870E+4	8.5467E+4	7.2717E+4	5.7770E+4	4.5556E+4	3.5364E+4	2.6827E+4	2.0347E+4	1.5248E+4	1.1368E+4
2.1708E+5	1.6802E+5	1.4230E+5	1.1838E+5	1.0188E+5	9.8441E+4	9.6506E+4	9.6686E+4	9.8187E+4	1.0109E+5	1.0631E+5	1.1002E+5	1.1108E+5	1.0747E+5	9.8053E+4	8.5465E+4	7.2715E+4	5.7775E+4	4.5566E+4	3.5363E+4	2.6828E+4	2.0345E+4	1.5245E+4	1.1367E+4
2.2272E+5	1.6586E+5	1.4258E+5	1.1818E+5	1.0207E+5	9.7958E+4	9.6247E+4	9.6416E+4	9.8140E+4	1.0102E+5	1.0580E+5	1.0989E+5	1.1088E+5	1.0721E+5	9.7851E+4	8.5364E+4	7.2668E+4	5.7716E+4	4.5537E+4	3.5343E+4	2.6818E+4	2.0336E+4	1.5242E+4	1.1364E+4
2.1818E+5	1.6688E+5	1.4148E+5	1.1770E+5	1.0035E+5	9.7292E+4	9.5122E+4	9.5828E+4	9.6962E+4	1.0018E+5	1.0429E+5	1.0871E+5	1.0989E+5	1.0649E+5	9.7341E+4	8.5016E+4	7.2469E+4	5.7614E+4	4.5493E+4	3.5312E+4	2.6800E+4	2.0329E+4	1.5234E+4	1.1358E+4
2.1397E+5	1.6615E+5	1.4092E+5	1.1671E+5	9.9553E+4	9.7305E+4	9.5620E+4	9.5906E+4	9.7087E+4	1.0107E+5	1.0493E+5	1.0895E+5	1.1017E+5	1.0654E+5	9.7326E+4	8.5027E+4	7.2428E+4	5.7627E+4	4.5482E+4	3.5305E+4	2.6794E+4	2.0322E+4	1.5233E+4	1.1356E+4
2.1869E+5	1.6721E+5	1.4282E+5	1.1549E+5	9.9669E+4	9.6544E+4	9.4521E+4	9.4835E+4	9.6390E+4	9.9540E+4	1.0455E+5	1.0812E+5	1.0941E+5	1.0610E+5	9.7018E+4	8.4840E+4	7.2320E+4	5.7548E+4	4.5441E+4	3.5287E+4	2.6783E+4	2.0316E+4	1.5226E+4	1.1354E+4
2.2152E+5	1.6710E+5	1.4040E+5	1.1484E+5	9.9107E+4	9.6752E+4	9.4695E+4	9.4619E+4	9.6734E+4	9.9786E+4	1.0434E+5	1.0884E+5	1.1007E+5	1.0669E+5	9.7491E+4	8.5160E+4	7.2506E+4	5.7643E+4	4.5495E+4	3.5316E+4	2.6796E+4	2.0322E+4	1.5229E+4	1.1354E+4
2.1210E+5	1.6464E+5	1.3939E+5	1.1613E+5	9.9342E+4	9.5501E+4	9.4471E+4	9.3985E+4	9.5625E+4	9.8607E+4	1.0384E+5	1.0815E+5	1.0965E+5	1.0628E+5	9.7272E+4	8.5039E+4	7.2435E+4	5.7613E+4	4.5470E+4	3.5294E+4	2.6786E+4	2.0313E+4	1.5224E+4	1.1350E+4
2.1598E+5	1.6521E+5	1.4036E+5	1.1502E+5	9.9597E+4	9.5951E+4	9.4591E+4	9.4262E+4	9.6161E+4	9.8982E+4	1.0416E+5	1.0879E+5	1.1010E+5	1.0668E+5	9.7520E+4	8.5176E+4	7.2535E+4	5.7650E+4	4.5502E+4	3.5306E+4	2.6794E+4	2.0316E+4	1.5225E+4	1.1352E+4
2.1455E+5	1.6340E+5	1.3951E+5	1.1559E+5	9.9150E+4	9.6536E+4	9.4451E+4	9.5157E+4	9.6597E+4	9.9996E+4	1.0503E+5	1.0935E+5	1.1061E+5	1.0716E+5	9.7874E+4	8.5414E+4	7.2672E+4	5.7732E+4	4.5544E+4	3.5331E+4	2.6800E+4	2.0325E+4	1.5227E+4	1.1353E+4
2.1567E+5	1.5972E+5	1.3675E+5	1.1595E+5	9.8146E+4	9.6435E+4	9.4102E+4	9.4014E+4	9.5739E+4	9.9018E+4	1.0410E+5	1.0864E+5	1.1024E+5	1.0687E+5	9.7686E+4	8.5305E+4	7.2620E+4	5.7699E+4	4.5508E+4	3.5309E+4	2.6787E+4	2.0314E+4	1.5222E+4	1.1348E+4
2.1819E+5	1.6700E+5	1.3808E+5	1.1387E+5	9.8837E+4	9.4967E+4	9.3991E+4	9.3649E+4	9.5926E+4	9.8796E+4	1.0432E+5	1.0874E+5	1.1037E+5	1.0693E+5	9.7732E+4	8.5316E+4	7.2636E+4	5.7702E+4	4.5509E+4	3.5315E+4	2.6787E+4	2.0314E+4	1.5219E+4	1.1349E+4
2.0735E+5	1.6490E+5	1.3648E+5	1.1330E+5	9.6774E+4	9.4311E+4	9.3760E+4	9.3816E+4	9.5232E+4	9.9220E+4	1.0473E+5	1.0875E+5	1.1036E+5	1.0701E+5	9.7746E+4	8.5369E+4	7.2654E+4	5.7708E+4	4.5523E+4	3.5308E+4	2.6785E+4	2.0312E+4	1.5221E+4	1.1347E+4
2.0988E+5	1.5895E+5	1.3722E+5	1.1174E+5	9.7216E+4	9.4140E+4	9.3509E+4	9.2925E+4	9.4543E+4	9.8686E+4	1.0365E+5	1.0855E+5	1.0999E+5	1.0672E+5	9.7561E+4	8.5203E+4	7.2564E+4	5.7658E+4	4.5486E+4	3.5296E+4	2.6775E+4	2.0304E+4	1.5217E+4	1.1344E+4
2.0457E+5	1.5791E+5	1.3420E+5	1.1233E+5	9.5091E+4	9.2441E+4	9.1063E+4	9.1290E+4	9.3850E+4	9.7807E+4	1.0241E+5	1.0716E+5	1.0902E+5	1.0598E+5	9.7051E+4	8.4922E+4	7.2339E+4	5.7548E+4	4.5432E+4	3.5265E+4	2.6763E+4	2.0296E+4	1.5208E+4	1.1339E+4
2.0925E+5	1.6056E+5	1.3319E+5	1.1203E+5	9.6823E+4	9.2668E+4	9.2016E+4	9.2438E+4	9.4374E+4	9.7512E+4	1.0293E+5	1.0757E+5	1.0921E+5	1.0623E+5	9.7243E+4	8.4999E+4	7.2411E+4	5.7571E+4	4.5434E+4	3.5261E+4	2.6754E+4	2.0289E+4	1.5206E+4	1.1336E+4
2.1368E+5	1.5900E+5	1.3483E+5	1.1083E+5	9.5774E+4	9.2922E+4	9.1556E+4	9.1699E+4	9.3660E+4	9.7695E+4	1.0301E+5	1.0760E+5	1.0925E+5	1.0618E+5	9.7201E+4	8.5039E+4	7.2427E+4	5.7576E+4	4.5432E+4	3.5263E+4	2.6756E+4	2.0290E+4	1.5204E+4	1.1335E+4
2.0621E+5	1.6276E+5	1.3459E+5	1.1193E+5	9.6703E+4	9.3392E+4	9.2107E+4	9.2855E+4	9.4781E+4	9.8853E+4	1.0411E+5	1.0850E+5	1.1010E+5	1.0694E+5	9.7786E+4	8.5340E+4	7.2645E+4	5.7693E+4	4.5494E+4	3.5286E+4	2.6771E+4	2.0297E+4	1.5208E+4	1.1338E+4
2.0497E+5	1.5766E+5	1.3464E+5	1.1100E+5	9.5959E+4	9.2994E+4	9.1829E+4	9.1817E+4	9.3879E+4	9.7898E+4	1.0297E+5	1.0740E+5	1.0907E+5	1.0607E+5	9.7114E+4	8.4911E+4	7.2363E+4	5.7535E+4	4.5405E+4	3.5242E+4	2.6741E+4	2.0282E+4	1.5198E+4	1.1331E+4
2.1161E+5	1.5898E+5	1.3349E+5	1.1194E+5	9.6189E+4	9.3157E+4	9.1723E+4	9.1888E+4	9.4092E+4	9.7718E+4	1.0305E+5	1.0778E+5	1.0943E+5	1.0628E+5	9.7270E+4	8.5043E+4	7.2429E+4	5.7570E+4	4.5431E+4	3.5249E+4	2.6741E+4	2.0284E+4	1.5199E+4	1.1331E+4
2.1260E+5	1.5219E+5	1.2982E+5	1.1323E+5	9.7093E+4	9.3085E+4	9.1160E+4	9.2534E+4	9.3961E+4	9.7482E+4	1.0313E+5	1.0757E+5	1.0941E+5	1.0631E+5	9.7290E+4	8.5044E+4	7.2415E+4	5.7568E+4	4.5414E+4	3.5243E+4	2.6746E+4	2.0281E+4	1.5198E+4	1.1331E+4
2.0469E+5	1.5645E+5	1.3197E+5	1.0960E+5	9.3872E+4	9.2950E+4	9.1581E+4	9.1175E+4	9.4182E+4	9.6803E+4	1.0217E+5	1.0776E+5	1.0954E+5	1.0650E+5	9.7463E+4	8.5148E+4	7.2498E+4	5.7598E+4	4.5449E+4	3.5259E+4	2.6750E+4	2.0285E+4	1.5199E+4	1.1332E+4
1.9178E+5	1.5111E+5	1.2982E+5	1.0860E+5	9.4650E+4	9.1364E+4	8.9874E+4	9.0617E+4	9.2786E+4	9.6334E+4	1.0198E+5	1.0663E+5	1.0848E+5	1.0555E+5	9.6732E+4	8.4671E+4	7.2187E+4	5.7436E+4	4.5352E+4	3.5204E+4	2.6720E+4	2.0266E+4	1.5189E+4	1.1324E+4
2.0329E+5	1.5367E+5	1.3077E+5	1.0971E+5	9.4225E+4	9.1820E+4	9.0586E+4	9.1268E+4	9.2747E+4	9.6576E+4	1.0233E+5	1.0667E+5	1.0844E+5	1.0555E+5	9.6717E+4	8.4658E+4	7.2150E+4	5.7426E+4	4.5334E+4	3.5195E+4	2.6712E+4	2.0261E+4	1.5184E+4	1.1321E+4
2.0116E+5	1.5439E+5	1.3146E+5	1.0917E+5	9.4665E+4	9.1831E+4	9.0091E+4	9.1261E+4	9.3268E+4	9.7013E+4	1.0204E+5	1.0681E+5	1.0847E+5	1.0559E+5	9.6833E+4	8.4722E+4	7.2225E+4	5.7460E+4	4.5353E+4	3.5208E+4	2.6720E+4	2.0265E+4	1.5186E+4	1.1322E+4
2.0297E+5	1.5263E+5	1.3061E+5	1.0900E+5	9.3667E+4	9.0753E+4	8.9425E+4	9.0723E+4	9.2594E+4	9.6360E+4	1.0136E+5	1.0632E+5	1.0844E+5	1.0546E+5	9.6829E+4	8.4715E+4	7.2193E+4	5.7438E+4	4.5342E+4	3.5202E+4	2.6714E+4	2.0259E+4	1.5181E+4	1.1319E+4
2.0079E+5	1.5566E+5	1.3227E+5	1.0902E+5	9.3529E+4	9.2013E+4	9.0154E+4	9.0334E+4	9.2075E+4	9.5664E+4	1.0056E+5	1.0586E+5	1.0789E+5	1.0497E+5	9.6405E+4	8.4435E+4	7.2020E+4	5.7351E+4	4.5295E+4	3.5170E+4	2.6690E+4	2.0249E+4	1.5177E+4	1.1316E+4
1.9573E+5	1.5969E+5	1.3068E+5	1.0926E+5	9.5889E+4	9.1896E+4	9.0097E+4	9.0960E+4	9.2601E+4	9.5307E+4	1.0139E+5	1.0615E+5	1.0780E+5	1.0507E+5	9.6399E+4	8.4421E+4	7.2051E+4	5.7355E+4	4.5283E+4	3.5163E+4	2.6693E+4	2.0246E+4	1.5174E+4	1.1315E+4
2.0268E+5	1.5775E+5	1.3300E+5	1.1156E+5	9.5385E+4	9.3953E+4	9.2481E+4	9.2053E+4	9.4081E+4	9.7806E+4	1.0233E+5	1.0743E+5	1.0903E+5	1.0586E+5	9.6932E+4	8.4787E+4	7.2210E+4	5.7454E+4	4.5352E+4	3.5197E+4	2.6707E+4	2.0252E+4	1.5179E+4	1.1316E+4
2.0933E+5	1.5362E+5	1.2930E+5	1.0850E+5	9.3671E+4	9.1834E+4	9.0820E+4	9.0958E+4	9.2641E+4	9.5755E+4	1.0121E+5	1.0609E+5	1.0804E+5	1.0519E+5	9.6535E+4	8.4503E+4	7.2086E+4	5.7357E+4	4.5296E+4	3.5166E+4	2.6691E+4	2.0246E+4	1.5174E+4	1.1314E+4
2.0104E+5	1.5256E+5	1.3102E+5	1.0912E+5	9.4477E+4	9.1837E+4	9.0743E+4	9.0584E+4	9.3404E+4	9.6781E+4	1.0255E+5	1.0679E+5	1.0857E+5	1.0578E+5	9.6845E+4	8.4745E+4	7.2219E+4	5.7420E+4	4.5327E+4	3.5184E+4	2.6694E+4	2.0245E+4	1.5172E+4	1.1311E+4
1.9048E+5	1.5357E+5	1.3663E+5	1.0867E+5	9.3385E+4	9.1825E+4	9.0863E+4	9.1227E+4	9.3583E+4	9.6802E+4	1.0320E+5	1.0772E+5	1.0948E+5	1.0625E+5	9.7232E+4	8.4944E+4	7.2343E+4	5.7487E+4	4.5364E+4	3.5197E+4	2.6703E+4	2.0249E+4	1.5175E+4	1.1312E+4
2.1300E+5	1.5663E+5	1.3114E+5	1.1056E+5	9.5476E+4	9.3232E+4	9.1337E+4	9.2405E+4	9.4439E+4	9.8034E+4	1.0380E+5	1.0833E+5	1.1001E+5	1.0675E+5	9.7493E+4	8.5166E+4	7.2451E+4	5.7542E+4	4.5390E+4	3.5203E+4	2.6710E+4	2.0252E+4	1.5175E+4	1.1313E+4
1.9715E+5	1.5641E+5	1.3257E+5	1.0975E+5	9.5263E+4	9.3770E+4	9.2627E+4	9.2606E+4	9.4750E+4	9.8615E+4	1.0384E+5	1.0871E+5	1.1041E+5	1.0714E+5	9.7826E+4	8.5291E+4	7.2537E+4	5.7598E+4	4.5406E+4	3.5220E+4	2.6709E+4	2.0251E+4	1.5174E+4	1.1313E+4
2.0482E+5	1.5412E+5	1.3105E+5	1.1021E+5	9.5604E+4	9.3318E+4	9.2610E+4	9.2679E+4	9.5079E+4	9.8953E+4	1.0458E+5	1.0884E+5	1.1053E+5	1.0706E+5	9.7811E+4	8.5318E+4	7.2537E+4	5.7576E+4	4.5396E+4	3.5213E+4	2.6707E+4	2.0250E+4	1.5173E+4	1.1311E+4
1.9704E+5	1.5555E+5	1.2927E+5	1.1015E+5	9.3901E+4	9.3154E+4	9.1462E+4	9.1961E+4	9.3576E+4	9.6347E+4	1.0260E+5	1.0740E+5	1.0906E+5	1.0600E+5	9.6981E+4	8.4805E+4	7.2228E+4	5.7427E+4	4.5318E+4	3.5168E+4	2.6680E+4	2.0235E+4	1.5165E+4	1.1305E+4
1.9984E+5	1.5932E+5	1.3241E+5	1.0939E+5	9.4296E+4	9.3183E+4	9.2007E+4	9.2187E+4	9.4272E+4	9.8157E+4	1.0329E+5	1.0817E+5	1.0960E+5	1.0642E+5	9.7331E+4	8.4975E+4	7.2364E+4	5.7475E+4	4.5341E+4	3.5182E+4	2.6689E+4	2.0238E+4	1.5164E+4	1.1306E+4
2.0602E+5	1.5490E+5	1.3147E+5	1.1050E+5	9.6235E+4	9.2940E+4	9.1823E+4	9.1910E+4	9.3878E+4	9.7708E+4	1.0270E+5	1.0764E+5	1.0919E+5	1.0601E+5	9.7008E+4	8.4786E+4	7.2203E+4	5.7401E+4	4.5303E+4	3.5157E+4	2.6674E+4	2.0228E+4	1.5159E+4	1.1303E+4
2.0398E+5	1.5513E+5	1.3273E+5	1.0961E+5	9.4999E+4	9.2341E+4	9.0507E+4	9.1600E+4	9.3277E+4	9.6592E+4	1.0207E+5	1.0638E+5	1.0818E+5	1.0515E+5	9.6398E+4	8.4345E+4	7.1926E+4	5.7227E+4	4.5202E+4	3.5094E+4	2.6644E+4	2.0207E+4	1.5145E+4	1.1292E+4
2.0235E+5	1.5164E+5	1.3094E+5	1.1051E+5	9.4110E+4	9.1768E+4	9.0357E+4	9.1251E+4	9.3436E+4	9.6749E+4	1.0217E+5	1.0658E+5	1.0830E+5	1.0530E+5	9.6453E+4	8.4423E+4	7.1980E+4	5.7248E+4	4.5216E+4	3.5100E+4	2.6639E+4	2.0207E+4	1.5143E+4	1.1292E+4
2.0632E+5	1.5276E+5	1.3209E+5	1.0968E+5	9.4588E+4	9.2239E+4	9.1529E+4	9.0836E+4	9.3548E+4	9.6997E+4	1.0209E+5	1.0653E+5	1.0817E+5	1.0509E+5	9.6245E+4	8.4257E+4	7.1856E+4	5.7191E+4	4.5155E+4	3.5073E+4	2.6619E+4	2.0197E+4	1.5138E+4	1.1286E+4
2.0498E+5	1.5607E+5	1.3326E+5	1.1023E+5	9.6190E+4	9.3162E+4	9.1818E+4	9.2146E+4	9.4183E+4	9.8264E+4	1.0279E+5	1.0760E+5	1.0910E+5	1.0589E+5	9.6757E+4	8.4626E+4	7.2082E+4	5.7291E+4	4.5212E+4	3.5096E+4	2.6637E+4	2.0204E+4	1.5140E+4	1.1290E+4
2.0655E+5	1.5633E+5	1.3291E+5	1.1140E+5	9.5148E+4	9.2431E+4	9.2604E+4	9.1759E+4	9.4537E+4	9.7254E+4	1.0227E+5	1.0756E+5	1.0897E+5	1.0587E+5	9.6793E+4	8.4600E+4	7.2047E+4	5.7294E+4	4.5210E+4	3.5095E+4	2.6640E+4	2.0204E+4	1.5141E+4	1.1290E+4
2.0259E+5	1.5352E+5	1.3222E+5	1.1067E+5	9.5569E+4	9.2063E+4	9.1259E+4	9.1442E+4	9.3754E+4	9.7543E+4	1.0330E+5	1.0727E+5	1.0882E+5	1.0568E+5	9.6722E+4	8.4493E+4	7.2009E+4	5.7264E+4	4.5209E+4	3.5086E+4	2.6628E+4	2.0201E+4	1.5140E+4	1.1287E+4
2.0390E+5	1.5353E+5	1.3312E+5	1.0904E+5	9.5002E+4	9.2066E+4	9.1011E+4	9.1805E+4	9.3138E+4	9.7414E+4	1.0191E+5	1.0669E+5	1.0816E+5	1.0518E+5	9.6407E+4	8.4294E+4	7.1850E+4	5.7168E+4	4.5149E+4	3.5059E+4	2.6618E+4	2.0189E+4	1.5132E+4	1.1283E+4
2.0164E+5	1.5468E+5	1.3005E+5	1.0847E+5	9.3614E+4	9.1952E+4	9.0621E+4	9.1187E+4	9.2424E+4	9.5717E+4	1.0058E+5	1.0548E+5	1.0724E+5	1.0427E+5	9.5716E+4	8.3831E+4	7.1586E+4	5.7036E+4	4.5073E+4	3.5013E+4	2.6587E+4	2.0175E+4	1.5121E+4	1.1277E+4
2.0606E+5	1.5114E+5	1.2910E+5	1.0986E+5	9.3197E+4	9.1655E+4	9.0306E+4	8.9372E+4	9.2184E+4	9.6465E+4	1.0101E+5	1.0547E+5	1.0719E+5	1.0424E+5	9.5664E+4	8.3821E+4	7.1528E+4	5.7033E+4	4.5065E+4	3.5009E+4	2.6581E+4	2.0171E+4	1.5120E+4	1.1275E+4
2.0051E+5	1.5180E+5	1.3035E+5	1.0773E+5	9.4228E+4	9.1830E+4	9.0463E+4	9.0505E+4	9.3164E+4	9.6693E+4	1.0151E+5	1.0607E+5	1.0797E+5	1.0482E+5	9.6158E+4	8.4151E+4	7.1744E+4	5.7116E+4	4.5120E+4	3.5033E+4	2.6596E+4	2.0175E+4	1.5122E+4	1.1276E+4
1.9421E+5	1.4951E+5	1.2692E+5	1.0699E+5	9.1728E+4	8.9793E+4	8.8989E+4	8.9187E+4	9.0758E+4	9.4452E+4	9.9900E+4	1.0388E+5	1.0586E+5	1.0306E+5	9.4866E+4	8.3289E+4	7.1226E+4	5.6823E+4	4.4957E+4	3.4941E+4	2.6540E+4	2.0143E+4	1.5102E+4	1.1263E+4
1.9580E+5	1.5289E+5	1.2728E+5	1.0643E+5	9.2816E+4	9.0741E+4	8.9047E+4	8.9412E+4	9.1552E+4	9.6271E+4	9.9922E+4	1.0457E+5	1.0643E+5	1.0371E+5	9.5142E+4	8.3481E+4	7.1346E+4	5.6893E+4	4.4976E+4	3.4974E+4	2.6555E+4	2.0150E+4	1.5105E+4	1.1263E+4
1.9980E+5	1.5209E+5	1.2877E+5	1.0868E+5	9.3455E+4	9.1125E+4	8.9733E+4	8.9613E+4	9.2055E+4	9.4385E+4	1.0044E+5	1.0472E+5	1.0649E+5	1.0367E+5	9.5315E+4	8.3635E+4	7.1451E+4	5.6923E+4	4.5012E+4	3.4973E+4	2.6559E+4	2.0152E+4	1.5106E+4	1.1265E+4
1.9646E+5	1.4955E+5	1.2802E+5	1.0770E+5	9.2574E+4	9.0801E+4	8.9490E+4	8.9732E+4	9.1778E+4	9.5737E+4	1.0073E+5	1.0485E+5	1.0632E+5	1.0366E+5	9.5145E+4	8.3591E+4	7.1377E+4	5.6901E+4	4.4989E+4	3.4956E+4	2.6545E+4	2.0143E+4	1.5098E+4	1.1260E+4
1.9569E+5	1.5154E+5	1.2812E+5	1.0672E+5	9.3639E+4	9.0475E+4	8.9576E+4	8.9644E+4	9.1449E+4	9.4877E+4	9.9267E+4	1.0377E+5	1.0541E+5	1.0275E+5	9.4539E+4	8.3067E+4	7.1071E+4	5.6732E+4	4.4895E+4	3.4900E+4	2.6515E+4	2.0123E+4	1.5086E+4	1.1251E+4
1.9756E+5	1.5135E+5	1.2852E+5	1.0753E+5	9.2636E+4	9.0955E+4	8.9977E+4	8.9556E+4	9.1814E+4	9.5132E+4	9.9450E+4	1.0391E+5	1.0543E+5	1.0262E+5	9.4435E+4	8.3026E+4	7.1015E+4	5.6678E+4	4.4845E+4	3.4879E+4	2.6504E+4	2.0113E+4	1.5082E+4	1.1248E+4
1.9842E+5	1.5308E+5	1.2965E+5	1.0896E+5	9.3345E+4	9.0565E+4	8.9305E+4	8.9662E+4	9.1087E+4	9.4410E+4	9.9313E+4	1.0345E+5	1.0522E+5	1.0261E+5	9.4422E+4	8.2961E+4	7.1001E+4	5.6704E+4	4.4855E+4	3.4873E+4	2.6499E+4	2.0112E+4	1.5081E+4	1.1247E+4
1.9974E+5	1.4994E+5	1.2831E+5	1.0544E+5	9.2858E+4	9.0635E+4	8.8602E+4	8.8572E+4	9.0720E+4	9.3027E+4	9.8065E+4	1.0257E+5	1.0440E+5	1.0192E+5	9.3959E+4	8.2651E+4	7.0811E+4	5.6560E+4	4.4796E+4	3.4846E+4	2.6480E+4	2.0098E+4	1.5071E+4	1.1241E+4
1.9338E+5	1.4985E+5	1.2634E+5	1.0599E+5	9.2878E+4	8.9119E+4	8.7472E+4	8.7245E+4	8.9187E+4	9.2240E+4	9.7072E+4	1.0144E+5	1.0357E+5	1.0125E+5	9.3541E+4	8.2390E+4	7.0598E+4	5.6475E+4	4.4730E+4	3.4796E+4	2.6453E+4	2.0083E+4	1.5059E+4	1.1231E+4
1.9510E+5	1.5174E+5	1.2685E+5	1.0676E+5	9.1849E+4	8.9213E+4	8.7661E+4	8.7704E+4	8.9398E+4	9.2907E+4	9.6733E+4	1.0155E+5	1.0363E+5	1.0134E+5	9.3603E+4	8.2360E+4	7.0634E+4	5.6460E+4	4.4724E+4	3.4799E+4	2.6446E+4	2.0077E+4	1.5055E+4	1.1229E+4
1.9791E+5	1.5046E+5	1.2898E+5	1.0597E+5	9.2124E+4	8.9394E+4	8.7731E+4	8.7831E+4	8.9024E+4	9.1984E+4	9.6572E+4	1.0127E+5	1.0320E+5	1.0081E+5	9.3111E+4	8.2083E+4	7.0369E+4	5.6293E+4	4.4636E+4	3.4739E+4	2.6411E+4	2.0055E+4	1.5043E+4	1.1220E+4
2.0334E+5	1.4438E+5	1.2352E+5	1.0762E+5	9.1883E+4	8.8406E+4	8.6773E+4	8.6998E+4	8.8180E+4	9.0870E+4	9.5327E+4	9.9639E+4	1.0156E+5	9.9529E+4	9.2154E+4	8.1485E+4	7.0021E+4	5.6100E+4	4.4510E+4	3.4676E+4	2.6378E+4	2.0036E+4	1.5030E+4	1.1213E+4
2.0037E+5	1.5057E+5	1.2702E+5	1.0554E+5	9.1355E+4	8.8263E+4	8.6993E+4	8.6982E+4	8.7867E+4	9.0542E+4	9.5616E+4	9.9660E+4	1.0153E+5	9.9443E+4	9.2081E+4	8.1414E+4	6.9994E+4	5.6094E+4	4.4506E+4	3.4665E+4	2.6372E+4	2.0032E+4	1.5027E+4	1.1211E+4
1.9081E+5	1.4424E+5	1.3403E+5	1.0443E+5	9.2220E+4	8.8789E+4	8.6429E+4	8.6346E+4	8.7571E+4	9.0811E+4	9.5329E+4	9.8870E+4	1.0102E+5	9.9054E+4	9.1887E+4	8.1220E+4	6.9838E+4	5.6018E+4	4.4468E+4	3.4641E+4	2.6358E+4	2.0021E+4	1.5023E+4	1.1206E+4
1.8372E+5	1.4455E+5	1.2559E+5	1.0579E+5	9.1101E+4	8.7155E+4	8.6015E+4	8.5584E+4	8.7079E+4	8.9519E+4	9.4065E+4	9.8273E+4	1.0050E+5	9.8627E+4	9.1503E+4	8.0967E+4	6.9649E+4	5.5901E+4	4.4393E+4	3.4605E+4	2.6335E+4	2.0007E+4	1.5010E+4	1.1198E+4
1.9314E+5	1.4914E+5	1.2719E+5	1.0622E+5	9.0610E+4	8.8869E+4	8.6525E+4	8.6017E+4	8.6889E+4	8.9660E+4	9.3896E+4	9.7715E+4	9.9705E+4	9.7887E+4	9.0876E+4	8.0579E+4	6.9394E+4	5.5741E+4	4.4301E+4	3.4556E+4	2.6300E+4	1.9988E+4	1.4999E+4	1.1193E+4
1.9684E+5	1.4791E+5	1.2707E+5	1.0554E+5	9.0035E+4	8.7596E+4	8.5387E+4	8.5188E+4	8.6071E+4	8.8021E+4	9.2710E+4	9.7031E+4	9.9189E+4	9.7503E+4	9.0588E+4	8.0359E+4	6.9263E+4	5.5723E+4	4.4275E+4	3.4534E+4	2.6295E+4	1.9982E+4	1.4994E+4	1.1189E+4
1.9425E+5	1.4783E+5	1.2751E+5	1.0522E+5	9.0546E+4	8.7934E+4	8.5154E+4	8.4972E+4	8.6251E+4	8.9028E+4	9.3491E+4	9.7371E+4	9.9356E+4	9.7557E+4	9.0734E+4	8.0464E+4	6.9308E+4	5.5701E+4	4.4280E+4	3.4531E+4	2.6291E+4	1.9978E+4	1.4993E+4	1.1187E+4
1.9247E+5	1.4806E+5	1.2744E+5	1.0545E+5	8.9937E+4	8.6480E+4	8.4475E+4	8.4135E+4	8.4989E+4	8.7056E+4	9.1238E+4	9.5800E+4	9.8071E+4	9.6633E+4	9.0037E+4	8.0013E+4	6.9043E+4	5.5560E+4	4.4190E+4	3.4481E+4	2.6262E+4	1.9961E+4	1.4985E+4	1.1179E+4
1.9266E+5	1.4813E+5	1.2589E+5	1.0396E+5	8.9315E+4	8.6487E+4	8.4111E+4	8.3295E+4	8.4722E+4	8.6656E+4	9.1257E+4	9.5315E+4	9.7619E+4	9.6232E+4	8.9706E+4	7.9776E+4	6.8904E+4	5.5469E+4	4.4142E+4	3.4456E+4	2.6247E+4	1.9950E+4	1.4974E+4	1.1176E+4
2.0261E+5	1.4229E+5	1.2328E+5	1.0223E+5	8.9572E+4	8.5559E+4	8.3046E+4	8.3452E+4	8.4153E+4	8.6761E+4	9.0971E+4	9.5092E+4	9.7471E+4	9.6013E+4	8.9626E+4	7.9715E+4	6.8863E+4	5.5473E+4	4.4130E+4	3.4444E+4	2.6242E+4	1.9947E+4	1.4973E+4	1.1172E+4
1.9440E+5	1.4650E+5	1.2438E+5	1.0434E+5	8.8535E+4	8.6047E+4	8.3608E+4	8.2628E+4	8.3693E+4	8.6195E+4	8.9374E+4	9.3847E+4	9.6383E+4	9.4982E+4	8.8787E+4	7.9148E+4	6.8477E+4	5.5243E+4	4.4020E+4	3.4380E+4	2.6201E+4	1.9926E+4	1.4958E+4	1.1164E+4
1.8486E+5	1.4640E+5	1.2171E+5	1.0210E+5	8.7107E+4	8.5662E+4	8.3831E+4	8.3210E+4	8.3373E+4	8.5885E+4	9.0468E+4	9.4276E+4	9.6607E+4	9.5284E+4	8.8991E+4	7.9330E+4	6.8630E+4	5.5324E+4	4.4060E+4	3.4404E+4	2.6215E+4	1.9931E+4	1.4962E+4	1.1166E+4
1.9248E+5	1.4515E+5	1.2550E+5	1.0373E+5	8.9014E+4	8.5964E+4	8.3738E+4	8.2948E+4	8.4265E+4	8.6254E+4	9.0857E+4	9.4962E+4	9.7344E+4	9.5900E+4	8.9510E+4	7.9620E+4	6.8791E+4	5.5447E+4	4.4104E+4	3.4425E+4	2.6234E+4	1.9938E+4	1.4966E+4	1.1168E+4
1.9150E+5	1.4472E+5	1.2478E+5	1.0343E+5	8.9583E+4	8.5960E+4	8.3733E+4	8.2798E+4	8.3738E+4	8.6424E+4	9.0288E+4	9.4719E+4	9.7070E+4	9.5794E+4	8.9406E+4	7.9633E+4	6.8814E+4	5.5432E+4	4.4113E+4	3.4428E+4	2.6226E+4	1.9939E+4	1.4964E+4	1.1166E+4
1.9412E+5	1.4654E+5	1.2032E+5	1.0572E+5	8.9236E+4	8.6351E+4	8.3167E+4	8.3137E+4	8.3376E+4	8.6631E+4	9.0132E+4	9.4657E+4	9.7230E+4	9.5971E+4	8.9529E+4	7.9717E+4	6.8857E+4	5.5457E+4	4.4125E+4	3.4434E+4	2.6222E+4	1.9936E+4	1.4961E+4	1.1163E+4
1.9107E+5	1.4254E+5	1.2323E+5	1.0295E+5	8.8808E+4	8.4590E+4	8.3094E+4	8.2598E+4	8.3743E+4	8.5783E+4	9.0340E+4	9.4664E+4	9.7091E+4	9.5809E+4	8.9431E+4	7.9667E+4	6.8775E+4	5.5415E+4	4.4095E+4	3.4411E+4	2.6217E+4	1.9925E+4	1.4956E+4	1.1160E+4
1.9184E+5	1.4512E+5	1.2424E+5	1.0296E+5	8.9929E+4	8.4523E+4	8.4034E+4	8.3153E+4	8.3566E+4	8.6574E+4	9.0865E+4	9.4903E+4	9.7353E+4	9.6012E+4	8.9572E+4	7.9667E+4	6.8830E+4	5.5410E+4	4.4090E+4	3.4419E+4	2.6214E+4	1.9924E+4	1.4950E+4	1.1158E+4
1.9098E+5	1.4205E+5	1.2266E+5	1.0224E+5	8.7577E+4	8.5382E+4	8.3363E+4	8.2239E+4	8.3431E+4	8.5717E+4	9.0346E+4	9.4233E+4	9.6784E+4	9.5508E+4	8.9222E+4	7.9436E+4	6.8652E+4	5.5304E+4	4.4032E+4	3.4378E+4	2.6189E+4	1.9914E+4	1.4944E+4	1.1153E+4
1.8447E+5	1.4402E+5	1.2446E+5	1.0210E+5	8.7709E+4	8.4685E+4	8.2293E+4	8.1751E+4	8.2863E+4	8.5191E+4	8.9582E+4	9.3732E+4	9.6280E+4	9.5098E+4	8.8883E+4	7.9221E+4	6.8532E+4	5.5277E+4	4.3997E+4	3.4356E+4	2.6185E+4	1.9906E+4	1.4943E+4	1.1150E+4
1.9095E+5	1.4489E+5	1.2230E+5	1.0190E+5	8.7024E+4	8.4206E+4	8.2243E+4	8.1731E+4	8.2683E+4	8.5247E+4	8.9146E+4	9.3696E+4	9.6239E+4	9.5006E+4	8.8875E+4	7.9211E+4	6.8484E+4	5.5230E+4	4.3979E+4	3.4346E+4	2.6171E+4	1.9898E+4	1.4935E+4	1.1148E+4
1.8645E+5	1.4502E+5	1.2190E+5	1.0246E+5	8.5694E+4	8.3118E+4	8.1088E+4	8.0888E+4	8.1423E+4	8.3982E+4	8.8772E+4	9.2622E+4	9.5231E+4	9.4279E+4	8.8311E+4	7.8802E+4	6.8263E+4	5.5102E+4	4.3916E+4	3.4309E+4	2.6145E+4	1.9882E+4	1.4927E+4	1.1141E+4
1.8897E+5	1.4380E+5	1.2028E+5	1.0141E+5	8.5168E+4	8.2397E+4	8.1024E+4	7.9605E+4	8.1259E+4	8.3536E+4	8.7582E+4	9.2055E+4	9.4781E+4	9.3911E+4	8.8101E+4	7.8724E+4	6.8168E+4	5.5062E+4	4.3874E+4	3.4288E+4	2.6140E+4	1.9880E+4	1.4925E+4	1.1137E+4
1.8856E+5	1.4251E+5	1.2134E+5	1.0087E+5	8.5187E+4	8.2439E+4	8.0615E+4	8.0655E+4	8.1445E+4	8.4275E+4	8.7686E+4	9.2192E+4	9.5087E+4	9.3972E+4	8.8157E+4	7.8761E+4	6.8193E+4	5.5085E+4	4.3893E+4	3.4295E+4	2.6143E+4	1.9882E+4	1.4923E+4	1.1137E+4
1.8431E+5	1.4239E+5	1.2149E+5	1.0123E+5	8.5857E+4	8.2601E+4	8.0396E+4	8.0488E+4	8.1072E+4	8.3351E+4	8.7678E+4	9.2197E+4	9.4995E+4	9.4032E+4	8.8201E+4	7.8798E+4	6.8236E+4	5.5080E+4	4.3904E+4	3.4295E+4	2.6138E+4	1.9876E+4	1.4923E+4	1.1138E+4
1.8566E+5	1.4063E+5	1.1826E+5	1.0062E+5	8.4391E+4	8.1496E+4	7.9867E+4	7.9470E+4	8.0796E+4	8.2463E+4	8.6662E+4	9.1151E+4	9.3867E+4	9.3151E+4	8.7436E+4	7.8256E+4	6.7894E+4	5.4885E+4	4.3801E+4	3.4238E+4	2.6107E+4	1.9858E+4	1.4909E+4	1.1129E+4
1.8365E+5	1.4139E+5	1.1973E+5	9.8891E+4	8.5275E+4	8.2349E+4	8.0174E+4	7.9338E+4	8.0390E+4	8.3089E+4	8.6494E+4	9.1215E+4	9.3968E+4	9.3094E+4	8.7507E+4	7.8308E+4	6.7926E+4	5.4878E+4	4.3794E+4	3.4232E+4	2.6106E+4	1.9858E+4	1.4908E+4	1.1127E+4
1.8838E+5	1.4140E+5	1.2125E+5	1.0085E+5	8.4619E+4	8.1599E+4	7.9774E+4	7.9958E+4	7.9841E+4	8.2765E+4	8.6517E+4	9.0849E+4	9.3802E+4	9.3047E+4	8.7418E+4	7.8215E+4	6.7885E+4	5.4856E+4	4.3761E+4	3.4222E+4	2.6096E+4	1.9848E+4	1.4905E+4	1.1124E+4
1.9278E+5	1.4303E+5	1.2110E+5	9.9235E+4	8.5110E+4	8.1930E+4	8.0021E+4	7.9139E+4	8.0167E+4	8.2965E+4	8.6507E+4	9.1155E+4	9.3803E+4	9.3002E+4	8.7331E+4	7.8146E+4	6.7807E+4	5.4846E+4	4.3744E+4	3.4208E+4	2.6089E+4	1.9845E+4	1.4901E+4	1.1123E+4
1.8448E+5	1.4351E+5	1.2143E+5	1.0069E+5	8.5041E+4	8.2004E+4	8.0036E+4	7.9525E+4	8.0950E+4	8.2500E+4	8.7686E+4	9.1584E+4	9.4215E+4	9.3294E+4	8.7604E+4	7.8256E+4	6.7867E+4	5.4848E+4	4.3750E+4	3.4207E+4	2.6080E+4	1.9839E+4	1.4896E+4	1.1120E+4
1.8969E+5	1.4521E+5	1.1988E+5	1.0098E+5	8.5302E+4	8.1987E+4	8.0271E+4	8.0050E+4	8.0767E+4	8.3464E+4	8.7583E+4	9.1634E+4	9.4090E+4	9.3159E+4	8.7384E+4	7.8129E+4	6.7771E+4	5.4775E+4	4.3713E+4	3.4168E+4	2.6067E+4	1.9826E+4	1.4892E+4	1.1115E+4
1.8246E+5	1.3898E+5	1.1863E+5	9.8197E+4	8.3200E+4	8.1084E+4	7.8792E+4	7.8293E+4	7.9279E+4	8.1369E+4	8.5025E+4	8.9713E+4	9.2417E+4	9.1716E+4	8.6237E+4	7.7376E+4	6.7240E+4	5.4517E+4	4.3548E+4	3.4083E+4	2.6013E+4	1.9799E+4	1.4871E+4	1.1104E+4
1.8510E+5	1.3523E+5	1.1796E+5	9.7246E+4	8.2122E+4	8.0810E+4	7.8087E+4	7.7745E+4	7.8456E+4	8.0055E+4	8.4698E+4	8.8749E+4	9.1452E+4	9.0853E+4	8.5601E+4	7.6920E+4	6.7002E+4	5.4332E+4	4.3466E+4	3.4040E+4	2.5994E+4	1.9785E+4	1.4864E+4	1.1097E+4
1.9128E+5	1.3543E+5	1.1693E+5	9.9124E+4	8.3470E+4	8.0749E+4	7.7931E+4	7.8081E+4	7.8264E+4	7.9999E+4	8.4794E+4	8.8336E+4	9.1170E+4	9.0691E+4	8.5540E+4	7.6897E+4	6.6956E+4	5.4324E+4	4.3454E+4	3.4035E+4	2.5983E+4	1.9782E+4	1.4862E+4	1.1097E+4
1.7739E+5	1.3860E+5	1.1719E+5	9.8604E+4	8.3708E+4	7.8557E+4	7.6667E+4	7.6489E+4	7.7114E+4	7.8485E+4	8.2989E+4	8.7039E+4	9.0070E+4	8.9694E+4	8.4852E+4	7.6372E+4	6.6637E+4	5.4170E+4	4.3370E+4	3.3988E+4	2.5960E+4	1.9769E+4	1.4852E+4	1.1091E+4
1.7230E+5	1.3458E+5	1.1346E+5	9.5964E+4	8.0496E+4	7.8290E+4	7.6014E+4	7.5889E+4	7.6338E+4	7.8780E+4	8.2694E+4	8.6620E+4	8.9658E+4	8.9262E+4	8.4527E+4	7.6141E+4	6.6464E+4	5.4071E+4	4.3289E+4	3.3944E+4	2.5935E+4	1.9753E+4	1.4843E+4	1.1085E+4
1.7946E+5	1.3635E+5	1.1680E+5	9.7530E+4	8.2264E+4	7.9646E+4	7.7040E+4	7.6261E+4	7.7247E+4	7.8952E+4	8.3301E+4	8.6986E+4	8.9839E+4	8.9634E+4	8.4695E+4	7.6308E+4	6.6560E+4	5.4109E+4	4.3327E+4	3.3962E+4	2.5940E+4	1.9757E+4	1.4843E+4	1.1084E+4
1.8010E+5	1.3597E+5	1.1502E+5	9.7156E+4	8.0878E+4	7.8316E+4	7.6424E+4	7.5800E+4	7.6540E+4	7.8181E+4	8.2662E+4	8.6385E+4	8.9260E+4	8.9066E+4	8.4284E+4	7.6011E+4	6.6400E+4	5.4011E+4	4.3284E+4	3.3930E+4	2.5929E+4	1.9747E+4	1.4839E+4	1.1082E+4
1.7597E+5	1.3298E+5	1.1493E+5	9.4761E+4	8.0250E+4	7.7376E+4	7.6071E+4	7.5170E+4	7.5465E+4	7.7942E+4	8.1802E+4	8.5773E+4	8.8897E+4	8.8519E+4	8.3924E+4	7.5802E+4	6.6229E+4	5.3921E+4	4.3222E+4	3.3906E+4	2.5911E+4	1.9739E+4	1.4833E+4	1.1077E+4
1.7654E+5	1.3378E+5	1.1391E+5	9.4754E+4	8.0569E+4	7.7538E+4	7.5485E+4	7.4534E+4	7.5628E+4	7.7463E+4	8.1905E+4	8.5819E+4	8.8769E+4	8.8537E+4	8.3931E+4	7.5834E+4	6.6264E+4	5.3946E+4	4.3233E+4	3.3911E+4	2.5917E+4	1.9740E+4	1.4833E+4	1.1078E+4
1.7801E+5	1.3487E+5	1.1479E+5	9.5596E+4	8.1067E+4	7.7982E+4	7.5930E+4	7.5008E+4	7.5884E+4	7.7795E+4	8.1644E+4	8.5582E+4	8.8431E+4	8.8256E+4	8.3672E+4	7.5592E+4	6.6107E+4	5.3860E+4	4.3183E+4	3.3878E+4	2.5897E+4	1.9730E+4	1.4826E+4	1.1074E+4
1.7256E+5	1.3165E+5	1.1340E+5	9.2188E+4	7.9669E+4	7.6943E+4	7.4902E+4	7.4135E+4	7.5218E+4	7.6568E+4	8.0732E+4	8.4910E+4	8.7891E+4	8.7771E+4	8.3406E+4	7.5474E+4	6.6047E+4	5.3838E+4	4.3168E+4	3.3880E+4	2.5896E+4	1.9728E+4	1.4827E+4	1.1075E+4
1.7596E+5	1.3647E+5	1.1585E+5	9.5957E+4	8.0997E+4	7.8600E+4	7.5688E+4	7.5196E+4	7.5515E+4	7.7422E+4	8.1329E+4	8.5170E+4	8.8249E+4	8.8053E+4	8.3643E+4	7.5606E+4	6.6120E+4	5.3879E+4	4.3195E+4	3.3887E+4	2.5901E+4	1.9730E+4	1.4827E+4	1.1073E+4
1.7914E+5	1.3500E+5	1.1518E+5	9.5224E+4	8.1716E+4	7.7915E+4	7.6146E+4	7.4666E+4	7.5580E+4	7.8081E+4	8.1635E+4	8.5349E+4	8.8496E+4	8.8422E+4	8.3945E+4	7.5865E+4	6.6304E+4	5.3984E+4	4.3256E+4	3.3920E+4	2.5915E+4	1.9741E+4	1.4832E+4	1.1078E+4
1.7202E+5	1.3672E+5	1.1756E+5	9.4717E+4	8.0978E+4	7.7516E+4	7.5745E+4	7.5131E+4	7.5691E+4	7.8094E+4	8.1518E+4	8.5676E+4	8.8663E+4	8.8591E+4	8.3987E+4	7.5848E+4	6.6312E+4	5.3972E+4	4.3252E+4	3.3908E+4	2.5909E+4	1.9734E+4	1.4828E+4	1.1073E+4
1.7562E+5	1.3566E+5	1.1456E+5	9.5300E+4	8.1325E+4	7.7750E+4	7.5523E+4	7.4349E+4	7.5271E+4	7.7401E+4	8.0848E+4	8.5142E+4	8.8356E+4	8.8366E+4	8.3860E+4	7.5744E+4	6.6254E+4	5.3940E+4	4.3235E+4	3.3899E+4	2.5905E+4	1.9731E+4	1.4826E+4	1.1073E+4
1.7795E+5	1.3408E+5	1.1325E+5	9.3517E+4	7.9214E+4	7.6859E+4	7.4451E+4	7.3686E+4	7.4278E+4	7.6396E+4	7.9670E+4	8.4179E+4	8.7458E+4	8.7509E+4	8.3351E+4	7.5410E+4	6.6006E+4	5.3819E+4	4.3157E+4	3.3866E+4	2.5883E+4	1.9718E+4	1.4818E+4	1.1065E+4
1.7368E+5	1.3414E+5	1.1401E+5	9.3753E+4	7.9442E+4	7.6870E+4	7.4623E+4	7.3307E+4	7.3985E+4	7.5957E+4	8.0337E+4	8.4459E+4	8.7723E+4	8.7843E+4	8.3506E+4	7.5559E+4	6.6120E+4	5.3863E+4	4.3185E+4	3.3879E+4	2.5889E+4	1.9720E+4	1.4820E+4	1.1066E+4
1.7962E+5	1.3444E+5	1.1468E+5	9.3792E+4	7.8737E+4	7.6912E+4	7.4124E+4	7.3732E+4	7.4191E+4	7.5986E+4	8.0074E+4	8.4361E+4	8.7458E+4	8.7556E+4	8.3322E+4	7.5398E+4	6.5996E+4	5.3784E+4	4.3136E+4	3.3848E+4	2.5869E+4	1.9709E+4	1.4812E+4	1.1063E+4
1.7329E+5	1.3430E+5	1.1371E+5	9.3440E+4	7.9588E+4	7.6385E+4	7.4191E+4	7.3041E+4	7.3998E+4	7.5393E+4	7.9294E+4	8.3543E+4	8.6623E+4	8.6831E+4	8.2714E+4	7.4965E+4	6.5652E+4	5.3614E+4	4.3038E+4	3.3781E+4	2.5841E+4	1.9689E+4	1.4801E+4	1.1055E+4
1.7516E+5	1.3344E+5	1.1342E+5	9.4229E+4	7.9345E+4	7.6231E+4	7.4467E+4	7.3795E+4	7.4342E+4	7.5752E+4	7.9623E+4	8.3824E+4	8.6917E+4	8.7046E+4	8.2924E+4	7.5094E+4	6.5778E+4	5.3687E+4	4.3065E+4	3.3807E+4	2.5847E+4	1.9693E+4	1.4803E+4	1.1055E+4
1.7141E+5	1.3188E+5	1.1435E+5	9.2410E+4	7.8768E+4	7.5707E+4	7.4136E+4	7.3649E+4	7.4053E+4	7.5797E+4	7.9701E+4	8.3715E+4	8.6974E+4	8.7060E+4	8.2941E+4	7.5093E+4	6.5787E+4	5.3676E+4	4.3059E+4	3.3794E+4	2.5839E+4	1.9688E+4	1.4798E+4	1.1052E+4
1.7190E+5	1.3296E+5	1.1072E+5	9.4020E+4	7.9034E+4	7.5148E+4	7.3793E+4	7.2691E+4	7.3529E+4	7.5510E+4	7.9406E+4	8.2931E+4	8.5959E+4	8.6078E+4	8.1991E+4	7.4360E+4	6.5212E+4	5.3292E+4	4.2819E+4	3.3649E+4	2.5750E+4	1.9631E+4	1.4762E+4	1.1030E+4
1.6983E+5	1.3031E+5	1.1214E+5	9.1850E+4	7.8641E+4	7.5327E+4	7.2888E+4	7.2254E+4	7.2817E+4	7.4251E+4	7.8423E+4	8.2002E+4	8.4982E+4	8.5122E+4	8.1095E+4	7.3660E+4	6.4694E+4	5.2973E+4	4.2611E+4	3.3516E+4	2.5673E+4	1.9589E+4	1.4736E+4	1.1014E+4
1.6993E+5	1.3026E+5	1.1081E+5	9.1491E+4	7.7776E+4	7.4542E+4	7.2525E+4	7.1602E+4	7.1616E+4	7.3763E+4	7.6758E+4	8.0503E+4	8.3454E+4	8.3648E+4	7.9957E+4	7.2804E+4	6.4123E+4	5.2639E+4	4.2427E+4	3.3419E+4	2.5615E+4	1.9556E+4	1.4719E+4	1.1000E+4
1.7095E+5	1.2843E+5	1.1028E+5	9.1417E+4	7.7653E+4	7.4633E+4	7.2428E+4	7.1617E+4	7.1610E+4	7.3090E+4	7.5965E+4	7.9696E+4	8.2498E+4	8.2782E+4	7.9318E+4	7.2373E+4	6.3851E+4	5.2475E+4	4.2354E+4	3.3384E+4	2.5602E+4	1.9548E+4	1.4715E+4	1.0998E+4
1.6856E+5	1.3103E+5	1.1054E+5	9.1029E+4	7.6875E+4	7.3970E+4	7.1470E+4	7.0612E+4	7.1007E+4	7.2248E+4	7.4916E+4	7.8340E+4	8.1300E+4	8.1653E+4	7.8357E+4	7.1687E+4	6.3397E+4	5.2216E+4	4.2211E+4	3.3299E+4	2.5560E+4	1.9522E+4	1.4697E+4	1.0988E+4
1.6618E+5	1.2865E+5	1.0946E+5	9.1058E+4	7.7017E+4	7.3822E+4	7.1609E+4	7.0147E+4	7.0129E+4	7.1340E+4	7.4458E+4	7.7698E+4	8.0633E+4	8.1066E+4	7.7904E+4	7.1341E+4	6.3132E+4	5.2073E+4	4.2114E+4	3.3251E+4	2.5533E+4	1.9508E+4	1.4688E+4	1.0983E+4
1.6957E+5	1.2778E+5	1.0941E+5	8.9909E+4	7.6412E+4	7.2741E+4	7.0680E+4	6.9477E+4	6.9364E+4	7.0457E+4	7.3564E+4	7.6575E+4	7.9511E+4	8.0017E+4	7.7067E+4	7.0715E+4	6.2686E+4	5.1826E+4	4.1988E+4	3.3167E+4	2.5483E+4	1.9481E+4	1.4671E+4	1.0972E+4
1.6820E+5	1.2799E+5	1.0919E+5	9.0938E+4	7.6451E+4	7.3400E+4	7.1374E+4	6.9741E+4	6.9536E+4	7.1147E+4	7.3426E+4	7.6332E+4	7.9118E+4	7.9710E+4	7.6729E+4	7.0442E+4	6.2511E+4	5.1717E+4	4.1913E+4	3.3134E+4	2.5465E+4	1.9465E+4	1.4664E+4	1.0967E+4
1.6338E+5	1.2652E+5	1.0711E+5	8.9627E+4	7.5594E+4	7.2223E+4	7.0172E+4	6.8564E+4	6.8995E+4	6.9682E+4	7.1673E+4	7.5061E+4	7.7670E+4	7.8268E+4	7.5501E+4	6.9536E+4	6.1891E+4	5.1345E+4	4.1686E+4	3.3009E+4	2.5393E+4	1.9422E+4	1.4638E+4	1.0949E+4
1.6690E+5	1.2754E+5	1.0868E+5	8.9850E+4	7.6553E+4	7.3355E+4	7.0356E+4	6.8574E+4	6.8989E+4	6.9932E+4	7.2112E+4	7.4980E+4	7.7544E+4	7.8007E+4	7.5202E+4	6.9297E+4	6.1663E+4	5.1180E+4	4.1587E+4	3.2938E+4	2.5351E+4	1.9397E+4	1.4619E+4	1.0937E+4
1.5903E+5	1.2780E+5	1.0744E+5	8.8686E+4	7.5660E+4	7.2782E+4	7.0788E+4	6.9013E+4	6.8580E+4	6.9390E+4	7.2214E+4	7.4742E+4	7.7189E+4	7.7679E+4	7.4829E+4	6.8985E+4	6.1439E+4	5.1030E+4	4.1473E+4	3.2871E+4	2.5309E+4	1.9370E+4	1.4604E+4	1.0928E+4
1.5892E+5	1.2932E+5	1.0702E+5	8.8370E+4	7.5268E+4	7.2713E+4	6.9698E+4	6.8450E+4	6.8023E+4	6.9382E+4	7.1240E+4	7.3743E+4	7.6159E+4	7.6790E+4	7.4200E+4	6.8518E+4	6.1102E+4	5.0840E+4	4.1380E+4	3.2822E+4	2.5283E+4	1.9358E+4	1.4595E+4	1.0923E+4
1.5902E+5	1.2999E+5	1.0456E+5	8.7158E+4	7.5427E+4	7.1932E+4	6.9226E+4	6.7387E+4	6.7527E+4	6.8628E+4	7.0051E+4	7.2842E+4	7.5496E+4	7.6008E+4	7.3573E+4	6.8021E+4	6.0784E+4	5.0642E+4	4.1267E+4	3.2752E+4	2.5246E+4	1.9335E+4	1.4583E+4	1.0914E+4
1.6717E+5	1.2660E+5	1.0922E+5	8.9741E+4	7.5984E+4	7.3153E+4	7.0481E+4	6.8376E+4	6.8200E+4	6.9008E+4	7.1082E+4	7.3416E+4	7.5890E+4	7.6418E+4	7.3844E+4	6.8289E+4	6.0942E+4	5.0738E+4	4.1328E+4	3.2790E+4	2.5264E+4	1.9347E+4	1.4590E+4	1.0919E+4
1.6467E+5	1.2660E+5	1.0845E+5	8.9968E+4	7.5798E+4	7.2511E+4	6.9917E+4	6.8172E+4	6.7985E+4	6.8096E+4	6.9918E+4	7.2874E+4	7.5261E+4	7.5789E+4	7.3414E+4	6.7910E+4	6.0724E+4	5.0597E+4	4.1245E+4	3.2744E+4	2.5240E+4	1.9334E+4	1.4580E+4	1.0913E+4
1.6519E+5	1.2450E+5	1.0817E+5	8.8561E+4	7.4480E+4	7.1761E+4	6.8942E+4	6.7046E+4	6.7022E+4	6.7200E+4	6.8988E+4	7.1844E+4	7.4218E+4	7.5044E+4	7.2791E+4	6.7497E+4	6.0431E+4	5.0444E+4	4.1153E+4	3.2693E+4	2.5215E+4	1.9317E+4	1.4570E+4	1.0906E+4
1.6177E+5	1.2507E+5	1.0795E+5	8.8971E+4	7.5478E+4	7.1938E+4	6.9386E+4	6.7382E+4	6.7162E+4	6.7391E+4	6.9292E+4	7.2040E+4	7.4487E+4	7.5192E+4	7.2941E+4	6.7583E+4	6.0488E+4	5.0485E+4	4.1166E+4	3.2705E+4	2.5219E+4	1.9320E+4	1.4569E+4	1.0906E+4
1.6548E+5	1.2663E+5	1.0567E+5	8.7916E+4	7.5192E+4	7.1259E+4	6.8424E+4	6.6781E+4	6.5879E+4	6.6776E+4	6.8133E+4	7.1279E+4	7.3762E+4	7.4617E+4	7.2486E+4	6.7304E+4	6.0327E+4	5.0403E+4	4.1135E+4	3.2683E+4	2.5208E+4	1.9311E+4	1.4567E+4	1.0904E+4
1.6096E+5	1.2487E+5	1.0581E+5	8.8217E+4	7.3861E+4	7.0309E+4	6.7652E+4	6.5974E+4	6.5175E+4	6.5402E+4	6.7486E+4	6.9979E+4	7.2630E+4	7.3433E+4	7.1549E+4	6.6662E+4	5.9862E+4	5.0128E+4	4.0986E+4	3.2604E+4	2.5162E+4	1.9285E+4	1.4550E+4	1.0892E+4
1.5862E+5	1.2520E+5	1.0596E+5	8.8484E+4	7.3909E+4	7.0659E+4	6.7999E+4	6.5996E+4	6.5274E+4	6.5998E+4	6.7853E+4	6.9923E+4	7.2505E+4	7.3351E+4	7.1439E+4	6.6555E+4	5.9796E+4	5.0104E+4	4.0960E+4	3.2585E+4	2.5157E+4	1.9281E+4	1.4548E+4	1.0890E+4
1.5866E+5	1.2842E+5	1.0497E+5	8.7976E+4	7.3122E+4	7.0589E+4	6.7363E+4	6.5708E+4	6.5345E+4	6.5491E+4	6.7372E+4	7.0073E+4	7.2690E+4	7.3667E+4	7.1773E+4	6.6805E+4	5.9959E+4	5.0187E+4	4.0997E+4	3.2599E+4	2.5151E+4	1.9273E+4	1.4540E+4	1.0885E+4
1.6200E+5	1.2627E+5	1.0637E+5	8.7249E+4	7.3330E+4	7.1197E+4	6.7483E+4	6.5518E+4	6.4965E+4	6.5177E+4	6.7174E+4	6.9574E+4	7.2257E+4	7.3137E+4	7.1263E+4	6.6382E+4	5.9644E+4	4.9971E+4	4.0867E+4	3.2510E+4	2.5092E+4	1.9240E+4	1.4520E+4	1.0872E+4
1.6440E+5	1.2154E+5	1.0783E+5	8.7310E+4	7.2135E+4	6.9124E+4	6.6631E+4	6.4938E+4	6.3929E+4	6.4913E+4	6.6026E+4	6.8722E+4	7.1328E+4	7.2312E+4	7.0631E+4	6.5846E+4	5.9231E+4	4.9715E+4	4.0694E+4	3.2417E+4	2.5044E+4	1.9212E+4	1.4505E+4	1.0862E+4
1.6084E+5	1.2455E+5	1.0577E+5	8.6303E+4	7.3005E+4	6.9251E+4	6.6533E+4	6.4652E+4	6.4088E+4	6.4068E+4	6.5944E+4	6.8251E+4	7.0805E+4	7.1800E+4	7.0198E+4	6.5493E+4	5.9023E+4	4.9572E+4	4.0626E+4	3.2381E+4	2.5030E+4	1.9203E+4	1.4500E+4	1.0859E+4
1.5911E+5	1.2410E+5	1.0742E+5	8.6595E+4	7.3548E+4	7.0007E+4	6.6502E+4	6.4571E+4	6.4103E+4	6.3959E+4	6.5508E+4	6.8173E+4	7.0636E+4	7.1564E+4	6.9804E+4	6.5178E+4	5.8736E+4	4.9376E+4	4.0486E+4	3.2280E+4	2.4965E+4	1.9161E+4	1.4469E+4	1.0838E+4
1.6091E+5	1.2439E+5	1.0532E+5	8.6692E+4	7.3375E+4	6.9566E+4	6.6883E+4	6.4666E+4	6.3474E+4	6.4242E+4	6.4970E+4	6.7538E+4	6.9782E+4	7.0590E+4	6.8980E+4	6.4495E+4	5.8213E+4	4.9068E+4	4.0303E+4	3.2182E+4	2.4911E+4	1.9130E+4	1.4454E+4	1.0830E+4
1.5904E+5	1.1966E+5	1.0447E+5	8.4956E+4	7.1219E+4	6.8018E+4	6.5197E+4	6.3597E+4	6.2503E+4	6.2539E+4	6.3550E+4	6.5752E+4	6.8018E+4	6.8830E+4	6.7476E+4	6.3347E+4	5.7382E+4	4.8543E+4	3.9994E+4	3.2009E+4	2.4813E+4	1.9076E+4	1.4421E+4	1.0809E+4
1.5948E+5	1.2356E+5	1.0480E+5	8.5951E+4	7.2983E+4	6.9466E+4	6.5671E+4	6.3966E+4	6.2671E+4	6.3130E+4	6.3902E+4	6.5480E+4	6.7643E+4	6.8470E+4	6.7060E+4	6.2979E+4	5.7150E+4	4.8383E+4	3.9902E+4	3.1951E+4	2.4785E+4	1.9058E+4	1.4411E+4	1.0803E+4
1.6236E+5	1.2261E+5	1.0516E+5	8.6423E+4	7.2486E+4	6.9233E+4	6.6017E+4	6.3835E+4	6.2777E+4	6.1898E+4	6.3396E+4	6.5147E+4	6.7133E+4	6.7968E+4	6.6690E+4	6.2677E+4	5.6899E+4	4.8232E+4	3.9814E+4	3.1905E+4	2.4758E+4	1.9044E+4	1.4400E+4	1.0796E+4
1.5959E+5	1.2082E+5	1.0563E+5	8.5507E+4	7.2903E+4	6.8842E+4	6.5016E+4	6.3066E+4	6.1989E+4	6.1402E+4	6.2391E+4	6.4183E+4	6.6309E+4	6.7258E+4	6.6093E+4	6.2275E+4	5.6651E+4	4.8119E+4	3.9742E+4	3.1862E+4	2.4737E+4	1.9029E+4	1.4394E+4	1.0792E+4
1.5809E+5	1.2248E+5	1.0476E+5	8.6455E+4	7.0809E+4	6.7734E+4	6.4240E+4	6.1971E+4	6.0772E+4	6.0451E+4	6.1296E+4	6.3203E+4	6.5388E+4	6.6494E+4	6.5492E+4	6.1881E+4	5.6373E+4	4.7968E+4	3.9677E+4	3.1831E+4	2.4719E+4	1.9019E+4	1.4387E+4	1.0788E+4
1.5609E+5	1.2423E+5	1.0598E+5	8.6098E+4	7.1587E+4	6.7744E+4	6.4043E+4	6.2036E+4	6.0445E+4	6.0012E+4	6.0649E+4	6.2663E+4	6.4796E+4	6.5971E+4	6.5144E+4	6.1671E+4	5.6241E+4	4.7908E+4	3.9635E+4	3.1811E+4	2.4708E+4	1.9015E+4	1.4384E+4	1.0785E+4
1.6074E+5	1.2236E+5	1.0527E+5	8.6407E+4	7.0948E+4	6.7421E+4	6.3858E+4	6.1027E+4	6.0140E+4	5.9993E+4	6.0429E+4	6.2151E+4	6.4244E+4	6.5509E+4	6.4772E+4	6.1416E+4	5.6075E+4	4.7813E+4	3.9593E+4	3.1785E+4	2.4695E+4	1.9007E+4	1.4378E+4	1.0781E+4
1.5689E+5	1.2106E+5	1.0371E+5	8.5897E+4	7.0971E+4	6.7352E+4	6.3539E+4	6.1013E+4	5.9453E+4	5.9228E+4	5.9705E+4	6.1735E+4	6.3902E+4	6.5135E+4	6.4508E+4	6.1171E+4	5.5909E+4	4.7714E+4	3.9533E+4	3.1752E+4	2.4673E+4	1.8994E+4	1.4369E+4	1.0776E+4
1.5770E+5	1.1930E+5	1.0114E+5	8.4815E+4	7.0975E+4	6.6257E+4	6.3143E+4	6.0343E+4	5.9015E+4	5.8706E+4	5.9310E+4	6.1094E+4	6.3295E+4	6.4618E+4	6.4085E+4	6.0863E+4	5.5731E+4	4.7615E+4	3.9474E+4	3.1717E+4	2.4658E+4	1.8984E+4	1.4365E+4	1.0772E+4
1.6152E+5	1.2151E+5	1.0193E+5	8.5255E+4	6.9573E+4	6.6289E+4	6.2703E+4	6.0319E+4	5.8813E+4	5.8241E+4	5.8937E+4	6.0782E+4	6.3088E+4	6.4479E+4	6.3984E+4	6.0851E+4	5.5735E+4	4.7627E+4	3.9492E+4	3.1731E+4	2.4663E+4	1.8988E+4	1.4367E+4	1.0773E+4
1.5979E+5	1.2357E+5	1.0185E+5	8.5294E+4	6.9717E+4	6.5652E+4	6.2249E+4	5.9450E+4	5.8082E+4	5.7444E+4	5.8138E+4	6.0053E+4	6.2355E+4	6.3849E+4	6.3491E+4	6.0442E+4	5.5439E+4	4.7430E+4	3.9363E+4	3.1660E+4	2.4621E+4	1.8960E+4	1.4351E+4	1.0764E+4
1.5964E+5	1.1996E+5	1.0211E+5	8.4077E+4	6.8689E+4	6.5309E+4	6.1449E+4	5.8365E+4	5.7321E+4	5.7027E+4	5.7638E+4	5.9340E+4	6.1650E+4	6.3098E+4	6.2820E+4	5.9841E+4	5.4972E+4	4.7124E+4	3.9160E+4	3.1531E+4	2.4548E+4	1.8917E+4	1.4323E+4	1.0746E+4
1.5774E+5	1.1733E+5	1.0041E+5	8.3053E+4	6.7582E+4	6.3817E+4	6.0595E+4	5.8449E+4	5.6989E+4	5.6529E+4	5.7219E+4	5.8537E+4	6.0741E+4	6.2151E+4	6.1895E+4	5.9144E+4	5.4404E+4	4.6723E+4	3.8916E+4	3.1384E+4	2.4460E+4	1.8862E+4	1.4289E+4	1.0725E+4
1.5378E+5	1.1928E+5	9.9096E+4	8.1521E+4	6.6522E+4	6.2948E+4	5.9915E+4	5.7462E+4	5.5932E+4	5.5249E+4	5.6061E+4	5.7513E+4	5.9727E+4	6.1238E+4	6.1088E+4	5.8460E+4	5.3907E+4	4.6432E+4	3.8732E+4	3.1277E+4	2.4397E+4	1.8826E+4	1.4269E+4	1.0712E+4
1.5228E+5	1.1724E+5	9.8945E+4	8.1424E+4	6.6069E+4	6.3388E+4	5.9427E+4	5.7114E+4	5.5625E+4	5.5301E+4	5.5923E+4	5.7101E+4	5.9287E+4	6.0771E+4	6.0734E+4	5.8228E+4	5.3734E+4	4.6339E+4	3.8677E+4	3.1246E+4	2.4380E+4	1.8820E+4	1.4263E+4	1.0710E+4
1.5391E+5	1.1588E+5	9.8662E+4	8.1151E+4	6.6117E+4	6.3158E+4	5.9376E+4	5.6439E+4	5.5286E+4	5.4740E+4	5.4728E+4	5.6459E+4	5.8564E+4	6.0043E+4	6.0058E+4	5.7657E+4	5.3289E+4	4.6024E+4	3.8492E+4	3.1134E+4	2.4314E+4	1.8779E+4	1.4239E+4	1.0693E+4
1.5663E+5	1.1729E+5	1.0198E+5	8.0986E+4	6.7069E+4	6.2930E+4	5.9657E+4	5.7094E+4	5.5176E+4	5.4536E+4	5.4515E+4	5.6402E+4	5.8408E+4	5.9901E+4	5.9838E+4	5.7434E+4	5.3112E+4	4.5920E+4	3.8405E+4	3.1079E+4	2.4285E+4	1.8758E+4	1.4227E+4	1.0684E+4
1.5231E+5	1.1641E+5	9.7499E+4	8.0245E+4	6.5716E+4	6.1726E+4	5.8025E+4	5.5767E+4	5.4213E+4	5.3304E+4	5.3796E+4	5.5378E+4	5.7509E+4	5.9044E+4	5.9189E+4	5.6923E+4	5.2739E+4	4.5647E+4	3.8226E+4	3.0956E+4	2.4197E+4	1.8701E+4	1.4185E+4	1.0655E+4
1.5116E+5	1.1193E+5	9.7644E+4	7.8256E+4	6.4025E+4	6.0547E+4	5.7016E+4	5.5235E+4	5.3934E+4	5.3377E+4	5.4963E+4	5.7047E+4	5.9723E+4	6.1712E+4	6.1913E+4	5.9326E+4	5.4661E+4	4.6930E+4	3.9029E+4	3.1435E+4	2.4465E+4	1.8853E+4	1.4273E+4	1.0709E+4
1.5327E+5	1.1209E+5	9.6950E+4	7.9108E+4	6.3266E+4	5.9971E+4	5.7132E+4	5.4694E+4	5.3580E+4	5.3863E+4	5.4785E+4	5.7365E+4	6.0496E+4	6.2669E+4	6.2771E+4	6.0079E+4	5.5214E+4	4.7307E+4	3.9266E+4	3.1564E+4	2.4539E+4	1.8894E+4	1.4299E+4	1.0724E+4
1.4696E+5	1.1251E+5	9.4640E+4	7.7115E+4	6.3377E+4	5.9462E+4	5.6915E+4	5.4681E+4	5.3685E+4	5.3925E+4	5.5679E+4	5.8088E+4	6.1155E+4	6.3256E+4	6.3369E+4	6.0555E+4	5.5586E+4	4.7545E+4	3.9405E+4	3.1640E+4	2.4584E+4	1.8920E+4	1.4314E+4	1.0732E+4
1.4715E+5	1.1266E+5	9.4018E+4	7.7175E+4	6.2743E+4	5.9551E+4	5.6189E+4	5.4073E+4	5.3200E+4	5.3680E+4	5.5084E+4	5.7698E+4	6.0789E+4	6.2878E+4	6.3064E+4	6.0274E+4	5.5370E+4	4.7400E+4	3.9323E+4	3.1601E+4	2.4561E+4	1.8909E+4	1.4304E+4	1.0727E+4
1.4906E+5	1.1276E+5	9.4913E+4	7.6461E+4	6.2849E+4	5.9059E+4	5.6426E+4	5.4294E+4	5.3373E+4	5.3701E+4	5.4618E+4	5.7612E+4	6.0759E+4	6.2815E+4	6.3028E+4	6.0279E+4	5.5354E+4	4.7388E+4	3.9326E+4	3.1602E+4	2.4563E+4	1.8902E+4	1.4305E+4	1.0726E+4
1.4803E+5	1.1132E+5	9.2324E+4	7.5908E+4	6.1944E+4	5.8395E+4	5.5842E+4	5.3680E+4	5.2643E+4	5.2800E+4	5.4224E+4	5.6656E+4	5.9774E+4	6.1897E+4	6.2236E+4	5.9672E+4	5.4940E+4	4.7127E+4	3.9155E+4	3.1503E+4	2.4506E+4	1.8876E+4	1.4286E+4	1.0715E+4
1.4172E+5	1.1156E+5	9.2472E+4	7.4681E+4	6.1484E+4	5.8272E+4	5.4865E+4	5.2931E+4	5.2129E+4	5.2169E+4	5.3606E+4	5.6100E+4	5.9140E+4	6.1396E+4	6.1801E+4	5.9324E+4	5.4697E+4	4.6965E+4	3.9075E+4	3.1459E+4	2.4478E+4	1.8861E+4	1.4277E+4	1.0710E+4
1.4484E+5	1.1146E+5	9.1597E+4	7.5019E+4	6.0945E+4	5.7836E+4	5.4624E+4	5.2339E+4	5.1681E+4	5.2039E+4	5.3036E+4	5.5767E+4	5.8856E+4	6.1019E+4	6.1459E+4	5.9063E+4	5.4467E+4	4.6855E+4	3.8992E+4	3.1408E+4	2.4455E+4	1.8847E+4	1.4268E+4	1.0704E+4
1.4351E+5	1.0966E+5	9.1773E+4	7.4144E+4	6.0696E+4	5.7098E+4	5.4353E+4	5.2403E+4	5.1515E+4	5.1415E+4	5.2633E+4	5.5119E+4	5.8208E+4	6.0453E+4	6.0950E+4	5.8706E+4	5.4210E+4	4.6686E+4	3.8895E+4	3.1352E+4	2.4425E+4	1.8826E+4	1.4259E+4	1.0697E+4
1.4243E+5	1.0861E+5	9.0805E+4	7.4274E+4	6.0010E+4	5.6559E+4	5.3609E+4	5.1771E+4	5.0554E+4	5.0599E+4	5.1698E+4	5.4349E+4	5.7451E+4	5.9671E+4	6.0262E+4	5.8087E+4	5.3765E+4	4.6412E+4	3.8733E+4	3.1267E+4	2.4371E+4	1.8795E+4	1.4239E+4	1.0687E+4
1.4334E+5	1.0822E+5	9.1577E+4	7.2938E+4	5.9579E+4	5.6785E+4	5.3628E+4	5.1118E+4	5.0313E+4	5.0213E+4	5.1679E+4	5.4013E+4	5.7032E+4	5.9234E+4	5.9882E+4	5.7822E+4	5.3579E+4	4.6275E+4	3.8647E+4	3.1208E+4	2.4348E+4	1.8783E+4	1.4229E+4	1.0682E+4
1.3972E+5	1.0542E+5	8.8850E+4	7.3535E+4	5.9012E+4	5.5859E+4	5.2796E+4	5.0722E+4	4.9547E+4	4.9721E+4	5.0848E+4	5.2972E+4	5.6007E+4	5.8218E+4	5.8936E+4	5.7059E+4	5.3021E+4	4.5949E+4	3.8442E+4	3.1090E+4	2.4278E+4	1.8746E+4	1.4209E+4	1.0667E+4
1.4159E+5	1.0659E+5	8.8881E+4	7.2229E+4	5.8463E+4	5.5393E+4	5.2340E+4	5.0681E+4	4.9385E+4	4.9595E+4	5.0428E+4	5.2567E+4	5.5571E+4	5.7876E+4	5.8609E+4	5.6773E+4	5.2779E+4	4.5799E+4	3.8360E+4	3.1040E+4	2.4250E+4	1.8728E+4	1.4199E+4	1.0662E+4
1.4131E+5	1.0779E+5	8.9514E+4	7.2872E+4	5.8801E+4	5.5858E+4	5.2765E+4	5.0370E+4	4.9452E+4	4.9377E+4	4.9844E+4	5.2352E+4	5.5151E+4	5.7389E+4	5.8260E+4	5.6476E+4	5.2570E+4	4.5631E+4	3.8261E+4	3.0990E+4	2.4222E+4	1.8709E+4	1.4190E+4	1.0656E+4
1.3861E+5	1.0504E+5	8.9096E+4	7.2826E+4	5.8009E+4	5.4914E+4	5.1949E+4	4.9937E+4	4.8946E+4	4.8626E+4	4.9966E+4	5.1972E+4	5.4900E+4	5.7176E+4	5.7963E+4	5.6290E+4	5.2449E+4	4.5580E+4	3.8228E+4	3.0968E+4	2.4210E+4	1.8704E+4	1.4186E+4	1.0654E+4
1.3625E+5	1.0512E+5	8.8810E+4	7.0944E+4	5.7820E+4	5.4431E+4	5.1249E+4	4.9116E+4	4.7958E+4	4.7466E+4	4.8863E+4	5.0902E+4	5.3795E+4	5.6138E+4	5.7122E+4	5.5618E+4	5.1960E+4	4.5272E+4	3.8041E+4	3.0870E+4	2.4157E+4	1.8678E+4	1.4169E+4	1.0644E+4
1.3713E+5	1.0375E+5	8.6434E+4	7.0982E+4	5.7518E+4	5.4362E+4	5.1490E+4	4.8837E+4	4.8038E+4	4.7661E+4	4.8456E+4	5.0806E+4	5.3692E+4	5.6034E+4	5.7004E+4	5.5545E+4	5.1931E+4	4.5278E+4	3.8048E+4	3.0869E+4	2.4156E+4	1.8674E+4	1.4166E+4	1.0644E+4
1.3740E+5	1.0513E+5	8.7891E+4	7.1176E+4	5.7009E+4	5.3640E+4	5.1069E+4	4.8616E+4	4.7470E+4	4.7367E+4	4.8262E+4	5.0399E+4	5.3267E+4	5.5544E+4	5.6616E+4	5.5202E+4	5.1642E+4	4.5089E+4	3.7932E+4	3.0806E+4	2.4117E+4	1.8654E+4	1.4154E+4	1.0634E+4
1.3861E+5	1.0543E+5	8.8153E+4	7.0808E+4	5.7165E+4	5.3568E+4	5.0376E+4	4.8587E+4	4.7075E+4	4.7168E+4	4.7875E+4	4.9815E+4	5.2635E+4	5.4903E+4	5.6082E+4	5.4768E+4	5.1290E+4	4.4841E+4	3.7787E+4	3.0707E+4	2.4064E+4	1.8624E+4	1.4137E+4	1.0622E+4
1.3134E+5	1.0522E+5	8.7268E+4	7.0755E+4	5.6628E+4	5.3707E+4	5.0217E+4	4.8104E+4	4.6885E+4	4.6617E+4	4.7268E+4	4.9406E+4	5.2373E+4	5.4682E+4	5.5822E+4	5.4564E+4	5.1149E+4	4.4724E+4	3.7723E+4	3.0677E+4	2.4048E+4	1.8614E+4	1.4132E+4	1.0619E+4
1.3802E+5	1.0299E+5	8.7904E+4	6.8529E+4	5.5538E+4	5.2592E+4	5.0009E+4	4.7360E+4	4.6066E+4	4.6197E+4	4.6452E+4	4.8648E+4	5.1406E+4	5.3860E+4	5.5040E+4	5.3923E+4	5.0645E+4	4.4417E+4	3.7525E+4	3.0557E+4	2.3981E+4	1.8573E+4	1.4109E+4	1.0605E+4
1.3519E+5	1.0241E+5	8.6253E+4	6.8945E+4	5.6030E+4	5.2397E+4	4.9488E+4	4.6984E+4	4.5989E+4	4.5440E+4	4.6569E+4	4.8251E+4	5.1113E+4	5.3455E+4	5.4727E+4	5.3630E+4	5.0435E+4	4.4277E+4	3.7444E+4	3.0523E+4	2.3963E+4	1.8563E+4	1.4102E+4	1.0601E+4
1.3911E+5	1.0289E+5	8.4425E+4	6.8408E+4	5.4974E+4	5.1891E+4	4.8964E+4	4.6447E+4	4.5428E+4	4.4698E+4	4.5956E+4	4.7907E+4	5.0759E+4	5.3168E+4	5.4511E+4	5.3462E+4	5.0319E+4	4.4216E+4	3.7411E+4	3.0506E+4	2.3953E+4	1.8557E+4	1.4098E+4	1.0600E+4
1.3670E+5	1.0311E+5	8.7042E+4	6.8443E+4	5.4590E+4	5.1415E+4	4.8762E+4	4.6342E+4	4.5046E+4	4.4624E+4	4.5560E+4	4.7526E+4	5.0385E+4	5.2819E+4	5.4222E+4	5.3260E+4	5.0179E+4	4.4153E+4	3.7355E+4	3.0479E+4	2.3936E+4	1.8549E+4	1.4093E+4	1.0597E+4
1.2934E+5	1.0065E+5	8.5766E+4	6.7510E+4	5.4086E+4	5.0942E+4	4.8071E+4	4.6133E+4	4.4711E+4	4.4570E+4	4.5379E+4	4.7249E+4	4.9985E+4	5.2503E+4	5.3920E+4	5.3018E+4	4.9987E+4	4.4034E+4	3.7307E+4	3.0438E+4	2.3914E+4	1.8537E+4	1.4088E+4	1.0593E+4
1.3237E+5	9.9936E+4	8.3699E+4	6.7189E+4	5.4574E+4	5.0694E+4	4.7803E+4	4.5298E+4	4.4161E+4	4.4312E+4	4.4976E+4	4.6926E+4	4.9864E+4	5.2291E+4	5.3767E+4	5.2906E+4	4.9923E+4	4.3981E+4	3.7270E+4	3.0424E+4	2.3905E+4	1.8533E+4	1.4083E+4	1.0590E+4
1.2895E+5	9.9662E+4	8.2945E+4	6.6073E+4	5.3288E+4	4.9990E+4	4.7075E+4	4.4858E+4	4.3661E+4	4.3470E+4	4.4645E+4	4.6552E+4	4.9548E+4	5.2066E+4	5.3515E+4	5.2715E+4	4.9772E+4	4.3885E+4	3.7208E+4	3.0380E+4	2.3883E+4	1.8515E+4	1.4076E+4	1.0585E+4
1.2778E+5	9.7809E+4	8.2953E+4	6.5362E+4	5.2968E+4	4.9558E+4	4.7035E+4	4.4737E+4	4.3830E+4	4.3542E+4	4.4499E+4	4.6547E+4	4.9421E+4	5.2000E+4	5.3531E+4	5.2738E+4	4.9786E+4	4.3889E+4	3.7208E+4	3.0383E+4	2.3884E+4	1.8518E+4	1.4075E+4	1.0584E+4
1.2946E+5	9.8407E+4	8.2018E+4	6.6159E+4	5.2630E+4	4.9698E+4	4.6970E+4	4.4353E+4	4.3306E+4	4.3071E+4	4.4445E+4	4.6473E+4	4.9293E+4	5.1883E+4	5.3428E+4	5.2655E+4	4.9750E+4	4.3881E+4	3.7218E+4	3.0390E+4	2.3883E+4	1.8518E+4	1.4075E+4	1.0586E+4
1.2789E+5	9.7082E+4	8.2692E+4	6.5092E+4	5.2184E+4	4.9107E+4	4.6608E+4	4.4368E+4	4.3195E+4	4.3056E+4	4.3675E+4	4.5891E+4	4.8790E+4	5.1354E+4	5.2998E+4	5.2248E+4	4.9453E+4	4.3691E+4	3.7084E+4	3.0322E+4	2.3848E+4	1.8498E+4	1.4061E+4	1.0575E+4
1.2622E+5	9.6839E+4	7.9803E+4	6.4124E+4	5.1654E+4	4.8462E+4	4.5411E+4	4.3715E+4	4.2458E+4	4.2191E+4	4.3191E+4	4.5360E+4	4.8436E+4	5.1031E+4	5.2731E+4	5.2077E+4	4.9322E+4	4.3606E+4	3.7039E+4	3.0292E+4	2.3836E+4	1.8487E+4	1.4058E+4	1.0574E+4
1.3150E+5	9.3537E+4	8.0829E+4	6.3958E+4	5.1189E+4	4.8280E+4	4.5211E+4	4.3522E+4	4.2160E+4	4.2221E+4	4.2847E+4	4.4977E+4	4.7906E+4	5.0558E+4	5.2282E+4	5.1707E+4	4.9026E+4	4.3426E+4	3.6926E+4	3.0219E+4	2.3793E+4	1.8465E+4	1.4047E+4	1.0565E+4
1.2616E+5	9.5598E+4	7.9642E+4	6.3641E+4	5.0987E+4	4.7903E+4	4.5088E+4	4.3084E+4	4.2032E+4	4.1883E+4	4.2832E+4	4.4743E+4	4.7730E+4	5.0337E+4	5.2036E+4	5.1520E+4	4.8828E+4	4.3281E+4	3.6833E+4	3.0158E+4	2.3758E+4	1.8443E+4	1.4031E+4	1.0557E+4
1.2608E+5	9.5103E+4	7.9632E+4	6.4237E+4	5.0831E+4	4.8313E+4	4.5284E+4	4.3182E+4	4.1951E+4	4.1653E+4	4.2497E+4	4.4768E+4	4.7659E+4	5.0255E+4	5.1951E+4	5.1429E+4	4.8791E+4	4.3239E+4	3.6804E+4	3.0138E+4	2.3744E+4	1.8442E+4	1.4029E+4	1.0555E+4
1.2427E+5	9.3654E+4	7.8425E+4	6.3130E+4	5.0628E+4	4.7770E+4	4.4761E+4	4.2398E+4	4.1728E+4	4.1215E+4	4.2593E+4	4.4421E+4	4.7434E+4	4.9981E+4	5.1761E+4	5.1319E+4	4.8716E+4	4.3199E+4	3.6787E+4	3.0141E+4	2.3747E+4	1.8441E+4	1.4028E+4	1.0555E+4
1.2307E+5	9.2688E+4	7.8547E+4	6.2185E+4	5.0062E+4	4.7017E+4	4.4378E+4	4.2394E+4	4.1230E+4	4.1094E+4	4.1783E+4	4.4104E+4	4.7059E+4	4.9722E+4	5.1514E+4	5.1104E+4	4.8551E+4	4.3127E+4	3.6736E+4	3.0121E+4	2.3735E+4	1.8432E+4	1.4024E+4	1.0553E+4
1.2571E+5	9.2776E+4	7.7726E+4	6.1960E+4	4.9799E+4	4.6415E+4	4.3760E+4	4.1582E+4	4.0584E+4	4.0552E+4	4.1526E+4	4.3550E+4	4.6551E+4	4.9260E+4	5.1140E+4	5.0824E+4	4.8361E+4	4.3005E+4	3.6660E+4	3.0076E+4	2.3717E+4	1.8423E+4	1.4017E+4	1.0549E+4
1.2454E+5	9.3626E+4	7.5577E+4	6.1584E+4	4.9455E+4	4.6512E+4	4.3881E+4	4.1606E+4	4.0627E+4	4.0744E+4	4.1413E+4	4.3643E+4	4.6584E+4	4.9338E+4	5.1197E+4	5.0813E+4	4.8352E+4	4.2998E+4	3.6670E+4	3.0079E+4	2.3712E+4	1.8424E+4	1.4018E+4	1.0549E+4
1.2049E+5	9.3050E+4	7.7745E+4	6.0954E+4	4.9336E+4	4.5889E+4	4.3342E+4	4.1363E+4	4.0360E+4	3.9981E+4	4.1040E+4	4.3146E+4	4.6194E+4	4.8899E+4	5.0848E+4	5.0525E+4	4.8161E+4	4.2871E+4	3.6595E+4	3.0039E+4	2.3695E+4	1.8411E+4	1.4011E+4	1.0546E+4
1.2090E+5	9.1534E+4	7.5378E+4	6.1047E+4	4.8319E+4	4.5767E+4	4.2958E+4	4.1320E+4	4.0164E+4	3.9956E+4	4.0827E+4	4.3060E+4	4.6067E+4	4.8826E+4	5.0751E+4	5.0492E+4	4.8094E+4	4.2834E+4	3.6585E+4	3.0026E+4	2.3688E+4	1.8406E+4	1.4010E+4	1.0543E+4
1.2147E+5	9.0146E+4	7.4739E+4	5.9836E+4	4.8224E+4	4.5515E+4	4.2688E+4	4.0873E+4	3.9776E+4	3.9409E+4	4.0428E+4	4.2686E+4	4.5689E+4	4.8439E+4	5.0403E+4	5.0223E+4	4.7889E+4	4.2715E+4	3.6501E+4	2.9973E+4	2.3658E+4	1.8391E+4	1.3998E+4	1.0538E+4
1.1864E+5	8.9310E+4	7.5786E+4	6.0355E+4	4.8397E+4	4.5524E+4	4.2691E+4	4.0752E+4	3.9785E+4	3.9240E+4	4.0550E+4	4.2687E+4	4.5668E+4	4.8471E+4	5.0432E+4	5.0240E+4	4.7946E+4	4.2735E+4	3.6526E+4	2.9995E+4	2.3667E+4	1.8396E+4	1.4002E+4	1.0539E+4
1.2320E+5	9.2517E+4	7.5805E+4	6.1115E+4	4.7713E+4	4.5431E+4	4.2444E+4	4.0248E+4	3.9622E+4	3.9081E+4	4.0268E+4	4.2456E+4	4.5500E+4	4.8313E+4	5.0334E+4	5.0163E+4	4.7865E+4	4.2698E+4	3.6495E+4	2.9980E+4	2.3661E+4	1.8390E+4	1.4002E+4	1.0538E+4
1.1811E+5	8.9188E+4	7.3269E+4	5.9456E+4	4.7781E+4	4.5017E+4	4.2167E+4	4.0026E+4	3.9384E+4	3.9257E+4	4.0223E+4	4.2178E+4	4.5270E+4	4.7999E+4	5.0024E+4	4.9944E+4	4.7698E+4	4.2589E+4	3.6447E+4	2.9939E+4	2.3640E+4	1.8379E+4	1.3994E+4	1.0534E+4
1.1463E+5	8.8823E+4	7.4827E+4	5.9820E+4	4.7753E+4	4.4839E+4	4.2186E+4	3.9932E+4	3.9096E+4	3.8748E+4	3.9824E+4	4.2081E+4	4.5099E+4	4.7827E+4	4.9929E+4	4.9838E+4	4.7659E+4	4.2551E+4	3.6410E+4	2.9926E+4	2.3635E+4	1.8373E+4	1.3990E+4	1.0531E+4
1.1829E+5	8.9488E+4	7.3182E+4	5.9724E+4	4.7232E+4	4.4469E+4	4.2186E+4	4.0149E+4	3.9049E+4	3.9034E+4	3.9561E+4	4.1957E+4	4.5047E+4	4.7804E+4	4.9943E+4	4.9873E+4	4.7686E+4	4.2588E+4	3.6425E+4	2.9946E+4	2.3642E+4	1.8380E+4	1.3992E+4	1.0534E+4
1.1738E+5	8.7436E+4	7.3992E+4	5.8803E+4	4.6937E+4	4.4748E+4	4.1942E+4	3.9961E+4	3.9098E+4	3.9000E+4	3.9622E+4	4.1936E+4	4.4960E+4	4.7833E+4	4.9895E+4	4.9865E+4	4.7642E+4	4.2558E+4	3.6413E+4	2.9929E+4	2.3633E+4	1.8376E+4	1.3991E+4	1.0532E+4
1.1537E+5	8.8157E+4	7.2979E+4	5.8655E+4	4.7127E+4	4.4230E+4	4.1744E+4	3.9739E+4	3.8959E+4	3.8685E+4	3.9497E+4	4.1738E+4	4.4830E+4	4.7652E+4	4.9752E+4	4.9694E+4	4.7533E+4	4.2482E+4	3.6367E+4	2.9896E+4	2.3617E+4	1.8364E+4	1.3985E+4	1.0528E+4
1.1657E+5	8.7083E+4	7.3368E+4	5.8291E+4	4.6506E+4	4.4157E+4	4.1713E+4	3.9562E+4	3.8919E+4	3.8870E+4	3.9404E+4	4.1836E+4	4.4825E+4	4.7645E+4	4.9742E+4	4.9672E+4	4.7518E+4	4.2465E+4	3.6358E+4	2.9893E+4	2.3606E+4	1.8359E+4	1.3982E+4	1.0525E+4
1.1730E+5	8.7140E+4	7.2059E+4	5.7847E+4	4.6810E+4	4.3801E+4	4.1069E+4	3.9816E+4	3.8563E+4	3.8603E+4	3.9552E+4	4.1451E+4	4.4491E+4	4.7282E+4	4.9314E+4	4.9390E+4	4.7290E+4	4.2319E+4	3.6255E+4	2.9832E+4	2.3578E+4	1.8343E+4	1.3970E+4	1.0519E+4
1.1499E+5	8.5975E+4	7.1935E+4	5.7486E+4	4.6446E+4	4.3618E+4	4.1060E+4	3.9284E+4	3.8193E+4	3.8210E+4	3.9058E+4	4.1132E+4	4.4191E+4	4.6982E+4	4.9160E+4	4.9169E+4	4.7099E+4	4.2207E+4	3.6188E+4	2.9793E+4	2.3559E+4	1.8331E+4	1.3965E+4	1.0517E+4
1.1546E+5	8.5149E+4	7.1362E+4	5.6772E+4	4.5882E+4	4.3396E+4	4.0547E+4	3.9025E+4	3.8233E+4	3.8028E+4	3.8763E+4	4.0941E+4	4.3909E+4	4.6735E+4	4.8861E+4	4.8929E+4	4.6944E+4	4.2090E+4	3.6117E+4	2.9760E+4	2.3536E+4	1.8317E+4	1.3957E+4	1.0510E+4
1.1401E+5	8.5316E+4	7.1766E+4	5.6914E+4	4.5845E+4	4.3447E+4	4.0916E+4	3.9213E+4	3.8039E+4	3.7990E+4	3.8615E+4	4.0861E+4	4.3882E+4	4.6703E+4	4.8888E+4	4.9016E+4	4.6972E+4	4.2103E+4	3.6128E+4	2.9760E+4	2.3538E+4	1.8320E+4	1.3958E+4	1.0510E+4
1.1313E+5	8.4788E+4	7.1205E+4	5.7116E+4	4.5597E+4	4.3453E+4	4.0844E+4	3.8733E+4	3.7990E+4	3.8108E+4	3.8681E+4	4.0909E+4	4.4023E+4	4.6838E+4	4.9003E+4	4.9087E+4	4.7045E+4	4.2160E+4	3.6161E+4	2.9782E+4	2.3545E+4	1.8323E+4	1.3962E+4	1.0513E+4
1.1409E+5	8.5147E+4	7.0076E+4	5.6074E+4	4.5921E+4	4.2829E+4	4.0625E+4	3.8567E+4	3.7730E+4	3.7722E+4	3.8547E+4	4.0624E+4	4.3718E+4	4.6527E+4	4.8721E+4	4.8864E+4	4.6855E+4	4.2049E+4	3.6097E+4	2.9744E+4	2.3525E+4	1.8314E+4	1.3954E+4	1.0509E+4
1.1037E+5	8.3846E+4	7.0297E+4	5.6571E+4	4.5271E+4	4.2689E+4	3.9995E+4	3.8243E+4	3.7472E+4	3.7319E+4	3.8217E+4	4.0448E+4	4.3365E+4	4.6268E+4	4.8493E+4	4.8649E+4	4.6711E+4	4.1947E+4	3.6020E+4	2.9702E+4	2.3504E+4	1.8300E+4	1.3943E+4	1.0504E+4
1.1317E+5	8.2491E+4	6.9723E+4	5.6538E+4	4.5424E+4	4.2599E+4	4.0671E+4	3.8420E+4	3.7720E+4	3.7558E+4	3.8330E+4	4.0564E+4	4.3573E+4	4.6414E+4	4.8678E+4	4.8797E+4	4.6813E+4	4.2002E+4	3.6068E+4	2.9730E+4	2.3520E+4	1.8307E+4	1.3950E+4	1.0506E+4
1.1271E+5	8.2408E+4	6.9435E+4	5.5792E+4	4.5096E+4	4.2841E+4	4.0413E+4	3.8691E+4	3.7735E+4	3.7306E+4	3.8564E+4	4.0649E+4	4.3646E+4	4.6475E+4	4.8709E+4	4.8883E+4	4.6924E+4	4.2087E+4	3.6115E+4	2.9753E+4	2.3535E+4	1.8315E+4	1.3955E+4	1.0509E+4
1.1209E+5	8.5472E+4	7.0694E+4	5.6663E+4	4.5451E+4	4.2683E+4	4.0354E+4	3.8407E+4	3.7660E+4	3.7477E+4	3.8490E+4	4.0736E+4	4.3695E+4	4.6584E+4	4.8810E+4	4.8939E+4	4.6966E+4	4.2093E+4	3.6123E+4	2.9761E+4	2.3534E+4	1.8316E+4	1.3954E+4	1.0508E+4
1.1005E+5	8.2693E+4	6.8831E+4	5.5629E+4	4.5166E+4	4.2228E+4	4.0038E+4	3.8333E+4	3.7428E+4	3.7103E+4	3.7927E+4	4.0082E+4	4.3201E+4	4.6096E+4	4.8297E+4	4.8524E+4	4.6645E+4	4.1892E+4	3.5991E+4	2.9676E+4	2.3492E+4	1.8290E+4	1.3939E+4	1.0500E+4
1.1040E+5	8.3905E+4	6.9133E+4	5.5649E+4	4.5470E+4	4.2274E+4	3.9793E+4	3.8006E+4	3.7067E+4	3.6802E+4	3.7932E+4	4.0081E+4	4.3193E+4	4.6033E+4	4.8324E+4	4.8541E+4	4.6660E+4	4.1903E+4	3.6009E+4	2.9679E+4	2.3493E+4	1.8294E+4	1.3940E+4	1.0500E+4
1.0547E+5	8.2951E+4	6.9646E+4	5.5612E+4	4.4277E+4	4.1984E+4	3.9813E+4	3.7939E+4	3.6847E+4	3.6730E+4	3.7994E+4	3.9965E+4	4.3114E+4	4.5976E+4	4.8214E+4	4.8438E+4	4.6559E+4	4.1832E+4	3.5943E+4	2.9646E+4	2.3477E+4	1.8282E+4	1.3935E+4	1.0496E+4
1.0975E+5	8.3038E+4	6.9711E+4	5.5876E+4	4.4739E+4	4.2062E+4	3.9729E+4	3.7926E+4	3.6969E+4	3.6490E+4	3.7975E+4	3.9787E+4	4.2788E+4	4.5587E+4	4.7935E+4	4.8210E+4	4.6341E+4	4.1686E+4	3.5864E+4	2.9600E+4	2.3443E+4	1.8264E+4	1.3924E+4	1.0490E+4
1.0888E+5	8.0458E+4	6.7942E+4	5.5145E+4	4.3932E+4	4.1880E+4	3.9282E+4	3.7813E+4	3.6477E+4	3.6324E+4	3.7272E+4	3.9497E+4	4.2379E+4	4.5260E+4	4.7562E+4	4.7876E+4	4.6079E+4	4.1521E+4	3.5753E+4	2.9539E+4	2.3408E+4	1.8240E+4	1.3910E+4	1.0481E+4
1.1262E+5	8.3486E+4	6.8830E+4	5.4657E+4	4.3944E+4	4.1829E+4	3.9253E+4	3.7326E+4	3.6333E+4	3.5942E+4	3.7251E+4	3.9183E+4	4.2196E+4	4.4965E+4	4.7355E+4	4.7671E+4	4.5932E+4	4.1413E+4	3.5690E+4	2.9491E+4	2.3384E+4	1.8231E+4	1.3905E+4	1.0479E+4
1.0913E+5	8.1917E+4	6.8764E+4	5.4895E+4	4.4498E+4	4.1813E+4	3.9290E+4	3.7500E+4	3.6370E+4	3.6199E+4	3.7050E+4	3.9241E+4	4.2202E+4	4.5050E+4	4.7387E+4	4.7724E+4	4.5959E+4	4.1461E+4	3.5711E+4	2.9511E+4	2.3398E+4	1.8238E+4	1.3909E+4	1.0479E+4
1.0716E+5	8.2204E+4	6.8658E+4	5.5126E+4	4.4270E+4	4.1409E+4	3.9156E+4	3.7203E+4	3.6243E+4	3.5822E+4	3.6842E+4	3.8925E+4	4.1935E+4	4.4709E+4	4.7117E+4	4.7480E+4	4.5791E+4	4.1315E+4	3.5645E+4	2.9465E+4	2.3372E+4	1.8221E+4	1.3899E+4	1.0474E+4
1.0790E+5	8.0182E+4	6.8156E+4	5.4232E+4	4.4034E+4	4.0989E+4	3.8790E+4	3.7144E+4	3.6032E+4	3.5991E+4	3.6691E+4	3.8989E+4	4.2041E+4	4.4989E+4	4.7354E+4	4.7756E+4	4.6066E+4	4.1519E+4	3.5775E+4	2.9546E+4	2.3415E+4	1.8247E+4	1.3913E+4	1.0483E+4
1.0677E+5	7.8944E+4	6.7658E+4	5.3902E+4	4.3363E+4	4.1158E+4	3.8530E+4	3.6754E+4	3.5832E+4	3.5649E+4	3.6902E+4	3.9044E+4	4.2147E+4	4.5023E+4	4.7421E+4	4.7829E+4	4.6124E+4	4.1566E+4	3.5799E+4	2.9560E+4	2.3429E+4	1.8256E+4	1.3915E+4	1.0484E+4
1.0512E+5	8.1812E+4	6.6893E+4	5.4329E+4	4.3533E+4	4.0896E+4	3.8764E+4	3.6922E+4	3.5942E+4	3.5681E+4	3.6788E+4	3.9038E+4	4.2195E+4	4.5073E+4	4.7527E+4	4.7910E+4	4.6188E+4	4.1611E+4	3.5820E+4	2.9577E+4	2.3433E+4	1.8256E+4	1.3919E+4	1.0486E+4
1.0671E+5	7.9567E+4	6.7118E+4	5.3522E+4	4.3509E+4	4.1075E+4	3.8306E+4	3.6794E+4	3.5703E+4	3.5678E+4	3.6957E+4	3.8858E+4	4.1971E+4	4.4956E+4	4.7399E+4	4.7787E+4	4.6090E+4	4.1554E+4	3.5784E+4	2.9560E+4	2.3423E+4	1.8253E+4	1.3916E+4	1.0485E+4
1.0720E+5	7.9768E+4	6.6555E+4	5.3876E+4	4.3106E+4	4.0493E+4	3.8452E+4	3.6479E+4	3.5349E+4	3.5547E+4	3.6635E+4	3.8702E+4	4.1895E+4	4.4872E+4	4.7320E+4	4.7755E+4	4.6066E+4	4.1539E+4	3.5780E+4	2.9560E+4	2.3425E+4	1.8249E+4	1.3916E+4	1.0484E+4
1.0265E+5	8.1084E+4	6.6385E+4	5.3520E+4	4.2775E+4	4.0378E+4	3.7911E+4	3.6413E+4	3.5422E+4	3.5494E+4	3.6355E+4	3.8599E+4	4.1690E+4	4.4637E+4	4.7062E+4	4.7546E+4	4.5910E+4	4.1429E+4	3.5704E+4	2.9515E+4	2.3395E+4	1.8236E+4	1.3907E+4	1.0478E+4
1.0359E+5	7.7988E+4	6.5789E+4	5.3138E+4	4.2990E+4	4.0120E+4	3.7960E+4	3.6236E+4	3.5277E+4	3.4981E+4	3.6128E+4	3.8300E+4	4.1372E+4	4.4307E+4	4.6837E+4	4.7321E+4	4.5705E+4	4.1271E+4	3.5605E+4	2.9447E+4	2.3356E+4	1.8210E+4	1.3892E+4	1.0469E+4
1.0427E+5	7.9439E+4	6.5692E+4	5.3138E+4	4.2665E+4	3.9880E+4	3.7735E+4	3.6107E+4	3.5316E+4	3.5292E+4	3.5946E+4	3.8232E+4	4.1424E+4	4.4363E+4	4.6811E+4	4.7268E+4	4.5654E+4	4.1238E+4	3.5571E+4	2.9419E+4	2.3341E+4	1.8202E+4	1.3885E+4	1.0465E+4
1.0957E+5	7.4825E+4	6.4565E+4	5.2265E+4	4.1644E+4	3.9334E+4	3.7519E+4	3.5632E+4	3.4961E+4	3.4647E+4	3.5892E+4	3.8024E+4	4.1114E+4	4.4076E+4	4.6563E+4	4.7089E+4	4.5513E+4	4.1124E+4	3.5506E+4	2.9388E+4	2.3319E+4	1.8190E+4	1.3880E+4	1.0461E+4
1.0405E+5	7.7849E+4	6.4536E+4	5.2213E+4	4.2244E+4	3.9677E+4	3.7280E+4	3.5638E+4	3.4808E+4	3.4737E+4	3.5559E+4	3.7905E+4	4.0904E+4	4.3845E+4	4.6325E+4	4.6886E+4	4.5345E+4	4.1026E+4	3.5440E+4	2.9347E+4	2.3299E+4	1.8178E+4	1.3872E+4	1.0456E+4
1.0321E+5	7.7716E+4	6.5003E+4	5.2149E+4	4.1795E+4	3.9173E+4	3.7245E+4	3.5553E+4	3.4411E+4	3.4592E+4	3.5362E+4	3.7437E+4	4.0544E+4	4.3491E+4	4.5995E+4	4.6574E+4	4.5073E+4	4.0834E+4	3.5329E+4	2.9282E+4	2.3267E+4	1.8156E+4	1.3860E+4	1.0449E+4
1.0614E+5	7.7719E+4	6.5268E+4	5.2688E+4	4.1564E+4	3.9199E+4	3.6600E+4	3.4883E+4	3.4252E+4	3.3911E+4	3.5172E+4	3.7228E+4	4.0358E+4	4.3316E+4	4.5854E+4	4.6478E+4	4.5016E+4	4.0813E+4	3.5316E+4	2.9271E+4	2.3259E+4	1.8154E+4	1.3859E+4	1.0449E+4
1.0362E+5	7.7722E+4	6.3653E+4	5.1763E+4	4.1192E+4	3.9230E+4	3.6777E+4	3.5122E+4	3.4157E+4	3.4095E+4	3.5369E+4	3.7316E+4	4.0331E+4	4.3339E+4	4.5888E+4	4.6496E+4	4.5045E+4	4.0834E+4	3.5323E+4	2.9287E+4	2.3265E+4	1.8158E+4	1.3861E+4	1.0449E+4
1.0305E+5	7.6649E+4	6.4005E+4	5.1101E+4	4.1134E+4	3.8611E+4	3.6514E+4	3.4767E+4	3.3784E+4	3.4061E+4	3.4651E+4	3.6893E+4	4.0024E+4	4.2982E+4	4.5571E+4	4.6269E+4	4.4877E+4	4.0725E+4	3.5263E+4	2.9250E+4	2.3248E+4	1.8148E+4	1.3855E+4	1.0446E+4
1.0273E+5	7.6523E+4	6.4280E+4	5.1389E+4	4.1113E+4	3.8930E+4	3.6568E+4	3.4929E+4	3.4150E+4	3.3941E+4	3.5005E+4	3.6913E+4	4.0079E+4	4.3065E+4	4.5637E+4	4.6296E+4	4.4904E+4	4.0751E+4	3.5289E+4	2.9256E+4	2.3250E+4	1.8151E+4	1.3857E+4	1.0446E+4
1.0167E+5	7.5294E+4	6.3384E+4	5.0236E+4	4.0895E+4	3.8548E+4	3.6533E+4	3.4316E+4	3.3621E+4	3.3570E+4	3.4482E+4	3.6538E+4	3.9637E+4	4.2611E+4	4.5181E+4	4.5933E+4	4.4621E+4	4.0565E+4	3.5174E+4	2.9186E+4	2.3213E+4	1.8130E+4	1.3844E+4	1.0437E+4
1.0258E+5	7.5898E+4	6.3955E+4	5.1133E+4	4.0867E+4	3.8694E+4	3.6183E+4	3.4586E+4	3.3745E+4	3.3331E+4	3.4465E+4	3.6641E+4	3.9742E+4	4.2797E+4	4.5398E+4	4.6127E+4	4.4772E+4	4.0677E+4	3.5239E+4	2.9230E+4	2.3237E+4	1.8141E+4	1.3850E+4	1.0442E+4
1.0441E+5	7.3668E+4	6.3752E+4	5.0761E+4	4.0710E+4	3.8567E+4	3.6044E+4	3.4417E+4	3.3637E+4	3.3340E+4	3.4676E+4	3.6622E+4	3.9743E+4	4.2805E+4	4.5415E+4	4.6147E+4	4.4830E+4	4.0701E+4	3.5260E+4	2.9238E+4	2.3240E+4	1.8141E+4	1.3851E+4	1.0443E+4
9.7653E+4	7.5215E+4	6.2705E+4	5.0920E+4	4.0226E+4	3.7860E+4	3.5749E+4	3.4250E+4	3.3190E+4	3.3543E+4	3.4312E+4	3.6530E+4	3.9710E+4	4.2768E+4	4.5422E+4	4.6135E+4	4.4795E+4	4.0689E+4	3.5247E+4	2.9236E+4	2.3237E+4	1.8142E+4	1.3849E+4	1.0443E+4
9.9206E+4	7.4350E+4	6.2053E+4	4.9905E+4	3.9973E+4	3.7362E+4	3.5684E+4	3.4025E+4	3.3172E+4	3.3311E+4	3.4433E+4	3.6573E+4	3.9779E+4	4.2848E+4	4.5544E+4	4.6319E+4	4.4939E+4	4.0796E+4	3.5318E+4	2.9285E+4	2.3260E+4	1.8156E+4	1.3858E+4	1.0447E+4
9.8098E+4	7.4369E+4	6.1785E+4	4.9865E+4	4.0095E+4	3.7628E+4	3.5491E+4	3.3985E+4	3.3216E+4	3.3312E+4	3.4359E+4	3.6675E+4	3.9990E+4	4.3092E+4	4.5754E+4	4.6491E+4	4.5086E+4	4.0898E+4	3.5395E+4	2.9328E+4	2.3291E+4	1.8171E+4	1.3866E+4	1.0453E+4
1.0046E+5	7.3881E+4	6.2001E+4	4.9607E+4	4.0189E+4	3.7575E+4	3.5321E+4	3.3877E+4	3.3190E+4	3.3144E+4	3.4439E+4	3.6765E+4	4.0089E+4	4.3208E+4	4.5924E+4	4.6648E+4	4.5240E+4	4.0995E+4	3.5447E+4	2.9361E+4	2.3311E+4	1.8183E+4	1.3873E+4	1.0457E+4
9.7043E+4	7.3992E+4	6.1101E+4	4.8944E+4	3.9294E+4	3.7697E+4	3.5207E+4	3.3770E+4	3.2988E+4	3.3162E+4	3.4095E+4	3.6546E+4	3.9883E+4	4.2999E+4	4.5747E+4	4.6497E+4	4.5116E+4	4.0934E+4	3.5404E+4	2.9335E+4	2.3300E+4	1.8175E+4	1.3869E+4	1.0453E+4
9.6776E+4	7.2607E+4	6.0920E+4	4.9133E+4	3.9660E+4	3.7457E+4	3.5075E+4	3.3727E+4	3.2931E+4	3.3222E+4	3.4274E+4	3.6561E+4	3.9913E+4	4.3093E+4	4.5812E+4	4.6606E+4	4.5203E+4	4.0981E+4	3.5450E+4	2.9359E+4	2.3309E+4	1.8182E+4	1.3874E+4	1.0456E+4
9.6536E+4	7.2745E+4	6.0803E+4	4.8909E+4	3.9293E+4	3.7044E+4	3.4901E+4	3.3311E+4	3.2720E+4	3.2886E+4	3.3910E+4	3.6269E+4	3.9507E+4	4.2737E+4	4.5485E+4	4.6271E+4	4.4943E+4	4.0829E+4	3.5341E+4	2.9299E+4	2.3275E+4	1.8162E+4	1.3860E+4	1.0448E+4
9.3996E+4	7.1874E+4	6.2062E+4	4.9607E+4	3.9836E+4	3.7070E+4	3.5060E+4	3.3539E+4	3.2931E+4	3.2765E+4	3.4107E+4	3.6400E+4	3.9758E+4	4.2922E+4	4.5671E+4	4.6471E+4	4.5088E+4	4.0911E+4	3.5395E+4	2.9327E+4	2.3294E+4	1.8174E+4	1.3867E+4	1.0453E+4
9.7788E+4	7.2794E+4	5.9937E+4	4.9143E+4	3.9638E+4	3.7391E+4	3.5225E+4	3.3328E+4	3.2605E+4	3.2983E+4	3.3949E+4	3.6522E+4	3.9877E+4	4.3028E+4	4.5818E+4	4.6587E+4	4.5201E+4	4.0985E+4	3.5439E+4	2.9357E+4	2.3307E+4	1.8181E+4	1.3872E+4	1.0456E+4
9.6562E+4	7.3423E+4	6.0773E+4	4.8782E+4	3.9386E+4	3.6621E+4	3.4863E+4	3.3073E+4	3.2771E+4	3.2556E+4	3.3893E+4	3.6336E+4	3.9825E+4	4.3031E+4	4.5798E+4	4.6573E+4	4.5193E+4	4.0987E+4	3.5441E+4	2.9366E+4	2.3309E+4	1.8182E+4	1.3875E+4	1.0455E+4
9.7251E+4	7.2271E+4	6.0619E+4	4.8805E+4	3.9417E+4	3.6844E+4	3.4906E+4	3.3273E+4	3.2607E+4	3.2873E+4	3.4086E+4	3.6211E+4	3.9709E+4	4.2930E+4	4.5683E+4	4.6475E+4	4.5120E+4	4.0946E+4	3.5429E+4	2.9348E+4	2.3301E+4	1.8181E+4	1.3870E+4	1.0455E+4
9.5514E+4	7.2160E+4	6.1390E+4	4.8033E+4	3.9118E+4	3.6503E+4	3.4606E+4	3.2902E+4	3.2166E+4	3.2477E+4	3.3811E+4	3.6105E+4	3.9531E+4	4.2750E+4	4.5621E+4	4.6427E+4	4.5099E+4	4.0943E+4	3.5426E+4	2.9346E+4	2.3304E+4	1.8180E+4	1.3873E+4	1.0457E+4
9.6239E+4	7.2292E+4	6.0126E+4	4.8595E+4	3.8667E+4	3.6499E+4	3.4331E+4	3.3005E+4	3.2285E+4	3.2270E+4	3.3816E+4	3.6178E+4	3.9625E+4	4.2930E+4	4.5721E+4	4.6559E+4	4.5191E+4	4.1002E+4	3.5466E+4	2.9380E+4	2.3323E+4	1.8192E+4	1.3877E+4	1.0458E+4
9.7581E+4	7.1991E+4	6.0065E+4	4.8662E+4	3.8848E+4	3.6481E+4	3.4370E+4	3.2997E+4	3.2269E+4	3.2548E+4	3.3900E+4	3.6332E+4	3.9759E+4	4.3119E+4	4.5941E+4	4.6724E+4	4.5360E+4	4.1095E+4	3.5524E+4	2.9412E+4	2.3339E+4	1.8199E+4	1.3883E+4	1.0462E+4
9.5508E+4	7.2083E+4	5.9326E+4	4.7967E+4	3.8813E+4	3.6297E+4	3.4154E+4	3.2408E+4	3.1911E+4	3.2364E+4	3.3570E+4	3.6208E+4	3.9680E+4	4.2976E+4	4.5842E+4	4.6675E+4	4.5283E+4	4.1067E+4	3.5518E+4	2.9402E+4	2.3333E+4	1.8196E+4	1.3882E+4	1.0461E+4
9.4427E+4	7.0902E+4	5.9808E+4	4.7863E+4	3.8113E+4	3.6007E+4	3.3844E+4	3.2526E+4	3.1993E+4	3.1881E+4	3.3490E+4	3.6077E+4	3.9431E+4	4.2772E+4	4.5647E+4	4.6487E+4	4.5158E+4	4.1004E+4	3.5457E+4	2.9374E+4	2.3313E+4	1.8187E+4	1.3875E+4	1.0456E+4
9.4529E+4	7.0721E+4	5.9291E+4	4.7414E+4	3.7854E+4	3.5731E+4	3.3830E+4	3.2472E+4	3.1804E+4	3.2016E+4	3.3640E+4	3.6018E+4	3.9547E+4	4.2834E+4	4.5732E+4	4.6591E+4	4.5225E+4	4.1046E+4	3.5495E+4	2.9391E+4	2.3327E+4	1.8193E+4	1.3880E+4	1.0460E+4
9.2030E+4	6.9558E+4	5.7938E+4	4.7019E+4	3.7398E+4	3.5419E+4	3.3702E+4	3.2183E+4	3.1562E+4	3.1942E+4	3.3195E+4	3.5679E+4	3.9171E+4	4.2562E+4	4.5478E+4	4.6315E+4	4.5059E+4	4.0904E+4	3.5414E+4	2.9341E+4	2.3298E+4	1.8176E+4	1.3869E+4	1.0454E+4
9.2865E+4	6.9507E+4	5.8477E+4	4.6550E+4	3.7213E+4	3.5432E+4	3.3410E+4	3.2106E+4	3.1598E+4	3.2049E+4	3.3282E+4	3.5865E+4	3.9400E+4	4.2788E+4	4.5691E+4	4.6566E+4	4.5189E+4	4.1005E+4	3.5454E+4	2.9371E+4	2.3320E+4	1.8191E+4	1.3874E+4	1.0457E+4
9.1965E+4	6.8019E+4	5.6889E+4	4.6143E+4	3.6959E+4	3.4995E+4	3.2871E+4	3.2042E+4	3.1447E+4	3.1723E+4	3.3292E+4	3.5710E+4	3.9296E+4	4.2604E+4	4.5577E+4	4.6466E+4	4.5136E+4	4.0958E+4	3.5444E+4	2.9362E+4	2.3314E+4	1.8183E+4	1.3872E+4	1.0455E+4
9.0761E+4	6.8590E+4	5.7511E+4	4.6119E+4	3.7151E+4	3.4923E+4	3.2913E+4	3.1577E+4	3.1009E+4	3.1275E+4	3.2843E+4	3.5377E+4	3.8965E+4	4.2307E+4	4.5265E+4	4.6159E+4	4.4900E+4	4.0796E+4	3.5342E+4	2.9300E+4	2.3277E+4	1.8166E+4	1.3862E+4	1.0448E+4
9.1587E+4	6.8494E+4	5.7081E+4	4.6074E+4	3.7291E+4	3.5099E+4	3.2883E+4	3.1811E+4	3.1219E+4	3.1722E+4	3.3224E+4	3.5927E+4	3.9437E+4	4.2784E+4	4.5713E+4	4.6548E+4	4.5192E+4	4.1006E+4	3.5466E+4	2.9371E+4	2.3316E+4	1.8187E+4	1.3875E+4	1.0458E+4
9.2554E+4	6.7087E+4	5.6614E+4	4.5827E+4	3.6997E+4	3.4888E+4	3.2815E+4	3.1602E+4	3.1258E+4	3.1665E+4	3.3167E+4	3.5632E+4	3.9230E+4	4.2542E+4	4.5394E+4	4.6285E+4	4.4993E+4	4.0843E+4	3.5359E+4	2.9307E+4	2.3273E+4	1.8160E+4	1.3858E+4	1.0447E+4
9.1074E+4	6.8717E+4	5.7436E+4	4.5884E+4	3.6424E+4	3.4300E+4	3.2579E+4	3.1541E+4	3.1139E+4	3.1496E+4	3.2732E+4	3.5542E+4	3.9057E+4	4.2409E+4	4.5277E+4	4.6152E+4	4.4869E+4	4.0768E+4	3.5304E+4	2.9278E+4	2.3261E+4	1.8152E+4	1.3853E+4	1.0443E+4
9.0978E+4	6.8032E+4	5.6719E+4	4.5516E+4	3.7005E+4	3.4608E+4	3.2915E+4	3.1567E+4	3.1175E+4	3.1535E+4	3.2853E+4	3.5589E+4	3.9276E+4	4.2507E+4	4.5376E+4	4.6204E+4	4.4890E+4	4.0784E+4	3.5306E+4	2.9276E+4	2.3259E+4	1.8149E+4	1.3853E+4	1.0442E+4
9.1119E+4	6.7323E+4	5.7018E+4	4.5249E+4	3.6725E+4	3.4562E+4	3.2885E+4	3.1642E+4	3.1410E+4	3.1551E+4	3.3057E+4	3.5783E+4	3.9371E+4	4.2611E+4	4.5480E+4	4.6311E+4	4.4990E+4	4.0853E+4	3.5354E+4	2.9303E+4	2.3272E+4	1.8159E+4	1.3857E+4	1.0445E+4
9.0712E+4	6.7580E+4	5.6754E+4	4.5493E+4	3.6707E+4	3.4813E+4	3.2977E+4	3.1645E+4	3.1379E+4	3.1682E+4	3.3139E+4	3.5858E+4	3.9368E+4	4.2654E+4	4.5495E+4	4.6318E+4	4.4992E+4	4.0855E+4	3.5356E+4	2.9305E+4	2.3274E+4	1.8159E+4	1.3858E+4	1.0447E+4
9.0363E+4	6.7242E+4	5.6127E+4	4.5495E+4	3.6385E+4	3.4760E+4	3.2813E+4	3.1451E+4	3.1157E+4	3.1636E+4	3.2971E+4	3.5572E+4	3.9180E+4	4.2475E+4	4.5387E+4	4.6209E+4	4.4954E+4	4.0816E+4	3.5340E+4	2.9289E+4	2.3268E+4	1.8155E+4	1.3856E+4	1.0444E+4
8.8500E+4	6.7391E+4	5.5835E+4	4.4241E+4	3.6628E+4	3.4324E+4	3.2702E+4	3.1382E+4	3.0829E+4	3.1303E+4	3.2480E+4	3.5150E+4	3.8575E+4	4.1887E+4	4.4793E+4	4.5720E+4	4.4526E+4	4.0528E+4	3.5148E+4	2.9185E+4	2.3206E+4	1.8122E+4	1.3833E+4	1.0431E+4
9.0172E+4	6.6556E+4	5.6154E+4	4.4819E+4	3.6396E+4	3.4198E+4	3.2659E+4	3.1305E+4	3.0752E+4	3.1405E+4	3.2555E+4	3.5147E+4	3.8680E+4	4.2003E+4	4.4886E+4	4.5824E+4	4.4613E+4	4.0617E+4	3.5207E+4	2.9214E+4	2.3225E+4	1.8130E+4	1.3841E+4	1.0434E+4
8.9539E+4	6.6416E+4	5.5819E+4	4.4773E+4	3.6351E+4	3.4057E+4	3.2210E+4	3.1137E+4	3.0467E+4	3.0873E+4	3.2547E+4	3.4895E+4	3.8462E+4	4.1750E+4	4.4649E+4	4.5656E+4	4.4481E+4	4.0525E+4	3.5156E+4	2.9192E+4	2.3208E+4	1.8122E+4	1.3835E+4	1.0432E+4
8.8467E+4	6.6471E+4	5.5464E+4	4.4189E+4	3.5728E+4	3.4023E+4	3.2061E+4	3.0865E+4	3.0239E+4	3.0864E+4	3.1913E+4	3.4598E+4	3.8074E+4	4.1418E+4	4.4373E+4	4.5417E+4	4.4288E+4	4.0380E+4	3.5080E+4	2.9139E+4	2.3183E+4	1.8108E+4	1.3826E+4	1.0426E+4
9.0277E+4	6.5119E+4	5.5261E+4	4.3969E+4	3.5311E+4	3.3984E+4	3.1762E+4	3.0443E+4	3.0223E+4	3.0621E+4	3.2053E+4	3.4413E+4	3.7881E+4	4.1280E+4	4.4221E+4	4.5290E+4	4.4235E+4	4.0339E+4	3.5045E+4	2.9126E+4	2.3172E+4	1.8101E+4	1.3822E+4	1.0424E+4
8.3236E+4	6.5137E+4	5.5075E+4	4.4490E+4	3.5605E+4	3.3718E+4	3.1880E+4	3.0537E+4	3.0168E+4	3.0280E+4	3.2046E+4	3.4506E+4	3.7895E+4	4.1250E+4	4.4244E+4	4.5268E+4	4.4197E+4	4.0331E+4	3.5038E+4	2.9120E+4	2.3170E+4	1.8096E+4	1.3822E+4	1.0422E+4
8.8962E+4	6.5694E+4	5.5657E+4	4.4898E+4	3.5852E+4	3.4060E+4	3.1968E+4	3.0734E+4	3.0423E+4	3.0849E+4	3.2098E+4	3.4837E+4	3.8324E+4	4.1679E+4	4.4640E+4	4.5672E+4	4.4508E+4	4.0572E+4	3.5185E+4	2.9204E+4	2.3218E+4	1.8128E+4	1.3837E+4	1.0433E+4
8.9417E+4	6.6960E+4	5.5836E+4	4.4633E+4	3.6239E+4	3.4180E+4	3.2131E+4	3.1077E+4	3.0503E+4	3.0794E+4	3.2579E+4	3.4898E+4	3.8428E+4	4.1797E+4	4.4739E+4	4.5759E+4	4.4562E+4	4.0586E+4	3.5207E+4	2.9213E+4	2.3226E+4	1.8131E+4	1.3837E+4	1.0433E+4
9.0015E+4	6.8044E+4	5.5057E+4	4.4375E+4	3.5577E+4	3.3691E+4	3.1967E+4	3.0768E+4	3.0266E+4	3.0590E+4	3.2037E+4	3.4536E+4	3.8059E+4	4.1417E+4	4.4341E+4	4.5384E+4	4.4288E+4	4.0386E+4	3.5082E+4	2.9137E+4	2.3181E+4	1.8105E+4	1.3825E+4	1.0424E+4
9.0684E+4	6.6139E+4	5.4649E+4	4.3422E+4	3.4933E+4	3.3491E+4	3.1557E+4	3.0667E+4	3.0182E+4	3.0634E+4	3.1983E+4	3.4304E+4	3.7767E+4	4.1119E+4	4.4144E+4	4.5175E+4	4.4126E+4	4.0284E+4	3.5019E+4	2.9104E+4	2.3161E+4	1.8094E+4	1.3816E+4	1.0418E+4
8.7589E+4	6.4827E+4	5.5283E+4	4.3960E+4	3.5677E+4	3.3697E+4	3.1717E+4	3.0587E+4	3.0088E+4	3.0099E+4	3.1709E+4	3.4332E+4	3.7847E+4	4.1196E+4	4.4181E+4	4.5255E+4	4.4190E+4	4.0333E+4	3.5042E+4	2.9123E+4	2.3175E+4	1.8098E+4	1.3822E+4	1.0422E+4
8.5667E+4	6.4750E+4	5.5373E+4	4.4237E+4	3.5402E+4	3.3321E+4	3.1706E+4	3.0666E+4	3.0042E+4	3.0775E+4	3.1694E+4	3.4356E+4	3.7939E+4	4.1331E+4	4.4354E+4	4.5402E+4	4.4301E+4	4.0434E+4	3.5098E+4	2.9152E+4	2.3191E+4	1.8112E+4	1.3828E+4	1.0425E+4
8.5621E+4	6.3348E+4	5.5286E+4	4.4038E+4	3.5140E+4	3.3383E+4	3.1409E+4	2.9884E+4	3.0105E+4	3.0035E+4	3.1891E+4	3.4390E+4	3.7917E+4	4.1250E+4	4.4305E+4	4.5369E+4	4.4276E+4	4.0406E+4	3.5099E+4	2.9154E+4	2.3189E+4	1.8110E+4	1.3827E+4	1.0425E+4
8.7079E+4	6.5074E+4	5.4574E+4	4.3454E+4	3.5114E+4	3.2968E+4	3.1228E+4	3.0079E+4	2.9820E+4	3.0088E+4	3.1553E+4	3.4274E+4	3.7833E+4	4.1206E+4	4.4272E+4	4.5320E+4	4.4257E+4	4.0380E+4	3.5078E+4	2.9141E+4	2.3182E+4	1.8106E+4	1.3824E+4	1.0424E+4
8.6751E+4	6.4779E+4	5.4407E+4	4.3242E+4	3.5169E+4	3.3072E+4	3.1168E+4	3.0173E+4	2.9660E+4	3.0170E+4	3.1378E+4	3.4135E+4	3.7671E+4	4.1102E+4	4.4087E+4	4.5185E+4	4.4139E+4	4.0284E+4	3.5010E+4	2.9101E+4	2.3163E+4	1.8092E+4	1.3815E+4	1.0418E+4
8.3558E+4	6.3281E+4	5.3182E+4	4.3031E+4	3.4683E+4	3.2888E+4	3.1037E+4	2.9706E+4	2.9513E+4	2.9892E+4	3.1298E+4	3.3881E+4	3.7367E+4	4.0750E+4	4.3790E+4	4.4952E+4	4.3941E+4	4.0170E+4	3.4936E+4	2.9061E+4	2.3132E+4	1.8077E+4	1.3808E+4	1.0412E+4
8.7796E+4	6.3130E+4	5.4661E+4	4.2794E+4	3.4661E+4	3.2834E+4	3.0945E+4	2.9925E+4	2.9456E+4	2.9774E+4	3.1329E+4	3.3906E+4	3.7422E+4	4.0793E+4	4.3834E+4	4.4988E+4	4.3959E+4	4.0184E+4	3.4950E+4	2.9061E+4	2.3139E+4	1.8078E+4	1.3807E+4	1.0413E+4
8.4256E+4	6.3139E+4	5.3585E+4	4.2719E+4	3.4417E+4	3.2860E+4	3.0934E+4	2.9769E+4	2.9389E+4	2.9772E+4	3.1111E+4	3.3752E+4	3.7236E+4	4.0584E+4	4.3662E+4	4.4812E+4	4.3821E+4	4.0082E+4	3.4872E+4	2.9023E+4	2.3111E+4	1.8063E+4	1.3799E+4	1.0408E+4
8.5234E+4	6.3384E+4	5.4059E+4	4.2687E+4	3.4577E+4	3.2228E+4	3.0627E+4	2.9364E+4	2.8960E+4	2.9198E+4	3.0970E+4	3.3359E+4	3.6879E+4	4.0289E+4	4.3330E+4	4.4516E+4	4.3598E+4	3.9926E+4	3.4786E+4	2.8954E+4	2.3077E+4	1.8043E+4	1.3786E+4	1.0400E+4
8.5458E+4	6.3451E+4	5.3369E+4	4.2663E+4	3.4548E+4	3.2211E+4	3.0697E+4	2.9431E+4	2.9248E+4	2.9474E+4	3.1037E+4	3.3522E+4	3.6963E+4	4.0361E+4	4.3423E+4	4.4625E+4	4.3667E+4	3.9988E+4	3.4821E+4	2.8984E+4	2.3093E+4	1.8052E+4	1.3793E+4	1.0403E+4
8.5730E+4	6.3524E+4	5.3345E+4	4.2513E+4	3.4070E+4	3.2314E+4	3.0655E+4	2.9485E+4	2.9143E+4	2.9351E+4	3.0954E+4	3.3530E+4	3.7055E+4	4.0460E+4	4.3522E+4	4.4700E+4	4.3760E+4	4.0054E+4	3.4865E+4	2.9009E+4	2.3103E+4	1.8059E+4	1.3797E+4	1.0405E+4
8.4371E+4	6.2743E+4	5.2711E+4	4.1931E+4	3.4309E+4	3.2237E+4	3.0374E+4	2.9155E+4	2.9117E+4	2.9245E+4	3.0415E+4	3.3211E+4	3.6685E+4	4.0117E+4	4.3249E+4	4.4464E+4	4.3540E+4	3.9901E+4	3.4772E+4	2.8955E+4	2.3078E+4	1.8041E+4	1.3787E+4	1.0400E+4
8.4558E+4	6.1871E+4	5.3067E+4	4.2632E+4	3.4057E+4	3.2388E+4	3.0569E+4	2.9279E+4	2.8896E+4	2.8960E+4	3.0860E+4	3.3266E+4	3.6729E+4	4.0107E+4	4.3168E+4	4.4390E+4	4.3493E+4	3.9869E+4	3.4739E+4	2.8945E+4	2.3067E+4	1.8038E+4	1.3784E+4	1.0398E+4
8.4547E+4	6.3348E+4	5.2594E+4	4.2074E+4	3.3937E+4	3.2031E+4	3.0392E+4	2.9191E+4	2.8660E+4	2.8921E+4	3.0474E+4	3.3016E+4	3.6432E+4	3.9730E+4	4.2851E+4	4.4073E+4	4.3248E+4	3.9675E+4	3.4613E+4	2.8861E+4	2.3025E+4	1.8011E+4	1.3767E+4	1.0388E+4
8.2317E+4	6.2853E+4	5.1974E+4	4.2204E+4	3.3694E+4	3.1872E+4	3.0242E+4	2.9193E+4	2.8807E+4	2.8877E+4	3.0611E+4	3.2848E+4	3.6330E+4	3.9659E+4	4.2742E+4	4.3996E+4	4.3167E+4	3.9624E+4	3.4580E+4	2.8838E+4	2.3008E+4	1.8002E+4	1.3763E+4	1.0384E+4
8.4098E+4	6.1561E+4	5.1990E+4	4.1553E+4	3.3946E+4	3.1913E+4	3.0252E+4	2.9132E+4	2.8745E+4	2.8998E+4	3.0430E+4	3.3024E+4	3.6467E+4	3.9834E+4	4.2918E+4	4.4175E+4	4.3335E+4	3.9742E+4	3.4659E+4	2.8885E+4	2.3034E+4	1.8018E+4	1.3772E+4	1.0389E+4
8.1226E+4	6.2396E+4	5.2775E+4	4.2281E+4	3.3850E+4	3.1918E+4	3.0309E+4	2.8939E+4	2.8669E+4	2.8867E+4	3.0408E+4	3.2946E+4	3.6400E+4	3.9752E+4	4.2878E+4	4.4116E+4	4.3276E+4	3.9698E+4	3.4645E+4	2.8873E+4	2.3029E+4	1.8013E+4	1.3769E+4	1.0390E+4
8.4849E+4	6.2323E+4	5.2372E+4	4.2083E+4	3.4082E+4	3.1950E+4	2.9965E+4	2.8942E+4	2.8540E+4	2.8730E+4	3.0172E+4	3.2867E+4	3.6330E+4	3.9669E+4	4.2769E+4	4.4007E+4	4.3199E+4	3.9658E+4	3.4614E+4	2.8862E+4	2.3016E+4	1.8008E+4	1.3765E+4	1.0386E+4
8.5002E+4	6.3444E+4	5.3060E+4	4.1678E+4	3.3721E+4	3.1900E+4	3.0271E+4	2.8805E+4	2.8564E+4	2.8959E+4	3.0569E+4	3.2870E+4	3.6440E+4	3.9790E+4	4.2888E+4	4.4142E+4	4.3297E+4	3.9718E+4	3.4646E+4	2.8883E+4	2.3036E+4	1.8018E+4	1.3770E+4	1.0389E+4
8.4060E+4	6.1555E+4	5.1627E+4	4.2189E+4	3.4114E+4	3.1952E+4	3.0118E+4	2.8944E+4	2.8471E+4	2.8919E+4	3.0486E+4	3.2971E+4	3.6471E+4	3.9887E+4	4.2982E+4	4.4189E+4	4.3333E+4	3.9753E+4	3.4673E+4	2.8898E+4	2.3042E+4	1.8022E+4	1.3773E+4	1.0390E+4
8.4370E+4	6.2830E+4	5.2011E+4	4.1602E+4	3.3733E+4	3.1527E+4	2.9954E+4	2.8913E+4	2.8534E+4	2.8911E+4	3.0384E+4	3.2829E+4	3.6294E+4	3.9685E+4	4.2770E+4	4.4007E+4	4.3177E+4	3.9642E+4	3.4594E+4	2.8846E+4	2.3012E+4	1.8004E+4	1.3764E+4	1.0385E+4
8.3000E+4	6.2185E+4	5.2495E+4	4.2172E+4	3.3753E+4	3.1659E+4	3.0008E+4	2.8897E+4	2.8444E+4	2.9011E+4	3.0143E+4	3.2824E+4	3.6246E+4	3.9605E+4	4.2709E+4	4.3914E+4	4.3099E+4	3.9572E+4	3.4548E+4	2.8813E+4	2.2994E+4	1.7997E+4	1.3757E+4	1.0381E+4
8.5227E+4	6.3278E+4	5.2572E+4	4.1877E+4	3.3778E+4	3.1619E+4	3.0044E+4	2.8964E+4	2.8364E+4	2.9000E+4	3.0392E+4	3.2768E+4	3.6195E+4	3.9573E+4	4.2623E+4	4.3896E+4	4.3062E+4	3.9556E+4	3.4527E+4	2.8803E+4	2.2984E+4	1.7992E+4	1.3753E+4	1.0379E+4
8.3263E+4	6.2004E+4	5.1894E+4	4.2019E+4	3.3555E+4	3.1689E+4	2.9859E+4	2.9013E+4	2.8429E+4	2.8621E+4	3.0329E+4	3.2803E+4	3.6239E+4	3.9591E+4	4.2713E+4	4.3957E+4	4.3147E+4	3.9608E+4	3.4571E+4	2.8834E+4	2.3002E+4	1.8001E+4	1.3761E+4	1.0382E+4
8.2246E+4	6.2410E+4	5.2138E+4	4.1744E+4	3.3498E+4	3.1576E+4	2.9904E+4	2.8740E+4	2.8281E+4	2.9105E+4	3.0166E+4	3.2652E+4	3.6221E+4	3.9565E+4	4.2727E+4	4.3976E+4	4.3166E+4	3.9630E+4	3.4598E+4	2.8847E+4	2.3007E+4	1.8000E+4	1.3762E+4	1.0382E+4
8.3488E+4	6.2303E+4	5.1770E+4	4.1455E+4	3.3014E+4	3.1369E+4	2.9585E+4	2.8505E+4	2.8213E+4	2.8440E+4	2.9861E+4	3.2428E+4	3.5978E+4	3.9342E+4	4.2491E+4	4.3783E+4	4.3042E+4	3.9532E+4	3.4533E+4	2.8805E+4	2.2989E+4	1.7992E+4	1.3755E+4	1.0380E+4
8.1818E+4	6.2051E+4	5.1782E+4	4.1881E+4	3.3366E+4	3.1274E+4	2.9707E+4	2.8594E+4	2.8230E+4	2.8722E+4	2.9863E+4	3.2468E+4	3.5929E+4	3.9298E+4	4.2506E+4	4.3769E+4	4.3033E+4	3.9546E+4	3.4538E+4	2.8812E+4	2.2995E+4	1.7993E+4	1.3757E+4	1.0380E+4
8.2024E+4	6.2091E+4	5.1458E+4	4.1236E+4	3.3024E+4	3.0980E+4	2.9434E+4	2.8195E+4	2.7910E+4	2.8182E+4	2.9761E+4	3.2249E+4	3.5737E+4	3.9192E+4	4.2352E+4	4.3714E+4	4.2974E+4	3.9523E+4	3.4532E+4	2.8813E+4	2.2991E+4	1.7990E+4	1.3755E+4	1.0379E+4
8.2424E+4	6.2076E+4	5.1519E+4	4.1589E+4	3.3316E+4	3.1108E+4	2.9443E+4	2.8039E+4	2.7795E+4	2.8185E+4	2.9570E+4	3.2331E+4	3.5784E+4	3.9194E+4	4.2384E+4	4.3728E+4	4.2974E+4	3.9504E+4	3.4522E+4	2.8806E+4	2.2984E+4	1.7987E+4	1.3753E+4	1.0379E+4
8.3637E+4	6.2095E+4	5.1730E+4	4.1477E+4	3.3537E+4	3.1322E+4	2.9448E+4	2.8575E+4	2.8108E+4	2.8693E+4	3.0011E+4	3.2437E+4	3.5896E+4	3.9308E+4	4.2489E+4	4.3815E+4	4.3050E+4	3.9585E+4	3.4557E+4	2.8822E+4	2.3002E+4	1.7996E+4	1.3759E+4	1.0380E+4
8.3169E+4	6.1186E+4	5.1286E+4	4.1156E+4	3.3064E+4	3.1236E+4	2.9595E+4	2.8348E+4	2.8002E+4	2.8266E+4	2.9614E+4	3.2332E+4	3.5846E+4	3.9222E+4	4.2380E+4	4.3710E+4	4.2983E+4	3.9509E+4	3.4512E+4	2.8805E+4	2.2989E+4	1.7988E+4	1.3752E+4	1.0377E+4
8.1254E+4	6.1512E+4	5.1386E+4	4.0676E+4	3.3016E+4	3.1139E+4	2.9383E+4	2.8234E+4	2.7871E+4	2.8347E+4	2.9484E+4	3.2162E+4	3.5617E+4	3.9011E+4	4.2216E+4	4.3561E+4	4.2843E+4	3.9423E+4	3.4468E+4	2.8774E+4	2.2967E+4	1.7978E+4	1.3747E+4	1.0374E+4
8.2209E+4	6.0926E+4	5.1228E+4	4.0879E+4	3.2872E+4	3.0856E+4	2.9243E+4	2.8258E+4	2.7714E+4	2.8352E+4	2.9274E+4	3.2036E+4	3.5492E+4	3.8893E+4	4.2064E+4	4.3452E+4	4.2781E+4	3.9369E+4	3.4424E+4	2.8746E+4	2.2954E+4	1.7968E+4	1.3742E+4	1.0371E+4
8.2067E+4	6.0843E+4	5.1239E+4	4.0818E+4	3.2951E+4	3.0807E+4	2.9048E+4	2.8121E+4	2.7594E+4	2.8012E+4	2.9449E+4	3.1944E+4	3.5478E+4	3.8744E+4	4.1972E+4	4.3374E+4	4.2663E+4	3.9302E+4	3.4381E+4	2.8722E+4	2.2939E+4	1.7959E+4	1.3736E+4	1.0368E+4
8.0960E+4	6.0864E+4	5.1140E+4	4.1085E+4	3.2666E+4	3.0909E+4	2.9109E+4	2.8052E+4	2.7635E+4	2.8074E+4	2.9411E+4	3.1872E+4	3.5310E+4	3.8630E+4	4.1882E+4	4.3270E+4	4.2574E+4	3.9228E+4	3.4337E+4	2.8691E+4	2.2926E+4	1.7955E+4	1.3732E+4	1.0365E+4
8.0606E+4	6.0257E+4	5.0261E+4	4.0479E+4	3.2671E+4	3.0533E+4	2.8808E+4	2.7978E+4	2.7660E+4	2.8094E+4	2.9457E+4	3.1720E+4	3.5127E+4	3.8537E+4	4.1724E+4	4.3078E+4	4.2433E+4	3.9142E+4	3.4281E+4	2.8656E+4	2.2901E+4	1.7940E+4	1.3724E+4	1.0360E+4
8.0810E+4	6.0343E+4	5.0253E+4	3.9620E+4	3.2395E+4	3.0363E+4	2.8759E+4	2.7775E+4	2.7381E+4	2.7773E+4	2.9197E+4	3.1612E+4	3.5057E+4	3.8423E+4	4.1640E+4	4.3026E+4	4.2412E+4	3.9104E+4	3.4251E+4	2.8634E+4	2.2889E+4	1.7931E+4	1.3718E+4	1.0355E+4
8.0220E+4	6.0077E+4	4.9981E+4	4.0379E+4	3.2601E+4	3.0732E+4	2.8818E+4	2.7767E+4	2.7448E+4	2.7663E+4	2.9484E+4	3.1827E+4	3.5219E+4	3.8629E+4	4.1762E+4	4.3136E+4	4.2463E+4	3.9135E+4	3.4270E+4	2.8640E+4	2.2890E+4	1.7931E+4	1.3718E+4	1.0357E+4
8.0685E+4	6.0220E+4	5.0382E+4	4.0163E+4	3.2255E+4	3.0295E+4	2.8749E+4	2.7633E+4	2.7241E+4	2.7808E+4	2.9262E+4	3.1584E+4	3.5086E+4	3.8466E+4	4.1633E+4	4.3012E+4	4.2356E+4	3.9078E+4	3.4218E+4	2.8615E+4	2.2873E+4	1.7922E+4	1.3712E+4	1.0353E+4
8.0869E+4	5.9943E+4	4.9688E+4	3.9832E+4	3.2234E+4	3.0392E+4	2.8516E+4	2.7727E+4	2.7340E+4	2.7883E+4	2.9325E+4	3.1656E+4	3.5202E+4	3.8510E+4	4.1724E+4	4.3096E+4	4.2425E+4	3.9123E+4	3.4252E+4	2.8630E+4	2.2885E+4	1.7930E+4	1.3718E+4	1.0355E+4
7.5774E+4	5.8540E+4	4.8424E+4	3.9953E+4	3.2639E+4	3.0223E+4	2.8860E+4	2.7968E+4	2.7404E+4	2.7766E+4	2.9176E+4	3.1758E+4	3.5169E+4	3.8565E+4	4.1778E+4	4.3135E+4	4.2498E+4	3.9162E+4	3.4289E+4	2.8661E+4	2.2900E+4	1.7939E+4	1.3723E+4	1.0357E+4
7.9125E+4	5.9853E+4	5.0584E+4	3.9489E+4	3.2555E+4	3.0432E+4	2.8636E+4	2.7744E+4	2.7421E+4	2.7661E+4	2.9401E+4	3.1796E+4	3.5269E+4	3.8639E+4	4.1792E+4	4.3187E+4	4.2529E+4	3.9185E+4	3.4304E+4	2.8671E+4	2.2907E+4	1.7941E+4	1.3722E+4	1.0358E+4
7.9775E+4	5.9390E+4	4.9779E+4	3.9856E+4	3.1796E+4	3.0439E+4	2.8808E+4	2.7556E+4	2.7318E+4	2.7840E+4	2.9274E+4	3.1686E+4	3.5121E+4	3.8522E+4	4.1685E+4	4.3090E+4	4.2434E+4	3.9143E+4	3.4276E+4	2.8650E+4	2.2896E+4	1.7935E+4	1.3720E+4	1.0358E+4
7.9149E+4	5.9011E+4	4.9167E+4	4.0351E+4	3.2029E+4	2.9998E+4	2.8541E+4	2.7569E+4	2.7232E+4	2.7726E+4	2.9029E+4	3.1525E+4	3.5047E+4	3.8424E+4	4.1630E+4	4.3033E+4	4.2414E+4	3.9125E+4	3.4255E+4	2.8640E+4	2.2892E+4	1.7931E+4	1.3719E+4	1.0356E+4
7.8158E+4	5.8567E+4	4.9836E+4	3.9653E+4	3.2400E+4	3.0371E+4	2.8669E+4	2.7590E+4	2.7272E+4	2.7661E+4	2.9099E+4	3.1556E+4	3.5056E+4	3.8356E+4	4.1563E+4	4.2974E+4	4.2358E+4	3.9071E+4	3.4235E+4	2.8629E+4	2.2886E+4	1.7927E+4	1.3714E+4	1.0354E+4
8.0323E+4	5.8308E+4	4.9354E+4	3.9351E+4	3.2148E+4	3.0034E+4	2.8641E+4	2.7529E+4	2.7238E+4	2.7710E+4	2.9373E+4	3.1649E+4	3.5089E+4	3.8521E+4	4.1643E+4	4.3139E+4	4.2459E+4	3.9168E+4	3.4284E+4	2.8654E+4	2.2896E+4	1.7934E+4	1.3718E+4	1.0356E+4
7.9384E+4	5.8885E+4	4.9686E+4	4.0184E+4	3.1768E+4	3.0215E+4	2.8589E+4	2.7451E+4	2.7337E+4	2.7669E+4	2.9213E+4	3.1612E+4	3.5025E+4	3.8404E+4	4.1620E+4	4.3023E+4	4.2373E+4	3.9099E+4	3.4236E+4	2.8629E+4	2.2885E+4	1.7924E+4	1.3715E+4	1.0353E+4
7.9068E+4	5.9124E+4	4.8817E+4	3.9604E+4	3.1652E+4	2.9985E+4	2.8631E+4	2.7590E+4	2.7197E+4	2.7823E+4	2.9328E+4	3.1766E+4	3.5225E+4	3.8675E+4	4.1886E+4	4.3259E+4	4.2598E+4	3.9260E+4	3.4345E+4	2.8700E+4	2.2925E+4	1.7949E+4	1.3729E+4	1.0363E+4
7.7856E+4	5.9407E+4	4.9929E+4	3.9482E+4	3.1777E+4	3.0072E+4	2.8412E+4	2.7405E+4	2.7148E+4	2.7377E+4	2.9230E+4	3.1502E+4	3.4969E+4	3.8352E+4	4.1504E+4	4.2934E+4	4.2330E+4	3.9057E+4	3.4219E+4	2.8613E+4	2.2877E+4	1.7922E+4	1.3712E+4	1.0352E+4
7.8594E+4	5.8330E+4	4.8755E+4	3.9648E+4	3.1886E+4	2.9790E+4	2.8413E+4	2.7251E+4	2.7090E+4	2.7461E+4	2.9105E+4	3.1519E+4	3.5002E+4	3.8406E+4	4.1653E+4	4.3062E+4	4.2429E+4	3.9136E+4	3.4279E+4	2.8651E+4	2.2894E+4	1.7935E+4	1.3718E+4	1.0356E+4
7.9811E+4	5.8334E+4	4.8973E+4	3.9465E+4	3.1750E+4	2.9877E+4	2.8382E+4	2.7344E+4	2.7069E+4	2.7602E+4	2.9088E+4	3.1449E+4	3.4924E+4	3.8313E+4	4.1509E+4	4.2935E+4	4.2340E+4	3.9060E+4	3.4228E+4	2.8625E+4	2.2879E+4	1.7926E+4	1.3714E+4	1.0353E+4
7.7515E+4	5.7610E+4	4.8430E+4	3.9151E+4	3.1726E+4	2.9697E+4	2.8104E+4	2.7156E+4	2.7030E+4	2.7337E+4	2.8852E+4	3.1350E+4	3.4828E+4	3.8241E+4	4.1428E+4	4.2902E+4	4.2310E+4	3.9062E+4	3.4226E+4	2.8621E+4	2.2886E+4	1.7926E+4	1.3714E+4	1.0353E+4
7.6556E+4	5.7443E+4	4.9193E+4	3.8816E+4	3.1387E+4	2.9801E+4	2.8118E+4	2.7104E+4	2.6909E+4	2.7486E+4	2.8804E+4	3.1221E+4	3.4625E+4	3.7966E+4	4.1211E+4	4.2699E+4	4.2122E+4	3.8934E+4	3.4138E+4	2.8571E+4	2.2852E+4	1.7909E+4	1.3705E+4	1.0347E+4
7.7369E+4	5.7493E+4	4.8757E+4	3.8742E+4	3.1130E+4	2.9476E+4	2.7989E+4	2.7080E+4	2.6677E+4	2.7192E+4	2.8559E+4	3.1043E+4	3.4541E+4	3.7909E+4	4.1145E+4	4.2667E+4	4.2126E+4	3.8951E+4	3.4156E+4	2.8581E+4	2.2858E+4	1.7911E+4	1.3706E+4	1.0349E+4
7.7698E+4	5.7942E+4	4.8267E+4	3.8735E+4	3.1269E+4	2.9486E+4	2.7926E+4	2.6922E+4	2.6621E+4	2.6841E+4	2.8591E+4	3.0948E+4	3.4394E+4	3.7766E+4	4.1010E+4	4.2533E+4	4.2023E+4	3.8843E+4	3.4089E+4	2.8548E+4	2.2836E+4	1.7899E+4	1.3699E+4	1.0345E+4
7.6281E+4	5.6888E+4	4.7545E+4	3.8570E+4	3.1066E+4	2.9324E+4	2.7689E+4	2.6752E+4	2.6583E+4	2.6687E+4	2.8356E+4	3.0851E+4	3.4215E+4	3.7631E+4	4.0893E+4	4.2441E+4	4.1939E+4	3.8797E+4	3.4060E+4	2.8529E+4	2.2828E+4	1.7895E+4	1.3694E+4	1.0341E+4
7.6456E+4	5.7252E+4	4.7446E+4	3.8339E+4	3.1259E+4	2.8942E+4	2.7491E+4	2.6628E+4	2.6269E+4	2.6775E+4	2.8235E+4	3.0479E+4	3.3968E+4	3.7310E+4	4.0569E+4	4.2146E+4	4.1722E+4	3.8640E+4	3.3968E+4	2.8469E+4	2.2790E+4	1.7876E+4	1.3684E+4	1.0334E+4
7.6224E+4	5.6818E+4	4.7707E+4	3.7968E+4	3.1005E+4	2.8988E+4	2.7425E+4	2.6478E+4	2.6156E+4	2.6440E+4	2.8093E+4	3.0487E+4	3.3908E+4	3.7318E+4	4.0625E+4	4.2224E+4	4.1780E+4	3.8692E+4	3.4002E+4	2.8491E+4	2.2808E+4	1.7885E+4	1.3689E+4	1.0337E+4
7.6549E+4	5.8153E+4	4.7705E+4	3.8165E+4	3.0767E+4	2.8894E+4	2.7528E+4	2.6501E+4	2.6339E+4	2.6839E+4	2.8097E+4	3.0639E+4	3.4168E+4	3.7568E+4	4.0820E+4	4.2390E+4	4.1932E+4	3.8813E+4	3.4079E+4	2.8536E+4	2.2836E+4	1.7899E+4	1.3698E+4	1.0343E+4
7.7415E+4	5.6556E+4	4.8019E+4	3.8166E+4	3.0781E+4	2.8931E+4	2.7397E+4	2.6477E+4	2.6083E+4	2.6499E+4	2.7874E+4	3.0462E+4	3.3902E+4	3.7348E+4	4.0638E+4	4.2217E+4	4.1781E+4	3.8717E+4	3.4010E+4	2.8496E+4	2.2813E+4	1.7885E+4	1.3691E+4	1.0339E+4
7.6685E+4	5.7072E+4	4.8092E+4	3.7751E+4	3.0512E+4	2.9006E+4	2.7533E+4	2.6321E+4	2.6143E+4	2.6407E+4	2.8188E+4	3.0512E+4	3.3939E+4	3.7370E+4	4.0650E+4	4.2236E+4	4.1796E+4	3.8716E+4	3.4012E+4	2.8498E+4	2.2809E+4	1.7885E+4	1.3690E+4	1.0338E+4
7.6670E+4	5.6825E+4	4.7618E+4	3.7864E+4	3.0605E+4	2.8672E+4	2.7108E+4	2.6254E+4	2.5982E+4	2.6313E+4	2.7913E+4	3.0279E+4	3.3779E+4	3.7176E+4	4.0461E+4	4.2049E+4	4.1663E+4	3.8618E+4	3.3950E+4	2.8460E+4	2.2787E+4	1.7872E+4	1.3683E+4	1.0333E+4
7.4949E+4	5.6386E+4	4.7037E+4	3.7431E+4	3.0263E+4	2.8612E+4	2.7115E+4	2.6257E+4	2.5858E+4	2.6294E+4	2.7737E+4	3.0151E+4	3.3558E+4	3.6963E+4	4.0248E+4	4.1896E+4	4.1490E+4	3.8502E+4	3.3883E+4	2.8419E+4	2.2767E+4	1.7860E+4	1.3676E+4	1.0328E+4
7.6187E+4	5.6771E+4	4.7312E+4	3.7771E+4	3.0292E+4	2.8490E+4	2.7104E+4	2.6006E+4	2.5994E+4	2.6362E+4	2.7920E+4	3.0144E+4	3.3498E+4	3.6908E+4	4.0265E+4	4.1857E+4	4.1489E+4	3.8483E+4	3.3868E+4	2.8406E+4	2.2756E+4	1.7853E+4	1.3674E+4	1.0327E+4
7.5592E+4	5.6694E+4	4.6538E+4	3.7527E+4	3.0417E+4	2.8531E+4	2.6840E+4	2.5826E+4	2.5726E+4	2.6065E+4	2.7511E+4	2.9812E+4	3.3230E+4	3.6590E+4	3.9866E+4	4.1506E+4	4.1185E+4	3.8277E+4	3.3721E+4	2.8323E+4	2.2709E+4	1.7826E+4	1.3656E+4	1.0317E+4
7.4875E+4	5.5758E+4	4.7498E+4	3.7574E+4	3.0243E+4	2.8726E+4	2.7057E+4	2.5927E+4	2.5881E+4	2.6023E+4	2.7625E+4	2.9963E+4	3.3380E+4	3.6670E+4	3.9962E+4	4.1591E+4	4.1240E+4	3.8319E+4	3.3743E+4	2.8332E+4	2.2715E+4	1.7829E+4	1.3657E+4	1.0317E+4
7.6005E+4	5.5839E+4	4.6744E+4	3.7249E+4	2.9773E+4	2.8229E+4	2.6812E+4	2.5737E+4	2.5619E+4	2.5764E+4	2.7229E+4	2.9659E+4	3.2994E+4	3.6333E+4	3.9584E+4	4.1282E+4	4.0993E+4	3.8137E+4	3.3630E+4	2.8262E+4	2.2677E+4	1.7808E+4	1.3644E+4	1.0310E+4
7.4586E+4	5.5754E+4	4.7118E+4	3.7287E+4	3.0028E+4	2.8350E+4	2.6905E+4	2.5812E+4	2.5439E+4	2.5694E+4	2.6989E+4	2.9442E+4	3.2665E+4	3.6027E+4	3.9291E+4	4.0958E+4	4.0710E+4	3.7960E+4	3.3511E+4	2.8195E+4	2.2636E+4	1.7785E+4	1.3632E+4	1.0303E+4
7.4487E+4	5.5276E+4	4.6538E+4	3.7242E+4	2.9643E+4	2.8219E+4	2.6732E+4	2.5679E+4	2.5208E+4	2.5604E+4	2.7082E+4	2.9299E+4	3.2605E+4	3.5926E+4	3.9179E+4	4.0883E+4	4.0664E+4	3.7912E+4	3.3488E+4	2.8181E+4	2.2635E+4	1.7782E+4	1.3629E+4	1.0300E+4
7.3969E+4	5.5673E+4	4.6338E+4	3.7095E+4	2.9711E+4	2.8209E+4	2.6614E+4	2.5512E+4	2.5325E+4	2.5671E+4	2.6935E+4	2.9224E+4	3.2615E+4	3.5909E+4	3.9213E+4	4.0909E+4	4.0719E+4	3.7940E+4	3.3513E+4	2.8202E+4	2.2641E+4	1.7786E+4	1.3633E+4	1.0303E+4
7.3222E+4	5.6825E+4	4.6959E+4	3.7281E+4	2.9797E+4	2.8200E+4	2.6305E+4	2.5593E+4	2.5283E+4	2.5515E+4	2.6734E+4	2.9180E+4	3.2403E+4	3.5731E+4	3.8988E+4	4.0724E+4	4.0534E+4	3.7805E+4	3.3428E+4	2.8137E+4	2.2607E+4	1.7767E+4	1.3621E+4	1.0295E+4
7.3847E+4	5.6108E+4	4.7059E+4	3.7514E+4	3.0005E+4	2.8256E+4	2.6778E+4	2.5747E+4	2.5307E+4	2.5790E+4	2.6926E+4	2.9352E+4	3.2562E+4	3.5823E+4	3.9103E+4	4.0832E+4	4.0586E+4	3.7852E+4	3.3448E+4	2.8154E+4	2.2617E+4	1.7770E+4	1.3623E+4	1.0297E+4
7.4308E+4	5.5324E+4	4.6461E+4	3.6830E+4	2.9655E+4	2.7973E+4	2.6603E+4	2.5521E+4	2.5106E+4	2.5805E+4	2.7033E+4	2.9237E+4	3.2481E+4	3.5767E+4	3.9056E+4	4.0773E+4	4.0586E+4	3.7858E+4	3.3451E+4	2.8156E+4	2.2620E+4	1.7772E+4	1.3624E+4	1.0298E+4
7.3437E+4	5.5063E+4	4.5678E+4	3.7019E+4	2.9433E+4	2.7931E+4	2.6469E+4	2.5389E+4	2.4992E+4	2.5357E+4	2.6524E+4	2.9039E+4	3.2277E+4	3.5581E+4	3.8844E+4	4.0630E+4	4.0453E+4	3.7776E+4	3.3401E+4	2.8129E+4	2.2600E+4	1.7763E+4	1.3619E+4	1.0294E+4
7.3825E+4	5.4914E+4	4.5613E+4	3.6721E+4	2.9491E+4	2.7919E+4	2.6407E+4	2.5370E+4	2.5031E+4	2.5350E+4	2.6544E+4	2.8991E+4	3.2218E+4	3.5527E+4	3.8776E+4	4.0564E+4	4.0426E+4	3.7746E+4	3.3385E+4	2.8117E+4	2.2596E+4	1.7760E+4	1.3617E+4	1.0294E+4
7.3628E+4	5.4968E+4	4.5926E+4	3.6435E+4	2.9918E+4	2.7838E+4	2.6422E+4	2.5193E+4	2.5202E+4	2.5455E+4	2.6574E+4	2.9079E+4	3.2358E+4	3.5690E+4	3.8995E+4	4.0723E+4	4.0546E+4	3.7839E+4	3.3444E+4	2.8153E+4	2.2617E+4	1.7772E+4	1.3625E+4	1.0297E+4
7.3995E+4	5.4247E+4	4.5402E+4	3.6388E+4	2.9232E+4	2.7845E+4	2.6281E+4	2.5362E+4	2.4939E+4	2.5512E+4	2.6850E+4	2.9012E+4	3.2459E+4	3.5791E+4	3.9132E+4	4.0865E+4	4.0649E+4	3.7918E+4	3.3499E+4	2.8192E+4	2.2635E+4	1.7784E+4	1.3630E+4	1.0300E+4
7.4142E+4	5.4855E+4	4.5358E+4	3.5989E+4	2.9522E+4	2.7710E+4	2.6075E+4	2.5134E+4	2.4896E+4	2.5364E+4	2.6683E+4	2.8932E+4	3.2355E+4	3.5684E+4	3.8995E+4	4.0750E+4	4.0566E+4	3.7865E+4	3.3456E+4	2.8167E+4	2.2620E+4	1.7776E+4	1.3626E+4	1.0298E+4
7.3843E+4	5.3914E+4	4.5516E+4	3.6472E+4	2.9358E+4	2.7581E+4	2.6065E+4	2.5002E+4	2.5020E+4	2.5171E+4	2.6511E+4	2.8881E+4	3.2234E+4	3.5528E+4	3.8867E+4	4.0648E+4	4.0475E+4	3.7793E+4	3.3411E+4	2.8137E+4	2.2606E+4	1.7768E+4	1.3621E+4	1.0296E+4
7.3203E+4	5.4886E+4	4.6183E+4	3.6024E+4	2.9246E+4	2.7794E+4	2.6119E+4	2.5106E+4	2.4758E+4	2.5030E+4	2.6536E+4	2.8939E+4	3.2229E+4	3.5576E+4	3.8940E+4	4.0707E+4	4.0537E+4	3.7839E+4	3.3447E+4	2.8163E+4	2.2623E+4	1.7773E+4	1.3624E+4	1.0297E+4
7.3205E+4	5.4804E+4	4.4915E+4	3.6008E+4	2.9379E+4	2.7451E+4	2.5948E+4	2.5050E+4	2.4705E+4	2.4963E+4	2.6397E+4	2.8743E+4	3.2057E+4	3.5423E+4	3.8768E+4	4.0536E+4	4.0393E+4	3.7745E+4	3.3382E+4	2.8119E+4	2.2599E+4	1.7760E+4	1.3617E+4	1.0293E+4
7.2861E+4	5.4491E+4	4.5316E+4	3.6419E+4	2.9199E+4	2.7646E+4	2.6182E+4	2.5006E+4	2.4805E+4	2.5183E+4	2.6329E+4	2.8829E+4	3.2121E+4	3.5387E+4	3.8667E+4	4.0472E+4	4.0325E+4	3.7691E+4	3.3345E+4	2.8097E+4	2.2582E+4	1.7753E+4	1.3611E+4	1.0289E+4
7.2801E+4	5.4214E+4	4.4618E+4	3.6207E+4	2.8985E+4	2.7441E+4	2.6102E+4	2.5139E+4	2.4720E+4	2.5265E+4	2.6624E+4	2.8661E+4	3.1939E+4	3.5260E+4	3.8537E+4	4.0319E+4	4.0189E+4	3.7581E+4	3.3272E+4	2.8047E+4	2.2557E+4	1.7737E+4	1.3602E+4	1.0284E+4
6.9899E+4	5.2670E+4	4.4434E+4	3.6108E+4	2.9382E+4	2.7262E+4	2.5886E+4	2.5072E+4	2.4762E+4	2.4958E+4	2.6498E+4	2.8580E+4	3.1881E+4	3.5138E+4	3.8438E+4	4.0228E+4	4.0115E+4	3.7535E+4	3.3236E+4	2.8030E+4	2.2543E+4	1.7729E+4	1.3597E+4	1.0280E+4
7.1725E+4	5.4326E+4	4.5457E+4	3.5892E+4	2.8954E+4	2.7272E+4	2.5933E+4	2.5041E+4	2.4562E+4	2.4908E+4	2.6301E+4	2.8458E+4	3.1698E+4	3.4896E+4	3.8167E+4	3.9988E+4	3.9914E+4	3.7379E+4	3.3131E+4	2.7966E+4	2.2507E+4	1.7711E+4	1.3586E+4	1.0273E+4
7.2356E+4	5.3596E+4	4.4689E+4	3.5691E+4	2.9027E+4	2.7408E+4	2.5935E+4	2.5005E+4	2.4758E+4	2.5144E+4	2.6499E+4	2.8567E+4	3.1733E+4	3.4968E+4	3.8232E+4	4.0052E+4	3.9970E+4	3.7414E+4	3.3155E+4	2.7982E+4	2.2514E+4	1.7712E+4	1.3587E+4	1.0274E+4
7.3577E+4	5.3663E+4	4.5437E+4	3.5832E+4	2.8915E+4	2.7399E+4	2.6097E+4	2.5125E+4	2.4756E+4	2.5151E+4	2.6243E+4	2.8529E+4	3.1711E+4	3.4994E+4	3.8287E+4	4.0086E+4	3.9996E+4	3.7436E+4	3.3175E+4	2.7987E+4	2.2517E+4	1.7713E+4	1.3589E+4	1.0276E+4
7.2787E+4	5.4272E+4	4.5010E+4	3.6167E+4	2.9217E+4	2.7572E+4	2.6130E+4	2.5162E+4	2.4880E+4	2.5276E+4	2.6329E+4	2.8627E+4	3.1768E+4	3.5043E+4	3.8311E+4	4.0056E+4	3.9962E+4	3.7423E+4	3.3152E+4	2.7969E+4	2.2513E+4	1.7708E+4	1.3587E+4	1.0274E+4
7.1609E+4	5.3922E+4	4.4870E+4	3.5773E+4	2.9093E+4	2.7118E+4	2.5930E+4	2.4760E+4	2.4640E+4	2.5094E+4	2.6248E+4	2.8554E+4	3.1712E+4	3.4982E+4	3.8259E+4	4.0045E+4	3.9947E+4	3.7407E+4	3.3148E+4	2.7976E+4	2.2511E+4	1.7710E+4	1.3587E+4	1.0274E+4
7.1286E+4	5.2621E+4	4.4663E+4	3.5723E+4	2.8971E+4	2.7350E+4	2.5911E+4	2.4813E+4	2.4450E+4	2.4886E+4	2.6192E+4	2.8449E+4	3.1645E+4	3.4858E+4	3.8159E+4	3.9952E+4	3.9887E+4	3.7357E+4	3.3129E+4	2.7959E+4	2.2501E+4	1.7708E+4	1.3584E+4	1.0272E+4
7.3849E+4	5.3720E+4	4.4481E+4	3.5344E+4	2.8933E+4	2.7117E+4	2.5720E+4	2.4666E+4	2.4462E+4	2.4741E+4	2.5999E+4	2.8283E+4	3.1455E+4	3.4732E+4	3.7969E+4	3.9817E+4	3.9774E+4	3.7273E+4	3.3076E+4	2.7933E+4	2.2493E+4	1.7699E+4	1.3580E+4	1.0272E+4
7.1368E+4	5.3529E+4	4.4108E+4	3.5272E+4	2.8614E+4	2.6953E+4	2.5527E+4	2.4883E+4	2.4369E+4	2.4736E+4	2.6009E+4	2.8225E+4	3.1410E+4	3.4667E+4	3.7924E+4	3.9760E+4	3.9712E+4	3.7238E+4	3.3048E+4	2.7920E+4	2.2480E+4	1.7696E+4	1.3579E+4	1.0270E+4
7.0608E+4	5.3795E+4	4.4091E+4	3.5314E+4	2.8508E+4	2.6856E+4	2.5612E+4	2.4726E+4	2.4417E+4	2.4822E+4	2.6041E+4	2.8316E+4	3.1443E+4	3.4701E+4	3.7960E+4	3.9757E+4	3.9744E+4	3.7260E+4	3.3068E+4	2.7929E+4	2.2489E+4	1.7700E+4	1.3582E+4	1.0270E+4
7.0584E+4	5.4020E+4	4.4531E+4	3.5581E+4	2.8687E+4	2.7171E+4	2.5771E+4	2.4947E+4	2.4437E+4	2.4700E+4	2.6056E+4	2.8223E+4	3.1414E+4	3.4644E+4	3.7954E+4	3.9819E+4	3.9774E+4	3.7303E+4	3.3100E+4	2.7947E+4	2.2500E+4	1.7706E+4	1.3586E+4	1.0275E+4
7.2618E+4	5.3558E+4	4.4717E+4	3.5454E+4	2.8281E+4	2.6817E+4	2.5549E+4	2.4750E+4	2.4324E+4	2.4561E+4	2.5774E+4	2.8065E+4	3.1189E+4	3.4478E+4	3.7757E+4	3.9620E+4	3.9645E+4	3.7200E+4	3.3033E+4	2.7914E+4	2.2482E+4	1.7697E+4	1.3578E+4	1.0270E+4
7.0749E+4	5.3560E+4	4.4210E+4	3.5346E+4	2.8310E+4	2.6954E+4	2.5722E+4	2.4498E+4	2.4283E+4	2.4722E+4	2.5927E+4	2.8206E+4	3.1282E+4	3.4581E+4	3.7842E+4	3.9723E+4	3.9676E+4	3.7236E+4	3.3056E+4	2.7924E+4	2.2486E+4	1.7700E+4	1.3583E+4	1.0271E+4
7.1541E+4	5.3270E+4	4.4317E+4	3.5792E+4	2.9292E+4	2.7082E+4	2.5891E+4	2.4489E+4	2.4462E+4	2.4845E+4	2.5981E+4	2.8322E+4	3.1381E+4	3.4635E+4	3.7932E+4	3.9826E+4	3.9763E+4	3.7289E+4	3.3086E+4	2.7942E+4	2.2494E+4	1.7707E+4	1.3585E+4	1.0272E+4
7.2363E+4	5.3006E+4	4.4660E+4	3.5835E+4	2.8908E+4	2.7028E+4	2.5624E+4	2.4680E+4	2.4421E+4	2.4843E+4	2.6055E+4	2.8275E+4	3.1452E+4	3.4782E+4	3.8042E+4	3.9862E+4	3.9817E+4	3.7320E+4	3.3102E+4	2.7953E+4	2.2502E+4	1.7706E+4	1.3586E+4	1.0274E+4
7.1419E+4	5.3172E+4	4.4206E+4	3.5379E+4	2.9009E+4	2.7082E+4	2.5559E+4	2.4763E+4	2.4519E+4	2.4707E+4	2.6069E+4	2.8265E+4	3.1514E+4	3.4764E+4	3.8057E+4	3.9873E+4	3.9838E+4	3.7328E+4	3.3125E+4	2.7960E+4	2.2508E+4	1.7712E+4	1.3589E+4	1.0276E+4
7.3138E+4	5.2679E+4	4.4246E+4	3.4945E+4	2.8280E+4	2.7001E+4	2.5448E+4	2.4911E+4	2.4281E+4	2.4792E+4	2.5965E+4	2.8191E+4	3.1377E+4	3.4643E+4	3.7911E+4	3.9722E+4	3.9703E+4	3.7239E+4	3.3048E+4	2.7915E+4	2.2484E+4	1.7699E+4	1.3581E+4	1.0270E+4
7.1231E+4	5.3465E+4	4.4591E+4	3.5400E+4	2.8905E+4	2.7083E+4	2.5748E+4	2.4728E+4	2.4469E+4	2.4857E+4	2.6071E+4	2.8332E+4	3.1479E+4	3.4692E+4	3.7986E+4	3.9827E+4	3.9777E+4	3.7278E+4	3.3083E+4	2.7938E+4	2.2494E+4	1.7705E+4	1.3585E+4	1.0273E+4
7.0773E+4	5.2465E+4	4.4240E+4	3.5358E+4	2.9282E+4	2.7178E+4	2.5883E+4	2.4696E+4	2.4513E+4	2.4681E+4	2.6108E+4	2.8235E+4	3.1451E+4	3.4617E+4	3.7906E+4	3.9762E+4	3.9708E+4	3.7245E+4	3.3050E+4	2.7919E+4	2.2483E+4	1.7696E+4	1.3580E+4	1.0270E+4
7.0323E+4	5.3048E+4	4.5070E+4	3.5549E+4	2.8737E+4	2.7261E+4	2.5668E+4	2.4688E+4	2.4322E+4	2.4773E+4	2.6081E+4	2.8251E+4	3.1390E+4	3.4643E+4	3.7891E+4	3.9706E+4	3.9702E+4	3.7238E+4	3.3042E+4	2.7913E+4	2.2482E+4	1.7693E+4	1.3579E+4	1.0270E+4
7.0781E+4	5.2891E+4	4.3948E+4	3.5686E+4	2.8355E+4	2.6981E+4	2.5531E+4	2.4938E+4	2.4336E+4	2.4730E+4	2.6049E+4	2.8194E+4	3.1337E+4	3.4561E+4	3.7825E+4	3.9623E+4	3.9618E+4	3.7153E+4	3.2995E+4	2.7879E+4	2.2461E+4	1.7683E+4	1.3574E+4	1.0266E+4
7.0985E+4	5.2046E+4	4.3573E+4	3.5128E+4	2.8157E+4	2.6767E+4	2.5460E+4	2.4496E+4	2.4164E+4	2.4587E+4	2.5786E+4	2.7913E+4	3.1114E+4	3.4276E+4	3.7488E+4	3.9367E+4	3.9386E+4	3.6983E+4	3.2889E+4	2.7822E+4	2.2427E+4	1.7665E+4	1.3562E+4	1.0260E+4
6.9417E+4	5.2713E+4	4.3804E+4	3.5121E+4	2.8552E+4	2.6607E+4	2.5666E+4	2.4681E+4	2.4243E+4	2.4576E+4	2.5816E+4	2.7944E+4	3.1022E+4	3.4143E+4	3.7372E+4	3.9185E+4	3.9219E+4	3.6887E+4	3.2805E+4	2.7763E+4	2.2396E+4	1.7644E+4	1.3548E+4	1.0252E+4
6.9074E+4	5.1574E+4	4.3030E+4	3.4777E+4	2.8036E+4	2.6730E+4	2.5394E+4	2.4706E+4	2.4118E+4	2.4403E+4	2.5684E+4	2.7910E+4	3.0947E+4	3.4091E+4	3.7300E+4	3.9144E+4	3.9192E+4	3.6852E+4	3.2781E+4	2.7755E+4	2.2390E+4	1.7642E+4	1.3549E+4	1.0252E+4
6.9988E+4	5.1139E+4	4.3475E+4	3.5064E+4	2.8764E+4	2.6988E+4	2.5326E+4	2.4336E+4	2.4211E+4	2.4500E+4	2.5798E+4	2.7949E+4	3.0993E+4	3.4160E+4	3.7355E+4	3.9146E+4	3.9183E+4	3.6819E+4	3.2769E+4	2.7741E+4	2.2380E+4	1.7637E+4	1.3544E+4	1.0249E+4
6.9699E+4	5.2620E+4	4.3651E+4	3.4691E+4	2.8119E+4	2.6643E+4	2.5164E+4	2.4623E+4	2.4050E+4	2.4489E+4	2.5527E+4	2.7763E+4	3.0784E+4	3.3859E+4	3.7089E+4	3.8919E+4	3.8995E+4	3.6693E+4	3.2691E+4	2.7693E+4	2.2350E+4	1.7621E+4	1.3533E+4	1.0243E+4
6.9795E+4	5.1490E+4	4.3265E+4	3.4981E+4	2.8030E+4	2.6604E+4	2.5194E+4	2.4273E+4	2.3967E+4	2.4340E+4	2.5553E+4	2.7601E+4	3.0729E+4	3.3822E+4	3.7049E+4	3.8913E+4	3.8987E+4	3.6701E+4	3.2690E+4	2.7698E+4	2.2357E+4	1.7625E+4	1.3538E+4	1.0245E+4
6.8816E+4	5.1890E+4	4.3120E+4	3.4469E+4	2.7940E+4	2.6630E+4	2.5116E+4	2.4412E+4	2.3986E+4	2.4232E+4	2.5447E+4	2.7562E+4	3.0627E+4	3.3781E+4	3.6973E+4	3.8906E+4	3.8955E+4	3.6690E+4	3.2690E+4	2.7693E+4	2.2353E+4	1.7620E+4	1.3538E+4	1.0245E+4
6.9140E+4	5.1995E+4	4.3597E+4	3.4582E+4	2.7900E+4	2.6617E+4	2.5211E+4	2.4162E+4	2.3931E+4	2.4289E+4	2.5425E+4	2.7528E+4	3.0605E+4	3.3712E+4	3.6971E+4	3.8810E+4	3.8927E+4	3.6672E+4	3.2666E+4	2.7680E+4	2.2347E+4	1.7620E+4	1.3537E+4	1.0243E+4
6.8123E+4	5.1607E+4	4.3098E+4	3.4716E+4	2.7660E+4	2.6433E+4	2.5082E+4	2.4226E+4	2.3809E+4	2.4162E+4	2.5381E+4	2.7505E+4	3.0519E+4	3.3630E+4	3.6866E+4	3.8747E+4	3.8857E+4	3.6607E+4	3.2638E+4	2.7659E+4	2.2330E+4	1.7611E+4	1.3528E+4	1.0240E+4
6.9386E+4	5.0791E+4	4.2424E+4	3.4688E+4	2.7920E+4	2.6216E+4	2.4830E+4	2.3970E+4	2.3633E+4	2.4005E+4	2.5138E+4	2.7339E+4	3.0326E+4	3.3437E+4	3.6690E+4	3.8589E+4	3.8706E+4	3.6503E+4	3.2560E+4	2.7617E+4	2.2303E+4	1.7594E+4	1.3521E+4	1.0233E+4
7.3387E+4	5.0417E+4	4.2851E+4	3.4714E+4	2.7657E+4	2.6222E+4	2.4479E+4	2.3651E+4	2.3575E+4	2.3788E+4	2.4967E+4	2.7125E+4	3.0142E+4	3.3249E+4	3.6480E+4	3.8418E+4	3.8559E+4	3.6397E+4	3.2498E+4	2.7576E+4	2.2290E+4	1.7585E+4	1.3514E+4	1.0229E+4
6.6985E+4	5.0657E+4	4.2540E+4	3.4393E+4	2.7832E+4	2.6209E+4	2.4868E+4	2.3665E+4	2.3535E+4	2.3718E+4	2.5094E+4	2.7146E+4	3.0065E+4	3.3251E+4	3.6504E+4	3.8449E+4	3.8575E+4	3.6405E+4	3.2510E+4	2.7591E+4	2.2295E+4	1.7589E+4	1.3516E+4	1.0233E+4
6.9539E+4	5.0732E+4	4.2489E+4	3.4335E+4	2.7431E+4	2.6065E+4	2.4700E+4	2.3566E+4	2.3554E+4	2.3843E+4	2.5021E+4	2.7104E+4	3.0145E+4	3.3198E+4	3.6464E+4	3.8373E+4	3.8552E+4	3.6401E+4	3.2501E+4	2.7583E+4	2.2289E+4	1.7587E+4	1.3515E+4	1.0232E+4
6.7913E+4	5.1116E+4	4.2705E+4	3.4338E+4	2.7387E+4	2.6176E+4	2.4837E+4	2.3492E+4	2.3544E+4	2.3760E+4	2.4945E+4	2.7048E+4	3.0069E+4	3.3223E+4	3.6444E+4	3.8412E+4	3.8580E+4	3.6417E+4	3.2518E+4	2.7591E+4	2.2292E+4	1.7588E+4	1.3518E+4	1.0232E+4
6.6765E+4	5.1181E+4	4.2914E+4	3.4211E+4	2.7784E+4	2.6193E+4	2.4603E+4	2.4240E+4	2.3457E+4	2.3739E+4	2.5066E+4	2.7140E+4	3.0139E+4	3.3324E+4	3.6555E+4	3.8445E+4	3.8621E+4	3.6480E+4	3.2523E+4	2.7599E+4	2.2307E+4	1.7595E+4	1.3521E+4	1.0233E+4
6.5170E+4	5.1292E+4	4.2816E+4	3.4616E+4	2.7350E+4	2.6421E+4	2.4673E+4	2.3923E+4	2.3613E+4	2.3930E+4	2.5185E+4	2.7125E+4	3.0253E+4	3.3357E+4	3.6635E+4	3.8544E+4	3.8681E+4	3.6508E+4	3.2566E+4	2.7623E+4	2.2317E+4	1.7600E+4	1.3527E+4	1.0236E+4
6.8623E+4	5.1084E+4	4.2564E+4	3.4502E+4	2.7543E+4	2.6055E+4	2.4586E+4	2.3753E+4	2.3385E+4	2.3617E+4	2.4922E+4	2.6989E+4	3.0063E+4	3.3187E+4	3.6418E+4	3.8370E+4	3.8569E+4	3.6422E+4	3.2509E+4	2.7597E+4	2.2301E+4	1.7592E+4	1.3519E+4	1.0235E+4
6.8300E+4	5.1318E+4	4.2065E+4	3.4296E+4	2.7170E+4	2.6026E+4	2.4672E+4	2.3997E+4	2.3412E+4	2.3803E+4	2.4950E+4	2.7037E+4	3.0040E+4	3.3183E+4	3.6450E+4	3.8403E+4	3.8603E+4	3.6455E+4	3.2546E+4	2.7613E+4	2.2312E+4	1.7597E+4	1.3524E+4	1.0236E+4
6.8726E+4	5.0968E+4	4.2591E+4	3.4353E+4	2.7265E+4	2.6032E+4	2.4757E+4	2.3585E+4	2.3375E+4	2.3717E+4	2.4960E+4	2.7082E+4	3.0146E+4	3.3279E+4	3.6612E+4	3.8620E+4	3.8769E+4	3.6575E+4	3.2626E+4	2.7666E+4	2.2344E+4	1.7619E+4	1.3534E+4	1.0243E+4
6.7931E+4	5.0614E+4	4.2146E+4	3.4236E+4	2.7412E+4	2.5881E+4	2.4477E+4	2.3608E+4	2.3286E+4	2.3610E+4	2.4786E+4	2.6994E+4	3.0024E+4	3.3239E+4	3.6505E+4	3.8472E+4	3.8627E+4	3.6479E+4	3.2559E+4	2.7622E+4	2.2318E+4	1.7603E+4	1.3525E+4	1.0239E+4
6.7361E+4	5.0216E+4	4.2157E+4	3.4057E+4	2.7473E+4	2.5999E+4	2.4589E+4	2.3443E+4	2.3281E+4	2.3687E+4	2.4794E+4	2.6873E+4	2.9938E+4	3.3111E+4	3.6390E+4	3.8356E+4	3.8543E+4	3.6430E+4	3.2525E+4	2.7609E+4	2.2309E+4	1.7601E+4	1.3522E+4	1.0236E+4
6.7665E+4	5.0323E+4	4.1975E+4	3.3846E+4	2.7253E+4	2.5778E+4	2.4414E+4	2.3388E+4	2.3066E+4	2.3426E+4	2.4720E+4	2.6866E+4	2.9814E+4	3.3106E+4	3.6405E+4	3.8405E+4	3.8613E+4	3.6474E+4	3.2580E+4	2.7644E+4	2.2327E+4	1.7608E+4	1.3530E+4	1.0240E+4
6.7003E+4	4.9810E+4	4.2389E+4	3.3745E+4	2.7147E+4	2.5741E+4	2.4317E+4	2.3422E+4	2.3135E+4	2.3398E+4	2.4658E+4	2.6801E+4	2.9951E+4	3.3102E+4	3.6399E+4	3.8375E+4	3.8624E+4	3.6465E+4	3.2560E+4	2.7633E+4	2.2322E+4	1.7606E+4	1.3526E+4	1.0240E+4
6.6165E+4	5.1097E+4	4.2541E+4	3.3969E+4	2.7315E+4	2.5701E+4	2.4205E+4	2.3415E+4	2.3166E+4	2.3660E+4	2.4728E+4	2.6769E+4	2.9860E+4	3.3003E+4	3.6380E+4	3.8393E+4	3.8583E+4	3.6461E+4	3.2552E+4	2.7627E+4	2.2320E+4	1.7604E+4	1.3528E+4	1.0239E+4
6.7603E+4	4.9851E+4	4.1854E+4	3.3751E+4	2.7141E+4	2.5526E+4	2.4323E+4	2.3264E+4	2.3035E+4	2.3536E+4	2.4786E+4	2.6638E+4	2.9766E+4	3.2998E+4	3.6275E+4	3.8290E+4	3.8518E+4	3.6436E+4	3.2535E+4	2.7610E+4	2.2309E+4	1.7601E+4	1.3524E+4	1.0237E+4
6.6836E+4	5.0018E+4	4.1738E+4	3.3891E+4	2.7067E+4	2.5506E+4	2.4244E+4	2.3311E+4	2.2979E+4	2.3214E+4	2.4407E+4	2.6541E+4	2.9655E+4	3.2819E+4	3.6138E+4	3.8162E+4	3.8400E+4	3.6342E+4	3.2469E+4	2.7573E+4	2.2289E+4	1.7587E+4	1.3518E+4	1.0232E+4
6.7662E+4	4.9910E+4	4.2548E+4	3.3246E+4	2.7108E+4	2.5583E+4	2.4114E+4	2.3228E+4	2.2982E+4	2.3229E+4	2.4279E+4	2.6444E+4	2.9442E+4	3.2583E+4	3.5947E+4	3.7981E+4	3.8264E+4	3.6219E+4	3.2389E+4	2.7524E+4	2.2261E+4	1.7572E+4	1.3509E+4	1.0228E+4
6.6055E+4	5.0527E+4	4.2267E+4	3.3548E+4	2.7324E+4	2.5626E+4	2.4247E+4	2.3497E+4	2.2957E+4	2.3294E+4	2.4352E+4	2.6421E+4	2.9444E+4	3.2653E+4	3.5963E+4	3.8023E+4	3.8272E+4	3.6232E+4	3.2404E+4	2.7525E+4	2.2265E+4	1.7573E+4	1.3506E+4	1.0226E+4
6.5922E+4	4.9924E+4	4.1812E+4	3.3889E+4	2.6899E+4	2.5394E+4	2.4151E+4	2.3164E+4	2.2899E+4	2.3124E+4	2.4386E+4	2.6415E+4	2.9471E+4	3.2673E+4	3.6027E+4	3.8053E+4	3.8300E+4	3.6272E+4	3.2430E+4	2.7545E+4	2.2274E+4	1.7577E+4	1.3513E+4	1.0230E+4
6.7875E+4	5.0048E+4	4.2396E+4	3.3773E+4	2.7128E+4	2.5688E+4	2.4273E+4	2.3452E+4	2.3019E+4	2.3223E+4	2.4315E+4	2.6530E+4	2.9629E+4	3.2802E+4	3.6125E+4	3.8147E+4	3.8411E+4	3.6325E+4	3.2468E+4	2.7566E+4	2.2293E+4	1.7584E+4	1.3516E+4	1.0233E+4
6.6865E+4	5.0068E+4	4.1875E+4	3.3838E+4	2.6876E+4	2.5486E+4	2.4167E+4	2.3293E+4	2.2832E+4	2.3210E+4	2.4353E+4	2.6392E+4	2.9369E+4	3.2595E+4	3.5918E+4	3.7967E+4	3.8267E+4	3.6234E+4	3.2405E+4	2.7531E+4	2.2267E+4	1.7574E+4	1.3509E+4	1.0227E+4
6.7593E+4	4.9672E+4	4.1614E+4	3.3445E+4	2.7012E+4	2.5528E+4	2.4083E+4	2.3335E+4	2.2838E+4	2.3152E+4	2.4264E+4	2.6330E+4	2.9337E+4	3.2506E+4	3.5805E+4	3.7865E+4	3.8155E+4	3.6156E+4	3.2355E+4	2.7502E+4	2.2249E+4	1.7563E+4	1.3502E+4	1.0223E+4
6.7503E+4	4.9493E+4	4.1217E+4	3.3611E+4	2.7071E+4	2.5305E+4	2.4290E+4	2.3173E+4	2.2843E+4	2.3158E+4	2.4125E+4	2.6231E+4	2.9253E+4	3.2397E+4	3.5748E+4	3.7793E+4	3.8122E+4	3.6127E+4	3.2334E+4	2.7481E+4	2.2235E+4	1.7557E+4	1.3498E+4	1.0222E+4
6.6419E+4	4.9928E+4	4.1867E+4	3.3527E+4	2.6970E+4	2.5387E+4	2.4096E+4	2.3184E+4	2.2777E+4	2.3061E+4	2.4133E+4	2.6239E+4	2.9291E+4	3.2509E+4	3.5839E+4	3.7914E+4	3.8201E+4	3.6197E+4	3.2385E+4	2.7519E+4	2.2256E+4	1.7569E+4	1.3506E+4	1.0226E+4
6.8871E+4	4.9226E+4	4.1348E+4	3.3628E+4	2.7039E+4	2.5304E+4	2.3883E+4	2.2967E+4	2.2612E+4	2.3062E+4	2.4258E+4	2.6144E+4	2.9116E+4	3.2333E+4	3.5678E+4	3.7772E+4	3.8091E+4	3.6116E+4	3.2321E+4	2.7481E+4	2.2241E+4	1.7556E+4	1.3497E+4	1.0221E+4
6.6646E+4	4.9809E+4	4.1606E+4	3.3653E+4	2.6944E+4	2.5265E+4	2.4030E+4	2.3119E+4	2.2696E+4	2.2951E+4	2.4414E+4	2.6222E+4	2.9283E+4	3.2511E+4	3.5815E+4	3.7914E+4	3.8190E+4	3.6184E+4	3.2373E+4	2.7512E+4	2.2251E+4	1.7564E+4	1.3503E+4	1.0224E+4
6.7180E+4	4.8617E+4	4.0701E+4	3.2809E+4	2.6707E+4	2.5010E+4	2.3906E+4	2.2867E+4	2.2559E+4	2.2897E+4	2.4223E+4	2.6086E+4	2.9126E+4	3.2256E+4	3.5661E+4	3.7730E+4	3.8045E+4	3.6089E+4	3.2310E+4	2.7473E+4	2.2232E+4	1.7552E+4	1.3496E+4	1.0219E+4
6.6017E+4	4.9529E+4	4.1513E+4	3.3337E+4	2.6675E+4	2.5392E+4	2.3812E+4	2.3061E+4	2.2631E+4	2.2795E+4	2.3952E+4	2.5984E+4	2.9085E+4	3.2252E+4	3.5573E+4	3.7683E+4	3.8003E+4	3.6066E+4	3.2292E+4	2.7462E+4	2.2222E+4	1.7549E+4	1.3496E+4	1.0219E+4
6.5416E+4	4.9128E+4	4.2008E+4	3.3282E+4	2.6985E+4	2.5469E+4	2.3795E+4	2.3043E+4	2.2625E+4	2.3123E+4	2.4208E+4	2.6203E+4	2.9282E+4	3.2457E+4	3.5819E+4	3.7904E+4	3.8197E+4	3.6212E+4	3.2384E+4	2.7517E+4	2.2255E+4	1.7567E+4	1.3504E+4	1.0224E+4
6.5341E+4	4.9489E+4	4.1463E+4	3.3088E+4	2.6769E+4	2.5229E+4	2.3832E+4	2.2948E+4	2.2523E+4	2.2898E+4	2.3761E+4	2.5975E+4	2.8989E+4	3.2127E+4	3.5491E+4	3.7563E+4	3.7923E+4	3.5991E+4	3.2231E+4	2.7431E+4	2.2205E+4	1.7535E+4	1.3486E+4	1.0213E+4
6.5456E+4	4.9220E+4	4.1663E+4	3.3049E+4	2.6835E+4	2.5282E+4	2.3868E+4	2.2930E+4	2.2598E+4	2.2624E+4	2.3961E+4	2.6132E+4	2.9107E+4	3.2251E+4	3.5615E+4	3.7714E+4	3.8044E+4	3.6058E+4	3.2285E+4	2.7449E+4	2.2217E+4	1.7544E+4	1.3489E+4	1.0216E+4
6.5625E+4	4.9689E+4	4.0716E+4	3.3363E+4	2.6669E+4	2.5008E+4	2.3788E+4	2.2917E+4	2.2577E+4	2.3196E+4	2.3886E+4	2.6006E+4	2.8995E+4	3.2165E+4	3.5542E+4	3.7590E+4	3.7921E+4	3.5988E+4	3.2231E+4	2.7422E+4	2.2202E+4	1.7537E+4	1.3486E+4	1.0212E+4
6.4298E+4	4.8408E+4	4.0604E+4	3.2645E+4	2.6980E+4	2.5179E+4	2.3750E+4	2.2809E+4	2.2581E+4	2.2868E+4	2.4070E+4	2.6078E+4	2.9077E+4	3.2217E+4	3.5590E+4	3.7645E+4	3.7965E+4	3.6009E+4	3.2253E+4	2.7435E+4	2.2209E+4	1.7539E+4	1.3488E+4	1.0214E+4
6.5752E+4	4.9258E+4	4.1267E+4	3.2703E+4	2.6376E+4	2.4921E+4	2.3744E+4	2.2591E+4	2.2326E+4	2.2746E+4	2.3736E+4	2.5807E+4	2.8847E+4	3.2001E+4	3.5319E+4	3.7403E+4	3.7780E+4	3.5882E+4	3.2156E+4	2.7380E+4	2.2174E+4	1.7520E+4	1.3476E+4	1.0207E+4
6.4554E+4	4.8738E+4	4.0594E+4	3.2722E+4	2.6302E+4	2.4826E+4	2.3535E+4	2.2691E+4	2.2454E+4	2.2637E+4	2.3940E+4	2.5963E+4	2.8985E+4	3.2150E+4	3.5494E+4	3.7585E+4	3.7950E+4	3.6003E+4	3.2245E+4	2.7426E+4	2.2203E+4	1.7535E+4	1.3485E+4	1.0212E+4
6.4317E+4	4.8053E+4	4.0829E+4	3.2487E+4	2.6498E+4	2.4837E+4	2.3658E+4	2.2709E+4	2.2295E+4	2.2743E+4	2.3831E+4	2.5945E+4	2.9003E+4	3.2188E+4	3.5579E+4	3.7665E+4	3.8015E+4	3.6055E+4	3.2283E+4	2.7450E+4	2.2217E+4	1.7544E+4	1.3489E+4	1.0215E+4
6.6639E+4	4.8297E+4	4.1251E+4	3.2425E+4	2.6370E+4	2.4946E+4	2.3712E+4	2.2669E+4	2.2375E+4	2.2632E+4	2.3893E+4	2.5935E+4	2.8905E+4	3.2076E+4	3.5421E+4	3.7507E+4	3.7867E+4	3.5951E+4	3.2209E+4	2.7412E+4	2.2194E+4	1.7529E+4	1.3481E+4	1.0209E+4
6.5333E+4	4.8232E+4	4.0638E+4	3.3086E+4	2.6786E+4	2.5019E+4	2.3624E+4	2.2646E+4	2.2517E+4	2.2688E+4	2.3895E+4	2.6029E+4	2.9062E+4	3.2166E+4	3.5557E+4	3.7626E+4	3.7976E+4	3.6017E+4	3.2257E+4	2.7439E+4	2.2208E+4	1.7539E+4	1.3486E+4	1.0214E+4
6.4801E+4	4.8437E+4	4.1231E+4	3.2619E+4	2.6722E+4	2.5039E+4	2.3541E+4	2.2861E+4	2.2389E+4	2.2668E+4	2.4006E+4	2.6052E+4	2.9045E+4	3.2217E+4	3.5569E+4	3.7645E+4	3.7981E+4	3.6007E+4	3.2255E+4	2.7431E+4	2.2205E+4	1.7536E+4	1.3484E+4	1.0211E+4
6.5805E+4	4.8509E+4	4.0943E+4	3.3065E+4	2.6708E+4	2.5201E+4	2.3733E+4	2.2717E+4	2.2659E+4	2.2784E+4	2.4010E+4	2.6130E+4	2.9186E+4	3.2321E+4	3.5637E+4	3.7713E+4	3.8033E+4	3.6058E+4	3.2283E+4	2.7442E+4	2.2208E+4	1.7539E+4	1.3488E+4	1.0214E+4
6.4932E+4	4.8784E+4	4.0767E+4	3.2691E+4	2.6500E+4	2.4923E+4	2.3760E+4	2.2820E+4	2.2523E+4	2.2796E+4	2.3946E+4	2.6029E+4	2.9040E+4	3.2189E+4	3.5528E+4	3.7595E+4	3.7943E+4	3.5969E+4	3.2223E+4	2.7408E+4	2.2189E+4	1.7529E+4	1.3480E+4	1.0208E+4
6.5011E+4	4.7948E+4	4.0611E+4	3.2804E+4	2.6279E+4	2.5062E+4	2.3859E+4	2.2932E+4	2.2456E+4	2.2879E+4	2.3883E+4	2.5954E+4	2.8959E+4	3.2111E+4	3.5429E+4	3.7487E+4	3.7834E+4	3.5907E+4	3.2177E+4	2.7387E+4	2.2177E+4	1.7518E+4	1.3476E+4	1.0206E+4
6.2591E+4	4.8127E+4	4.0840E+4	3.2929E+4	2.6475E+4	2.5114E+4	2.3707E+4	2.2883E+4	2.2623E+4	2.2813E+4	2.3886E+4	2.6066E+4	2.9058E+4	3.2171E+4	3.5515E+4	3.7578E+4	3.7914E+4	3.5971E+4	3.2217E+4	2.7411E+4	2.2192E+4	1.7529E+4	1.3480E+4	1.0209E+4
6.5932E+4	4.8872E+4	4.0615E+4	3.2750E+4	2.6465E+4	2.5270E+4	2.3762E+4	2.2776E+4	2.2458E+4	2.2797E+4	2.4076E+4	2.6080E+4	2.9104E+4	3.2231E+4	3.5577E+4	3.7642E+4	3.7977E+4	3.6012E+4	3.2246E+4	2.7430E+4	2.2204E+4	1.7535E+4	1.3484E+4	1.0212E+4
6.2861E+4	4.7491E+4	4.0439E+4	3.3097E+4	2.5981E+4	2.4618E+4	2.3630E+4	2.2991E+4	2.2443E+4	2.2675E+4	2.3874E+4	2.5850E+4	2.8962E+4	3.2109E+4	3.5451E+4	3.7534E+4	3.7871E+4	3.5929E+4	3.2200E+4	2.7398E+4	2.2183E+4	1.7524E+4	1.3478E+4	1.0208E+4
6.4778E+4	4.6801E+4	4.0201E+4	3.2271E+4	2.6134E+4	2.4733E+4	2.3500E+4	2.2578E+4	2.2426E+4	2.2658E+4	2.3793E+4	2.5893E+4	2.8815E+4	3.2041E+4	3.5361E+4	3.7450E+4	3.7817E+4	3.5910E+4	3.2167E+4	2.7381E+4	2.2175E+4	1.7519E+4	1.3476E+4	1.0207E+4
6.4379E+4	4.7763E+4	4.0115E+4	3.2249E+4	2.6234E+4	2.4709E+4	2.3543E+4	2.2441E+4	2.2368E+4	2.2612E+4	2.3785E+4	2.5892E+4	2.8867E+4	3.2074E+4	3.5405E+4	3.7438E+4	3.7819E+4	3.5898E+4	3.2158E+4	2.7377E+4	2.2170E+4	1.7516E+4	1.3472E+4	1.0204E+4
6.4340E+4	4.8721E+4	4.0553E+4	3.2771E+4	2.5651E+4	2.4795E+4	2.3504E+4	2.2590E+4	2.2281E+4	2.2617E+4	2.3710E+4	2.5814E+4	2.8782E+4	3.1976E+4	3.5309E+4	3.7351E+4	3.7741E+4	3.5839E+4	3.2128E+4	2.7352E+4	2.2161E+4	1.7510E+4	1.3470E+4	1.0202E+4
6.3871E+4	4.8403E+4	4.0614E+4	3.2444E+4	2.6022E+4	2.4796E+4	2.3314E+4	2.2434E+4	2.2395E+4	2.2607E+4	2.3739E+4	2.5771E+4	2.8838E+4	3.1935E+4	3.5285E+4	3.7332E+4	3.7734E+4	3.5814E+4	3.2108E+4	2.7343E+4	2.2154E+4	1.7504E+4	1.3467E+4	1.0200E+4
6.4366E+4	4.7706E+4	4.0421E+4	3.2447E+4	2.6131E+4	2.4660E+4	2.3396E+4	2.2426E+4	2.2276E+4	2.2459E+4	2.3731E+4	2.5884E+4	2.8890E+4	3.2010E+4	3.5361E+4	3.7452E+4	3.7796E+4	3.5881E+4	3.2158E+4	2.7373E+4	2.2171E+4	1.7516E+4	1.3472E+4	1.0203E+4
6.3351E+4	4.8676E+4	3.9802E+4	3.2271E+4	2.6654E+4	2.4651E+4	2.3372E+4	2.2733E+4	2.2251E+4	2.2449E+4	2.3768E+4	2.5800E+4	2.8853E+4	3.2001E+4	3.5403E+4	3.7470E+4	3.7844E+4	3.5899E+4	3.2181E+4	2.7388E+4	2.2178E+4	1.7517E+4	1.3475E+4	1.0206E+4
6.4669E+4	4.7654E+4	3.9920E+4	3.2211E+4	2.6533E+4	2.4532E+4	2.3057E+4	2.2247E+4	2.2120E+4	2.2376E+4	2.3536E+4	2.5609E+4	2.8653E+4	3.1747E+4	3.5138E+4	3.7287E+4	3.7669E+4	3.5784E+4	3.2097E+4	2.7344E+4	2.2150E+4	1.7505E+4	1.3466E+4	1.0200E+4
6.3812E+4	4.7584E+4	3.9377E+4	3.1883E+4	2.5688E+4	2.4373E+4	2.2990E+4	2.2365E+4	2.2112E+4	2.2075E+4	2.3423E+4	2.5547E+4	2.8516E+4	3.1710E+4	3.5042E+4	3.7132E+4	3.7563E+4	3.5727E+4	3.2058E+4	2.7318E+4	2.2137E+4	1.7497E+4	1.3461E+4	1.0197E+4
6.2495E+4	4.7455E+4	3.9584E+4	3.2120E+4	2.5914E+4	2.4427E+4	2.3088E+4	2.2474E+4	2.1948E+4	2.2405E+4	2.3452E+4	2.5490E+4	2.8559E+4	3.1598E+4	3.4996E+4	3.7094E+4	3.7505E+4	3.5671E+4	3.2029E+4	2.7296E+4	2.2127E+4	1.7487E+4	1.3458E+4	1.0193E+4
6.3560E+4	4.6767E+4	3.9772E+4	3.2283E+4	2.5751E+4	2.4294E+4	2.3159E+4	2.2312E+4	2.1963E+4	2.2375E+4	2.3399E+4	2.5484E+4	2.8496E+4	3.1622E+4	3.5006E+4	3.7095E+4	3.7522E+4	3.5686E+4	3.2041E+4	2.7296E+4	2.2125E+4	1.7489E+4	1.3455E+4	1.0193E+4
6.2206E+4	4.7102E+4	3.9888E+4	3.2260E+4	2.6159E+4	2.4508E+4	2.3125E+4	2.2308E+4	2.2063E+4	2.2223E+4	2.3566E+4	2.5531E+4	2.8544E+4	3.1778E+4	3.5065E+4	3.7179E+4	3.7578E+4	3.5735E+4	3.2061E+4	2.7312E+4	2.2136E+4	1.7493E+4	1.3461E+4	1.0196E+4
6.3683E+4	4.7018E+4	3.8869E+4	3.2135E+4	2.5695E+4	2.4372E+4	2.2919E+4	2.2378E+4	2.2079E+4	2.2185E+4	2.3565E+4	2.5491E+4	2.8531E+4	3.1683E+4	3.5062E+4	3.7175E+4	3.7598E+4	3.5737E+4	3.2068E+4	2.7325E+4	2.2145E+4	1.7497E+4	1.3462E+4	1.0198E+4
6.2926E+4	4.6851E+4	3.9390E+4	3.1587E+4	2.5440E+4	2.4566E+4	2.2875E+4	2.2029E+4	2.1809E+4	2.2133E+4	2.3250E+4	2.5355E+4	2.8360E+4	3.1490E+4	3.4881E+4	3.7008E+4	3.7433E+4	3.5616E+4	3.2004E+4	2.7287E+4	2.2117E+4	1.7484E+4	1.3453E+4	1.0193E+4
6.2449E+4	4.6730E+4	3.9563E+4	3.1795E+4	2.5434E+4	2.4270E+4	2.3002E+4	2.2139E+4	2.1787E+4	2.2043E+4	2.3189E+4	2.5384E+4	2.8382E+4	3.1541E+4	3.4903E+4	3.7042E+4	3.7485E+4	3.5660E+4	3.2015E+4	2.7293E+4	2.2124E+4	1.7487E+4	1.3457E+4	1.0194E+4
6.3629E+4	4.5591E+4	3.9712E+4	3.1701E+4	2.5479E+4	2.4148E+4	2.2817E+4	2.1910E+4	2.1835E+4	2.2136E+4	2.3296E+4	2.5462E+4	2.8489E+4	3.1609E+4	3.4998E+4	3.7137E+4	3.7537E+4	3.5714E+4	3.2051E+4	2.7311E+4	2.2133E+4	1.7494E+4	1.3458E+4	1.0195E+4
6.2787E+4	4.7847E+4	3.9201E+4	3.1812E+4	2.5650E+4	2.4368E+4	2.3133E+4	2.2053E+4	2.1883E+4	2.2212E+4	2.3420E+4	2.5508E+4	2.8601E+4	3.1740E+4	3.5115E+4	3.7245E+4	3.7671E+4	3.5806E+4	3.2101E+4	2.7350E+4	2.2157E+4	1.7503E+4	1.3466E+4	1.0198E+4
6.1403E+4	4.6637E+4	3.9297E+4	3.1948E+4	2.5747E+4	2.4259E+4	2.2990E+4	2.2222E+4	2.1783E+4	2.2131E+4	2.3356E+4	2.5407E+4	2.8409E+4	3.1587E+4	3.4993E+4	3.7107E+4	3.7531E+4	3.5711E+4	3.2037E+4	2.7304E+4	2.2130E+4	1.7490E+4	1.3458E+4	1.0194E+4
6.2660E+4	4.5617E+4	3.9045E+4	3.1651E+4	2.5723E+4	2.4133E+4	2.2906E+4	2.1856E+4	2.1817E+4	2.2143E+4	2.3372E+4	2.5353E+4	2.8385E+4	3.1606E+4	3.4933E+4	3.7064E+4	3.7508E+4	3.5686E+4	3.2027E+4	2.7299E+4	2.2124E+4	1.7490E+4	1.3458E+4	1.0194E+4
6.0600E+4	4.6183E+4	3.8836E+4	3.1395E+4	2.5455E+4	2.4195E+4	2.2941E+4	2.1921E+4	2.1772E+4	2.2170E+4	2.3386E+4	2.5501E+4	2.8558E+4	3.1761E+4	3.5187E+4	3.7319E+4	3.7714E+4	3.5834E+4	3.2121E+4	2.7363E+4	2.2159E+4	1.7509E+4	1.3468E+4	1.0200E+4
6.2805E+4	4.6971E+4	3.9022E+4	3.1623E+4	2.5456E+4	2.4089E+4	2.2540E+4	2.2249E+4	2.1835E+4	2.2201E+4	2.3373E+4	2.5529E+4	2.8621E+4	3.1794E+4	3.5198E+4	3.7310E+4	3.7695E+4	3.5824E+4	3.2128E+4	2.7353E+4	2.2158E+4	1.7506E+4	1.3467E+4	1.0202E+4
6.1630E+4	4.6123E+4	3.8631E+4	3.1286E+4	2.5184E+4	2.4099E+4	2.2680E+4	2.2010E+4	2.1655E+4	2.1955E+4	2.3409E+4	2.5427E+4	2.8365E+4	3.1695E+4	3.5044E+4	3.7192E+4	3.7577E+4	3.5721E+4	3.2057E+4	2.7311E+4	2.2133E+4	1.7495E+4	1.3458E+4	1.0194E+4
6.2124E+4	4.6455E+4	3.8795E+4	3.1517E+4	2.5307E+4	2.4038E+4	2.2811E+4	2.2180E+4	2.1739E+4	2.2309E+4	2.3472E+4	2.5587E+4	2.8623E+4	3.1899E+4	3.5237E+4	3.7342E+4	3.7719E+4	3.5854E+4	3.2140E+4	2.7364E+4	2.2160E+4	1.7506E+4	1.3469E+4	1.0200E+4
6.2078E+4	4.6366E+4	3.8727E+4	3.1318E+4	2.5365E+4	2.3909E+4	2.2840E+4	2.2155E+4	2.1763E+4	2.2091E+4	2.3426E+4	2.5528E+4	2.8540E+4	3.1720E+4	3.5064E+4	3.7183E+4	3.7597E+4	3.5741E+4	3.2061E+4	2.7314E+4	2.2135E+4	1.7494E+4	1.3459E+4	1.0194E+4
6.0453E+4	4.6920E+4	3.8445E+4	3.1348E+4	2.4834E+4	2.3984E+4	2.2563E+4	2.2031E+4	2.1816E+4	2.2223E+4	2.3366E+4	2.5518E+4	2.8601E+4	3.1758E+4	3.5107E+4	3.7209E+4	3.7631E+4	3.5751E+4	3.2079E+4	2.7325E+4	2.2146E+4	1.7496E+4	1.3463E+4	1.0197E+4
6.2352E+4	4.6595E+4	3.8985E+4	3.1464E+4	2.5543E+4	2.4102E+4	2.2978E+4	2.2216E+4	2.2172E+4	2.2377E+4	2.3781E+4	2.5760E+4	2.8780E+4	3.1970E+4	3.5341E+4	3.7397E+4	3.7752E+4	3.5849E+4	3.2129E+4	2.7352E+4	2.2155E+4	1.7504E+4	1.3467E+4	1.0199E+4
6.3052E+4	4.6606E+4	3.8841E+4	3.1321E+4	2.5690E+4	2.4373E+4	2.2971E+4	2.2090E+4	2.2079E+4	2.2406E+4	2.3682E+4	2.5705E+4	2.8710E+4	3.1845E+4	3.5234E+4	3.7314E+4	3.7645E+4	3.5775E+4	3.2071E+4	2.7316E+4	2.2124E+4	1.7487E+4	1.3454E+4	1.0192E+4
6.2491E+4	4.6201E+4	3.8502E+4	3.1239E+4	2.5013E+4	2.3919E+4	2.2742E+4	2.2052E+4	2.1755E+4	2.2172E+4	2.3271E+4	2.5385E+4	2.8395E+4	3.1600E+4	3.4902E+4	3.7011E+4	3.7420E+4	3.5589E+4	3.1948E+4	2.7230E+4	2.2081E+4	1.7460E+4	1.3440E+4	1.0183E+4
6.2716E+4	4.6217E+4	3.8932E+4	3.1570E+4	2.5542E+4	2.4091E+4	2.2977E+4	2.2150E+4	2.1935E+4	2.2355E+4	2.3573E+4	2.5696E+4	2.8696E+4	3.1804E+4	3.5163E+4	3.7244E+4	3.7615E+4	3.5723E+4	3.2034E+4	2.7286E+4	2.2117E+4	1.7477E+4	1.3449E+4	1.0190E+4
6.1924E+4	4.5839E+4	3.9273E+4	3.1621E+4	2.5557E+4	2.4171E+4	2.3201E+4	2.2354E+4	2.1975E+4	2.2376E+4	2.3660E+4	2.5680E+4	2.8704E+4	3.1868E+4	3.5151E+4	3.7223E+4	3.7609E+4	3.5727E+4	3.2029E+4	2.7292E+4	2.2118E+4	1.7480E+4	1.3451E+4	1.0190E+4
6.1619E+4	4.5954E+4	3.9360E+4	3.1130E+4	2.5590E+4	2.4286E+4	2.3108E+4	2.2204E+4	2.2082E+4	2.2476E+4	2.3657E+4	2.5707E+4	2.8696E+4	3.1797E+4	3.5109E+4	3.7196E+4	3.7546E+4	3.5675E+4	3.2002E+4	2.7262E+4	2.2102E+4	1.7472E+4	1.3446E+4	1.0187E+4
6.1600E+4	4.6102E+4	3.8955E+4	3.1503E+4	2.5555E+4	2.4293E+4	2.2941E+4	2.2227E+4	2.2096E+4	2.2436E+4	2.3674E+4	2.5713E+4	2.8765E+4	3.1855E+4	3.5129E+4	3.7142E+4	3.7520E+4	3.5647E+4	3.1983E+4	2.7257E+4	2.2096E+4	1.7469E+4	1.3444E+4	1.0185E+4
6.1940E+4	4.6071E+4	3.9333E+4	3.0961E+4	2.5497E+4	2.4272E+4	2.2896E+4	2.2213E+4	2.1927E+4	2.2266E+4	2.3470E+4	2.5513E+4	2.8544E+4	3.1624E+4	3.4942E+4	3.7008E+4	3.7385E+4	3.5542E+4	3.1924E+4	2.7218E+4	2.2070E+4	1.7453E+4	1.3433E+4	1.0179E+4
6.0737E+4	4.6048E+4	3.8561E+4	3.1570E+4	2.5564E+4	2.3974E+4	2.2951E+4	2.2115E+4	2.1951E+4	2.2446E+4	2.3660E+4	2.5649E+4	2.8638E+4	3.1752E+4	3.5070E+4	3.7093E+4	3.7481E+4	3.5599E+4	3.1955E+4	2.7238E+4	2.2083E+4	1.7462E+4	1.3439E+4	1.0181E+4
6.0863E+4	4.5919E+4	3.9266E+4	3.1322E+4	2.5823E+4	2.4147E+4	2.3044E+4	2.2413E+4	2.1931E+4	2.2341E+4	2.3558E+4	2.5568E+4	2.8628E+4	3.1787E+4	3.5018E+4	3.7072E+4	3.7450E+4	3.5618E+4	3.1963E+4	2.7245E+4	2.2091E+4	1.7463E+4	1.3441E+4	1.0183E+4
6.0641E+4	4.5895E+4	3.8441E+4	3.1009E+4	2.5663E+4	2.4156E+4	2.3002E+4	2.2167E+4	2.1946E+4	2.2437E+4	2.3602E+4	2.5673E+4	2.8639E+4	3.1744E+4	3.5046E+4	3.7118E+4	3.7511E+4	3.5634E+4	3.1986E+4	2.7260E+4	2.2099E+4	1.7470E+4	1.3444E+4	1.0185E+4
6.1449E+4	4.5554E+4	3.8347E+4	3.1067E+4	2.5511E+4	2.3985E+4	2.2901E+4	2.2301E+4	2.1927E+4	2.2099E+4	2.3457E+4	2.5519E+4	2.8482E+4	3.1608E+4	3.4907E+4	3.6970E+4	3.7377E+4	3.5546E+4	3.1931E+4	2.7230E+4	2.2075E+4	1.7457E+4	1.3437E+4	1.0181E+4
6.0144E+4	4.5939E+4	3.8234E+4	3.1371E+4	2.5721E+4	2.4091E+4	2.3099E+4	2.2117E+4	2.2004E+4	2.2426E+4	2.3484E+4	2.5534E+4	2.8447E+4	3.1522E+4	3.4827E+4	3.6902E+4	3.7315E+4	3.5512E+4	3.1896E+4	2.7205E+4	2.2063E+4	1.7449E+4	1.3436E+4	1.0180E+4
6.0582E+4	4.6089E+4	3.8617E+4	3.1132E+4	2.5055E+4	2.4059E+4	2.2884E+4	2.2215E+4	2.1802E+4	2.2159E+4	2.3338E+4	2.5307E+4	2.8159E+4	3.1236E+4	3.4471E+4	3.6578E+4	3.7017E+4	3.5286E+4	3.1743E+4	2.7107E+4	2.2009E+4	1.7418E+4	1.3413E+4	1.0166E+4
6.0761E+4	4.5016E+4	3.8319E+4	3.0896E+4	2.5294E+4	2.3933E+4	2.2537E+4	2.2028E+4	2.1680E+4	2.2087E+4	2.3167E+4	2.5108E+4	2.7938E+4	3.0997E+4	3.4272E+4	3.6408E+4	3.6860E+4	3.5168E+4	3.1681E+4	2.7065E+4	2.1988E+4	1.7408E+4	1.3409E+4	1.0166E+4
5.9836E+4	4.6066E+4	3.8034E+4	3.1075E+4	2.5142E+4	2.3962E+4	2.2627E+4	2.2157E+4	2.1824E+4	2.2010E+4	2.3213E+4	2.5227E+4	2.8052E+4	3.1097E+4	3.4355E+4	3.6474E+4	3.6925E+4	3.5231E+4	3.1709E+4	2.7097E+4	2.1999E+4	1.7416E+4	1.3413E+4	1.0166E+4
6.1609E+4	4.4459E+4	3.8558E+4	3.0885E+4	2.5323E+4	2.3812E+4	2.2752E+4	2.1750E+4	2.1645E+4	2.2056E+4	2.3121E+4	2.5056E+4	2.7946E+4	3.0981E+4	3.4228E+4	3.6347E+4	3.6860E+4	3.5163E+4	3.1665E+4	2.7060E+4	2.1987E+4	1.7405E+4	1.3405E+4	1.0162E+4
6.0631E+4	4.5731E+4	3.8230E+4	3.1079E+4	2.4985E+4	2.3954E+4	2.2685E+4	2.2083E+4	2.1664E+4	2.1963E+4	2.3200E+4	2.5196E+4	2.7982E+4	3.1062E+4	3.4368E+4	3.6470E+4	3.6923E+4	3.5205E+4	3.1702E+4	2.7079E+4	2.2004E+4	1.7411E+4	1.3411E+4	1.0165E+4
6.0587E+4	4.4946E+4	3.8474E+4	3.1026E+4	2.5268E+4	2.3989E+4	2.2695E+4	2.2112E+4	2.1685E+4	2.1929E+4	2.3128E+4	2.5133E+4	2.8008E+4	3.1049E+4	3.4341E+4	3.6441E+4	3.6907E+4	3.5216E+4	3.1706E+4	2.7081E+4	2.1999E+4	1.7411E+4	1.3411E+4	1.0166E+4
5.9628E+4	4.5408E+4	3.7875E+4	3.1008E+4	2.5180E+4	2.3978E+4	2.2809E+4	2.2283E+4	2.1830E+4	2.2179E+4	2.3219E+4	2.5195E+4	2.7993E+4	3.1067E+4	3.4346E+4	3.6424E+4	3.6897E+4	3.5193E+4	3.1692E+4	2.7076E+4	2.1992E+4	1.7407E+4	1.3410E+4	1.0163E+4
5.9095E+4	4.5714E+4	3.7800E+4	3.1461E+4	2.5713E+4	2.4113E+4	2.3005E+4	2.2174E+4	2.1951E+4	2.2155E+4	2.3295E+4	2.5245E+4	2.8138E+4	3.1148E+4	3.4389E+4	3.6523E+4	3.6955E+4	3.5249E+4	3.1717E+4	2.7092E+4	2.2003E+4	1.7415E+4	1.3411E+4	1.0167E+4
6.0294E+4	4.6181E+4	3.8383E+4	3.1137E+4	2.5511E+4	2.4128E+4	2.2844E+4	2.2089E+4	2.1945E+4	2.2335E+4	2.3342E+4	2.5315E+4	2.8205E+4	3.1221E+4	3.4455E+4	3.6517E+4	3.6988E+4	3.5228E+4	3.1716E+4	2.7081E+4	2.1996E+4	1.7410E+4	1.3411E+4	1.0165E+4
6.0346E+4	4.5781E+4	3.8060E+4	3.1143E+4	2.5211E+4	2.3986E+4	2.2998E+4	2.2158E+4	2.2000E+4	2.2150E+4	2.3271E+4	2.5351E+4	2.8237E+4	3.1280E+4	3.4487E+4	3.6580E+4	3.7001E+4	3.5263E+4	3.1730E+4	2.7100E+4	2.2009E+4	1.7418E+4	1.3413E+4	1.0168E+4
5.9638E+4	4.5219E+4	3.7957E+4	3.1072E+4	2.5587E+4	2.4095E+4	2.2694E+4	2.2133E+4	2.1872E+4	2.2194E+4	2.3204E+4	2.5221E+4	2.8102E+4	3.1054E+4	3.4310E+4	3.6431E+4	3.6865E+4	3.5175E+4	3.1673E+4	2.7070E+4	2.1988E+4	1.7405E+4	1.3406E+4	1.0163E+4
6.0218E+4	4.4954E+4	3.8048E+4	3.1085E+4	2.5061E+4	2.4027E+4	2.2815E+4	2.1906E+4	2.1849E+4	2.2027E+4	2.3189E+4	2.5140E+4	2.8015E+4	3.1002E+4	3.4211E+4	3.6320E+4	3.6796E+4	3.5112E+4	3.1639E+4	2.7043E+4	2.1975E+4	1.7399E+4	1.3403E+4	1.0161E+4
5.9699E+4	4.4777E+4	3.8318E+4	3.1180E+4	2.5251E+4	2.4175E+4	2.2825E+4	2.1961E+4	2.1778E+4	2.2141E+4	2.3217E+4	2.5118E+4	2.7952E+4	3.0949E+4	3.4148E+4	3.6271E+4	3.6722E+4	3.5083E+4	3.1600E+4	2.7020E+4	2.1962E+4	1.7391E+4	1.3401E+4	1.0158E+4
5.8905E+4	4.4698E+4	3.7698E+4	3.0880E+4	2.5526E+4	2.4155E+4	2.2898E+4	2.2334E+4	2.1883E+4	2.2084E+4	2.3201E+4	2.5066E+4	2.7925E+4	3.0913E+4	3.4132E+4	3.6220E+4	3.6725E+4	3.5065E+4	3.1597E+4	2.7013E+4	2.1959E+4	1.7390E+4	1.3398E+4	1.0157E+4
5.9990E+4	4.4797E+4	3.7709E+4	3.0814E+4	2.5559E+4	2.4057E+4	2.2824E+4	2.1972E+4	2.1876E+4	2.2048E+4	2.3070E+4	2.5021E+4	2.7784E+4	3.0750E+4	3.3930E+4	3.6035E+4	3.6530E+4	3.4900E+4	3.1482E+4	2.6946E+4	2.1918E+4	1.7368E+4	1.3384E+4	1.0149E+4
5.8848E+4	4.4684E+4	3.8050E+4	3.0644E+4	2.5482E+4	2.3881E+4	2.2639E+4	2.2178E+4	2.1706E+4	2.2036E+4	2.3192E+4	2.5067E+4	2.7930E+4	3.0877E+4	3.4097E+4	3.6194E+4	3.6687E+4	3.5034E+4	3.1572E+4	2.7000E+4	2.1950E+4	1.7385E+4	1.3397E+4	1.0155E+4
5.8508E+4	4.5740E+4	3.7631E+4	3.0578E+4	2.4940E+4	2.3843E+4	2.2727E+4	2.2015E+4	2.1780E+4	2.1916E+4	2.3087E+4	2.4965E+4	2.7838E+4	3.0803E+4	3.4030E+4	3.6153E+4	3.6683E+4	3.5032E+4	3.1577E+4	2.7008E+4	2.1952E+4	1.7386E+4	1.3398E+4	1.0157E+4
5.9196E+4	4.4475E+4	3.7227E+4	3.0700E+4	2.5131E+4	2.3707E+4	2.2375E+4	2.1668E+4	2.1516E+4	2.1836E+4	2.2805E+4	2.4732E+4	2.7551E+4	3.0538E+4	3.3750E+4	3.5905E+4	3.6416E+4	3.4844E+4	3.1457E+4	2.6931E+4	2.1910E+4	1.7363E+4	1.3380E+4	1.0147E+4
5.8783E+4	4.4474E+4	3.7369E+4	3.0266E+4	2.5189E+4	2.3608E+4	2.2506E+4	2.1612E+4	2.1334E+4	2.1640E+4	2.2711E+4	2.4592E+4	2.7404E+4	3.0348E+4	3.3602E+4	3.5747E+4	3.6299E+4	3.4756E+4	3.1382E+4	2.6886E+4	2.1883E+4	1.7349E+4	1.3371E+4	1.0142E+4
5.9609E+4	4.4293E+4	3.8073E+4	3.0291E+4	2.4780E+4	2.3647E+4	2.2397E+4	2.1394E+4	2.1346E+4	2.1546E+4	2.2663E+4	2.4542E+4	2.7386E+4	3.0380E+4	3.3604E+4	3.5739E+4	3.6309E+4	3.4765E+4	3.1398E+4	2.6895E+4	2.1887E+4	1.7350E+4	1.3375E+4	1.0143E+4
5.8551E+4	4.3339E+4	3.7300E+4	3.0437E+4	2.5661E+4	2.3493E+4	2.2330E+4	2.1547E+4	2.1276E+4	2.1549E+4	2.2644E+4	2.4509E+4	2.7319E+4	3.0337E+4	3.3578E+4	3.5746E+4	3.6308E+4	3.4773E+4	3.1401E+4	2.6898E+4	2.1889E+4	1.7351E+4	1.3374E+4	1.0142E+4
5.8528E+4	4.4304E+4	3.7967E+4	3.0415E+4	2.4977E+4	2.3722E+4	2.2423E+4	2.1615E+4	2.1319E+4	2.1714E+4	2.2655E+4	2.4646E+4	2.7440E+4	3.0425E+4	3.3675E+4	3.5831E+4	3.6370E+4	3.4817E+4	3.1434E+4	2.6911E+4	2.1902E+4	1.7356E+4	1.3378E+4	1.0145E+4
5.8692E+4	4.4289E+4	3.7315E+4	3.0369E+4	2.4521E+4	2.3530E+4	2.2391E+4	2.1442E+4	2.1275E+4	2.1643E+4	2.2632E+4	2.4534E+4	2.7355E+4	3.0374E+4	3.3630E+4	3.5774E+4	3.6340E+4	3.4793E+4	3.1425E+4	2.6906E+4	2.1896E+4	1.7352E+4	1.3376E+4	1.0143E+4
5.7008E+4	4.4247E+4	3.7250E+4	3.0295E+4	2.4740E+4	2.3731E+4	2.2431E+4	2.1521E+4	2.1226E+4	2.1475E+4	2.2553E+4	2.4522E+4	2.7335E+4	3.0343E+4	3.3598E+4	3.5763E+4	3.6319E+4	3.4783E+4	3.1415E+4	2.6902E+4	2.1894E+4	1.7354E+4	1.3376E+4	1.0143E+4
5.7762E+4	4.3929E+4	3.7045E+4	3.0008E+4	2.5072E+4	2.3380E+4	2.2113E+4	2.1225E+4	2.1213E+4	2.1531E+4	2.2434E+4	2.4351E+4	2.7182E+4	3.0177E+4	3.3400E+4	3.5589E+4	3.6181E+4	3.4666E+4	3.1340E+4	2.6856E+4	2.1866E+4	1.7337E+4	1.3367E+4	1.0138E+4
5.6128E+4	4.4194E+4	3.7296E+4	2.9921E+4	2.4670E+4	2.3370E+4	2.2163E+4	2.1314E+4	2.1072E+4	2.1283E+4	2.2358E+4	2.4185E+4	2.7020E+4	2.9929E+4	3.3179E+4	3.5341E+4	3.5984E+4	3.4523E+4	3.1234E+4	2.6795E+4	2.1832E+4	1.7317E+4	1.3354E+4	1.0131E+4
5.5757E+4	4.4562E+4	3.7103E+4	3.0223E+4	2.4588E+4	2.3255E+4	2.2191E+4	2.1303E+4	2.0996E+4	2.1279E+4	2.2374E+4	2.4186E+4	2.6990E+4	2.9909E+4	3.3184E+4	3.5377E+4	3.5973E+4	3.4526E+4	3.1235E+4	2.6792E+4	2.1825E+4	1.7314E+4	1.3353E+4	1.0129E+4
5.8195E+4	4.4006E+4	3.6582E+4	2.9720E+4	2.4081E+4	2.3219E+4	2.1959E+4	2.1133E+4	2.0887E+4	2.1265E+4	2.2215E+4	2.4080E+4	2.6847E+4	2.9794E+4	3.3012E+4	3.5186E+4	3.5823E+4	3.4399E+4	3.1150E+4	2.6734E+4	2.1795E+4	1.7294E+4	1.3339E+4	1.0123E+4
5.8040E+4	4.3610E+4	3.6694E+4	2.9990E+4	2.4411E+4	2.3149E+4	2.1879E+4	2.1191E+4	2.0922E+4	2.1163E+4	2.2182E+4	2.4015E+4	2.6774E+4	2.9735E+4	3.2931E+4	3.5118E+4	3.5762E+4	3.4365E+4	3.1122E+4	2.6713E+4	2.1785E+4	1.7289E+4	1.3339E+4	1.0121E+4
5.3826E+4	4.4017E+4	3.7510E+4	3.0106E+4	2.4356E+4	2.3262E+4	2.2155E+4	2.0946E+4	2.0728E+4	2.1095E+4	2.2202E+4	2.3974E+4	2.6710E+4	2.9638E+4	3.2836E+4	3.5040E+4	3.5689E+4	3.4306E+4	3.1075E+4	2.6693E+4	2.1771E+4	1.7281E+4	1.3333E+4	1.0118E+4
5.8085E+4	4.3707E+4	3.7198E+4	2.9879E+4	2.4962E+4	2.3053E+4	2.2115E+4	2.1260E+4	2.0921E+4	2.1285E+4	2.2200E+4	2.4003E+4	2.6784E+4	2.9716E+4	3.2921E+4	3.5124E+4	3.5761E+4	3.4356E+4	3.1121E+4	2.6721E+4	2.1788E+4	1.7290E+4	1.3339E+4	1.0122E+4
5.7338E+4	4.4112E+4	3.7287E+4	3.0137E+4	2.4122E+4	2.3247E+4	2.1967E+4	2.1244E+4	2.0998E+4	2.1098E+4	2.2190E+4	2.4026E+4	2.6761E+4	2.9634E+4	3.2866E+4	3.5048E+4	3.5716E+4	3.4324E+4	3.1104E+4	2.6707E+4	2.1784E+4	1.7288E+4	1.3337E+4	1.0120E+4
5.9110E+4	4.3896E+4	3.7199E+4	3.0055E+4	2.4354E+4	2.3299E+4	2.2089E+4	2.1453E+4	2.1034E+4	2.1100E+4	2.2121E+4	2.3834E+4	2.6577E+4	2.9472E+4	3.2664E+4	3.4852E+4	3.5543E+4	3.4197E+4	3.1008E+4	2.6654E+4	2.1751E+4	1.7267E+4	1.3326E+4	1.0114E+4
5.6780E+4	4.4658E+4	3.7215E+4	2.9901E+4	2.4620E+4	2.3074E+4	2.2253E+4	2.1189E+4	2.0843E+4	2.1050E+4	2.2129E+4	2.3873E+4	2.6549E+4	2.9436E+4	3.2640E+4	3.4866E+4	3.5545E+4	3.4195E+4	3.1003E+4	2.6648E+4	2.1748E+4	1.7266E+4	1.3327E+4	1.0112E+4
5.8203E+4	4.3340E+4	3.7841E+4	3.0493E+4	2.4577E+4	2.3367E+4	2.2242E+4	2.1235E+4	2.0985E+4	2.1251E+4	2.2243E+4	2.3957E+4	2.6694E+4	2.9522E+4	3.2746E+4	3.4953E+4	3.5588E+4	3.4236E+4	3.1039E+4	2.6668E+4	2.1756E+4	1.7273E+4	1.3330E+4	1.0116E+4
5.6241E+4	4.3086E+4	3.7022E+4	3.0009E+4	2.4332E+4	2.3130E+4	2.1772E+4	2.1200E+4	2.0806E+4	2.0913E+4	2.1879E+4	2.3606E+4	2.6328E+4	2.9190E+4	3.2377E+4	3.4580E+4	3.5295E+4	3.4005E+4	3.0871E+4	2.6567E+4	2.1697E+4	1.7238E+4	1.3309E+4	1.0103E+4
5.7904E+4	4.3218E+4	3.7121E+4	3.0056E+4	2.4755E+4	2.2972E+4	2.1967E+4	2.1074E+4	2.0885E+4	2.0991E+4	2.1955E+4	2.3717E+4	2.6395E+4	2.9284E+4	3.2456E+4	3.4659E+4	3.5369E+4	3.4063E+4	3.0921E+4	2.6591E+4	2.1714E+4	1.7247E+4	1.3313E+4	1.0107E+4
5.7681E+4	4.3374E+4	3.6924E+4	3.0264E+4	2.4807E+4	2.3205E+4	2.2001E+4	2.1124E+4	2.0786E+4	2.0910E+4	2.1842E+4	2.3575E+4	2.6302E+4	2.9220E+4	3.2428E+4	3.4648E+4	3.5355E+4	3.4063E+4	3.0917E+4	2.6598E+4	2.1717E+4	1.7253E+4	1.3315E+4	1.0108E+4
5.7105E+4	4.3263E+4	3.6523E+4	2.9660E+4	2.4587E+4	2.2928E+4	2.1930E+4	2.1101E+4	2.0573E+4	2.0839E+4	2.1758E+4	2.3528E+4	2.6256E+4	2.9073E+4	3.2325E+4	3.4538E+4	3.5284E+4	3.4018E+4	3.0883E+4	2.6577E+4	2.1707E+4	1.7243E+4	1.3313E+4	1.0105E+4
5.7189E+4	4.3312E+4	3.6360E+4	3.0264E+4	2.4534E+4	2.3004E+4	2.1812E+4	2.0932E+4	2.0555E+4	2.0693E+4	2.1773E+4	2.3485E+4	2.6144E+4	2.9019E+4	3.2246E+4	3.4498E+4	3.5242E+4	3.3976E+4	3.0875E+4	2.6568E+4	2.1706E+4	1.7241E+4	1.3312E+4	1.0105E+4
5.5773E+4	4.3327E+4	3.6406E+4	2.9971E+4	2.3880E+4	2.2901E+4	2.1636E+4	2.0889E+4	2.0606E+4	2.0546E+4	2.1718E+4	2.3486E+4	2.6172E+4	2.9047E+4	3.2330E+4	3.4592E+4	3.5324E+4	3.4039E+4	3.0913E+4	2.6601E+4	2.1716E+4	1.7251E+4	1.3318E+4	1.0107E+4
5.6984E+4	4.2744E+4	3.6594E+4	2.9415E+4	2.4075E+4	2.2738E+4	2.1764E+4	2.0658E+4	2.0480E+4	2.0676E+4	2.1530E+4	2.3338E+4	2.6024E+4	2.8956E+4	3.2238E+4	3.4466E+4	3.5241E+4	3.3965E+4	3.0869E+4	2.6567E+4	2.1702E+4	1.7240E+4	1.3310E+4	1.0105E+4
5.6581E+4	4.3305E+4	3.6070E+4	2.9734E+4	2.3945E+4	2.2562E+4	2.1534E+4	2.0754E+4	2.0501E+4	2.0624E+4	2.1546E+4	2.3343E+4	2.6053E+4	2.9003E+4	3.2238E+4	3.4529E+4	3.5281E+4	3.4001E+4	3.0893E+4	2.6590E+4	2.1712E+4	1.7247E+4	1.3315E+4	1.0106E+4
5.4534E+4	4.3336E+4	3.6683E+4	2.9756E+4	2.3927E+4	2.2625E+4	2.1485E+4	2.0672E+4	2.0362E+4	2.0561E+4	2.1432E+4	2.3143E+4	2.5808E+4	2.8682E+4	3.1956E+4	3.4210E+4	3.5019E+4	3.3814E+4	3.0748E+4	2.6500E+4	2.1665E+4	1.7213E+4	1.3298E+4	1.0096E+4
5.5748E+4	4.3054E+4	3.6524E+4	2.9355E+4	2.4022E+4	2.2605E+4	2.1387E+4	2.0424E+4	2.0331E+4	2.0444E+4	2.1294E+4	2.3130E+4	2.5864E+4	2.8738E+4	3.1973E+4	3.4228E+4	3.5018E+4	3.3823E+4	3.0767E+4	2.6510E+4	2.1665E+4	1.7218E+4	1.3298E+4	1.0096E+4
5.6655E+4	4.2737E+4	3.6213E+4	2.9430E+4	2.3910E+4	2.2588E+4	2.1433E+4	2.0451E+4	2.0211E+4	2.0348E+4	2.1431E+4	2.3277E+4	2.5933E+4	2.8888E+4	3.2104E+4	3.4372E+4	3.5180E+4	3.3938E+4	3.0849E+4	2.6557E+4	2.1697E+4	1.7237E+4	1.3309E+4	1.0103E+4
5.6436E+4	4.2717E+4	3.6464E+4	2.9292E+4	2.3791E+4	2.2549E+4	2.1403E+4	2.0511E+4	2.0258E+4	2.0516E+4	2.1406E+4	2.3277E+4	2.5934E+4	2.8894E+4	3.2144E+4	3.4462E+4	3.5216E+4	3.3989E+4	3.0869E+4	2.6578E+4	2.1706E+4	1.7245E+4	1.3313E+4	1.0106E+4
5.6026E+4	4.1921E+4	3.5604E+4	2.8883E+4	2.3582E+4	2.2614E+4	2.1268E+4	2.0445E+4	2.0197E+4	2.0603E+4	2.1384E+4	2.3226E+4	2.5987E+4	2.8934E+4	3.2198E+4	3.4477E+4	3.5247E+4	3.3998E+4	3.0884E+4	2.6581E+4	2.1708E+4	1.7244E+4	1.3313E+4	1.0106E+4
5.5656E+4	4.3157E+4	3.5897E+4	2.9257E+4	2.3700E+4	2.2511E+4	2.1296E+4	2.0531E+4	2.0298E+4	2.0442E+4	2.1602E+4	2.3279E+4	2.6047E+4	2.9007E+4	3.2259E+4	3.4562E+4	3.5322E+4	3.4065E+4	3.0935E+4	2.6611E+4	2.1728E+4	1.7258E+4	1.3321E+4	1.0109E+4
5.5166E+4	4.2300E+4	3.5480E+4	2.9287E+4	2.3641E+4	2.2413E+4	2.1235E+4	2.0419E+4	2.0226E+4	2.0330E+4	2.1304E+4	2.3263E+4	2.6020E+4	2.8947E+4	3.2203E+4	3.4491E+4	3.5264E+4	3.4005E+4	3.0881E+4	2.6575E+4	2.1708E+4	1.7245E+4	1.3312E+4	1.0107E+4
5.5790E+4	4.2574E+4	3.5729E+4	2.9266E+4	2.3845E+4	2.2614E+4	2.1182E+4	2.0577E+4	2.0224E+4	2.0496E+4	2.1434E+4	2.3249E+4	2.6007E+4	2.8982E+4	3.2248E+4	3.4500E+4	3.5250E+4	3.4004E+4	3.0885E+4	2.6576E+4	2.1709E+4	1.7243E+4	1.3313E+4	1.0105E+4
5.5647E+4	4.2605E+4	3.5606E+4	2.9152E+4	2.3771E+4	2.2204E+4	2.1165E+4	2.0397E+4	2.0243E+4	2.0333E+4	2.1400E+4	2.3120E+4	2.5949E+4	2.8842E+4	3.2123E+4	3.4401E+4	3.5174E+4	3.3932E+4	3.0833E+4	2.6545E+4	2.1686E+4	1.7232E+4	1.3304E+4	1.0100E+4
5.6888E+4	4.2589E+4	3.6045E+4	2.9208E+4	2.3675E+4	2.2441E+4	2.1286E+4	2.0732E+4	2.0375E+4	2.0488E+4	2.1554E+4	2.3389E+4	2.6183E+4	2.9109E+4	3.2399E+4	3.4650E+4	3.5404E+4	3.4082E+4	3.0937E+4	2.6609E+4	2.1723E+4	1.7254E+4	1.3318E+4	1.0109E+4
5.5719E+4	4.3050E+4	3.6187E+4	2.8972E+4	2.3682E+4	2.2624E+4	2.1281E+4	2.0424E+4	2.0209E+4	2.0369E+4	2.1545E+4	2.3350E+4	2.6114E+4	2.9069E+4	3.2299E+4	3.4575E+4	3.5322E+4	3.4049E+4	3.0914E+4	2.6588E+4	2.1715E+4	1.7245E+4	1.3314E+4	1.0106E+4
5.5941E+4	4.2167E+4	3.5367E+4	2.8923E+4	2.3340E+4	2.2331E+4	2.1281E+4	2.0511E+4	2.0133E+4	2.0493E+4	2.1400E+4	2.3266E+4	2.5935E+4	2.8948E+4	3.2206E+4	3.4475E+4	3.5238E+4	3.3975E+4	3.0868E+4	2.6564E+4	2.1702E+4	1.7243E+4	1.3309E+4	1.0104E+4
5.5450E+4	4.2519E+4	3.5560E+4	2.8725E+4	2.3422E+4	2.2366E+4	2.1206E+4	2.0371E+4	2.0078E+4	2.0369E+4	2.1388E+4	2.3190E+4	2.5960E+4	2.8908E+4	3.2173E+4	3.4453E+4	3.5219E+4	3.3967E+4	3.0866E+4	2.6559E+4	2.1704E+4	1.7239E+4	1.3308E+4	1.0103E+4
5.5229E+4	4.2403E+4	3.5916E+4	2.9071E+4	2.3702E+4	2.2288E+4	2.1088E+4	2.0478E+4	2.0083E+4	2.0329E+4	2.1294E+4	2.3163E+4	2.5892E+4	2.8902E+4	3.2112E+4	3.4421E+4	3.5215E+4	3.3974E+4	3.0859E+4	2.6569E+4	2.1702E+4	1.7240E+4	1.3310E+4	1.0105E+4
5.5985E+4	4.2424E+4	3.5727E+4	2.9011E+4	2.4043E+4	2.2198E+4	2.1280E+4	2.0480E+4	2.0174E+4	2.0475E+4	2.1440E+4	2.3263E+4	2.6008E+4	2.8982E+4	3.2299E+4	3.4556E+4	3.5336E+4	3.4039E+4	3.0927E+4	2.6602E+4	2.1720E+4	1.7249E+4	1.3316E+4	1.0106E+4
5.5345E+4	4.2087E+4	3.5899E+4	2.8882E+4	2.3788E+4	2.2430E+4	2.1026E+4	2.0312E+4	2.0008E+4	2.0332E+4	2.1396E+4	2.3174E+4	2.5912E+4	2.8912E+4	3.2171E+4	3.4461E+4	3.5254E+4	3.3992E+4	3.0878E+4	2.6576E+4	2.1701E+4	1.7238E+4	1.3308E+4	1.0104E+4
5.5826E+4	4.2458E+4	3.5540E+4	2.9198E+4	2.3439E+4	2.2447E+4	2.1282E+4	2.0480E+4	2.0232E+4	2.0415E+4	2.1448E+4	2.3280E+4	2.5981E+4	2.8947E+4	3.2258E+4	3.4513E+4	3.5259E+4	3.4020E+4	3.0892E+4	2.6584E+4	2.1705E+4	1.7240E+4	1.3309E+4	1.0102E+4
5.6630E+4	4.1952E+4	3.5805E+4	2.9157E+4	2.3970E+4	2.2138E+4	2.1328E+4	2.0279E+4	2.0179E+4	2.0255E+4	2.1445E+4	2.3178E+4	2.5895E+4	2.8889E+4	3.2126E+4	3.4421E+4	3.5179E+4	3.3938E+4	3.0843E+4	2.6547E+4	2.1686E+4	1.7229E+4	1.3304E+4	1.0099E+4
5.6544E+4	4.2070E+4	3.5805E+4	2.9108E+4	2.3850E+4	2.2163E+4	2.1010E+4	2.0356E+4	2.0081E+4	2.0233E+4	2.1192E+4	2.3096E+4	2.5789E+4	2.8677E+4	3.1929E+4	3.4164E+4	3.5000E+4	3.3797E+4	3.0740E+4	2.6482E+4	2.1651E+4	1.7210E+4	1.3292E+4	1.0093E+4
5.4965E+4	4.2412E+4	3.5969E+4	2.9089E+4	2.3521E+4	2.2372E+4	2.1240E+4	2.0394E+4	1.9990E+4	2.0278E+4	2.1315E+4	2.3057E+4	2.5789E+4	2.8652E+4	3.1863E+4	3.4119E+4	3.4939E+4	3.3740E+4	3.0693E+4	2.6454E+4	2.1630E+4	1.7196E+4	1.3285E+4	1.0088E+4
5.5712E+4	4.2766E+4	3.6030E+4	2.8656E+4	2.3774E+4	2.2171E+4	2.1149E+4	2.0250E+4	1.9997E+4	2.0312E+4	2.1244E+4	2.2975E+4	2.5667E+4	2.8476E+4	3.1687E+4	3.3942E+4	3.4741E+4	3.3595E+4	3.0589E+4	2.6384E+4	2.1593E+4	1.7174E+4	1.3272E+4	1.0079E+4
