3.1958E+6	2.6911E+6	2.3242E+6	1.7269E+6	1.0964E+6	9.1383E+5	7.3693E+5	5.7537E+5	4.4655E+5	3.4113E+5	2.4330E+5	1.7255E+5	1.2010E+5	8.6615E+4	6.0900E+4	4.4559E+4	3.4107E+4	2.5451E+4	2.0121E+4	1.6490E+4	1.3956E+4	1.2321E+4	1.1223E+4	1.0516E+4
3.0399E+6	2.5138E+6	2.1357E+6	1.6347E+6	1.0588E+6	9.0765E+5	7.3145E+5	5.7813E+5	4.5429E+5	3.4670E+5	2.4819E+5	1.7608E+5	1.2226E+5	8.7810E+4	6.1392E+4	4.4660E+4	3.3992E+4	2.5232E+4	1.9877E+4	1.6240E+4	1.3713E+4	1.2097E+4	1.1017E+4	1.0319E+4
2.9170E+6	2.4657E+6	2.1003E+6	1.6180E+6	1.0687E+6	9.0825E+5	7.3659E+5	5.8446E+5	4.5739E+5	3.4998E+5	2.5104E+5	1.7669E+5	1.2172E+5	8.7115E+4	6.0517E+4	4.3843E+4	3.3260E+4	2.4659E+4	1.9411E+4	1.5875E+4	1.3427E+4	1.1862E+4	1.0813E+4	1.0140E+4
2.5797E+6	2.2489E+6	1.9502E+6	1.5517E+6	1.0784E+6	9.1126E+5	7.4398E+5	5.9125E+5	4.6958E+5	3.5771E+5	2.5623E+5	1.8079E+5	1.2416E+5	8.8289E+4	6.1094E+4	4.4092E+4	3.3355E+4	2.4620E+4	1.9315E+4	1.5748E+4	1.3290E+4	1.1723E+4	1.0676E+4	1.0007E+4
2.3139E+6	2.0479E+6	1.8152E+6	1.4783E+6	1.0490E+6	9.0282E+5	7.4850E+5	6.0514E+5	4.7650E+5	3.6672E+5	2.6288E+5	1.8586E+5	1.2691E+5	9.0215E+4	6.2244E+4	4.4677E+4	3.3621E+4	2.4699E+4	1.9317E+4	1.5697E+4	1.3209E+4	1.1631E+4	1.0577E+4	9.9071E+3
2.0311E+6	1.8175E+6	1.6488E+6	1.3868E+6	1.0296E+6	8.9523E+5	7.5286E+5	6.1018E+5	4.8916E+5	3.7707E+5	2.7179E+5	1.9202E+5	1.3091E+5	9.2826E+4	6.3652E+4	4.5474E+4	3.4071E+4	2.4887E+4	1.9353E+4	1.5680E+4	1.3157E+4	1.1560E+4	1.0502E+4	9.8252E+3
1.8484E+6	1.6831E+6	1.5335E+6	1.3154E+6	1.0017E+6	8.8633E+5	7.5027E+5	6.1110E+5	4.9826E+5	3.8542E+5	2.7851E+5	1.9727E+5	1.3428E+5	9.4907E+4	6.4557E+4	4.5852E+4	3.4216E+4	2.4859E+4	1.9287E+4	1.5578E+4	1.3049E+4	1.1455E+4	1.0403E+4	9.7337E+3
1.7605E+6	1.6135E+6	1.4877E+6	1.2756E+6	9.8548E+5	8.7379E+5	7.4603E+5	6.1595E+5	5.0010E+5	3.8915E+5	2.8195E+5	1.9951E+5	1.3567E+5	9.5348E+4	6.4777E+4	4.5835E+4	3.4147E+4	2.4737E+4	1.9141E+4	1.5437E+4	1.2936E+4	1.1352E+4	1.0312E+4	9.6495E+3
1.6986E+6	1.5580E+6	1.4338E+6	1.2385E+6	9.5427E+5	8.5438E+5	7.3501E+5	6.0737E+5	4.9665E+5	3.9080E+5	2.8375E+5	2.0119E+5	1.3684E+5	9.6358E+4	6.5334E+4	4.6130E+4	3.4207E+4	2.4747E+4	1.9108E+4	1.5388E+4	1.2865E+4	1.1285E+4	1.0241E+4	9.5846E+3
1.6306E+6	1.4829E+6	1.3718E+6	1.1994E+6	9.3046E+5	8.4151E+5	7.2768E+5	6.0729E+5	4.9984E+5	3.9208E+5	2.8649E+5	2.0423E+5	1.3889E+5	9.7469E+4	6.5886E+4	4.6415E+4	3.4375E+4	2.4768E+4	1.9070E+4	1.5328E+4	1.2806E+4	1.1223E+4	1.0183E+4	9.5254E+3
1.4572E+6	1.3423E+6	1.2459E+6	1.1054E+6	8.8359E+5	8.0885E+5	7.0706E+5	6.0104E+5	4.9888E+5	3.9754E+5	2.9428E+5	2.1076E+5	1.4405E+5	1.0110E+5	6.8093E+4	4.7718E+4	3.5150E+4	2.5165E+4	1.9275E+4	1.5418E+4	1.2824E+4	1.1211E+4	1.0150E+4	9.4845E+3
1.3290E+6	1.2282E+6	1.1538E+6	1.0313E+6	8.4703E+5	7.6967E+5	6.8208E+5	5.8379E+5	4.9090E+5	3.9659E+5	2.9622E+5	2.1476E+5	1.4815E+5	1.0430E+5	7.0318E+4	4.9153E+4	3.6093E+4	2.5675E+4	1.9544E+4	1.5557E+4	1.2882E+4	1.1216E+4	1.0133E+4	9.4549E+3
1.2656E+6	1.1773E+6	1.1064E+6	9.9464E+5	8.1600E+5	7.5433E+5	6.6943E+5	5.8085E+5	4.8831E+5	3.9649E+5	2.9836E+5	2.1719E+5	1.4988E+5	1.0564E+5	7.1163E+4	4.9640E+4	3.6339E+4	2.5774E+4	1.9585E+4	1.5548E+4	1.2852E+4	1.1183E+4	1.0092E+4	9.4115E+3
1.2105E+6	1.1208E+6	1.0558E+6	9.5046E+5	7.9246E+5	7.2619E+5	6.4962E+5	5.6410E+5	4.8167E+5	3.9329E+5	2.9920E+5	2.1873E+5	1.5187E+5	1.0726E+5	7.2328E+4	5.0466E+4	3.6816E+4	2.6074E+4	1.9726E+4	1.5617E+4	1.2873E+4	1.1174E+4	1.0071E+4	9.3824E+3
1.1899E+6	1.1091E+6	1.0400E+6	9.3955E+5	7.8398E+5	7.2814E+5	6.4977E+5	5.6673E+5	4.8239E+5	3.9383E+5	2.9993E+5	2.1980E+5	1.5215E+5	1.0731E+5	7.2166E+4	5.0267E+4	3.6667E+4	2.5908E+4	1.9599E+4	1.5520E+4	1.2796E+4	1.1108E+4	1.0015E+4	9.3321E+3
1.1868E+6	1.1135E+6	1.0488E+6	9.4040E+5	7.9013E+5	7.2465E+5	6.4947E+5	5.6412E+5	4.7866E+5	3.9108E+5	2.9767E+5	2.1835E+5	1.5154E+5	1.0665E+5	7.1930E+4	4.9954E+4	3.6500E+4	2.5760E+4	1.9488E+4	1.5430E+4	1.2725E+4	1.1053E+4	9.9672E+3	9.2868E+3
1.1675E+6	1.0894E+6	1.0183E+6	9.1665E+5	7.6743E+5	7.1159E+5	6.3626E+5	5.5398E+5	4.7537E+5	3.9066E+5	2.9694E+5	2.1839E+5	1.5202E+5	1.0747E+5	7.2369E+4	5.0337E+4	3.6665E+4	2.5894E+4	1.9552E+4	1.5448E+4	1.2722E+4	1.1029E+4	9.9390E+3	9.2576E+3
1.1570E+6	1.0665E+6	1.0010E+6	9.0274E+5	7.5271E+5	6.9426E+5	6.2484E+5	5.4517E+5	4.6694E+5	3.8381E+5	2.9535E+5	2.1735E+5	1.5214E+5	1.0787E+5	7.2791E+4	5.0727E+4	3.6912E+4	2.6021E+4	1.9627E+4	1.5487E+4	1.2727E+4	1.1015E+4	9.9173E+3	9.2305E+3
1.1641E+6	1.0790E+6	1.0169E+6	9.0518E+5	7.5737E+5	6.9618E+5	6.2438E+5	5.4567E+5	4.6708E+5	3.8414E+5	2.9359E+5	2.1618E+5	1.5078E+5	1.0694E+5	7.2095E+4	5.0133E+4	3.6600E+4	2.5806E+4	1.9473E+4	1.5374E+4	1.2647E+4	1.0957E+4	9.8711E+3	9.1891E+3
1.1623E+6	1.0684E+6	9.9957E+5	8.8887E+5	7.4586E+5	6.8537E+5	6.1438E+5	5.3663E+5	4.6153E+5	3.8045E+5	2.9207E+5	2.1636E+5	1.5124E+5	1.0734E+5	7.2433E+4	5.0412E+4	3.6737E+4	2.5880E+4	1.9491E+4	1.5374E+4	1.2633E+4	1.0934E+4	9.8441E+3	9.1610E+3
1.1520E+6	1.0543E+6	9.7963E+5	8.7059E+5	7.2114E+5	6.7158E+5	6.0221E+5	5.2891E+5	4.5506E+5	3.7623E+5	2.9091E+5	2.1617E+5	1.5181E+5	1.0791E+5	7.2935E+4	5.0747E+4	3.6925E+4	2.5995E+4	1.9543E+4	1.5377E+4	1.2622E+4	1.0914E+4	9.8145E+3	9.1307E+3
1.1354E+6	1.0346E+6	9.6498E+5	8.5579E+5	7.1418E+5	6.6298E+5	5.9594E+5	5.2380E+5	4.5119E+5	3.7674E+5	2.8989E+5	2.1625E+5	1.5210E+5	1.0825E+5	7.3211E+4	5.0945E+4	3.6993E+4	2.6007E+4	1.9541E+4	1.5373E+4	1.2592E+4	1.0887E+4	9.7854E+3	9.1015E+3
1.1150E+6	1.0117E+6	9.3832E+5	8.3513E+5	6.9619E+5	6.4564E+5	5.8239E+5	5.1184E+5	4.4456E+5	3.6926E+5	2.8713E+5	2.1605E+5	1.5268E+5	1.0905E+5	7.3977E+4	5.1367E+4	3.7342E+4	2.6210E+4	1.9658E+4	1.5422E+4	1.2609E+4	1.0884E+4	9.7706E+3	9.0805E+3
1.0850E+6	9.7980E+5	9.1528E+5	8.1079E+5	6.8009E+5	6.2950E+5	5.6911E+5	5.0406E+5	4.3768E+5	3.6670E+5	2.8783E+5	2.1612E+5	1.5357E+5	1.0976E+5	7.4492E+4	5.1884E+4	3.7707E+4	2.6418E+4	1.9752E+4	1.5473E+4	1.2627E+4	1.0878E+4	9.7596E+3	9.0623E+3
1.0750E+6	9.7345E+5	8.9569E+5	7.9774E+5	6.7007E+5	6.2081E+5	5.6031E+5	4.9773E+5	4.3260E+5	3.6398E+5	2.8543E+5	2.1528E+5	1.5345E+5	1.1009E+5	7.4812E+4	5.2099E+4	3.7874E+4	2.6523E+4	1.9813E+4	1.5496E+4	1.2637E+4	1.0875E+4	9.7428E+3	9.0408E+3
1.0451E+6	9.4478E+5	8.7359E+5	7.7850E+5	6.5353E+5	6.0681E+5	5.5001E+5	4.8805E+5	4.2581E+5	3.6027E+5	2.8328E+5	2.1536E+5	1.5398E+5	1.1077E+5	7.5492E+4	5.2615E+4	3.8264E+4	2.6691E+4	1.9934E+4	1.5545E+4	1.2647E+4	1.0870E+4	9.7270E+3	9.0200E+3
1.0434E+6	9.4243E+5	8.7139E+5	7.7392E+5	6.4668E+5	6.0334E+5	5.4701E+5	4.8428E+5	4.2431E+5	3.5643E+5	2.8263E+5	2.1412E+5	1.5352E+5	1.1054E+5	7.5351E+4	5.2509E+4	3.8143E+4	2.6629E+4	1.9867E+4	1.5508E+4	1.2611E+4	1.0836E+4	9.7022E+3	8.9945E+3
1.0428E+6	9.3496E+5	8.6098E+5	7.6370E+5	6.3855E+5	5.9197E+5	5.3680E+5	4.7843E+5	4.1766E+5	3.5287E+5	2.7960E+5	2.1346E+5	1.5358E+5	1.1086E+5	7.5669E+4	5.2813E+4	3.8334E+4	2.6756E+4	1.9936E+4	1.5529E+4	1.2621E+4	1.0829E+4	9.6855E+3	8.9751E+3
1.0383E+6	9.2917E+5	8.5391E+5	7.5501E+5	6.3344E+5	5.8754E+5	5.3322E+5	4.7377E+5	4.1577E+5	3.5221E+5	2.7892E+5	2.1288E+5	1.5329E+5	1.1077E+5	7.5602E+4	5.2828E+4	3.8324E+4	2.6752E+4	1.9929E+4	1.5515E+4	1.2595E+4	1.0804E+4	9.6590E+3	8.9500E+3
1.0239E+6	9.1489E+5	8.3789E+5	7.3996E+5	6.2334E+5	5.7744E+5	5.2511E+5	4.7011E+5	4.1070E+5	3.5005E+5	2.7840E+5	2.1274E+5	1.5356E+5	1.1124E+5	7.5985E+4	5.3121E+4	3.8549E+4	2.6884E+4	1.9991E+4	1.5549E+4	1.2601E+4	1.0802E+4	9.6454E+3	8.9324E+3
1.0190E+6	9.0980E+5	8.4254E+5	7.3958E+5	6.2243E+5	5.7690E+5	5.2421E+5	4.6734E+5	4.0921E+5	3.4724E+5	2.7675E+5	2.1142E+5	1.5271E+5	1.1077E+5	7.5769E+4	5.2950E+4	3.8464E+4	2.6809E+4	1.9945E+4	1.5509E+4	1.2572E+4	1.0775E+4	9.6225E+3	8.9100E+3
1.0026E+6	8.9613E+5	8.2328E+5	7.2787E+5	6.0954E+5	5.6533E+5	5.1602E+5	4.5903E+5	4.0405E+5	3.4331E+5	2.7458E+5	2.1091E+5	1.5296E+5	1.1108E+5	7.6246E+4	5.3285E+4	3.8687E+4	2.6961E+4	2.0037E+4	1.5559E+4	1.2594E+4	1.0777E+4	9.6154E+3	8.8980E+3
1.0108E+6	8.8904E+5	8.1451E+5	7.1705E+5	5.9767E+5	5.5875E+5	5.0747E+5	4.5263E+5	3.9922E+5	3.3978E+5	2.7277E+5	2.0981E+5	1.5257E+5	1.1124E+5	7.6493E+4	5.3544E+4	3.8890E+4	2.7100E+4	2.0111E+4	1.5595E+4	1.2605E+4	1.0774E+4	9.6059E+3	8.8810E+3
1.0058E+6	8.7543E+5	8.0475E+5	7.0904E+5	5.9799E+5	5.5379E+5	5.0371E+5	4.5011E+5	3.9667E+5	3.3822E+5	2.7118E+5	2.0976E+5	1.5252E+5	1.1132E+5	7.6534E+4	5.3639E+4	3.8929E+4	2.7100E+4	2.0085E+4	1.5573E+4	1.2589E+4	1.0753E+4	9.5822E+3	8.8615E+3
9.9676E+5	8.7853E+5	8.0014E+5	7.0350E+5	5.8958E+5	5.4721E+5	4.9976E+5	4.4607E+5	3.9345E+5	3.3760E+5	2.6977E+5	2.0881E+5	1.5254E+5	1.1132E+5	7.6675E+4	5.3706E+4	3.8982E+4	2.7117E+4	2.0109E+4	1.5572E+4	1.2568E+4	1.0736E+4	9.5638E+3	8.8407E+3
9.8997E+5	8.6873E+5	7.9454E+5	7.0247E+5	5.8637E+5	5.4566E+5	4.9694E+5	4.4426E+5	3.9037E+5	3.3513E+5	2.6799E+5	2.0784E+5	1.5209E+5	1.1124E+5	7.6581E+4	5.3751E+4	3.9031E+4	2.7138E+4	2.0107E+4	1.5564E+4	1.2557E+4	1.0722E+4	9.5474E+3	8.8229E+3
9.7200E+5	8.5706E+5	7.8411E+5	6.8783E+5	5.7613E+5	5.3722E+5	4.8827E+5	4.3723E+5	3.8634E+5	3.3107E+5	2.6763E+5	2.0767E+5	1.5239E+5	1.1158E+5	7.7058E+4	5.4032E+4	3.9220E+4	2.7249E+4	2.0170E+4	1.5597E+4	1.2569E+4	1.0720E+4	9.5395E+3	8.8119E+3
9.5354E+5	8.4008E+5	7.7571E+5	6.7921E+5	5.7211E+5	5.3007E+5	4.8394E+5	4.3349E+5	3.8422E+5	3.2957E+5	2.6615E+5	2.0723E+5	1.5203E+5	1.1162E+5	7.7100E+4	5.4040E+4	3.9271E+4	2.7304E+4	2.0199E+4	1.5603E+4	1.2567E+4	1.0711E+4	9.5249E+3	8.7950E+3
9.4061E+5	8.3133E+5	7.6022E+5	6.6955E+5	5.6275E+5	5.2291E+5	4.7800E+5	4.2971E+5	3.8001E+5	3.2593E+5	2.6409E+5	2.0629E+5	1.5181E+5	1.1167E+5	7.7337E+4	5.4299E+4	3.9489E+4	2.7412E+4	2.0274E+4	1.5649E+4	1.2587E+4	1.0714E+4	9.5220E+3	8.7846E+3
9.2194E+5	8.1646E+5	7.4709E+5	6.5685E+5	5.5193E+5	5.1348E+5	4.6956E+5	4.2115E+5	3.7440E+5	3.2196E+5	2.6170E+5	2.0520E+5	1.5200E+5	1.1209E+5	7.7860E+4	5.4730E+4	3.9770E+4	2.7629E+4	2.0384E+4	1.5716E+4	1.2609E+4	1.0725E+4	9.5184E+3	8.7758E+3
9.1809E+5	8.1304E+5	7.4217E+5	6.4991E+5	5.4886E+5	5.0885E+5	4.6611E+5	4.1863E+5	3.7247E+5	3.2095E+5	2.6236E+5	2.0496E+5	1.5182E+5	1.1214E+5	7.7887E+4	5.4797E+4	3.9843E+4	2.7659E+4	2.0396E+4	1.5703E+4	1.2601E+4	1.0709E+4	9.5015E+3	8.7593E+3
9.2267E+5	7.9359E+5	7.2926E+5	6.3980E+5	5.3961E+5	5.0251E+5	4.6004E+5	4.1434E+5	3.6748E+5	3.1915E+5	2.5991E+5	2.0442E+5	1.5194E+5	1.1250E+5	7.8224E+4	5.5121E+4	4.0032E+4	2.7772E+4	2.0456E+4	1.5734E+4	1.2611E+4	1.0705E+4	9.4911E+3	8.7467E+3
9.1423E+5	7.9218E+5	7.2174E+5	6.3156E+5	5.2913E+5	4.9597E+5	4.5390E+5	4.0959E+5	3.6477E+5	3.1538E+5	2.5805E+5	2.0389E+5	1.5198E+5	1.1270E+5	7.8518E+4	5.5279E+4	4.0156E+4	2.7821E+4	2.0492E+4	1.5742E+4	1.2606E+4	1.0696E+4	9.4799E+3	8.7336E+3
9.1725E+5	7.9198E+5	7.1418E+5	6.2881E+5	5.2721E+5	4.9099E+5	4.4945E+5	4.0686E+5	3.6147E+5	3.1326E+5	2.5686E+5	2.0337E+5	1.5179E+5	1.1262E+5	7.8622E+4	5.5387E+4	4.0228E+4	2.7888E+4	2.0517E+4	1.5756E+4	1.2604E+4	1.0688E+4	9.4697E+3	8.7217E+3
8.9454E+5	7.8555E+5	7.0988E+5	6.2222E+5	5.2081E+5	4.8751E+5	4.4751E+5	4.0435E+5	3.6104E+5	3.1250E+5	2.5711E+5	2.0320E+5	1.5180E+5	1.1290E+5	7.8726E+4	5.5435E+4	4.0267E+4	2.7870E+4	2.0501E+4	1.5733E+4	1.2583E+4	1.0668E+4	9.4504E+3	8.7028E+3
8.9168E+5	7.6687E+5	7.0132E+5	6.1569E+5	5.1548E+5	4.8099E+5	4.4140E+5	3.9891E+5	3.5631E+5	3.0990E+5	2.5587E+5	2.0251E+5	1.5160E+5	1.1291E+5	7.8888E+4	5.5622E+4	4.0392E+4	2.7964E+4	2.0551E+4	1.5758E+4	1.2595E+4	1.0671E+4	9.4436E+3	8.6933E+3
8.8216E+5	7.6305E+5	6.9406E+5	6.0618E+5	5.1067E+5	4.7595E+5	4.3715E+5	3.9497E+5	3.5312E+5	3.0727E+5	2.5393E+5	2.0178E+5	1.5153E+5	1.1304E+5	7.9107E+4	5.5779E+4	4.0533E+4	2.8050E+4	2.0610E+4	1.5786E+4	1.2602E+4	1.0664E+4	9.4353E+3	8.6823E+3
8.6354E+5	7.4572E+5	6.8345E+5	5.9958E+5	5.0283E+5	4.7044E+5	4.3163E+5	3.9056E+5	3.4975E+5	3.0569E+5	2.5275E+5	2.0108E+5	1.5138E+5	1.1312E+5	7.9333E+4	5.5998E+4	4.0735E+4	2.8163E+4	2.0664E+4	1.5816E+4	1.2618E+4	1.0670E+4	9.4330E+3	8.6726E+3
8.6727E+5	7.4061E+5	6.7259E+5	5.8475E+5	4.9378E+5	4.6043E+5	4.2364E+5	3.8421E+5	3.4454E+5	3.0202E+5	2.5031E+5	2.0013E+5	1.5130E+5	1.1346E+5	7.9781E+4	5.6427E+4	4.1031E+4	2.8378E+4	2.0798E+4	1.5890E+4	1.2653E+4	1.0686E+4	9.4375E+3	8.6714E+3
8.5886E+5	7.3355E+5	6.6430E+5	5.7939E+5	4.8796E+5	4.5506E+5	4.2005E+5	3.8058E+5	3.4237E+5	3.0079E+5	2.4956E+5	1.9973E+5	1.5124E+5	1.1350E+5	7.9813E+4	5.6542E+4	4.1143E+4	2.8433E+4	2.0835E+4	1.5913E+4	1.2655E+4	1.0684E+4	9.4279E+3	8.6590E+3
8.4730E+5	7.3040E+5	6.6156E+5	5.7680E+5	4.8836E+5	4.5447E+5	4.1772E+5	3.7978E+5	3.4085E+5	2.9874E+5	2.4794E+5	1.9885E+5	1.5081E+5	1.1319E+5	7.9707E+4	5.6477E+4	4.1072E+4	2.8427E+4	2.0818E+4	1.5894E+4	1.2645E+4	1.0670E+4	9.4146E+3	8.6474E+3
8.4388E+5	7.2742E+5	6.5874E+5	5.7474E+5	4.8401E+5	4.5177E+5	4.1549E+5	3.7693E+5	3.3860E+5	2.9583E+5	2.4723E+5	1.9787E+5	1.5007E+5	1.1293E+5	7.9677E+4	5.6467E+4	4.1131E+4	2.8457E+4	2.0851E+4	1.5901E+4	1.2647E+4	1.0666E+4	9.4080E+3	8.6348E+3
8.3447E+5	7.2418E+5	6.5340E+5	5.7283E+5	4.8220E+5	4.4930E+5	4.1384E+5	3.7599E+5	3.3650E+5	2.9495E+5	2.4584E+5	1.9743E+5	1.4999E+5	1.1293E+5	7.9759E+4	5.6523E+4	4.1166E+4	2.8425E+4	2.0836E+4	1.5895E+4	1.2634E+4	1.0652E+4	9.3921E+3	8.6224E+3
8.2696E+5	7.1090E+5	6.4031E+5	5.6116E+5	4.7286E+5	4.4085E+5	4.0681E+5	3.6969E+5	3.3245E+5	2.9327E+5	2.4406E+5	1.9647E+5	1.4963E+5	1.1308E+5	7.9955E+4	5.6819E+4	4.1399E+4	2.8658E+4	2.0955E+4	1.5977E+4	1.2676E+4	1.0672E+4	9.3983E+3	8.6204E+3
8.1783E+5	7.0160E+5	6.3437E+5	5.5275E+5	4.6623E+5	4.3686E+5	4.0169E+5	3.6662E+5	3.2951E+5	2.9045E+5	2.4252E+5	1.9610E+5	1.4970E+5	1.1327E+5	8.0256E+4	5.6979E+4	4.1551E+4	2.8724E+4	2.1011E+4	1.5998E+4	1.2684E+4	1.0671E+4	9.3925E+3	8.6112E+3
8.1158E+5	6.8335E+5	6.2319E+5	5.4585E+5	4.6072E+5	4.3164E+5	3.9678E+5	3.6124E+5	3.2664E+5	2.8757E+5	2.4181E+5	1.9524E+5	1.4953E+5	1.1331E+5	8.0439E+4	5.7280E+4	4.1729E+4	2.8868E+4	2.1092E+4	1.6052E+4	1.2709E+4	1.0680E+4	9.3944E+3	8.6080E+3
8.0301E+5	6.8872E+5	6.2396E+5	5.4050E+5	4.5819E+5	4.2890E+5	3.9557E+5	3.6047E+5	3.2451E+5	2.8661E+5	2.4006E+5	1.9460E+5	1.4907E+5	1.1320E+5	8.0406E+4	5.7234E+4	4.1785E+4	2.8880E+4	2.1093E+4	1.6038E+4	1.2698E+4	1.0665E+4	9.3802E+3	8.5936E+3
7.9586E+5	6.8346E+5	6.2066E+5	5.3824E+5	4.5550E+5	4.2671E+5	3.9325E+5	3.5829E+5	3.2394E+5	2.8505E+5	2.3986E+5	1.9431E+5	1.4915E+5	1.1322E+5	8.0356E+4	5.7304E+4	4.1734E+4	2.8844E+4	2.1084E+4	1.6024E+4	1.2687E+4	1.0656E+4	9.3692E+3	8.5825E+3
7.9333E+5	6.7859E+5	6.0851E+5	5.3355E+5	4.4935E+5	4.2209E+5	3.8978E+5	3.5544E+5	3.2099E+5	2.8228E+5	2.3795E+5	1.9347E+5	1.4863E+5	1.1319E+5	8.0503E+4	5.7382E+4	4.1928E+4	2.8988E+4	2.1165E+4	1.6078E+4	1.2709E+4	1.0668E+4	9.3684E+3	8.5776E+3
7.8708E+5	6.7159E+5	6.1027E+5	5.3536E+5	4.5258E+5	4.2186E+5	3.8921E+5	3.5554E+5	3.2048E+5	2.8390E+5	2.3763E+5	1.9337E+5	1.4847E+5	1.1291E+5	8.0264E+4	5.7279E+4	4.1735E+4	2.8897E+4	2.1108E+4	1.6030E+4	1.2676E+4	1.0640E+4	9.3521E+3	8.5610E+3
7.9449E+5	6.7555E+5	6.0888E+5	5.3033E+5	4.4748E+5	4.2007E+5	3.8736E+5	3.5276E+5	3.1947E+5	2.8220E+5	2.3703E+5	1.9260E+5	1.4836E+5	1.1290E+5	8.0325E+4	5.7284E+4	4.1798E+4	2.8853E+4	2.1068E+4	1.6017E+4	1.2667E+4	1.0624E+4	9.3389E+3	8.5485E+3
7.7677E+5	6.6350E+5	6.0188E+5	5.2498E+5	4.4318E+5	4.1412E+5	3.8306E+5	3.5035E+5	3.1694E+5	2.8011E+5	2.3575E+5	1.9229E+5	1.4828E+5	1.1306E+5	8.0528E+4	5.7503E+4	4.1936E+4	2.8968E+4	2.1134E+4	1.6041E+4	1.2672E+4	1.0628E+4	9.3337E+3	8.5412E+3
7.8166E+5	6.6018E+5	6.0059E+5	5.1999E+5	4.3949E+5	4.1186E+5	3.8094E+5	3.4813E+5	3.1459E+5	2.7924E+5	2.3530E+5	1.9148E+5	1.4768E+5	1.1271E+5	8.0460E+4	5.7482E+4	4.2007E+4	2.9031E+4	2.1172E+4	1.6064E+4	1.2684E+4	1.0629E+4	9.3312E+3	8.5358E+3
7.5806E+5	6.4058E+5	5.7867E+5	5.0545E+5	4.2749E+5	3.9989E+5	3.7106E+5	3.3855E+5	3.0702E+5	2.7169E+5	2.3140E+5	1.8919E+5	1.4714E+5	1.1286E+5	8.1164E+4	5.8125E+4	4.2559E+4	2.9408E+4	2.1440E+4	1.6229E+4	1.2779E+4	1.0679E+4	9.3505E+3	8.5438E+3
7.5426E+5	6.3259E+5	5.7328E+5	5.0030E+5	4.2256E+5	3.9424E+5	3.6512E+5	3.3496E+5	3.0411E+5	2.6922E+5	2.2873E+5	1.8799E+5	1.4645E+5	1.1273E+5	8.1139E+4	5.8275E+4	4.2721E+4	2.9546E+4	2.1523E+4	1.6270E+4	1.2802E+4	1.0693E+4	9.3562E+3	8.5406E+3
7.4605E+5	6.3188E+5	5.6974E+5	4.9659E+5	4.1838E+5	3.9239E+5	3.6346E+5	3.3209E+5	3.0147E+5	2.6785E+5	2.2713E+5	1.8712E+5	1.4599E+5	1.1248E+5	8.1013E+4	5.8313E+4	4.2726E+4	2.9567E+4	2.1539E+4	1.6297E+4	1.2812E+4	1.0692E+4	9.3546E+3	8.5347E+3
7.4306E+5	6.3142E+5	5.6385E+5	4.9222E+5	4.1691E+5	3.9002E+5	3.6194E+5	3.3001E+5	2.9974E+5	2.6739E+5	2.2638E+5	1.8636E+5	1.4574E+5	1.1240E+5	8.1041E+4	5.8388E+4	4.2804E+4	2.9613E+4	2.1568E+4	1.6310E+4	1.2812E+4	1.0690E+4	9.3451E+3	8.5255E+3
7.5603E+5	6.3125E+5	5.6887E+5	4.9678E+5	4.1786E+5	3.9051E+5	3.6226E+5	3.3050E+5	2.9988E+5	2.6578E+5	2.2560E+5	1.8578E+5	1.4523E+5	1.1197E+5	8.0827E+4	5.8246E+4	4.2702E+4	2.9539E+4	2.1524E+4	1.6276E+4	1.2793E+4	1.0668E+4	9.3318E+3	8.5124E+3
7.4161E+5	6.3059E+5	5.6446E+5	4.9038E+5	4.1273E+5	3.8704E+5	3.5701E+5	3.2618E+5	2.9615E+5	2.6397E+5	2.2361E+5	1.8418E+5	1.4420E+5	1.1167E+5	8.0859E+4	5.8364E+4	4.2860E+4	2.9697E+4	2.1633E+4	1.6337E+4	1.2832E+4	1.0691E+4	9.3389E+3	8.5134E+3
7.3908E+5	6.3224E+5	5.7092E+5	4.8958E+5	4.1372E+5	3.8660E+5	3.5659E+5	3.2553E+5	2.9491E+5	2.6204E+5	2.2262E+5	1.8379E+5	1.4377E+5	1.1137E+5	8.0703E+4	5.8262E+4	4.2803E+4	2.9658E+4	2.1608E+4	1.6327E+4	1.2813E+4	1.0675E+4	9.3242E+3	8.5007E+3
7.3053E+5	6.2298E+5	5.5702E+5	4.8423E+5	4.0732E+5	3.8160E+5	3.5283E+5	3.2224E+5	2.9135E+5	2.6031E+5	2.2075E+5	1.8243E+5	1.4340E+5	1.1125E+5	8.0865E+4	5.8451E+4	4.2978E+4	2.9806E+4	2.1697E+4	1.6388E+4	1.2848E+4	1.0692E+4	9.3316E+3	8.5014E+3
7.4340E+5	6.1855E+5	5.5477E+5	4.8265E+5	4.0242E+5	3.7701E+5	3.4876E+5	3.1883E+5	2.8930E+5	2.5759E+5	2.1942E+5	1.8160E+5	1.4289E+5	1.1116E+5	8.0888E+4	5.8581E+4	4.3108E+4	2.9871E+4	2.1747E+4	1.6403E+4	1.2852E+4	1.0690E+4	9.3260E+3	8.4937E+3
7.3047E+5	6.1273E+5	5.4535E+5	4.7164E+5	3.9701E+5	3.7289E+5	3.4283E+5	3.1352E+5	2.8442E+5	2.5367E+5	2.1736E+5	1.7995E+5	1.4234E+5	1.1110E+5	8.1140E+4	5.8866E+4	4.3351E+4	3.0089E+4	2.1883E+4	1.6495E+4	1.2904E+4	1.0718E+4	9.3367E+3	8.4959E+3
7.1457E+5	5.9700E+5	5.3825E+5	4.6435E+5	3.9117E+5	3.6468E+5	3.3869E+5	3.0983E+5	2.8134E+5	2.5114E+5	2.1472E+5	1.7913E+5	1.4170E+5	1.1094E+5	8.1217E+4	5.9090E+4	4.3618E+4	3.0278E+4	2.2024E+4	1.6581E+4	1.2956E+4	1.0751E+4	9.3472E+3	8.4977E+3
7.1076E+5	5.9685E+5	5.4001E+5	4.6527E+5	3.8940E+5	3.6530E+5	3.3749E+5	3.0874E+5	2.8053E+5	2.5124E+5	2.1387E+5	1.7834E+5	1.4133E+5	1.1071E+5	8.1027E+4	5.8974E+4	4.3542E+4	3.0234E+4	2.2001E+4	1.6570E+4	1.2940E+4	1.0737E+4	9.3390E+3	8.4894E+3
7.0811E+5	5.9718E+5	5.3396E+5	4.5878E+5	3.8574E+5	3.6120E+5	3.3430E+5	3.0673E+5	2.7849E+5	2.4961E+5	2.1436E+5	1.7843E+5	1.4161E+5	1.1098E+5	8.1354E+4	5.9209E+4	4.3662E+4	3.0281E+4	2.2019E+4	1.6572E+4	1.2940E+4	1.0730E+4	9.3321E+3	8.4797E+3
7.0178E+5	5.9019E+5	5.2703E+5	4.5826E+5	3.8374E+5	3.5990E+5	3.3208E+5	3.0488E+5	2.7759E+5	2.4844E+5	2.1272E+5	1.7788E+5	1.4137E+5	1.1085E+5	8.1272E+4	5.9150E+4	4.3635E+4	3.0251E+4	2.2001E+4	1.6557E+4	1.2927E+4	1.0716E+4	9.3230E+3	8.4702E+3
7.1216E+5	5.8777E+5	5.2788E+5	4.5781E+5	3.8391E+5	3.5927E+5	3.3335E+5	3.0558E+5	2.7797E+5	2.4937E+5	2.1351E+5	1.7805E+5	1.4137E+5	1.1071E+5	8.1202E+4	5.9014E+4	4.3548E+4	3.0203E+4	2.1962E+4	1.6520E+4	1.2901E+4	1.0699E+4	9.3038E+3	8.4574E+3
6.9436E+5	5.8555E+5	5.2306E+5	4.5454E+5	3.8263E+5	3.5697E+5	3.3077E+5	3.0243E+5	2.7580E+5	2.4634E+5	2.1242E+5	1.7697E+5	1.4080E+5	1.1048E+5	8.1070E+4	5.9099E+4	4.3595E+4	3.0269E+4	2.1998E+4	1.6547E+4	1.2917E+4	1.0705E+4	9.3062E+3	8.4549E+3
6.9106E+5	5.8206E+5	5.1949E+5	4.5177E+5	3.7889E+5	3.5537E+5	3.2887E+5	3.0115E+5	2.7468E+5	2.4571E+5	2.1084E+5	1.7627E+5	1.4016E+5	1.1023E+5	8.1009E+4	5.9056E+4	4.3660E+4	3.0322E+4	2.2034E+4	1.6572E+4	1.2924E+4	1.0713E+4	9.3041E+3	8.4495E+3
6.8512E+5	5.7397E+5	5.1888E+5	4.4690E+5	3.7423E+5	3.5172E+5	3.2634E+5	2.9931E+5	2.7244E+5	2.4422E+5	2.0910E+5	1.7537E+5	1.3985E+5	1.1003E+5	8.1015E+4	5.9208E+4	4.3766E+4	3.0399E+4	2.2094E+4	1.6601E+4	1.2941E+4	1.0712E+4	9.3027E+3	8.4448E+3
6.7569E+5	5.7299E+5	5.0881E+5	4.4248E+5	3.7140E+5	3.4819E+5	3.2307E+5	2.9690E+5	2.6986E+5	2.4211E+5	2.0822E+5	1.7455E+5	1.3956E+5	1.0993E+5	8.1092E+4	5.9264E+4	4.3837E+4	3.0465E+4	2.2155E+4	1.6634E+4	1.2959E+4	1.0722E+4	9.3063E+3	8.4436E+3
6.8767E+5	5.6339E+5	5.0744E+5	4.3781E+5	3.6786E+5	3.4579E+5	3.1990E+5	2.9392E+5	2.6809E+5	2.3975E+5	2.0796E+5	1.7411E+5	1.3948E+5	1.1010E+5	8.1308E+4	5.9402E+4	4.3995E+4	3.0552E+4	2.2180E+4	1.6662E+4	1.2966E+4	1.0722E+4	9.2989E+3	8.4389E+3
6.7368E+5	5.5911E+5	5.0219E+5	4.3498E+5	3.6577E+5	3.4310E+5	3.1739E+5	2.9175E+5	2.6626E+5	2.3862E+5	2.0696E+5	1.7363E+5	1.3917E+5	1.1000E+5	8.1322E+4	5.9511E+4	4.4044E+4	3.0592E+4	2.2233E+4	1.6676E+4	1.2977E+4	1.0727E+4	9.2986E+3	8.4323E+3
6.6468E+5	5.6462E+5	5.0283E+5	4.3224E+5	3.6277E+5	3.3910E+5	3.1525E+5	2.8990E+5	2.6407E+5	2.3789E+5	2.0500E+5	1.7293E+5	1.3888E+5	1.0992E+5	8.1277E+4	5.9621E+4	4.4146E+4	3.0666E+4	2.2255E+4	1.6698E+4	1.2985E+4	1.0724E+4	9.2956E+3	8.4284E+3
6.5452E+5	5.4531E+5	4.9020E+5	4.2573E+5	3.6111E+5	3.3704E+5	3.1320E+5	2.8762E+5	2.6336E+5	2.3626E+5	2.0525E+5	1.7276E+5	1.3893E+5	1.1002E+5	8.1468E+4	5.9644E+4	4.4163E+4	3.0681E+4	2.2267E+4	1.6690E+4	1.2979E+4	1.0720E+4	9.2876E+3	8.4191E+3
6.5720E+5	5.5186E+5	4.9559E+5	4.2680E+5	3.5928E+5	3.3732E+5	3.1281E+5	2.8799E+5	2.6294E+5	2.3619E+5	2.0461E+5	1.7273E+5	1.3872E+5	1.0985E+5	8.1361E+4	5.9604E+4	4.4137E+4	3.0655E+4	2.2249E+4	1.6685E+4	1.2962E+4	1.0710E+4	9.2797E+3	8.4110E+3
6.5574E+5	5.4724E+5	4.8794E+5	4.2456E+5	3.5596E+5	3.3513E+5	3.1109E+5	2.8644E+5	2.6167E+5	2.3635E+5	2.0426E+5	1.7229E+5	1.3867E+5	1.0980E+5	8.1366E+4	5.9684E+4	4.4185E+4	3.0719E+4	2.2273E+4	1.6698E+4	1.2975E+4	1.0709E+4	9.2755E+3	8.4042E+3
6.4351E+5	5.3663E+5	4.7792E+5	4.1367E+5	3.5083E+5	3.2805E+5	3.0485E+5	2.8156E+5	2.5769E+5	2.3240E+5	2.0253E+5	1.7114E+5	1.3814E+5	1.0988E+5	8.1662E+4	6.0009E+4	4.4462E+4	3.0882E+4	2.2387E+4	1.6782E+4	1.3017E+4	1.0730E+4	9.2882E+3	8.4095E+3
6.3277E+5	5.3192E+5	4.7413E+5	4.0962E+5	3.4756E+5	3.2656E+5	3.0380E+5	2.7977E+5	2.5643E+5	2.3286E+5	2.0139E+5	1.7091E+5	1.3827E+5	1.1002E+5	8.1873E+4	6.0130E+4	4.4569E+4	3.0949E+4	2.2446E+4	1.6780E+4	1.3017E+4	1.0724E+4	9.2813E+3	8.4031E+3
6.2617E+5	5.2956E+5	4.7350E+5	4.1047E+5	3.4731E+5	3.2507E+5	3.0211E+5	2.7886E+5	2.5595E+5	2.3071E+5	2.0115E+5	1.7063E+5	1.3803E+5	1.0995E+5	8.1732E+4	6.0080E+4	4.4595E+4	3.0952E+4	2.2422E+4	1.6785E+4	1.3020E+4	1.0721E+4	9.2746E+3	8.3975E+3
6.3331E+5	5.1713E+5	4.6669E+5	4.0303E+5	3.4216E+5	3.2135E+5	2.9888E+5	2.7572E+5	2.5306E+5	2.2919E+5	1.9954E+5	1.6943E+5	1.3732E+5	1.0967E+5	8.1896E+4	6.0283E+4	4.4761E+4	3.1123E+4	2.2539E+4	1.6858E+4	1.3052E+4	1.0744E+4	9.2827E+3	8.3977E+3
6.2771E+5	5.1895E+5	4.6422E+5	4.0165E+5	3.3810E+5	3.1839E+5	2.9733E+5	2.7388E+5	2.5163E+5	2.2729E+5	1.9883E+5	1.6903E+5	1.3716E+5	1.0967E+5	8.1898E+4	6.0306E+4	4.4787E+4	3.1100E+4	2.2535E+4	1.6850E+4	1.3049E+4	1.0737E+4	9.2761E+3	8.3916E+3
6.1774E+5	5.0978E+5	4.5757E+5	3.9598E+5	3.3535E+5	3.1443E+5	2.9368E+5	2.7087E+5	2.4886E+5	2.2609E+5	1.9650E+5	1.6816E+5	1.3659E+5	1.0951E+5	8.2020E+4	6.0472E+4	4.4985E+4	3.1269E+4	2.2647E+4	1.6919E+4	1.3087E+4	1.0756E+4	9.2853E+3	8.3923E+3
6.0539E+5	5.0521E+5	4.5377E+5	3.9325E+5	3.3477E+5	3.1227E+5	2.9134E+5	2.7003E+5	2.4786E+5	2.2517E+5	1.9703E+5	1.6771E+5	1.3663E+5	1.0950E+5	8.2008E+4	6.0558E+4	4.5035E+4	3.1299E+4	2.2680E+4	1.6922E+4	1.3088E+4	1.0756E+4	9.2799E+3	8.3881E+3
6.1730E+5	5.1082E+5	4.5555E+5	3.9318E+5	3.3353E+5	3.1325E+5	2.9264E+5	2.6946E+5	2.4800E+5	2.2519E+5	1.9685E+5	1.6757E+5	1.3647E+5	1.0942E+5	8.1827E+4	6.0413E+4	4.4939E+4	3.1218E+4	2.2616E+4	1.6890E+4	1.3059E+4	1.0738E+4	9.2670E+3	8.3762E+3
6.1500E+5	5.2056E+5	4.5838E+5	3.9626E+5	3.3570E+5	3.1417E+5	2.9309E+5	2.7043E+5	2.4836E+5	2.2490E+5	1.9746E+5	1.6793E+5	1.3681E+5	1.0942E+5	8.1905E+4	6.0311E+4	4.4808E+4	3.1080E+4	2.2516E+4	1.6818E+4	1.3022E+4	1.0703E+4	9.2447E+3	8.3579E+3
6.2016E+5	5.1200E+5	4.5645E+5	3.9563E+5	3.3650E+5	3.1647E+5	2.9371E+5	2.7152E+5	2.4943E+5	2.2644E+5	1.9776E+5	1.6817E+5	1.3661E+5	1.0940E+5	8.1700E+4	6.0154E+4	4.4668E+4	3.1015E+4	2.2462E+4	1.6780E+4	1.2990E+4	1.0682E+4	9.2315E+3	8.3493E+3
6.1403E+5	5.1232E+5	4.5625E+5	3.9554E+5	3.3578E+5	3.1545E+5	2.9331E+5	2.7120E+5	2.4936E+5	2.2587E+5	1.9755E+5	1.6788E+5	1.3658E+5	1.0932E+5	8.1696E+4	6.0153E+4	4.4635E+4	3.0999E+4	2.2437E+4	1.6762E+4	1.2972E+4	1.0672E+4	9.2210E+3	8.3398E+3
6.1580E+5	5.0683E+5	4.5667E+5	3.9313E+5	3.3303E+5	3.1400E+5	2.9243E+5	2.6972E+5	2.4862E+5	2.2515E+5	1.9679E+5	1.6743E+5	1.3629E+5	1.0922E+5	8.1665E+4	6.0219E+4	4.4685E+4	3.1026E+4	2.2472E+4	1.6775E+4	1.2981E+4	1.0673E+4	9.2159E+3	8.3366E+3
6.0109E+5	4.9395E+5	4.4905E+5	3.9045E+5	3.2943E+5	3.0885E+5	2.8842E+5	2.6667E+5	2.4511E+5	2.2292E+5	1.9434E+5	1.6642E+5	1.3572E+5	1.0897E+5	8.1734E+4	6.0372E+4	4.4886E+4	3.1163E+4	2.2559E+4	1.6839E+4	1.3014E+4	1.0697E+4	9.2300E+3	8.3407E+3
6.0615E+5	5.0034E+5	4.4930E+5	3.8875E+5	3.2833E+5	3.0704E+5	2.8713E+5	2.6416E+5	2.4320E+5	2.2123E+5	1.9378E+5	1.6548E+5	1.3546E+5	1.0882E+5	8.1673E+4	6.0405E+4	4.4924E+4	3.1241E+4	2.2606E+4	1.6858E+4	1.3028E+4	1.0695E+4	9.2270E+3	8.3353E+3
5.9911E+5	4.9821E+5	4.4513E+5	3.8491E+5	3.2727E+5	3.0767E+5	2.8653E+5	2.6509E+5	2.4368E+5	2.2107E+5	1.9398E+5	1.6633E+5	1.3596E+5	1.0924E+5	8.1907E+4	6.0453E+4	4.4922E+4	3.1173E+4	2.2557E+4	1.6818E+4	1.2992E+4	1.0673E+4	9.2084E+3	8.3229E+3
5.9735E+5	4.9523E+5	4.3888E+5	3.8332E+5	3.2445E+5	3.0609E+5	2.8535E+5	2.6405E+5	2.4328E+5	2.2183E+5	1.9462E+5	1.6630E+5	1.3606E+5	1.0933E+5	8.1957E+4	6.0523E+4	4.4941E+4	3.1176E+4	2.2531E+4	1.6815E+4	1.2980E+4	1.0666E+4	9.2024E+3	8.3166E+3
5.8086E+5	4.9124E+5	4.3279E+5	3.7817E+5	3.2159E+5	3.0282E+5	2.8283E+5	2.6115E+5	2.4128E+5	2.1947E+5	1.9265E+5	1.6546E+5	1.3573E+5	1.0921E+5	8.2069E+4	6.0694E+4	4.5132E+4	3.1305E+4	2.2638E+4	1.6866E+4	1.3015E+4	1.0680E+4	9.2088E+3	8.3154E+3
5.9926E+5	4.8747E+5	4.3594E+5	3.7893E+5	3.2082E+5	3.0193E+5	2.8123E+5	2.6062E+5	2.4044E+5	2.1909E+5	1.9243E+5	1.6521E+5	1.3547E+5	1.0922E+5	8.2040E+4	6.0696E+4	4.5127E+4	3.1309E+4	2.2623E+4	1.6863E+4	1.3010E+4	1.0674E+4	9.2042E+3	8.3129E+3
5.9090E+5	4.8641E+5	4.3558E+5	3.7975E+5	3.2064E+5	3.0139E+5	2.8192E+5	2.6167E+5	2.4086E+5	2.1978E+5	1.9291E+5	1.6573E+5	1.3588E+5	1.0938E+5	8.2091E+4	6.0645E+4	4.5029E+4	3.1239E+4	2.2555E+4	1.6817E+4	1.2980E+4	1.0653E+4	9.1864E+3	8.2993E+3
5.8752E+5	4.8545E+5	4.3794E+5	3.7572E+5	3.1950E+5	3.0198E+5	2.8100E+5	2.6079E+5	2.4104E+5	2.1935E+5	1.9315E+5	1.6618E+5	1.3609E+5	1.0949E+5	8.2155E+4	6.0638E+4	4.5000E+4	3.1209E+4	2.2531E+4	1.6782E+4	1.2953E+4	1.0636E+4	9.1762E+3	8.2909E+3
5.9073E+5	4.8192E+5	4.3207E+5	3.7615E+5	3.1968E+5	3.0165E+5	2.8103E+5	2.6180E+5	2.4145E+5	2.1989E+5	1.9424E+5	1.6609E+5	1.3621E+5	1.0951E+5	8.2194E+4	6.0599E+4	4.4962E+4	3.1160E+4	2.2504E+4	1.6758E+4	1.2946E+4	1.0623E+4	9.1674E+3	8.2845E+3
5.7358E+5	4.8046E+5	4.3248E+5	3.7706E+5	3.2140E+5	3.0236E+5	2.8231E+5	2.6167E+5	2.4213E+5	2.2121E+5	1.9523E+5	1.6711E+5	1.3695E+5	1.1003E+5	8.2330E+4	6.0624E+4	4.4870E+4	3.1039E+4	2.2395E+4	1.6692E+4	1.2888E+4	1.0591E+4	9.1441E+3	8.2668E+3
5.9059E+5	4.7730E+5	4.3752E+5	3.7662E+5	3.2136E+5	3.0353E+5	2.8400E+5	2.6288E+5	2.4327E+5	2.2099E+5	1.9529E+5	1.6726E+5	1.3682E+5	1.0985E+5	8.2103E+4	6.0411E+4	4.4771E+4	3.0936E+4	2.2334E+4	1.6636E+4	1.2863E+4	1.0570E+4	9.1324E+3	8.2588E+3
5.7926E+5	4.8412E+5	4.3564E+5	3.7555E+5	3.2038E+5	3.0265E+5	2.8282E+5	2.6315E+5	2.4291E+5	2.2114E+5	1.9545E+5	1.6727E+5	1.3685E+5	1.0989E+5	8.2151E+4	6.0455E+4	4.4766E+4	3.0954E+4	2.2320E+4	1.6640E+4	1.2855E+4	1.0564E+4	9.1230E+3	8.2531E+3
5.8363E+5	4.8460E+5	4.3279E+5	3.7778E+5	3.2108E+5	3.0399E+5	2.8469E+5	2.6400E+5	2.4369E+5	2.2239E+5	1.9539E+5	1.6781E+5	1.3707E+5	1.1000E+5	8.2110E+4	6.0296E+4	4.4610E+4	3.0837E+4	2.2241E+4	1.6582E+4	1.2816E+4	1.0539E+4	9.1055E+3	8.2398E+3
6.0233E+5	4.7728E+5	4.2849E+5	3.7593E+5	3.2131E+5	3.0324E+5	2.8397E+5	2.6460E+5	2.4438E+5	2.2274E+5	1.9649E+5	1.6822E+5	1.3730E+5	1.0993E+5	8.2095E+4	6.0254E+4	4.4556E+4	3.0776E+4	2.2216E+4	1.6539E+4	1.2788E+4	1.0519E+4	9.0914E+3	8.2292E+3
5.8105E+5	4.8221E+5	4.2983E+5	3.7564E+5	3.2161E+5	3.0356E+5	2.8455E+5	2.6485E+5	2.4457E+5	2.2287E+5	1.9620E+5	1.6839E+5	1.3741E+5	1.1010E+5	8.2005E+4	6.0196E+4	4.4441E+4	3.0684E+4	2.2147E+4	1.6505E+4	1.2770E+4	1.0507E+4	9.0805E+3	8.2222E+3
5.7279E+5	4.8065E+5	4.2849E+5	3.7438E+5	3.2067E+5	3.0136E+5	2.8281E+5	2.6315E+5	2.4371E+5	2.2156E+5	1.9542E+5	1.6785E+5	1.3721E+5	1.0989E+5	8.2071E+4	6.0199E+4	4.4534E+4	3.0760E+4	2.2188E+4	1.6541E+4	1.2785E+4	1.0512E+4	9.0861E+3	8.2210E+3
5.6761E+5	4.8542E+5	4.2733E+5	3.7377E+5	3.1921E+5	3.0060E+5	2.8234E+5	2.6196E+5	2.4250E+5	2.2116E+5	1.9483E+5	1.6743E+5	1.3682E+5	1.0956E+5	8.1907E+4	6.0150E+4	4.4491E+4	3.0753E+4	2.2207E+4	1.6548E+4	1.2795E+4	1.0513E+4	9.0849E+3	8.2186E+3
5.7729E+5	4.7550E+5	4.2727E+5	3.7493E+5	3.2055E+5	3.0180E+5	2.8236E+5	2.6248E+5	2.4310E+5	2.2238E+5	1.9562E+5	1.6785E+5	1.3712E+5	1.0977E+5	8.1901E+4	6.0104E+4	4.4463E+4	3.0677E+4	2.2148E+4	1.6510E+4	1.2768E+4	1.0495E+4	9.0710E+3	8.2096E+3
5.8660E+5	4.7197E+5	4.2818E+5	3.7087E+5	3.1912E+5	3.0147E+5	2.8145E+5	2.6328E+5	2.4294E+5	2.2198E+5	1.9557E+5	1.6775E+5	1.3704E+5	1.0979E+5	8.1894E+4	6.0085E+4	4.4384E+4	3.0660E+4	2.2126E+4	1.6489E+4	1.2753E+4	1.0486E+4	9.0633E+3	8.2005E+3
5.6621E+5	4.8025E+5	4.2285E+5	3.7184E+5	3.1644E+5	3.0112E+5	2.8195E+5	2.6199E+5	2.4286E+5	2.2244E+5	1.9576E+5	1.6798E+5	1.3712E+5	1.0989E+5	8.1894E+4	6.0090E+4	4.4378E+4	3.0652E+4	2.2104E+4	1.6468E+4	1.2734E+4	1.0475E+4	9.0553E+3	8.1956E+3
5.6717E+5	4.7284E+5	4.2067E+5	3.6528E+5	3.1492E+5	2.9792E+5	2.7880E+5	2.5997E+5	2.4088E+5	2.2007E+5	1.9445E+5	1.6680E+5	1.3654E+5	1.0958E+5	8.1845E+4	6.0166E+4	4.4526E+4	3.0756E+4	2.2196E+4	1.6524E+4	1.2769E+4	1.0496E+4	9.0622E+3	8.1987E+3
5.5302E+5	4.6096E+5	4.1390E+5	3.6033E+5	3.0867E+5	2.9247E+5	2.7482E+5	2.5569E+5	2.3738E+5	2.1671E+5	1.9167E+5	1.6531E+5	1.3584E+5	1.0932E+5	8.1981E+4	6.0441E+4	4.4811E+4	3.1002E+4	2.2354E+4	1.6643E+4	1.2832E+4	1.0530E+4	9.0823E+3	8.2082E+3
5.5523E+5	4.6173E+5	4.1246E+5	3.6050E+5	3.0826E+5	2.9183E+5	2.7351E+5	2.5496E+5	2.3656E+5	2.1569E+5	1.9121E+5	1.6500E+5	1.3571E+5	1.0936E+5	8.2090E+4	6.0496E+4	4.4832E+4	3.1046E+4	2.2379E+4	1.6651E+4	1.2840E+4	1.0531E+4	9.0801E+3	8.2031E+3
5.6213E+5	4.6010E+5	4.0878E+5	3.5909E+5	3.0594E+5	2.8915E+5	2.7144E+5	2.5333E+5	2.3516E+5	2.1574E+5	1.9125E+5	1.6494E+5	1.3570E+5	1.0944E+5	8.2168E+4	6.0593E+4	4.4866E+4	3.1060E+4	2.2377E+4	1.6648E+4	1.2837E+4	1.0528E+4	9.0751E+3	8.1982E+3
5.5598E+5	4.5640E+5	4.1085E+5	3.5610E+5	3.0732E+5	2.9140E+5	2.7292E+5	2.5479E+5	2.3608E+5	2.1693E+5	1.9169E+5	1.6548E+5	1.3598E+5	1.0960E+5	8.2089E+4	6.0477E+4	4.4808E+4	3.0967E+4	2.2318E+4	1.6594E+4	1.2803E+4	1.0507E+4	9.0596E+3	8.1888E+3
5.4519E+5	4.5858E+5	4.0692E+5	3.5694E+5	3.0721E+5	2.9001E+5	2.7264E+5	2.5449E+5	2.3639E+5	2.1673E+5	1.9216E+5	1.6558E+5	1.3606E+5	1.0951E+5	8.2071E+4	6.0455E+4	4.4739E+4	3.0914E+4	2.2287E+4	1.6572E+4	1.2784E+4	1.0490E+4	9.0521E+3	8.1797E+3
5.5872E+5	4.5850E+5	4.1670E+5	3.5743E+5	3.0679E+5	2.9049E+5	2.7325E+5	2.5514E+5	2.3681E+5	2.1696E+5	1.9195E+5	1.6579E+5	1.3620E+5	1.0970E+5	8.2161E+4	6.0432E+4	4.4716E+4	3.0884E+4	2.2255E+4	1.6549E+4	1.2763E+4	1.0477E+4	9.0408E+3	8.1709E+3
5.4057E+5	4.5286E+5	4.0973E+5	3.5755E+5	3.0670E+5	2.9052E+5	2.7276E+5	2.5530E+5	2.3697E+5	2.1741E+5	1.9221E+5	1.6605E+5	1.3639E+5	1.0980E+5	8.2280E+4	6.0464E+4	4.4691E+4	3.0842E+4	2.2205E+4	1.6513E+4	1.2745E+4	1.0460E+4	9.0276E+3	8.1617E+3
5.4359E+5	4.5134E+5	4.0619E+5	3.5638E+5	3.0542E+5	2.9110E+5	2.7291E+5	2.5457E+5	2.3688E+5	2.1726E+5	1.9241E+5	1.6635E+5	1.3688E+5	1.1008E+5	8.2351E+4	6.0464E+4	4.4662E+4	3.0799E+4	2.2172E+4	1.6491E+4	1.2721E+4	1.0446E+4	9.0194E+3	8.1554E+3
5.0789E+5	4.5187E+5	4.0577E+5	3.5575E+5	3.0642E+5	2.8990E+5	2.7239E+5	2.5537E+5	2.3791E+5	2.1767E+5	1.9330E+5	1.6693E+5	1.3716E+5	1.1024E+5	8.2394E+4	6.0437E+4	4.4602E+4	3.0747E+4	2.2130E+4	1.6458E+4	1.2698E+4	1.0433E+4	9.0067E+3	8.1470E+3
5.4524E+5	4.4892E+5	4.0397E+5	3.5481E+5	3.0405E+5	2.8935E+5	2.7219E+5	2.5448E+5	2.3655E+5	2.1757E+5	1.9239E+5	1.6646E+5	1.3688E+5	1.1019E+5	8.2402E+4	6.0442E+4	4.4628E+4	3.0765E+4	2.2134E+4	1.6459E+4	1.2699E+4	1.0430E+4	9.0045E+3	8.1435E+3
5.3022E+5	4.4018E+5	4.0716E+5	3.5280E+5	3.0463E+5	2.8845E+5	2.7196E+5	2.5338E+5	2.3593E+5	2.1648E+5	1.9281E+5	1.6619E+5	1.3668E+5	1.0993E+5	8.2210E+4	6.0405E+4	4.4611E+4	3.0780E+4	2.2144E+4	1.6474E+4	1.2708E+4	1.0432E+4	9.0040E+3	8.1410E+3
5.4063E+5	4.4722E+5	4.0141E+5	3.5210E+5	3.0549E+5	2.8865E+5	2.7208E+5	2.5401E+5	2.3626E+5	2.1750E+5	1.9215E+5	1.6622E+5	1.3662E+5	1.1003E+5	8.2262E+4	6.0407E+4	4.4589E+4	3.0733E+4	2.2121E+4	1.6452E+4	1.2693E+4	1.0419E+4	8.9934E+3	8.1334E+3
5.4235E+5	4.4708E+5	4.0601E+5	3.5564E+5	3.0566E+5	2.9030E+5	2.7360E+5	2.5526E+5	2.3735E+5	2.1827E+5	1.9334E+5	1.6658E+5	1.3677E+5	1.0991E+5	8.2149E+4	6.0211E+4	4.4471E+4	3.0636E+4	2.2062E+4	1.6396E+4	1.2660E+4	1.0401E+4	8.9841E+3	8.1240E+3
5.3829E+5	4.4909E+5	4.0468E+5	3.5584E+5	3.0649E+5	2.9108E+5	2.7320E+5	2.5569E+5	2.3772E+5	2.1817E+5	1.9295E+5	1.6688E+5	1.3687E+5	1.0998E+5	8.2113E+4	6.0183E+4	4.4400E+4	3.0587E+4	2.2018E+4	1.6366E+4	1.2641E+4	1.0386E+4	8.9717E+3	8.1174E+3
5.3895E+5	4.4963E+5	4.0714E+5	3.4999E+5	3.0340E+5	2.8791E+5	2.7131E+5	2.5456E+5	2.3669E+5	2.1801E+5	1.9285E+5	1.6672E+5	1.3696E+5	1.1007E+5	8.2220E+4	6.0272E+4	4.4446E+4	3.0639E+4	2.2030E+4	1.6386E+4	1.2646E+4	1.0392E+4	8.9716E+3	8.1158E+3
5.2686E+5	4.4744E+5	4.0398E+5	3.5323E+5	3.0446E+5	2.8967E+5	2.7218E+5	2.5523E+5	2.3764E+5	2.1777E+5	1.9378E+5	1.6712E+5	1.3715E+5	1.1009E+5	8.2148E+4	6.0169E+4	4.4401E+4	3.0547E+4	2.1986E+4	1.6339E+4	1.2621E+4	1.0369E+4	8.9573E+3	8.1064E+3
5.2228E+5	4.4172E+5	4.0194E+5	3.5352E+5	3.0760E+5	2.9108E+5	2.7424E+5	2.5597E+5	2.3858E+5	2.1833E+5	1.9403E+5	1.6774E+5	1.3761E+5	1.1034E+5	8.2087E+4	6.0019E+4	4.4210E+4	3.0421E+4	2.1889E+4	1.6278E+4	1.2574E+4	1.0342E+4	8.9412E+3	8.0944E+3
5.2540E+5	4.4507E+5	4.0241E+5	3.5543E+5	3.0691E+5	2.9108E+5	2.7425E+5	2.5676E+5	2.3818E+5	2.1924E+5	1.9458E+5	1.6748E+5	1.3738E+5	1.1014E+5	8.2022E+4	5.9996E+4	4.4213E+4	3.0410E+4	2.1886E+4	1.6274E+4	1.2573E+4	1.0339E+4	8.9347E+3	8.0898E+3
5.3737E+5	4.5227E+5	4.0726E+5	3.5455E+5	3.0741E+5	2.9141E+5	2.7422E+5	2.5677E+5	2.3886E+5	2.2056E+5	1.9465E+5	1.6771E+5	1.3746E+5	1.1014E+5	8.2005E+4	5.9805E+4	4.4043E+4	3.0270E+4	2.1781E+4	1.6214E+4	1.2538E+4	1.0321E+4	8.9270E+3	8.0831E+3
5.2729E+5	4.4061E+5	3.9691E+5	3.4932E+5	3.0216E+5	2.8840E+5	2.7058E+5	2.5387E+5	2.3625E+5	2.1689E+5	1.9285E+5	1.6688E+5	1.3719E+5	1.1024E+5	8.2161E+4	6.0133E+4	4.4325E+4	3.0505E+4	2.1935E+4	1.6306E+4	1.2584E+4	1.0339E+4	8.9348E+3	8.0837E+3
5.1226E+5	4.3616E+5	3.9532E+5	3.4593E+5	3.0016E+5	2.8499E+5	2.6892E+5	2.5188E+5	2.3493E+5	2.1581E+5	1.9276E+5	1.6624E+5	1.3676E+5	1.1012E+5	8.2254E+4	6.0290E+4	4.4466E+4	3.0590E+4	2.2000E+4	1.6354E+4	1.2608E+4	1.0355E+4	8.9424E+3	8.0851E+3
5.1069E+5	4.3170E+5	3.9622E+5	3.4629E+5	2.9676E+5	2.8367E+5	2.6684E+5	2.5069E+5	2.3382E+5	2.1485E+5	1.9103E+5	1.6552E+5	1.3637E+5	1.0986E+5	8.2128E+4	6.0287E+4	4.4490E+4	3.0660E+4	2.2041E+4	1.6384E+4	1.2626E+4	1.0366E+4	8.9424E+3	8.0869E+3
4.9781E+5	4.3851E+5	3.9258E+5	3.4273E+5	2.9828E+5	2.8351E+5	2.6726E+5	2.5012E+5	2.3346E+5	2.1439E+5	1.9066E+5	1.6539E+5	1.3629E+5	1.0984E+5	8.2116E+4	6.0288E+4	4.4494E+4	3.0659E+4	2.2044E+4	1.6375E+4	1.2627E+4	1.0364E+4	8.9419E+3	8.0828E+3
5.0922E+5	4.2676E+5	3.9109E+5	3.4145E+5	2.9760E+5	2.8322E+5	2.6733E+5	2.5020E+5	2.3351E+5	2.1406E+5	1.9115E+5	1.6552E+5	1.3637E+5	1.0978E+5	8.2100E+4	6.0238E+4	4.4479E+4	3.0618E+4	2.2014E+4	1.6353E+4	1.2608E+4	1.0349E+4	8.9308E+3	8.0741E+3
5.0781E+5	4.2729E+5	3.9159E+5	3.4223E+5	2.9880E+5	2.8478E+5	2.6875E+5	2.5129E+5	2.3480E+5	2.1522E+5	1.9262E+5	1.6619E+5	1.3666E+5	1.0983E+5	8.2058E+4	6.0130E+4	4.4358E+4	3.0528E+4	2.1957E+4	1.6305E+4	1.2577E+4	1.0329E+4	8.9178E+3	8.0669E+3
5.0890E+5	4.2737E+5	3.9025E+5	3.4569E+5	3.0207E+5	2.8510E+5	2.6951E+5	2.5301E+5	2.3646E+5	2.1663E+5	1.9316E+5	1.6684E+5	1.3711E+5	1.0992E+5	8.1994E+4	6.0014E+4	4.4209E+4	3.0422E+4	2.1862E+4	1.6253E+4	1.2542E+4	1.0303E+4	8.9032E+3	8.0536E+3
5.0139E+5	4.2305E+5	3.8509E+5	3.4424E+5	2.9908E+5	2.8498E+5	2.6920E+5	2.5288E+5	2.3560E+5	2.1648E+5	1.9315E+5	1.6695E+5	1.3716E+5	1.1009E+5	8.2065E+4	6.0081E+4	4.4226E+4	3.0434E+4	2.1868E+4	1.6247E+4	1.2537E+4	1.0299E+4	8.8979E+3	8.0491E+3
5.0365E+5	4.2700E+5	3.9281E+5	3.4498E+5	3.0058E+5	2.8558E+5	2.6999E+5	2.5336E+5	2.3706E+5	2.1754E+5	1.9430E+5	1.6738E+5	1.3741E+5	1.1036E+5	8.2081E+4	6.0010E+4	4.4167E+4	3.0351E+4	2.1798E+4	1.6207E+4	1.2504E+4	1.0285E+4	8.8839E+3	8.0411E+3
5.1398E+5	4.3446E+5	3.9298E+5	3.4819E+5	3.0494E+5	2.8866E+5	2.7372E+5	2.5624E+5	2.3903E+5	2.1976E+5	1.9526E+5	1.6833E+5	1.3803E+5	1.1026E+5	8.1923E+4	5.9746E+4	4.3912E+4	3.0156E+4	2.1656E+4	1.6109E+4	1.2454E+4	1.0244E+4	8.8611E+3	8.0261E+3
5.0250E+5	4.3078E+5	3.9034E+5	3.4670E+5	3.0278E+5	2.8865E+5	2.7169E+5	2.5532E+5	2.3852E+5	2.1908E+5	1.9489E+5	1.6826E+5	1.3782E+5	1.1025E+5	8.1907E+4	5.9766E+4	4.3943E+4	3.0205E+4	2.1695E+4	1.6124E+4	1.2455E+4	1.0247E+4	8.8606E+3	8.0242E+3
5.0601E+5	4.3072E+5	3.8943E+5	3.4543E+5	3.0130E+5	2.8743E+5	2.7135E+5	2.5471E+5	2.3781E+5	2.1854E+5	1.9484E+5	1.6784E+5	1.3754E+5	1.1002E+5	8.1817E+4	5.9744E+4	4.3965E+4	3.0202E+4	2.1701E+4	1.6130E+4	1.2462E+4	1.0248E+4	8.8607E+3	8.0235E+3
5.0555E+5	4.3228E+5	3.9388E+5	3.4793E+5	3.0450E+5	2.8951E+5	2.7376E+5	2.5676E+5	2.3972E+5	2.2031E+5	1.9571E+5	1.6852E+5	1.3792E+5	1.1015E+5	8.1729E+4	5.9596E+4	4.3713E+4	3.0042E+4	2.1597E+4	1.6062E+4	1.2421E+4	1.0223E+4	8.8426E+3	8.0101E+3
5.1292E+5	4.3186E+5	3.9140E+5	3.4855E+5	3.0486E+5	2.9060E+5	2.7477E+5	2.5680E+5	2.4015E+5	2.2091E+5	1.9638E+5	1.6869E+5	1.3803E+5	1.1023E+5	8.1653E+4	5.9453E+4	4.3664E+4	2.9980E+4	2.1557E+4	1.6028E+4	1.2396E+4	1.0206E+4	8.8322E+3	8.0031E+3
5.0728E+5	4.3224E+5	3.9604E+5	3.4991E+5	3.0739E+5	2.9208E+5	2.7569E+5	2.5864E+5	2.4124E+5	2.2068E+5	1.9695E+5	1.6940E+5	1.3832E+5	1.1024E+5	8.1602E+4	5.9387E+4	4.3545E+4	2.9867E+4	2.1472E+4	1.5982E+4	1.2363E+4	1.0186E+4	8.8203E+3	7.9948E+3
5.0569E+5	4.3722E+5	3.9696E+5	3.5189E+5	3.0896E+5	2.9369E+5	2.7813E+5	2.6060E+5	2.4303E+5	2.2366E+5	1.9768E+5	1.7009E+5	1.3861E+5	1.1028E+5	8.1372E+4	5.9160E+4	4.3337E+4	2.9724E+4	2.1374E+4	1.5907E+4	1.2319E+4	1.0158E+4	8.7995E+3	7.9822E+3
5.1455E+5	4.3634E+5	3.9836E+5	3.5389E+5	3.1021E+5	2.9578E+5	2.7971E+5	2.6221E+5	2.4446E+5	2.2382E+5	1.9866E+5	1.7069E+5	1.3878E+5	1.1038E+5	8.1334E+4	5.9018E+4	4.3257E+4	2.9634E+4	2.1291E+4	1.5863E+4	1.2294E+4	1.0136E+4	8.7888E+3	7.9736E+3
5.1098E+5	4.3476E+5	3.9679E+5	3.5287E+5	3.0996E+5	2.9495E+5	2.7907E+5	2.6174E+5	2.4386E+5	2.2390E+5	1.9861E+5	1.7055E+5	1.3877E+5	1.1026E+5	8.1378E+4	5.9023E+4	4.3235E+4	2.9660E+4	2.1309E+4	1.5873E+4	1.2293E+4	1.0137E+4	8.7885E+3	7.9711E+3
5.1246E+5	4.3910E+5	4.0087E+5	3.5566E+5	3.1233E+5	2.9647E+5	2.8039E+5	2.6309E+5	2.4501E+5	2.2518E+5	1.9928E+5	1.7107E+5	1.3907E+5	1.1038E+5	8.1282E+4	5.8838E+4	4.3002E+4	2.9504E+4	2.1207E+4	1.5801E+4	1.2243E+4	1.0109E+4	8.7695E+3	7.9591E+3
5.1221E+5	4.4632E+5	4.0475E+5	3.5800E+5	3.1442E+5	2.9847E+5	2.8212E+5	2.6504E+5	2.4737E+5	2.2609E+5	1.9961E+5	1.7157E+5	1.3914E+5	1.1025E+5	8.0979E+4	5.8680E+4	4.2889E+4	2.9385E+4	2.1132E+4	1.5748E+4	1.2216E+4	1.0088E+4	8.7568E+3	7.9502E+3
4.9494E+5	4.3933E+5	3.9793E+5	3.5653E+5	3.1221E+5	2.9724E+5	2.8132E+5	2.6386E+5	2.4644E+5	2.2600E+5	1.9979E+5	1.7151E+5	1.3907E+5	1.1032E+5	8.1131E+4	5.8758E+4	4.2945E+4	2.9422E+4	2.1153E+4	1.5768E+4	1.2222E+4	1.0093E+4	8.7538E+3	7.9476E+3
5.0897E+5	4.3469E+5	3.9938E+5	3.5494E+5	3.1253E+5	2.9774E+5	2.8152E+5	2.6440E+5	2.4574E+5	2.2574E+5	1.9959E+5	1.7108E+5	1.3898E+5	1.1021E+5	8.1079E+4	5.8721E+4	4.2962E+4	2.9412E+4	2.1146E+4	1.5759E+4	1.2215E+4	1.0087E+4	8.7514E+3	7.9442E+3
5.1729E+5	4.3689E+5	4.0057E+5	3.5461E+5	3.0998E+5	2.9420E+5	2.7890E+5	2.6176E+5	2.4439E+5	2.2499E+5	1.9895E+5	1.7078E+5	1.3910E+5	1.1040E+5	8.1320E+4	5.8879E+4	4.3077E+4	2.9509E+4	2.1200E+4	1.5791E+4	1.2233E+4	1.0092E+4	8.7556E+3	7.9428E+3
5.3373E+5	4.4491E+5	3.9508E+5	3.5347E+5	3.1435E+5	2.9718E+5	2.8058E+5	2.6304E+5	2.4598E+5	2.2505E+5	1.9948E+5	1.7119E+5	1.3906E+5	1.1025E+5	8.1049E+4	5.8634E+4	4.2888E+4	2.9361E+4	2.1106E+4	1.5724E+4	1.2195E+4	1.0070E+4	8.7401E+3	7.9337E+3
5.2002E+5	4.3616E+5	3.9944E+5	3.5564E+5	3.1346E+5	2.9911E+5	2.8166E+5	2.6507E+5	2.4657E+5	2.2610E+5	1.9981E+5	1.7150E+5	1.3917E+5	1.1025E+5	8.0978E+4	5.8531E+4	4.2807E+4	2.9302E+4	2.1067E+4	1.5701E+4	1.2183E+4	1.0060E+4	8.7297E+3	7.9291E+3
5.1795E+5	4.3943E+5	4.0195E+5	3.5894E+5	3.1351E+5	2.9976E+5	2.8326E+5	2.6584E+5	2.4750E+5	2.2689E+5	2.0038E+5	1.7168E+5	1.3920E+5	1.1014E+5	8.0807E+4	5.8431E+4	4.2673E+4	2.9216E+4	2.1002E+4	1.5662E+4	1.2152E+4	1.0043E+4	8.7177E+3	7.9194E+3
5.0840E+5	4.3851E+5	4.0652E+5	3.5888E+5	3.1582E+5	3.0149E+5	2.8482E+5	2.6663E+5	2.4891E+5	2.2772E+5	2.0097E+5	1.7213E+5	1.3923E+5	1.1004E+5	8.0644E+4	5.8247E+4	4.2545E+4	2.9108E+4	2.0937E+4	1.5623E+4	1.2129E+4	1.0027E+4	8.7094E+3	7.9128E+3
5.2399E+5	4.4815E+5	4.0193E+5	3.6098E+5	3.1683E+5	3.0182E+5	2.8591E+5	2.6788E+5	2.4927E+5	2.2803E+5	2.0179E+5	1.7228E+5	1.3924E+5	1.0991E+5	8.0528E+4	5.8095E+4	4.2446E+4	2.9056E+4	2.0898E+4	1.5598E+4	1.2115E+4	1.0016E+4	8.7024E+3	7.9075E+3
5.2163E+5	4.4687E+5	4.0655E+5	3.6437E+5	3.1945E+5	3.0573E+5	2.8832E+5	2.7001E+5	2.5172E+5	2.2965E+5	2.0265E+5	1.7302E+5	1.3955E+5	1.0997E+5	8.0326E+4	5.7883E+4	4.2219E+4	2.8899E+4	2.0793E+4	1.5523E+4	1.2071E+4	9.9886E+3	8.6857E+3	7.8969E+3
5.2319E+5	4.4996E+5	4.0747E+5	3.6578E+5	3.2016E+5	3.0478E+5	2.8810E+5	2.7000E+5	2.5111E+5	2.2864E+5	2.0201E+5	1.7257E+5	1.3913E+5	1.0974E+5	8.0208E+4	5.7836E+4	4.2232E+4	2.8893E+4	2.0797E+4	1.5536E+4	1.2072E+4	9.9891E+3	8.6838E+3	7.8935E+3
5.1724E+5	4.4497E+5	4.0353E+5	3.6406E+5	3.1823E+5	3.0285E+5	2.8644E+5	2.6842E+5	2.5016E+5	2.2925E+5	2.0203E+5	1.7250E+5	1.3926E+5	1.0985E+5	8.0391E+4	5.7966E+4	4.2300E+4	2.8943E+4	2.0815E+4	1.5542E+4	1.2072E+4	9.9863E+3	8.6805E+3	7.8903E+3
5.2058E+5	4.4244E+5	4.1013E+5	3.6355E+5	3.1970E+5	3.0466E+5	2.8756E+5	2.6972E+5	2.5126E+5	2.3059E+5	2.0281E+5	1.7314E+5	1.3960E+5	1.0995E+5	8.0318E+4	5.7837E+4	4.2146E+4	2.8828E+4	2.0736E+4	1.5485E+4	1.2040E+4	9.9627E+3	8.6669E+3	7.8803E+3
5.0956E+5	4.5173E+5	4.0868E+5	3.6443E+5	3.1983E+5	3.0490E+5	2.8902E+5	2.7063E+5	2.5206E+5	2.3141E+5	2.0296E+5	1.7337E+5	1.3969E+5	1.0995E+5	8.0217E+4	5.7738E+4	4.2079E+4	2.8771E+4	2.0696E+4	1.5452E+4	1.2021E+4	9.9546E+3	8.6586E+3	7.8765E+3
5.1991E+5	4.4649E+5	4.0896E+5	3.6734E+5	3.2142E+5	3.0486E+5	2.8940E+5	2.7147E+5	2.5253E+5	2.3128E+5	2.0392E+5	1.7362E+5	1.3967E+5	1.0993E+5	8.0091E+4	5.7607E+4	4.1978E+4	2.8708E+4	2.0645E+4	1.5432E+4	1.2003E+4	9.9412E+3	8.6491E+3	7.8693E+3
5.2696E+5	4.4748E+5	4.1044E+5	3.6522E+5	3.2212E+5	3.0604E+5	2.8962E+5	2.7131E+5	2.5223E+5	2.3131E+5	2.0336E+5	1.7347E+5	1.3970E+5	1.0978E+5	8.0106E+4	5.7613E+4	4.1938E+4	2.8680E+4	2.0635E+4	1.5413E+4	1.1993E+4	9.9312E+3	8.6422E+3	7.8628E+3
5.1404E+5	4.4530E+5	4.1038E+5	3.6418E+5	3.2061E+5	3.0615E+5	2.8895E+5	2.7075E+5	2.5210E+5	2.3145E+5	2.0383E+5	1.7365E+5	1.3982E+5	1.0983E+5	8.0102E+4	5.7613E+4	4.1955E+4	2.8662E+4	2.0624E+4	1.5409E+4	1.1983E+4	9.9278E+3	8.6386E+3	7.8591E+3
5.1572E+5	4.4471E+5	4.1285E+5	3.6033E+5	3.2110E+5	3.0635E+5	2.8882E+5	2.7117E+5	2.5239E+5	2.3134E+5	2.0402E+5	1.7355E+5	1.3964E+5	1.0978E+5	7.9991E+4	5.7561E+4	4.1927E+4	2.8653E+4	2.0620E+4	1.5399E+4	1.1980E+4	9.9231E+3	8.6337E+3	7.8553E+3
5.1489E+5	4.4539E+5	4.0816E+5	3.6440E+5	3.1995E+5	3.0497E+5	2.8872E+5	2.7018E+5	2.5200E+5	2.3052E+5	2.0339E+5	1.7301E+5	1.3948E+5	1.0966E+5	8.0016E+4	5.7586E+4	4.1930E+4	2.8677E+4	2.0624E+4	1.5404E+4	1.1988E+4	9.9262E+3	8.6345E+3	7.8527E+3
5.2339E+5	4.4618E+5	4.0799E+5	3.6610E+5	3.2143E+5	3.0618E+5	2.8940E+5	2.7144E+5	2.5258E+5	2.3140E+5	2.0303E+5	1.7332E+5	1.3957E+5	1.0973E+5	7.9932E+4	5.7520E+4	4.1879E+4	2.8633E+4	2.0580E+4	1.5378E+4	1.1969E+4	9.9112E+3	8.6246E+3	7.8475E+3
5.1523E+5	4.4168E+5	4.0871E+5	3.6206E+5	3.1933E+5	3.0424E+5	2.8816E+5	2.7021E+5	2.5179E+5	2.2984E+5	2.0315E+5	1.7330E+5	1.3960E+5	1.0977E+5	8.0098E+4	5.7612E+4	4.1935E+4	2.8662E+4	2.0613E+4	1.5391E+4	1.1969E+4	9.9149E+3	8.6254E+3	7.8452E+3
5.2155E+5	4.4756E+5	4.1251E+5	3.6635E+5	3.2217E+5	3.0792E+5	2.8959E+5	2.7186E+5	2.5287E+5	2.3163E+5	2.0435E+5	1.7381E+5	1.3972E+5	1.0974E+5	7.9845E+4	5.7349E+4	4.1711E+4	2.8518E+4	2.0509E+4	1.5329E+4	1.1930E+4	9.8866E+3	8.6087E+3	7.8360E+3
5.1541E+5	4.4375E+5	4.0905E+5	3.6425E+5	3.2105E+5	3.0547E+5	2.8887E+5	2.7115E+5	2.5232E+5	2.3078E+5	2.0377E+5	1.7360E+5	1.3952E+5	1.0953E+5	7.9825E+4	5.7364E+4	4.1778E+4	2.8553E+4	2.0530E+4	1.5341E+4	1.1940E+4	9.8916E+3	8.6112E+3	7.8355E+3
5.2126E+5	4.4503E+5	4.0859E+5	3.6537E+5	3.2206E+5	3.0686E+5	2.9026E+5	2.7227E+5	2.5357E+5	2.3234E+5	2.0487E+5	1.7385E+5	1.3973E+5	1.0974E+5	7.9791E+4	5.7281E+4	4.1677E+4	2.8485E+4	2.0482E+4	1.5301E+4	1.1915E+4	9.8785E+3	8.5994E+3	7.8276E+3
5.2287E+5	4.3995E+5	4.0593E+5	3.6442E+5	3.1997E+5	3.0706E+5	2.9000E+5	2.7257E+5	2.5358E+5	2.3269E+5	2.0433E+5	1.7390E+5	1.3978E+5	1.0976E+5	7.9788E+4	5.7268E+4	4.1662E+4	2.8454E+4	2.0461E+4	1.5292E+4	1.1903E+4	9.8677E+3	8.5943E+3	7.8221E+3
5.2373E+5	4.4497E+5	4.0496E+5	3.6400E+5	3.2240E+5	3.0798E+5	2.9107E+5	2.7272E+5	2.5481E+5	2.3323E+5	2.0478E+5	1.7413E+5	1.3985E+5	1.0964E+5	7.9668E+4	5.7155E+4	4.1587E+4	2.8393E+4	2.0421E+4	1.5267E+4	1.1893E+4	9.8592E+3	8.5869E+3	7.8185E+3
5.2528E+5	4.4810E+5	4.1198E+5	3.6703E+5	3.2379E+5	3.0846E+5	2.9148E+5	2.7298E+5	2.5473E+5	2.3391E+5	2.0504E+5	1.7416E+5	1.3993E+5	1.0964E+5	7.9582E+4	5.7069E+4	4.1534E+4	2.8355E+4	2.0390E+4	1.5236E+4	1.1868E+4	9.8467E+3	8.5779E+3	7.8126E+3
5.2715E+5	4.4361E+5	4.0596E+5	3.6302E+5	3.1942E+5	3.0585E+5	2.8933E+5	2.7052E+5	2.5168E+5	2.3039E+5	2.0347E+5	1.7326E+5	1.3917E+5	1.0936E+5	7.9635E+4	5.7210E+4	4.1673E+4	2.8487E+4	2.0489E+4	1.5308E+4	1.1913E+4	9.8730E+3	8.5942E+3	7.8184E+3
5.0624E+5	4.3360E+5	4.0301E+5	3.5786E+5	3.1728E+5	3.0224E+5	2.8578E+5	2.6860E+5	2.5071E+5	2.2901E+5	2.0215E+5	1.7223E+5	1.3881E+5	1.0938E+5	7.9727E+4	5.7389E+4	4.1820E+4	2.8598E+4	2.0577E+4	1.5370E+4	1.1948E+4	9.8931E+3	8.6015E+3	7.8216E+3
5.2570E+5	4.4487E+5	4.1218E+5	3.6456E+5	3.1941E+5	3.0635E+5	2.8886E+5	2.7055E+5	2.5238E+5	2.3059E+5	2.0307E+5	1.7279E+5	1.3892E+5	1.0912E+5	7.9468E+4	5.7129E+4	4.1577E+4	2.8456E+4	2.0471E+4	1.5301E+4	1.1909E+4	9.8680E+3	8.5875E+3	7.8137E+3
5.1190E+5	4.4339E+5	4.0465E+5	3.6236E+5	3.2010E+5	3.0468E+5	2.8851E+5	2.6975E+5	2.5175E+5	2.3028E+5	2.0274E+5	1.7274E+5	1.3895E+5	1.0919E+5	7.9462E+4	5.7104E+4	4.1633E+4	2.8463E+4	2.0475E+4	1.5304E+4	1.1907E+4	9.8659E+3	8.5846E+3	7.8098E+3
5.2528E+5	4.4905E+5	4.1100E+5	3.6689E+5	3.2215E+5	3.0779E+5	2.9104E+5	2.7249E+5	2.5389E+5	2.3181E+5	2.0402E+5	1.7320E+5	1.3892E+5	1.0884E+5	7.9196E+4	5.6850E+4	4.1396E+4	2.8279E+4	2.0368E+4	1.5231E+4	1.1861E+4	9.8392E+3	8.5660E+3	7.7987E+3
5.2045E+5	4.4852E+5	4.0810E+5	3.6315E+5	3.2006E+5	3.0527E+5	2.8929E+5	2.7079E+5	2.5230E+5	2.3082E+5	2.0222E+5	1.7255E+5	1.3864E+5	1.0881E+5	7.9204E+4	5.6925E+4	4.1474E+4	2.8387E+4	2.0435E+4	1.5271E+4	1.1889E+4	9.8502E+3	8.5743E+3	7.8001E+3
5.1262E+5	4.4361E+5	4.0479E+5	3.6302E+5	3.1676E+5	3.0399E+5	2.8658E+5	2.6913E+5	2.5060E+5	2.2934E+5	2.0236E+5	1.7217E+5	1.3846E+5	1.0889E+5	7.9307E+4	5.7073E+4	4.1570E+4	2.8439E+4	2.0468E+4	1.5283E+4	1.1896E+4	9.8545E+3	8.5755E+3	7.7992E+3
5.0862E+5	4.4150E+5	4.0203E+5	3.5948E+5	3.1624E+5	3.0304E+5	2.8685E+5	2.6823E+5	2.4991E+5	2.2926E+5	2.0170E+5	1.7194E+5	1.3843E+5	1.0888E+5	7.9378E+4	5.7111E+4	4.1620E+4	2.8454E+4	2.0464E+4	1.5291E+4	1.1895E+4	9.8494E+3	8.5697E+3	7.7954E+3
5.1216E+5	4.3658E+5	4.0349E+5	3.6159E+5	3.1779E+5	3.0337E+5	2.8670E+5	2.6866E+5	2.5040E+5	2.2957E+5	2.0266E+5	1.7200E+5	1.3861E+5	1.0888E+5	7.9335E+4	5.7075E+4	4.1594E+4	2.8417E+4	2.0446E+4	1.5268E+4	1.1880E+4	9.8412E+3	8.5645E+3	7.7907E+3
5.1728E+5	4.4111E+5	4.0577E+5	3.6303E+5	3.1953E+5	3.0461E+5	2.8760E+5	2.6938E+5	2.5112E+5	2.2992E+5	2.0227E+5	1.7234E+5	1.3864E+5	1.0891E+5	7.9314E+4	5.7005E+4	4.1448E+4	2.8346E+4	2.0382E+4	1.5229E+4	1.1852E+4	9.8224E+3	8.5531E+3	7.7846E+3
5.1624E+5	4.4491E+5	4.0723E+5	3.6299E+5	3.2052E+5	3.0496E+5	2.8948E+5	2.7125E+5	2.5247E+5	2.3043E+5	2.0366E+5	1.7282E+5	1.3874E+5	1.0893E+5	7.9170E+4	5.6837E+4	4.1329E+4	2.8227E+4	2.0317E+4	1.5184E+4	1.1822E+4	9.8054E+3	8.5386E+3	7.7727E+3
5.1482E+5	4.3920E+5	4.0590E+5	3.6225E+5	3.1979E+5	3.0513E+5	2.8878E+5	2.7044E+5	2.5209E+5	2.2977E+5	2.0365E+5	1.7300E+5	1.3900E+5	1.0913E+5	7.9250E+4	5.6878E+4	4.1353E+4	2.8239E+4	2.0300E+4	1.5167E+4	1.1814E+4	9.7966E+3	8.5330E+3	7.7690E+3
5.2128E+5	4.4930E+5	4.0715E+5	3.6531E+5	3.1909E+5	3.0493E+5	2.8725E+5	2.7076E+5	2.5189E+5	2.3113E+5	2.0420E+5	1.7331E+5	1.3926E+5	1.0915E+5	7.9276E+4	5.6843E+4	4.1311E+4	2.8196E+4	2.0276E+4	1.5153E+4	1.1804E+4	9.7882E+3	8.5272E+3	7.7618E+3
5.1433E+5	4.4478E+5	4.0784E+5	3.6489E+5	3.2228E+5	3.0731E+5	2.8972E+5	2.7221E+5	2.5322E+5	2.3192E+5	2.0472E+5	1.7375E+5	1.3924E+5	1.0907E+5	7.9086E+4	5.6649E+4	4.1169E+4	2.8091E+4	2.0210E+4	1.5105E+4	1.1770E+4	9.7687E+3	8.5151E+3	7.7561E+3
5.4076E+5	4.4480E+5	4.1370E+5	3.6467E+5	3.2393E+5	3.0637E+5	2.9069E+5	2.7290E+5	2.5368E+5	2.3150E+5	2.0421E+5	1.7361E+5	1.3918E+5	1.0890E+5	7.8898E+4	5.6546E+4	4.1053E+4	2.8048E+4	2.0165E+4	1.5088E+4	1.1757E+4	9.7630E+3	8.5090E+3	7.7502E+3
5.2835E+5	4.4139E+5	4.1030E+5	3.6573E+5	3.2211E+5	3.0704E+5	2.8981E+5	2.7234E+5	2.5334E+5	2.3220E+5	2.0418E+5	1.7348E+5	1.3924E+5	1.0900E+5	7.9033E+4	5.6586E+4	4.1090E+4	2.8067E+4	2.0174E+4	1.5084E+4	1.1758E+4	9.7577E+3	8.5052E+3	7.7484E+3
5.0659E+5	4.4046E+5	4.0684E+5	3.6451E+5	3.2331E+5	3.0761E+5	2.9118E+5	2.7275E+5	2.5371E+5	2.3246E+5	2.0440E+5	1.7395E+5	1.3939E+5	1.0891E+5	7.9027E+4	5.6492E+4	4.1060E+4	2.7996E+4	2.0142E+4	1.5057E+4	1.1739E+4	9.7442E+3	8.5011E+3	7.7425E+3
5.1186E+5	4.3918E+5	4.0444E+5	3.6357E+5	3.1950E+5	3.0586E+5	2.8881E+5	2.7172E+5	2.5335E+5	2.3233E+5	2.0390E+5	1.7395E+5	1.3932E+5	1.0902E+5	7.8997E+4	5.6557E+4	4.1085E+4	2.8046E+4	2.0162E+4	1.5080E+4	1.1748E+4	9.7511E+3	8.4990E+3	7.7431E+3
5.3179E+5	4.3447E+5	4.0174E+5	3.6234E+5	3.1825E+5	3.0463E+5	2.8893E+5	2.7061E+5	2.5254E+5	2.3154E+5	2.0369E+5	1.7342E+5	1.3908E+5	1.0896E+5	7.9011E+4	5.6559E+4	4.1098E+4	2.8048E+4	2.0185E+4	1.5087E+4	1.1763E+4	9.7570E+3	8.5026E+3	7.7421E+3
5.1731E+5	4.3999E+5	4.0280E+5	3.6169E+5	3.1981E+5	3.0606E+5	2.8969E+5	2.7193E+5	2.5359E+5	2.3249E+5	2.0415E+5	1.7366E+5	1.3909E+5	1.0890E+5	7.8934E+4	5.6505E+4	4.1028E+4	2.7998E+4	2.0141E+4	1.5057E+4	1.1740E+4	9.7419E+3	8.4920E+3	7.7341E+3
5.0827E+5	4.3267E+5	4.0062E+5	3.5789E+5	3.1562E+5	3.0279E+5	2.8666E+5	2.6859E+5	2.5159E+5	2.3005E+5	2.0314E+5	1.7287E+5	1.3886E+5	1.0886E+5	7.9134E+4	5.6675E+4	4.1179E+4	2.8112E+4	2.0206E+4	1.5104E+4	1.1764E+4	9.7563E+3	8.4979E+3	7.7389E+3
5.0638E+5	4.3098E+5	3.9950E+5	3.5759E+5	3.1659E+5	3.0255E+5	2.8636E+5	2.6857E+5	2.5078E+5	2.3005E+5	2.0256E+5	1.7275E+5	1.3903E+5	1.0900E+5	7.9073E+4	5.6727E+4	4.1244E+4	2.8155E+4	2.0229E+4	1.5110E+4	1.1768E+4	9.7582E+3	8.4980E+3	7.7373E+3
5.0998E+5	4.3836E+5	4.0178E+5	3.6237E+5	3.1848E+5	3.0434E+5	2.8818E+5	2.7045E+5	2.5280E+5	2.3182E+5	2.0428E+5	1.7359E+5	1.3930E+5	1.0899E+5	7.8970E+4	5.6520E+4	4.1012E+4	2.8006E+4	2.0122E+4	1.5042E+4	1.1721E+4	9.7303E+3	8.4817E+3	7.7257E+3
4.9976E+5	4.3010E+5	3.9279E+5	3.5391E+5	3.1277E+5	2.9989E+5	2.8415E+5	2.6696E+5	2.4953E+5	2.2976E+5	2.0274E+5	1.7302E+5	1.3925E+5	1.0929E+5	7.9424E+4	5.6914E+4	4.1366E+4	2.8183E+4	2.0250E+4	1.5121E+4	1.1771E+4	9.7546E+3	8.4939E+3	7.7326E+3
5.0689E+5	4.3099E+5	3.9552E+5	3.5834E+5	3.1556E+5	3.0300E+5	2.8756E+5	2.6997E+5	2.5231E+5	2.3119E+5	2.0419E+5	1.7407E+5	1.3945E+5	1.0924E+5	7.9118E+4	5.6576E+4	4.1086E+4	2.7971E+4	2.0103E+4	1.5029E+4	1.1710E+4	9.7190E+3	8.4738E+3	7.7198E+3
5.1188E+5	4.2672E+5	4.0206E+5	3.5801E+5	3.1704E+5	3.0403E+5	2.8820E+5	2.7052E+5	2.5277E+5	2.3190E+5	2.0437E+5	1.7376E+5	1.3962E+5	1.0911E+5	7.8986E+4	5.6500E+4	4.0974E+4	2.7923E+4	2.0084E+4	1.5013E+4	1.1700E+4	9.7110E+3	8.4677E+3	7.7158E+3
5.0658E+5	4.3796E+5	4.0112E+5	3.5873E+5	3.2016E+5	3.0579E+5	2.9004E+5	2.7248E+5	2.5445E+5	2.3308E+5	2.0534E+5	1.7456E+5	1.3980E+5	1.0903E+5	7.8826E+4	5.6346E+4	4.0829E+4	2.7809E+4	2.0010E+4	1.4960E+4	1.1670E+4	9.6906E+3	8.4546E+3	7.7048E+3
5.2150E+5	4.3889E+5	4.0289E+5	3.6365E+5	3.2192E+5	3.0777E+5	2.9197E+5	2.7518E+5	2.5581E+5	2.3392E+5	2.0642E+5	1.7511E+5	1.3998E+5	1.0906E+5	7.8715E+4	5.6135E+4	4.0635E+4	2.7708E+4	1.9921E+4	1.4908E+4	1.1630E+4	9.6687E+3	8.4407E+3	7.6978E+3
5.1118E+5	4.3669E+5	4.0164E+5	3.6464E+5	3.2226E+5	3.0729E+5	2.9126E+5	2.7426E+5	2.5580E+5	2.3426E+5	2.0677E+5	1.7538E+5	1.3996E+5	1.0928E+5	7.8698E+4	5.6132E+4	4.0635E+4	2.7702E+4	1.9908E+4	1.4901E+4	1.1631E+4	9.6720E+3	8.4382E+3	7.6954E+3
5.0424E+5	4.3465E+5	4.0263E+5	3.6151E+5	3.1980E+5	3.0669E+5	2.9030E+5	2.7251E+5	2.5450E+5	2.3338E+5	2.0553E+5	1.7441E+5	1.3972E+5	1.0897E+5	7.8731E+4	5.6188E+4	4.0715E+4	2.7733E+4	1.9948E+4	1.4928E+4	1.1645E+4	9.6772E+3	8.4413E+3	7.6974E+3
5.0625E+5	4.3453E+5	3.9908E+5	3.5896E+5	3.1853E+5	3.0592E+5	2.8934E+5	2.7252E+5	2.5442E+5	2.3287E+5	2.0525E+5	1.7468E+5	1.3991E+5	1.0916E+5	7.8820E+4	5.6190E+4	4.0762E+4	2.7771E+4	1.9963E+4	1.4927E+4	1.1646E+4	9.6697E+3	8.4392E+3	7.6951E+3
5.1197E+5	4.3474E+5	4.0270E+5	3.6122E+5	3.1932E+5	3.0688E+5	2.9028E+5	2.7371E+5	2.5532E+5	2.3423E+5	2.0613E+5	1.7519E+5	1.3992E+5	1.0916E+5	7.8696E+4	5.6075E+4	4.0609E+4	2.7690E+4	1.9892E+4	1.4890E+4	1.1625E+4	9.6584E+3	8.4290E+3	7.6869E+3
5.1664E+5	4.4458E+5	4.0169E+5	3.5796E+5	3.1974E+5	3.0642E+5	2.9039E+5	2.7366E+5	2.5558E+5	2.3418E+5	2.0711E+5	1.7500E+5	1.4003E+5	1.0910E+5	7.8697E+4	5.6036E+4	4.0597E+4	2.7625E+4	1.9869E+4	1.4875E+4	1.1613E+4	9.6479E+3	8.4249E+3	7.6825E+3
4.9668E+5	4.3530E+5	3.9897E+5	3.5894E+5	3.1895E+5	3.0441E+5	2.8878E+5	2.7146E+5	2.5363E+5	2.3290E+5	2.0528E+5	1.7411E+5	1.3965E+5	1.0903E+5	7.8720E+4	5.6236E+4	4.0752E+4	2.7748E+4	1.9961E+4	1.4924E+4	1.1635E+4	9.6645E+3	8.4307E+3	7.6861E+3
5.0566E+5	4.3348E+5	4.0293E+5	3.6113E+5	3.1993E+5	3.0682E+5	2.9088E+5	2.7295E+5	2.5516E+5	2.3383E+5	2.0586E+5	1.7521E+5	1.4006E+5	1.0904E+5	7.8522E+4	5.6016E+4	4.0536E+4	2.7619E+4	1.9862E+4	1.4855E+4	1.1604E+4	9.6433E+3	8.4177E+3	7.6781E+3
5.0139E+5	4.3940E+5	3.9785E+5	3.5951E+5	3.2028E+5	3.0649E+5	2.9148E+5	2.7364E+5	2.5590E+5	2.3555E+5	2.0671E+5	1.7529E+5	1.3996E+5	1.0908E+5	7.8573E+4	5.5938E+4	4.0517E+4	2.7591E+4	1.9825E+4	1.4846E+4	1.1590E+4	9.6344E+3	8.4131E+3	7.6733E+3
5.0964E+5	4.3742E+5	3.9925E+5	3.5853E+5	3.1906E+5	3.0759E+5	2.9117E+5	2.7298E+5	2.5536E+5	2.3448E+5	2.0608E+5	1.7535E+5	1.4006E+5	1.0909E+5	7.8560E+4	5.6012E+4	4.0530E+4	2.7606E+4	1.9837E+4	1.4845E+4	1.1588E+4	9.6361E+3	8.4081E+3	7.6702E+3
5.0611E+5	4.3560E+5	4.0249E+5	3.6281E+5	3.2181E+5	3.0781E+5	2.9154E+5	2.7431E+5	2.5673E+5	2.3459E+5	2.0657E+5	1.7540E+5	1.4003E+5	1.0898E+5	7.8498E+4	5.5864E+4	4.0438E+4	2.7508E+4	1.9778E+4	1.4820E+4	1.1568E+4	9.6164E+3	8.3990E+3	7.6620E+3
4.9982E+5	4.3786E+5	4.0338E+5	3.6053E+5	3.2204E+5	3.0645E+5	2.9101E+5	2.7438E+5	2.5617E+5	2.3462E+5	2.0660E+5	1.7555E+5	1.4024E+5	1.0919E+5	7.8573E+4	5.5905E+4	4.0434E+4	2.7512E+4	1.9764E+4	1.4801E+4	1.1560E+4	9.6127E+3	8.3943E+3	7.6588E+3
5.0232E+5	4.3422E+5	3.9845E+5	3.6194E+5	3.1985E+5	3.0722E+5	2.9151E+5	2.7443E+5	2.5599E+5	2.3530E+5	2.0714E+5	1.7579E+5	1.4027E+5	1.0909E+5	7.8436E+4	5.5816E+4	4.0362E+4	2.7457E+4	1.9734E+4	1.4774E+4	1.1547E+4	9.6034E+3	8.3865E+3	7.6514E+3
5.0380E+5	4.3625E+5	4.0188E+5	3.6199E+5	3.2112E+5	3.0674E+5	2.9300E+5	2.7524E+5	2.5645E+5	2.3587E+5	2.0718E+5	1.7591E+5	1.4023E+5	1.0909E+5	7.8394E+4	5.5696E+4	4.0306E+4	2.7403E+4	1.9693E+4	1.4756E+4	1.1530E+4	9.5916E+3	8.3798E+3	7.6476E+3
5.0653E+5	4.3517E+5	4.0079E+5	3.6260E+5	3.2203E+5	3.0857E+5	2.9328E+5	2.7607E+5	2.5798E+5	2.3620E+5	2.0756E+5	1.7625E+5	1.4046E+5	1.0897E+5	7.8252E+4	5.5581E+4	4.0183E+4	2.7338E+4	1.9657E+4	1.4725E+4	1.1509E+4	9.5783E+3	8.3723E+3	7.6431E+3
5.0507E+5	4.3419E+5	4.0340E+5	3.6248E+5	3.2177E+5	3.0920E+5	2.9305E+5	2.7599E+5	2.5796E+5	2.3665E+5	2.0826E+5	1.7649E+5	1.4053E+5	1.0897E+5	7.8264E+4	5.5579E+4	4.0161E+4	2.7333E+4	1.9658E+4	1.4721E+4	1.1507E+4	9.5766E+3	8.3680E+3	7.6388E+3
5.0207E+5	4.3857E+5	3.9828E+5	3.6179E+5	3.2188E+5	3.0976E+5	2.9367E+5	2.7609E+5	2.5841E+5	2.3695E+5	2.0879E+5	1.7668E+5	1.4067E+5	1.0907E+5	7.8313E+4	5.5518E+4	4.0115E+4	2.7282E+4	1.9611E+4	1.4699E+4	1.1488E+4	9.5650E+3	8.3622E+3	7.6341E+3
4.9802E+5	4.3207E+5	3.9982E+5	3.6076E+5	3.2253E+5	3.0792E+5	2.9286E+5	2.7522E+5	2.5759E+5	2.3610E+5	2.0822E+5	1.7641E+5	1.4059E+5	1.0916E+5	7.8265E+4	5.5661E+4	4.0205E+4	2.7340E+4	1.9654E+4	1.4715E+4	1.1497E+4	9.5706E+3	8.3651E+3	7.6338E+3
4.9497E+5	4.3316E+5	4.0000E+5	3.6474E+5	3.2103E+5	3.0896E+5	2.9339E+5	2.7682E+5	2.5813E+5	2.3684E+5	2.0812E+5	1.7630E+5	1.4029E+5	1.0896E+5	7.8276E+4	5.5554E+4	4.0121E+4	2.7284E+4	1.9613E+4	1.4693E+4	1.1481E+4	9.5605E+3	8.3563E+3	7.6303E+3
5.0091E+5	4.3086E+5	3.9951E+5	3.5943E+5	3.2129E+5	3.0794E+5	2.9275E+5	2.7604E+5	2.5806E+5	2.3660E+5	2.0850E+5	1.7673E+5	1.4076E+5	1.0915E+5	7.8350E+4	5.5611E+4	4.0158E+4	2.7301E+4	1.9618E+4	1.4692E+4	1.1484E+4	9.5611E+3	8.3572E+3	7.6274E+3
5.0048E+5	4.3392E+5	4.0058E+5	3.6198E+5	3.2389E+5	3.0888E+5	2.9359E+5	2.7635E+5	2.5877E+5	2.3723E+5	2.0852E+5	1.7675E+5	1.4060E+5	1.0912E+5	7.8179E+4	5.5451E+4	4.0054E+4	2.7227E+4	1.9576E+4	1.4673E+4	1.1471E+4	9.5498E+3	8.3502E+3	7.6234E+3
4.9525E+5	4.3305E+5	4.0091E+5	3.6188E+5	3.2185E+5	3.0915E+5	2.9293E+5	2.7627E+5	2.5816E+5	2.3737E+5	2.0850E+5	1.7660E+5	1.4056E+5	1.0893E+5	7.8114E+4	5.5462E+4	4.0053E+4	2.7228E+4	1.9586E+4	1.4680E+4	1.1471E+4	9.5509E+3	8.3480E+3	7.6229E+3
5.0348E+5	4.3633E+5	4.0073E+5	3.6227E+5	3.2247E+5	3.0973E+5	2.9341E+5	2.7658E+5	2.5926E+5	2.3854E+5	2.0942E+5	1.7681E+5	1.4070E+5	1.0891E+5	7.7996E+4	5.5358E+4	3.9946E+4	2.7160E+4	1.9517E+4	1.4634E+4	1.1449E+4	9.5375E+3	8.3397E+3	7.6150E+3
5.0158E+5	4.3734E+5	4.0400E+5	3.6342E+5	3.2479E+5	3.1175E+5	2.9561E+5	2.7803E+5	2.6013E+5	2.3965E+5	2.1006E+5	1.7748E+5	1.4090E+5	1.0891E+5	7.7970E+4	5.5201E+4	3.9803E+4	2.7061E+4	1.9475E+4	1.4596E+4	1.1428E+4	9.5209E+3	8.3287E+3	7.6098E+3
4.9644E+5	4.3705E+5	4.0232E+5	3.6289E+5	3.2543E+5	3.1301E+5	2.9769E+5	2.7983E+5	2.6215E+5	2.3971E+5	2.1111E+5	1.7797E+5	1.4116E+5	1.0892E+5	7.7784E+4	5.5051E+4	3.9705E+4	2.6991E+4	1.9402E+4	1.4558E+4	1.1393E+4	9.5055E+3	8.3195E+3	7.5994E+3
5.0816E+5	4.3656E+5	4.0355E+5	3.6535E+5	3.2645E+5	3.1283E+5	2.9748E+5	2.7958E+5	2.6132E+5	2.3982E+5	2.1100E+5	1.7779E+5	1.4103E+5	1.0886E+5	7.7724E+4	5.5015E+4	3.9695E+4	2.6957E+4	1.9390E+4	1.4550E+4	1.1390E+4	9.4993E+3	8.3154E+3	7.5982E+3
4.9635E+5	4.3896E+5	4.0286E+5	3.6405E+5	3.2741E+5	3.1140E+5	2.9651E+5	2.7886E+5	2.6095E+5	2.4022E+5	2.1032E+5	1.7776E+5	1.4078E+5	1.0885E+5	7.7797E+4	5.5053E+4	3.9721E+4	2.6997E+4	1.9405E+4	1.4563E+4	1.1395E+4	9.5074E+3	8.3179E+3	7.5982E+3
4.9027E+5	4.3013E+5	3.9834E+5	3.6608E+5	3.2366E+5	3.1110E+5	2.9621E+5	2.7813E+5	2.6094E+5	2.3818E+5	2.1026E+5	1.7756E+5	1.4090E+5	1.0881E+5	7.7824E+4	5.5032E+4	3.9722E+4	2.6978E+4	1.9395E+4	1.4547E+4	1.1392E+4	9.4969E+3	8.3119E+3	7.5958E+3
4.9855E+5	4.3485E+5	4.0306E+5	3.6307E+5	3.2247E+5	3.1055E+5	2.9514E+5	2.7772E+5	2.5980E+5	2.3716E+5	2.0986E+5	1.7713E+5	1.4077E+5	1.0877E+5	7.7858E+4	5.5159E+4	3.9785E+4	2.7035E+4	1.9437E+4	1.4579E+4	1.1404E+4	9.5094E+3	8.3161E+3	7.5960E+3
5.0431E+5	4.3816E+5	4.0541E+5	3.6686E+5	3.2475E+5	3.1242E+5	2.9629E+5	2.7869E+5	2.6048E+5	2.3955E+5	2.0956E+5	1.7727E+5	1.4065E+5	1.0867E+5	7.7669E+4	5.4977E+4	3.9693E+4	2.6943E+4	1.9373E+4	1.4537E+4	1.1381E+4	9.4910E+3	8.3061E+3	7.5891E+3
4.9698E+5	4.3274E+5	3.9977E+5	3.6233E+5	3.2379E+5	3.1010E+5	2.9403E+5	2.7697E+5	2.5908E+5	2.3756E+5	2.0908E+5	1.7668E+5	1.4047E+5	1.0885E+5	7.7783E+4	5.5140E+4	3.9782E+4	2.7031E+4	1.9441E+4	1.4569E+4	1.1398E+4	9.4982E+3	8.3103E+3	7.5902E+3
4.9924E+5	4.2940E+5	4.0050E+5	3.6220E+5	3.2422E+5	3.1056E+5	2.9429E+5	2.7749E+5	2.5949E+5	2.3778E+5	2.0989E+5	1.7716E+5	1.4053E+5	1.0874E+5	7.7675E+4	5.5048E+4	3.9684E+4	2.6955E+4	1.9391E+4	1.4544E+4	1.1378E+4	9.4866E+3	8.2995E+3	7.5820E+3
5.0016E+5	4.3648E+5	4.0029E+5	3.6215E+5	3.2343E+5	3.1145E+5	2.9633E+5	2.7841E+5	2.6030E+5	2.3919E+5	2.0973E+5	1.7741E+5	1.4075E+5	1.0867E+5	7.7667E+4	5.4936E+4	3.9609E+4	2.6929E+4	1.9353E+4	1.4521E+4	1.1364E+4	9.4777E+3	8.2931E+3	7.5781E+3
5.0387E+5	4.3761E+5	4.0658E+5	3.6476E+5	3.2559E+5	3.1341E+5	2.9695E+5	2.7969E+5	2.6127E+5	2.4000E+5	2.1043E+5	1.7754E+5	1.4063E+5	1.0851E+5	7.7380E+4	5.4766E+4	3.9478E+4	2.6826E+4	1.9305E+4	1.4483E+4	1.1347E+4	9.4623E+3	8.2864E+3	7.5726E+3
4.9281E+5	4.3336E+5	3.9653E+5	3.5991E+5	3.2150E+5	3.0955E+5	2.9409E+5	2.7702E+5	2.5865E+5	2.3734E+5	2.0875E+5	1.7676E+5	1.4050E+5	1.0873E+5	7.7756E+4	5.5085E+4	3.9742E+4	2.7002E+4	1.9414E+4	1.4547E+4	1.1381E+4	9.4853E+3	8.2965E+3	7.5775E+3
4.9659E+5	4.3378E+5	4.0119E+5	3.6246E+5	3.2285E+5	3.1146E+5	2.9512E+5	2.7726E+5	2.6017E+5	2.3825E+5	2.1010E+5	1.7737E+5	1.4057E+5	1.0854E+5	7.7536E+4	5.4917E+4	3.9631E+4	2.6882E+4	1.9334E+4	1.4501E+4	1.1353E+4	9.4665E+3	8.2853E+3	7.5710E+3
4.8378E+5	4.2473E+5	3.9973E+5	3.6063E+5	3.1987E+5	3.0840E+5	2.9326E+5	2.7658E+5	2.5830E+5	2.3692E+5	2.0884E+5	1.7637E+5	1.4024E+5	1.0855E+5	7.7707E+4	5.5082E+4	3.9724E+4	2.7013E+4	1.9408E+4	1.4551E+4	1.1380E+4	9.4813E+3	8.2924E+3	7.5724E+3
5.0330E+5	4.3070E+5	4.0662E+5	3.6441E+5	3.2376E+5	3.1169E+5	2.9553E+5	2.7824E+5	2.6038E+5	2.3870E+5	2.0944E+5	1.7688E+5	1.4023E+5	1.0843E+5	7.7375E+4	5.4823E+4	3.9527E+4	2.6853E+4	1.9303E+4	1.4477E+4	1.1340E+4	9.4557E+3	8.2776E+3	7.5630E+3
5.0550E+5	4.3649E+5	4.0359E+5	3.6383E+5	3.2356E+5	3.1171E+5	2.9543E+5	2.7878E+5	2.6024E+5	2.3879E+5	2.0943E+5	1.7678E+5	1.4031E+5	1.0832E+5	7.7465E+4	5.4764E+4	3.9477E+4	2.6843E+4	1.9294E+4	1.4474E+4	1.1336E+4	9.4530E+3	8.2732E+3	7.5612E+3
5.1804E+5	4.3107E+5	4.0136E+5	3.6163E+5	3.2390E+5	3.0891E+5	2.9567E+5	2.7761E+5	2.5953E+5	2.3823E+5	2.0928E+5	1.7674E+5	1.4007E+5	1.0826E+5	7.7398E+4	5.4804E+4	3.9540E+4	2.6874E+4	1.9328E+4	1.4485E+4	1.1344E+4	9.4588E+3	8.2752E+3	7.5602E+3
5.0168E+5	4.3430E+5	4.0543E+5	3.6321E+5	3.2532E+5	3.1257E+5	2.9625E+5	2.7851E+5	2.6026E+5	2.3874E+5	2.0964E+5	1.7669E+5	1.4011E+5	1.0820E+5	7.7214E+4	5.4685E+4	3.9431E+4	2.6804E+4	1.9284E+4	1.4461E+4	1.1326E+4	9.4454E+3	8.2670E+3	7.5562E+3
4.9672E+5	4.3130E+5	4.0005E+5	3.6278E+5	3.2290E+5	3.1048E+5	2.9534E+5	2.7794E+5	2.6028E+5	2.3792E+5	2.0929E+5	1.7679E+5	1.4039E+5	1.0838E+5	7.7384E+4	5.4798E+4	3.9485E+4	2.6858E+4	1.9294E+4	1.4472E+4	1.1332E+4	9.4452E+3	8.2666E+3	7.5546E+3
4.9092E+5	4.3752E+5	4.0186E+5	3.6146E+5	3.2269E+5	3.1228E+5	2.9686E+5	2.7810E+5	2.6080E+5	2.3817E+5	2.0918E+5	1.7654E+5	1.4004E+5	1.0823E+5	7.7182E+4	5.4661E+4	3.9406E+4	2.6796E+4	1.9280E+4	1.4452E+4	1.1319E+4	9.4404E+3	8.2611E+3	7.5512E+3
5.0511E+5	4.3860E+5	4.0537E+5	3.6640E+5	3.2818E+5	3.1313E+5	2.9759E+5	2.8043E+5	2.6153E+5	2.3912E+5	2.0993E+5	1.7734E+5	1.4015E+5	1.0814E+5	7.7066E+4	5.4481E+4	3.9275E+4	2.6699E+4	1.9190E+4	1.4404E+4	1.1284E+4	9.4196E+3	8.2510E+3	7.5435E+3
4.9056E+5	4.3934E+5	3.9911E+5	3.6319E+5	3.2560E+5	3.1244E+5	2.9606E+5	2.7929E+5	2.6069E+5	2.3950E+5	2.0987E+5	1.7722E+5	1.4017E+5	1.0810E+5	7.7143E+4	5.4577E+4	3.9373E+4	2.6752E+4	1.9245E+4	1.4434E+4	1.1304E+4	9.4270E+3	8.2538E+3	7.5439E+3
5.1494E+5	4.3985E+5	3.9664E+5	3.6279E+5	3.2655E+5	3.1258E+5	2.9697E+5	2.8009E+5	2.6156E+5	2.3977E+5	2.1004E+5	1.7712E+5	1.4019E+5	1.0811E+5	7.7114E+4	5.4484E+4	3.9252E+4	2.6694E+4	1.9195E+4	1.4402E+4	1.1285E+4	9.4165E+3	8.2459E+3	7.5392E+3
5.0066E+5	4.3303E+5	4.0148E+5	3.6522E+5	3.2523E+5	3.1204E+5	2.9611E+5	2.7954E+5	2.6087E+5	2.3894E+5	2.0991E+5	1.7717E+5	1.4023E+5	1.0812E+5	7.7085E+4	5.4477E+4	3.9272E+4	2.6673E+4	1.9186E+4	1.4407E+4	1.1284E+4	9.4126E+3	8.2415E+3	7.5356E+3
4.9896E+5	4.3256E+5	4.0245E+5	3.6524E+5	3.2671E+5	3.1305E+5	2.9819E+5	2.8083E+5	2.6169E+5	2.3924E+5	2.0994E+5	1.7728E+5	1.4022E+5	1.0791E+5	7.6889E+4	5.4371E+4	3.9177E+4	2.6625E+4	1.9158E+4	1.4369E+4	1.1266E+4	9.4023E+3	8.2384E+3	7.5322E+3
5.0252E+5	4.3448E+5	4.0319E+5	3.6330E+5	3.2561E+5	3.1199E+5	2.9627E+5	2.7890E+5	2.6037E+5	2.3956E+5	2.0961E+5	1.7679E+5	1.4017E+5	1.0812E+5	7.7040E+4	5.4529E+4	3.9252E+4	2.6682E+4	1.9186E+4	1.4395E+4	1.1276E+4	9.4076E+3	8.2390E+3	7.5333E+3
5.0235E+5	4.3363E+5	4.0170E+5	3.6805E+5	3.2612E+5	3.1314E+5	2.9683E+5	2.7915E+5	2.6139E+5	2.3864E+5	2.1020E+5	1.7674E+5	1.3986E+5	1.0781E+5	7.6825E+4	5.4353E+4	3.9172E+4	2.6635E+4	1.9162E+4	1.4386E+4	1.1268E+4	9.4062E+3	8.2374E+3	7.5302E+3
5.0628E+5	4.4081E+5	4.0629E+5	3.6911E+5	3.2777E+5	3.1496E+5	2.9894E+5	2.8228E+5	2.6271E+5	2.4077E+5	2.1041E+5	1.7729E+5	1.3986E+5	1.0777E+5	7.6671E+4	5.4162E+4	3.9006E+4	2.6525E+4	1.9099E+4	1.4337E+4	1.1243E+4	9.3890E+3	8.2276E+3	7.5235E+3
5.0323E+5	4.3719E+5	4.0539E+5	3.6540E+5	3.2753E+5	3.1350E+5	2.9786E+5	2.8143E+5	2.6232E+5	2.4067E+5	2.1072E+5	1.7726E+5	1.4019E+5	1.0790E+5	7.6869E+4	5.4268E+4	3.9075E+4	2.6552E+4	1.9098E+4	1.4344E+4	1.1239E+4	9.3903E+3	8.2237E+3	7.5199E+3
4.9820E+5	4.3584E+5	4.0509E+5	3.6751E+5	3.2776E+5	3.1465E+5	2.9838E+5	2.8007E+5	2.6218E+5	2.3878E+5	2.0950E+5	1.7698E+5	1.3983E+5	1.0768E+5	7.6720E+4	5.4153E+4	3.9043E+4	2.6544E+4	1.9093E+4	1.4334E+4	1.1241E+4	9.3862E+3	8.2240E+3	7.5194E+3
4.9869E+5	4.3725E+5	4.0167E+5	3.6213E+5	3.2460E+5	3.1152E+5	2.9520E+5	2.7785E+5	2.5890E+5	2.3763E+5	2.0841E+5	1.7579E+5	1.3909E+5	1.0751E+5	7.6931E+4	5.4460E+4	3.9324E+4	2.6732E+4	1.9246E+4	1.4421E+4	1.1292E+4	9.4172E+3	8.2381E+3	7.5272E+3
4.9808E+5	4.4008E+5	4.0309E+5	3.6600E+5	3.2591E+5	3.1301E+5	2.9763E+5	2.8040E+5	2.6152E+5	2.3878E+5	2.0948E+5	1.7643E+5	1.3938E+5	1.0748E+5	7.6603E+4	5.4177E+4	3.9083E+4	2.6539E+4	1.9135E+4	1.4356E+4	1.1249E+4	9.3859E+3	8.2227E+3	7.5169E+3
5.0635E+5	4.4002E+5	4.0411E+5	3.6871E+5	3.2742E+5	3.1345E+5	2.9799E+5	2.8039E+5	2.6186E+5	2.3840E+5	2.0966E+5	1.7647E+5	1.3953E+5	1.0755E+5	7.6475E+4	5.4148E+4	3.9015E+4	2.6534E+4	1.9090E+4	1.4342E+4	1.1236E+4	9.3800E+3	8.2168E+3	7.5128E+3
4.8182E+5	4.2659E+5	3.9295E+5	3.5534E+5	3.1881E+5	3.0503E+5	2.8969E+5	2.7290E+5	2.5552E+5	2.3449E+5	2.0590E+5	1.7453E+5	1.3873E+5	1.0762E+5	7.7156E+4	5.4806E+4	3.9598E+4	2.6933E+4	1.9360E+4	1.4511E+4	1.1338E+4	9.4382E+3	8.2465E+3	7.5292E+3
4.8827E+5	4.2678E+5	3.9441E+5	3.5663E+5	3.1771E+5	3.0425E+5	2.8985E+5	2.7214E+5	2.5466E+5	2.3413E+5	2.0625E+5	1.7432E+5	1.3864E+5	1.0757E+5	7.7121E+4	5.4783E+4	3.9599E+4	2.6923E+4	1.9362E+4	1.4507E+4	1.1337E+4	9.4375E+3	8.2464E+3	7.5279E+3
4.7829E+5	4.2683E+5	3.8921E+5	3.5663E+5	3.1706E+5	3.0499E+5	2.8934E+5	2.7294E+5	2.5500E+5	2.3350E+5	2.0599E+5	1.7406E+5	1.3867E+5	1.0747E+5	7.7094E+4	5.4767E+4	3.9589E+4	2.6916E+4	1.9345E+4	1.4489E+4	1.1333E+4	9.4312E+3	8.2425E+3	7.5233E+3
4.9349E+5	4.2819E+5	3.9876E+5	3.6246E+5	3.2379E+5	3.0958E+5	2.9379E+5	2.7644E+5	2.5803E+5	2.3575E+5	2.0729E+5	1.7495E+5	1.3883E+5	1.0741E+5	7.6789E+4	5.4434E+4	3.9295E+4	2.6724E+4	1.9236E+4	1.4419E+4	1.1287E+4	9.4046E+3	8.2255E+3	7.5135E+3
4.8989E+5	4.3098E+5	3.9617E+5	3.5620E+5	3.1780E+5	3.0472E+5	2.8950E+5	2.7263E+5	2.5532E+5	2.3359E+5	2.0618E+5	1.7459E+5	1.3882E+5	1.0765E+5	7.7142E+4	5.4751E+4	3.9575E+4	2.6907E+4	1.9333E+4	1.4480E+4	1.1319E+4	9.4239E+3	8.2374E+3	7.5201E+3
4.9559E+5	4.2853E+5	3.9678E+5	3.5777E+5	3.1891E+5	3.0697E+5	2.9256E+5	2.7555E+5	2.5743E+5	2.3632E+5	2.0789E+5	1.7530E+5	1.3909E+5	1.0749E+5	7.7069E+4	5.4552E+4	3.9333E+4	2.6749E+4	1.9223E+4	1.4416E+4	1.1277E+4	9.3974E+3	8.2231E+3	7.5089E+3
4.9497E+5	4.2636E+5	3.9552E+5	3.5829E+5	3.2100E+5	3.0825E+5	2.9150E+5	2.7473E+5	2.5723E+5	2.3705E+5	2.0723E+5	1.7525E+5	1.3903E+5	1.0753E+5	7.6965E+4	5.4489E+4	3.9357E+4	2.6750E+4	1.9222E+4	1.4410E+4	1.1278E+4	9.3954E+3	8.2193E+3	7.5084E+3
4.8583E+5	4.2695E+5	3.9783E+5	3.6093E+5	3.2119E+5	3.0820E+5	2.9289E+5	2.7567E+5	2.5822E+5	2.3640E+5	2.0799E+5	1.7531E+5	1.3917E+5	1.0755E+5	7.6853E+4	5.4418E+4	3.9260E+4	2.6668E+4	1.9181E+4	1.4383E+4	1.1255E+4	9.3853E+3	8.2121E+3	7.5020E+3
5.0088E+5	4.2436E+5	3.9296E+5	3.5786E+5	3.2001E+5	3.0777E+5	2.9264E+5	2.7488E+5	2.5666E+5	2.3475E+5	2.0701E+5	1.7509E+5	1.3898E+5	1.0743E+5	7.6861E+4	5.4495E+4	3.9321E+4	2.6712E+4	1.9216E+4	1.4409E+4	1.1272E+4	9.3928E+3	8.2150E+3	7.5027E+3
4.8652E+5	4.2651E+5	3.9400E+5	3.5440E+5	3.1693E+5	3.0487E+5	2.8936E+5	2.7268E+5	2.5465E+5	2.3356E+5	2.0522E+5	1.7400E+5	1.3843E+5	1.0744E+5	7.7013E+4	5.4690E+4	3.9499E+4	2.6878E+4	1.9313E+4	1.4457E+4	1.1299E+4	9.4077E+3	8.2247E+3	7.5098E+3
4.9368E+5	4.2543E+5	3.9381E+5	3.5590E+5	3.1971E+5	3.0544E+5	2.9070E+5	2.7342E+5	2.5528E+5	2.3427E+5	2.0555E+5	1.7400E+5	1.3845E+5	1.0737E+5	7.6980E+4	5.4619E+4	3.9396E+4	2.6800E+4	1.9265E+4	1.4437E+4	1.1286E+4	9.4007E+3	8.2181E+3	7.5038E+3
4.8458E+5	4.2207E+5	3.8984E+5	3.5426E+5	3.1556E+5	3.0271E+5	2.8753E+5	2.7089E+5	2.5315E+5	2.3295E+5	2.0535E+5	1.7367E+5	1.3843E+5	1.0750E+5	7.7186E+4	5.4797E+4	3.9565E+4	2.6907E+4	1.9348E+4	1.4481E+4	1.1312E+4	9.4151E+3	8.2247E+3	7.5072E+3
4.9451E+5	4.1684E+5	3.8754E+5	3.5214E+5	3.1349E+5	3.0166E+5	2.8635E+5	2.7027E+5	2.5300E+5	2.3163E+5	2.0432E+5	1.7341E+5	1.3826E+5	1.0742E+5	7.7129E+4	5.4821E+4	3.9655E+4	2.6951E+4	1.9358E+4	1.4500E+4	1.1324E+4	9.4182E+3	8.2266E+3	7.5085E+3
4.8761E+5	4.2213E+5	3.8932E+5	3.5453E+5	3.1513E+5	3.0319E+5	2.8764E+5	2.7028E+5	2.5356E+5	2.3280E+5	2.0392E+5	1.7343E+5	1.3821E+5	1.0722E+5	7.6998E+4	5.4764E+4	3.9539E+4	2.6894E+4	1.9324E+4	1.4470E+4	1.1312E+4	9.4061E+3	8.2213E+3	7.5040E+3
4.7627E+5	4.2354E+5	3.8918E+5	3.5338E+5	3.1527E+5	3.0179E+5	2.8688E+5	2.7046E+5	2.5193E+5	2.3146E+5	2.0414E+5	1.7312E+5	1.3806E+5	1.0732E+5	7.6999E+4	5.4772E+4	3.9634E+4	2.6933E+4	1.9354E+4	1.4491E+4	1.1318E+4	9.4155E+3	8.2229E+3	7.5035E+3
4.7877E+5	4.2330E+5	3.8844E+5	3.5194E+5	3.1334E+5	3.0186E+5	2.8671E+5	2.6990E+5	2.5240E+5	2.3191E+5	2.0399E+5	1.7288E+5	1.3791E+5	1.0722E+5	7.7133E+4	5.4819E+4	3.9641E+4	2.6951E+4	1.9389E+4	1.4498E+4	1.1323E+4	9.4171E+3	8.2239E+3	7.5040E+3
4.7256E+5	4.1622E+5	3.8294E+5	3.5147E+5	3.1249E+5	3.0124E+5	2.8534E+5	2.6910E+5	2.5211E+5	2.3133E+5	2.0388E+5	1.7306E+5	1.3815E+5	1.0739E+5	7.7255E+4	5.4883E+4	3.9703E+4	2.6973E+4	1.9372E+4	1.4495E+4	1.1321E+4	9.4150E+3	8.2217E+3	7.5009E+3
4.6936E+5	4.1331E+5	3.8167E+5	3.4800E+5	3.1227E+5	2.9863E+5	2.8469E+5	2.6778E+5	2.5071E+5	2.3102E+5	2.0384E+5	1.7291E+5	1.3810E+5	1.0748E+5	7.7287E+4	5.5018E+4	3.9769E+4	2.7019E+4	1.9402E+4	1.4514E+4	1.1327E+4	9.4178E+3	8.2230E+3	7.5022E+3
4.7126E+5	4.1844E+5	3.8485E+5	3.5110E+5	3.1260E+5	3.0054E+5	2.8494E+5	2.6846E+5	2.5130E+5	2.3070E+5	2.0363E+5	1.7273E+5	1.3791E+5	1.0734E+5	7.7168E+4	5.4888E+4	3.9681E+4	2.6997E+4	1.9381E+4	1.4498E+4	1.1314E+4	9.4117E+3	8.2181E+3	7.4987E+3
4.7574E+5	4.1429E+5	3.8631E+5	3.4944E+5	3.1232E+5	2.9913E+5	2.8392E+5	2.6770E+5	2.5095E+5	2.3048E+5	2.0227E+5	1.7248E+5	1.3783E+5	1.0732E+5	7.7264E+4	5.4955E+4	3.9725E+4	2.7039E+4	1.9403E+4	1.4513E+4	1.1325E+4	9.4178E+3	8.2208E+3	7.4981E+3
4.7561E+5	4.1131E+5	3.7919E+5	3.4437E+5	3.0859E+5	2.9504E+5	2.8103E+5	2.6527E+5	2.4810E+5	2.2928E+5	2.0210E+5	1.7207E+5	1.3771E+5	1.0745E+5	7.7526E+4	5.5223E+4	3.9923E+4	2.7136E+4	1.9484E+4	1.4558E+4	1.1354E+4	9.4303E+3	8.2273E+3	7.5019E+3
4.7569E+5	4.2322E+5	3.8711E+5	3.5067E+5	3.1322E+5	3.0049E+5	2.8545E+5	2.6851E+5	2.5174E+5	2.3215E+5	2.0397E+5	1.7301E+5	1.3814E+5	1.0734E+5	7.7180E+4	5.4811E+4	3.9599E+4	2.6910E+4	1.9330E+4	1.4461E+4	1.1289E+4	9.3933E+3	8.2072E+3	7.4895E+3
4.6624E+5	4.0964E+5	3.7986E+5	3.4143E+5	3.0757E+5	2.9456E+5	2.7937E+5	2.6348E+5	2.4793E+5	2.2790E+5	2.0242E+5	1.7210E+5	1.3787E+5	1.0758E+5	7.7553E+4	5.5236E+4	3.9947E+4	2.7143E+4	1.9481E+4	1.4556E+4	1.1343E+4	9.4226E+3	8.2220E+3	7.4983E+3
4.7367E+5	4.1150E+5	3.8332E+5	3.4837E+5	3.1096E+5	2.9814E+5	2.8304E+5	2.6799E+5	2.5030E+5	2.3019E+5	2.0270E+5	1.7245E+5	1.3794E+5	1.0742E+5	7.7315E+4	5.4957E+4	3.9681E+4	2.6991E+4	1.9357E+4	1.4486E+4	1.1303E+4	9.3982E+3	8.2080E+3	7.4887E+3
4.7249E+5	4.1591E+5	3.8264E+5	3.4581E+5	3.1100E+5	2.9794E+5	2.8255E+5	2.6720E+5	2.5063E+5	2.3038E+5	2.0333E+5	1.7277E+5	1.3802E+5	1.0743E+5	7.7273E+4	5.4931E+4	3.9672E+4	2.6968E+4	1.9368E+4	1.4479E+4	1.1300E+4	9.3949E+3	8.2060E+3	7.4861E+3
4.7602E+5	4.0953E+5	3.8309E+5	3.4838E+5	3.1113E+5	2.9818E+5	2.8375E+5	2.6773E+5	2.5067E+5	2.3109E+5	2.0349E+5	1.7290E+5	1.3799E+5	1.0738E+5	7.7152E+4	5.4834E+4	3.9615E+4	2.6946E+4	1.9343E+4	1.4459E+4	1.1289E+4	9.3868E+3	8.2010E+3	7.4831E+3
4.6289E+5	4.0791E+5	3.8037E+5	3.4283E+5	3.0554E+5	2.9463E+5	2.8056E+5	2.6468E+5	2.4753E+5	2.2870E+5	2.0176E+5	1.7179E+5	1.3769E+5	1.0736E+5	7.7431E+4	5.5078E+4	3.9860E+4	2.7107E+4	1.9445E+4	1.4538E+4	1.1333E+4	9.4133E+3	8.2156E+3	7.4900E+3
4.7051E+5	4.1368E+5	3.7957E+5	3.4655E+5	3.1038E+5	2.9811E+5	2.8352E+5	2.6707E+5	2.5066E+5	2.3024E+5	2.0345E+5	1.7267E+5	1.3803E+5	1.0730E+5	7.7049E+4	5.4731E+4	3.9584E+4	2.6885E+4	1.9301E+4	1.4449E+4	1.1283E+4	9.3839E+3	8.1952E+3	7.4788E+3
4.6052E+5	4.1016E+5	3.7603E+5	3.4369E+5	3.0595E+5	2.9420E+5	2.7945E+5	2.6407E+5	2.4719E+5	2.2803E+5	2.0149E+5	1.7193E+5	1.3757E+5	1.0721E+5	7.7266E+4	5.5046E+4	3.9829E+4	2.7030E+4	1.9423E+4	1.4515E+4	1.1322E+4	9.4049E+3	8.2063E+3	7.4802E+3
4.5932E+5	4.0097E+5	3.7210E+5	3.3670E+5	3.0205E+5	2.8976E+5	2.7605E+5	2.6103E+5	2.4486E+5	2.2600E+5	1.9950E+5	1.7066E+5	1.3709E+5	1.0720E+5	7.7530E+4	5.5309E+4	4.0063E+4	2.7245E+4	1.9548E+4	1.4597E+4	1.1367E+4	9.4299E+3	8.2195E+3	7.4887E+3
4.5643E+5	4.0102E+5	3.7090E+5	3.3617E+5	3.0212E+5	2.8951E+5	2.7556E+5	2.6090E+5	2.4435E+5	2.2509E+5	1.9946E+5	1.7006E+5	1.3672E+5	1.0696E+5	7.7384E+4	5.5291E+4	4.0049E+4	2.7250E+4	1.9567E+4	1.4606E+4	1.1373E+4	9.4344E+3	8.2214E+3	7.4884E+3
4.5755E+5	4.0714E+5	3.6983E+5	3.3728E+5	3.0390E+5	2.9250E+5	2.7756E+5	2.6240E+5	2.4576E+5	2.2663E+5	2.0035E+5	1.7119E+5	1.3715E+5	1.0721E+5	7.7312E+4	5.5112E+4	3.9875E+4	2.7128E+4	1.9468E+4	1.4538E+4	1.1328E+4	9.4071E+3	8.2052E+3	7.4767E+3
4.5754E+5	4.0401E+5	3.7851E+5	3.3930E+5	3.0492E+5	2.9284E+5	2.7938E+5	2.6428E+5	2.4771E+5	2.2796E+5	2.0161E+5	1.7178E+5	1.3759E+5	1.0730E+5	7.7284E+4	5.4994E+4	3.9771E+4	2.7034E+4	1.9410E+4	1.4496E+4	1.1302E+4	9.3887E+3	8.1950E+3	7.4717E+3
4.6276E+5	4.0759E+5	3.7770E+5	3.4468E+5	3.0712E+5	2.9669E+5	2.8134E+5	2.6576E+5	2.4985E+5	2.3102E+5	2.0255E+5	1.7249E+5	1.3787E+5	1.0722E+5	7.7077E+4	5.4792E+4	3.9591E+4	2.6891E+4	1.9297E+4	1.4433E+4	1.1268E+4	9.3689E+3	8.1783E+3	7.4641E+3
4.6699E+5	4.0298E+5	3.7796E+5	3.4275E+5	3.0761E+5	2.9615E+5	2.8176E+5	2.6508E+5	2.4885E+5	2.2934E+5	2.0185E+5	1.7205E+5	1.3762E+5	1.0705E+5	7.7031E+4	5.4791E+4	3.9586E+4	2.6919E+4	1.9321E+4	1.4440E+4	1.1275E+4	9.3702E+3	8.1821E+3	7.4634E+3
4.6800E+5	4.0999E+5	3.7748E+5	3.4383E+5	3.0724E+5	2.9477E+5	2.8089E+5	2.6549E+5	2.4877E+5	2.2858E+5	2.0259E+5	1.7233E+5	1.3778E+5	1.0717E+5	7.7073E+4	5.4804E+4	3.9596E+4	2.6912E+4	1.9309E+4	1.4440E+4	1.1264E+4	9.3667E+3	8.1790E+3	7.4602E+3
4.5834E+5	4.0089E+5	3.6907E+5	3.3677E+5	3.0122E+5	2.9026E+5	2.7713E+5	2.6169E+5	2.4582E+5	2.2671E+5	2.0113E+5	1.7128E+5	1.3751E+5	1.0738E+5	7.7367E+4	5.5157E+4	3.9846E+4	2.7088E+4	1.9438E+4	1.4508E+4	1.1303E+4	9.3856E+3	8.1899E+3	7.4653E+3
4.6972E+5	4.0844E+5	3.7391E+5	3.4126E+5	3.0700E+5	2.9433E+5	2.8038E+5	2.6482E+5	2.4828E+5	2.2871E+5	2.0226E+5	1.7225E+5	1.3778E+5	1.0725E+5	7.7165E+4	5.4833E+4	3.9625E+4	2.6888E+4	1.9307E+4	1.4431E+4	1.1259E+4	9.3589E+3	8.1730E+3	7.4556E+3
4.6830E+5	4.0859E+5	3.7850E+5	3.4332E+5	3.0841E+5	2.9584E+5	2.8159E+5	2.6703E+5	2.4989E+5	2.2918E+5	2.0308E+5	1.7298E+5	1.3819E+5	1.0739E+5	7.7082E+4	5.4703E+4	3.9465E+4	2.6796E+4	1.9232E+4	1.4380E+4	1.1226E+4	9.3418E+3	8.1624E+3	7.4484E+3
4.6464E+5	4.0909E+5	3.7994E+5	3.4348E+5	3.0891E+5	2.9709E+5	2.8279E+5	2.6770E+5	2.5050E+5	2.3049E+5	2.0406E+5	1.7342E+5	1.3844E+5	1.0743E+5	7.7023E+4	5.4621E+4	3.9389E+4	2.6740E+4	1.9181E+4	1.4358E+4	1.1211E+4	9.3326E+3	8.1564E+3	7.4456E+3
4.6113E+5	4.0083E+5	3.7048E+5	3.3881E+5	3.0367E+5	2.9241E+5	2.7891E+5	2.6376E+5	2.4795E+5	2.2789E+5	2.0225E+5	1.7229E+5	1.3810E+5	1.0755E+5	7.7379E+4	5.4988E+4	3.9687E+4	2.6958E+4	1.9318E+4	1.4434E+4	1.1262E+4	9.3578E+3	8.1696E+3	7.4521E+3
4.6757E+5	4.0759E+5	3.7914E+5	3.4288E+5	3.0925E+5	2.9692E+5	2.8214E+5	2.6680E+5	2.5010E+5	2.2949E+5	2.0358E+5	1.7317E+5	1.3816E+5	1.0739E+5	7.6986E+4	5.4637E+4	3.9414E+4	2.6749E+4	1.9194E+4	1.4362E+4	1.1214E+4	9.3295E+3	8.1519E+3	7.4420E+3
4.6071E+5	4.0557E+5	3.7604E+5	3.4269E+5	3.0670E+5	2.9589E+5	2.8125E+5	2.6574E+5	2.4936E+5	2.2965E+5	2.0285E+5	1.7255E+5	1.3794E+5	1.0732E+5	7.7052E+4	5.4695E+4	3.9457E+4	2.6791E+4	1.9205E+4	1.4372E+4	1.1220E+4	9.3347E+3	8.1558E+3	7.4419E+3
4.6583E+5	4.0682E+5	3.7763E+5	3.4339E+5	3.0850E+5	2.9662E+5	2.8278E+5	2.6625E+5	2.4982E+5	2.3044E+5	2.0342E+5	1.7285E+5	1.3800E+5	1.0713E+5	7.6910E+4	5.4583E+4	3.9349E+4	2.6720E+4	1.9177E+4	1.4350E+4	1.1207E+4	9.3218E+3	8.1467E+3	7.4376E+3
4.6413E+5	4.0748E+5	3.8079E+5	3.4682E+5	3.0941E+5	2.9822E+5	2.8395E+5	2.6855E+5	2.5141E+5	2.3097E+5	2.0389E+5	1.7325E+5	1.3806E+5	1.0712E+5	7.6814E+4	5.4426E+4	3.9270E+4	2.6638E+4	1.9130E+4	1.4310E+4	1.1183E+4	9.3101E+3	8.1410E+3	7.4318E+3
4.6746E+5	4.0766E+5	3.7907E+5	3.4460E+5	3.0784E+5	2.9656E+5	2.8253E+5	2.6665E+5	2.5017E+5	2.2988E+5	2.0308E+5	1.7269E+5	1.3801E+5	1.0716E+5	7.6844E+4	5.4578E+4	3.9346E+4	2.6709E+4	1.9171E+4	1.4344E+4	1.1201E+4	9.3195E+3	8.1453E+3	7.4340E+3
4.7305E+5	4.1203E+5	3.8214E+5	3.4515E+5	3.1041E+5	2.9788E+5	2.8396E+5	2.6809E+5	2.5116E+5	2.3173E+5	2.0345E+5	1.7293E+5	1.3790E+5	1.0699E+5	7.6623E+4	5.4344E+4	3.9183E+4	2.6611E+4	1.9112E+4	1.4307E+4	1.1182E+4	9.3119E+3	8.1376E+3	7.4294E+3
4.5156E+5	4.0062E+5	3.7561E+5	3.4538E+5	3.0923E+5	2.9641E+5	2.8285E+5	2.6708E+5	2.5000E+5	2.2930E+5	2.0269E+5	1.7249E+5	1.3767E+5	1.0693E+5	7.6797E+4	5.4483E+4	3.9316E+4	2.6703E+4	1.9160E+4	1.4345E+4	1.1204E+4	9.3185E+3	8.1424E+3	7.4316E+3
4.5956E+5	4.0810E+5	3.7688E+5	3.4411E+5	3.0798E+5	2.9572E+5	2.8147E+5	2.6602E+5	2.4876E+5	2.2892E+5	2.0187E+5	1.7175E+5	1.3721E+5	1.0664E+5	7.6719E+4	5.4549E+4	3.9363E+4	2.6740E+4	1.9221E+4	1.4371E+4	1.1218E+4	9.3323E+3	8.1493E+3	7.4353E+3
4.7644E+5	4.0681E+5	3.7475E+5	3.4432E+5	3.0652E+5	2.9490E+5	2.8095E+5	2.6520E+5	2.4811E+5	2.2847E+5	2.0192E+5	1.7186E+5	1.3736E+5	1.0692E+5	7.6832E+4	5.4612E+4	3.9410E+4	2.6781E+4	1.9230E+4	1.4379E+4	1.1222E+4	9.3320E+3	8.1494E+3	7.4341E+3
4.6792E+5	4.0940E+5	3.7568E+5	3.4351E+5	3.0634E+5	2.9450E+5	2.8049E+5	2.6436E+5	2.4797E+5	2.2776E+5	2.0146E+5	1.7122E+5	1.3700E+5	1.0661E+5	7.6745E+4	5.4629E+4	3.9488E+4	2.6814E+4	1.9249E+4	1.4398E+4	1.1230E+4	9.3359E+3	8.1497E+3	7.4345E+3
4.7216E+5	4.0902E+5	3.7670E+5	3.4373E+5	3.0673E+5	2.9509E+5	2.8091E+5	2.6530E+5	2.4833E+5	2.2940E+5	2.0262E+5	1.7176E+5	1.3720E+5	1.0671E+5	7.6794E+4	5.4518E+4	3.9376E+4	2.6751E+4	1.9199E+4	1.4368E+4	1.1209E+4	9.3217E+3	8.1427E+3	7.4282E+3
4.6918E+5	4.1231E+5	3.7579E+5	3.4417E+5	3.0904E+5	2.9673E+5	2.8184E+5	2.6603E+5	2.4952E+5	2.2905E+5	2.0283E+5	1.7219E+5	1.3749E+5	1.0678E+5	7.6632E+4	5.4462E+4	3.9309E+4	2.6701E+4	1.9154E+4	1.4326E+4	1.1191E+4	9.3113E+3	8.1330E+3	7.4231E+3
4.6696E+5	4.0729E+5	3.8090E+5	3.4326E+5	3.0786E+5	2.9669E+5	2.8217E+5	2.6616E+5	2.4978E+5	2.3025E+5	2.0235E+5	1.7221E+5	1.3756E+5	1.0682E+5	7.6648E+4	5.4418E+4	3.9242E+4	2.6647E+4	1.9125E+4	1.4307E+4	1.1175E+4	9.3008E+3	8.1279E+3	7.4190E+3
4.6648E+5	4.0848E+5	3.7749E+5	3.4361E+5	3.0798E+5	2.9590E+5	2.8185E+5	2.6620E+5	2.4966E+5	2.2980E+5	2.0265E+5	1.7239E+5	1.3761E+5	1.0696E+5	7.6748E+4	5.4410E+4	3.9284E+4	2.6661E+4	1.9128E+4	1.4314E+4	1.1173E+4	9.2989E+3	8.1261E+3	7.4196E+3
4.6494E+5	4.0485E+5	3.7670E+5	3.4347E+5	3.0797E+5	2.9573E+5	2.8109E+5	2.6541E+5	2.4876E+5	2.2909E+5	2.0221E+5	1.7181E+5	1.3735E+5	1.0676E+5	7.6665E+4	5.4422E+4	3.9303E+4	2.6688E+4	1.9159E+4	1.4320E+4	1.1188E+4	9.3032E+3	8.1309E+3	7.4200E+3
4.7125E+5	4.1277E+5	3.7808E+5	3.4420E+5	3.0852E+5	2.9604E+5	2.8126E+5	2.6635E+5	2.4900E+5	2.2919E+5	2.0245E+5	1.7220E+5	1.3746E+5	1.0683E+5	7.6623E+4	5.4395E+4	3.9209E+4	2.6644E+4	1.9119E+4	1.4307E+4	1.1172E+4	9.2955E+3	8.1238E+3	7.4152E+3
4.8013E+5	4.0847E+5	3.8074E+5	3.4567E+5	3.0904E+5	2.9804E+5	2.8231E+5	2.6705E+5	2.5056E+5	2.3040E+5	2.0304E+5	1.7246E+5	1.3764E+5	1.0675E+5	7.6545E+4	5.4296E+4	3.9159E+4	2.6587E+4	1.9070E+4	1.4275E+4	1.1154E+4	9.2851E+3	8.1159E+3	7.4122E+3
4.7161E+5	4.0868E+5	3.7973E+5	3.4776E+5	3.1170E+5	3.0007E+5	2.8541E+5	2.6869E+5	2.5219E+5	2.3191E+5	2.0415E+5	1.7327E+5	1.3783E+5	1.0671E+5	7.6350E+4	5.4110E+4	3.8999E+4	2.6465E+4	1.8993E+4	1.4226E+4	1.1128E+4	9.2654E+3	8.1060E+3	7.4044E+3
4.6707E+5	4.0574E+5	3.7600E+5	3.4179E+5	3.0846E+5	2.9535E+5	2.8221E+5	2.6574E+5	2.4923E+5	2.2963E+5	2.0331E+5	1.7243E+5	1.3758E+5	1.0684E+5	7.6665E+4	5.4383E+4	3.9219E+4	2.6614E+4	1.9105E+4	1.4282E+4	1.1157E+4	9.2902E+3	8.1176E+3	7.4087E+3
4.6729E+5	4.0689E+5	3.7837E+5	3.4576E+5	3.1125E+5	2.9789E+5	2.8293E+5	2.6857E+5	2.5077E+5	2.3037E+5	2.0347E+5	1.7293E+5	1.3779E+5	1.0685E+5	7.6468E+4	5.4260E+4	3.9101E+4	2.6534E+4	1.9041E+4	1.4257E+4	1.1134E+4	9.2721E+3	8.1082E+3	7.4041E+3
4.6645E+5	4.0590E+5	3.7443E+5	3.4102E+5	3.0737E+5	2.9478E+5	2.7994E+5	2.6534E+5	2.4832E+5	2.2919E+5	2.0275E+5	1.7222E+5	1.3779E+5	1.0698E+5	7.6765E+4	5.4442E+4	3.9274E+4	2.6641E+4	1.9112E+4	1.4292E+4	1.1162E+4	9.2838E+3	8.1124E+3	7.4072E+3
4.7218E+5	4.0783E+5	3.7647E+5	3.4435E+5	3.0845E+5	2.9504E+5	2.8163E+5	2.6590E+5	2.5006E+5	2.3035E+5	2.0308E+5	1.7274E+5	1.3781E+5	1.0697E+5	7.6589E+4	5.4271E+4	3.9145E+4	2.6543E+4	1.9064E+4	1.4261E+4	1.1139E+4	9.2724E+3	8.1053E+3	7.4010E+3
4.7135E+5	4.1207E+5	3.8097E+5	3.4473E+5	3.0870E+5	2.9619E+5	2.8201E+5	2.6642E+5	2.4967E+5	2.3042E+5	2.0285E+5	1.7257E+5	1.3772E+5	1.0683E+5	7.6576E+4	5.4222E+4	3.9137E+4	2.6524E+4	1.9056E+4	1.4249E+4	1.1136E+4	9.2690E+3	8.1065E+3	7.4006E+3
4.5856E+5	4.0727E+5	3.7525E+5	3.4343E+5	3.0726E+5	2.9492E+5	2.8069E+5	2.6456E+5	2.4892E+5	2.2906E+5	2.0286E+5	1.7191E+5	1.3754E+5	1.0684E+5	7.6618E+4	5.4291E+4	3.9148E+4	2.6569E+4	1.9080E+4	1.4276E+4	1.1146E+4	9.2794E+3	8.1051E+3	7.4018E+3
4.7434E+5	4.0669E+5	3.7432E+5	3.3949E+5	3.0455E+5	2.9410E+5	2.8034E+5	2.6558E+5	2.4884E+5	2.2903E+5	2.0213E+5	1.7208E+5	1.3752E+5	1.0673E+5	7.6527E+4	5.4321E+4	3.9208E+4	2.6596E+4	1.9096E+4	1.4285E+4	1.1152E+4	9.2817E+3	8.1086E+3	7.4017E+3
4.3808E+5	4.0648E+5	3.7532E+5	3.4054E+5	3.0375E+5	2.9274E+5	2.7805E+5	2.6256E+5	2.4731E+5	2.2670E+5	2.0104E+5	1.7134E+5	1.3721E+5	1.0673E+5	7.6793E+4	5.4524E+4	3.9362E+4	2.6731E+4	1.9172E+4	1.4332E+4	1.1183E+4	9.2984E+3	8.1183E+3	7.4058E+3
4.5414E+5	4.0325E+5	3.7526E+5	3.4089E+5	3.0462E+5	2.9412E+5	2.8040E+5	2.6428E+5	2.4835E+5	2.2931E+5	2.0238E+5	1.7208E+5	1.3748E+5	1.0673E+5	7.6615E+4	5.4344E+4	3.9207E+4	2.6608E+4	1.9092E+4	1.4284E+4	1.1148E+4	9.2761E+3	8.1066E+3	7.3992E+3
4.5423E+5	4.0138E+5	3.6936E+5	3.3601E+5	3.0251E+5	2.9020E+5	2.7699E+5	2.6193E+5	2.4618E+5	2.2657E+5	2.0114E+5	1.7170E+5	1.3728E+5	1.0688E+5	7.6901E+4	5.4618E+4	3.9428E+4	2.6750E+4	1.9175E+4	1.4334E+4	1.1176E+4	9.2921E+3	8.1138E+3	7.4029E+3
4.5277E+5	3.9228E+5	3.6719E+5	3.3276E+5	2.9911E+5	2.8776E+5	2.7439E+5	2.5987E+5	2.4387E+5	2.2543E+5	2.0015E+5	1.7073E+5	1.3703E+5	1.0687E+5	7.7009E+4	5.4794E+4	3.9588E+4	2.6856E+4	1.9267E+4	1.4380E+4	1.1209E+4	9.3056E+3	8.1226E+3	7.4060E+3
4.5036E+5	3.9121E+5	3.6230E+5	3.3017E+5	2.9684E+5	2.8569E+5	2.7232E+5	2.5782E+5	2.4221E+5	2.2353E+5	1.9880E+5	1.7003E+5	1.3667E+5	1.0683E+5	7.7134E+4	5.4990E+4	3.9729E+4	2.6971E+4	1.9319E+4	1.4420E+4	1.1234E+4	9.3218E+3	8.1294E+3	7.4098E+3
4.4449E+5	3.8889E+5	3.6351E+5	3.3004E+5	2.9614E+5	2.8464E+5	2.7169E+5	2.5677E+5	2.4149E+5	2.2300E+5	1.9843E+5	1.6966E+5	1.3643E+5	1.0669E+5	7.7036E+4	5.4912E+4	3.9706E+4	2.6990E+4	1.9334E+4	1.4425E+4	1.1235E+4	9.3198E+3	8.1271E+3	7.4061E+3
4.4282E+5	3.9021E+5	3.6099E+5	3.2968E+5	2.9456E+5	2.8379E+5	2.7034E+5	2.5549E+5	2.4010E+5	2.2126E+5	1.9707E+5	1.6890E+5	1.3592E+5	1.0653E+5	7.7050E+4	5.4974E+4	3.9775E+4	2.7038E+4	1.9378E+4	1.4454E+4	1.1254E+4	9.3315E+3	8.1305E+3	7.4070E+3
4.4808E+5	3.9165E+5	3.6104E+5	3.2880E+5	2.9450E+5	2.8263E+5	2.6990E+5	2.5444E+5	2.3943E+5	2.2076E+5	1.9621E+5	1.6806E+5	1.3554E+5	1.0625E+5	7.7072E+4	5.5057E+4	3.9884E+4	2.7089E+4	1.9428E+4	1.4496E+4	1.1272E+4	9.3411E+3	8.1373E+3	7.4105E+3
4.5067E+5	3.9268E+5	3.6268E+5	3.3117E+5	2.9498E+5	2.8404E+5	2.7051E+5	2.5506E+5	2.3984E+5	2.2172E+5	1.9587E+5	1.6832E+5	1.3559E+5	1.0623E+5	7.6944E+4	5.4998E+4	3.9802E+4	2.7049E+4	1.9396E+4	1.4473E+4	1.1259E+4	9.3352E+3	8.1300E+3	7.4047E+3
4.3828E+5	3.8536E+5	3.5801E+5	3.2446E+5	2.9192E+5	2.7982E+5	2.6602E+5	2.5231E+5	2.3657E+5	2.1892E+5	1.9466E+5	1.6686E+5	1.3494E+5	1.0609E+5	7.7120E+4	5.5227E+4	4.0051E+4	2.7229E+4	1.9534E+4	1.4545E+4	1.1300E+4	9.3592E+3	8.1445E+3	7.4141E+3
4.4593E+5	3.9286E+5	3.5844E+5	3.2533E+5	2.9146E+5	2.7937E+5	2.6633E+5	2.5212E+5	2.3715E+5	2.1858E+5	1.9438E+5	1.6701E+5	1.3504E+5	1.0605E+5	7.7069E+4	5.5203E+4	4.0019E+4	2.7219E+4	1.9521E+4	1.4548E+4	1.1302E+4	9.3606E+3	8.1435E+3	7.4124E+3
4.5291E+5	3.9244E+5	3.6330E+5	3.2894E+5	2.9390E+5	2.8322E+5	2.6980E+5	2.5484E+5	2.3941E+5	2.2131E+5	1.9589E+5	1.6809E+5	1.3537E+5	1.0610E+5	7.6891E+4	5.4927E+4	3.9784E+4	2.7048E+4	1.9394E+4	1.4464E+4	1.1251E+4	9.3293E+3	8.1280E+3	7.4017E+3
4.4547E+5	3.9478E+5	3.6600E+5	3.2945E+5	2.9451E+5	2.8311E+5	2.7053E+5	2.5523E+5	2.3993E+5	2.2195E+5	1.9642E+5	1.6829E+5	1.3532E+5	1.0615E+5	7.6867E+4	5.4928E+4	3.9762E+4	2.7036E+4	1.9386E+4	1.4455E+4	1.1248E+4	9.3271E+3	8.1237E+3	7.4000E+3
4.4745E+5	3.8949E+5	3.6080E+5	3.2832E+5	2.9332E+5	2.8281E+5	2.6994E+5	2.5536E+5	2.3945E+5	2.2184E+5	1.9655E+5	1.6815E+5	1.3544E+5	1.0621E+5	7.6921E+4	5.4914E+4	3.9810E+4	2.7034E+4	1.9389E+4	1.4457E+4	1.1245E+4	9.3229E+3	8.1225E+3	7.3972E+3
4.4213E+5	3.9137E+5	3.5922E+5	3.2549E+5	2.9074E+5	2.8097E+5	2.6806E+5	2.5320E+5	2.3848E+5	2.2039E+5	1.9552E+5	1.6771E+5	1.3546E+5	1.0628E+5	7.7118E+4	5.5124E+4	3.9921E+4	2.7141E+4	1.9442E+4	1.4486E+4	1.1265E+4	9.3326E+3	8.1259E+3	7.4003E+3
4.4332E+5	3.9196E+5	3.6201E+5	3.2749E+5	2.9349E+5	2.8332E+5	2.7022E+5	2.5525E+5	2.3970E+5	2.2088E+5	1.9710E+5	1.6855E+5	1.3560E+5	1.0631E+5	7.6968E+4	5.4915E+4	3.9751E+4	2.6992E+4	1.9348E+4	1.4430E+4	1.1229E+4	9.3085E+3	8.1124E+3	7.3923E+3
4.4820E+5	3.9107E+5	3.6321E+5	3.2763E+5	2.9495E+5	2.8438E+5	2.7167E+5	2.5698E+5	2.4108E+5	2.2276E+5	1.9782E+5	1.6896E+5	1.3604E+5	1.0643E+5	7.6902E+4	5.4813E+4	3.9601E+4	2.6907E+4	1.9283E+4	1.4385E+4	1.1200E+4	9.2945E+3	8.1024E+3	7.3866E+3
4.3596E+5	3.9232E+5	3.6190E+5	3.3203E+5	2.9597E+5	2.8314E+5	2.6978E+5	2.5596E+5	2.4034E+5	2.2242E+5	1.9684E+5	1.6912E+5	1.3618E+5	1.0667E+5	7.7018E+4	5.4885E+4	3.9663E+4	2.6900E+4	1.9279E+4	1.4389E+4	1.1197E+4	9.2913E+3	8.1018E+3	7.3835E+3
4.4898E+5	3.9334E+5	3.6296E+5	3.2878E+5	2.9455E+5	2.8457E+5	2.7149E+5	2.5704E+5	2.4143E+5	2.2227E+5	1.9837E+5	1.6934E+5	1.3622E+5	1.0651E+5	7.6861E+4	5.4759E+4	3.9564E+4	2.6854E+4	1.9255E+4	1.4361E+4	1.1188E+4	9.2835E+3	8.0986E+3	7.3808E+3
4.4935E+5	3.9302E+5	3.6415E+5	3.3000E+5	2.9675E+5	2.8530E+5	2.7185E+5	2.5707E+5	2.4255E+5	2.2358E+5	1.9753E+5	1.6961E+5	1.3629E+5	1.0650E+5	7.6751E+4	5.4655E+4	3.9477E+4	2.6792E+4	1.9210E+4	1.4338E+4	1.1171E+4	9.2747E+3	8.0910E+3	7.3760E+3
4.4209E+5	3.8515E+5	3.5748E+5	3.2550E+5	2.9240E+5	2.8198E+5	2.6856E+5	2.5481E+5	2.3976E+5	2.2199E+5	1.9710E+5	1.6893E+5	1.3604E+5	1.0667E+5	7.7087E+4	5.4964E+4	3.9728E+4	2.6954E+4	1.9305E+4	1.4398E+4	1.1200E+4	9.2949E+3	8.1000E+3	7.3823E+3
4.4493E+5	3.8423E+5	3.5893E+5	3.2529E+5	2.9225E+5	2.8161E+5	2.6845E+5	2.5393E+5	2.3933E+5	2.2102E+5	1.9678E+5	1.6888E+5	1.3605E+5	1.0653E+5	7.7062E+4	5.4938E+4	3.9730E+4	2.6966E+4	1.9308E+4	1.4400E+4	1.1204E+4	9.2937E+3	8.1022E+3	7.3815E+3
4.4167E+5	3.8125E+5	3.5825E+5	3.2393E+5	2.9047E+5	2.7851E+5	2.6766E+5	2.5346E+5	2.3823E+5	2.2114E+5	1.9630E+5	1.6869E+5	1.3611E+5	1.0660E+5	7.7202E+4	5.4989E+4	3.9807E+4	2.7005E+4	1.9330E+4	1.4410E+4	1.1213E+4	9.2974E+3	8.1030E+3	7.3815E+3
4.3879E+5	3.8674E+5	3.5658E+5	3.2411E+5	2.9141E+5	2.7966E+5	2.6797E+5	2.5341E+5	2.3892E+5	2.2107E+5	1.9665E+5	1.6826E+5	1.3572E+5	1.0640E+5	7.6977E+4	5.4900E+4	3.9752E+4	2.6985E+4	1.9328E+4	1.4413E+4	1.1212E+4	9.2985E+3	8.1029E+3	7.3809E+3
4.4006E+5	3.8131E+5	3.5283E+5	3.2101E+5	2.8879E+5	2.7866E+5	2.6573E+5	2.5211E+5	2.3747E+5	2.1912E+5	1.9595E+5	1.6794E+5	1.3574E+5	1.0649E+5	7.7178E+4	5.5095E+4	3.9853E+4	2.7078E+4	1.9395E+4	1.4455E+4	1.1232E+4	9.3117E+3	8.1084E+3	7.3837E+3
4.4746E+5	3.8179E+5	3.5860E+5	3.2322E+5	2.9131E+5	2.7999E+5	2.6664E+5	2.5267E+5	2.3843E+5	2.2024E+5	1.9605E+5	1.6811E+5	1.3578E+5	1.0638E+5	7.7049E+4	5.4994E+4	3.9781E+4	2.7005E+4	1.9355E+4	1.4425E+4	1.1223E+4	9.3019E+3	8.1023E+3	7.3811E+3
4.4017E+5	3.8620E+5	3.5510E+5	3.2216E+5	2.9144E+5	2.7992E+5	2.6690E+5	2.5267E+5	2.3826E+5	2.2034E+5	1.9606E+5	1.6800E+5	1.3566E+5	1.0633E+5	7.6970E+4	5.4944E+4	3.9751E+4	2.7008E+4	1.9352E+4	1.4430E+4	1.1223E+4	9.3011E+3	8.1010E+3	7.3787E+3
4.2778E+5	3.8291E+5	3.5274E+5	3.2271E+5	2.8882E+5	2.7819E+5	2.6478E+5	2.5124E+5	2.3636E+5	2.1863E+5	1.9455E+5	1.6729E+5	1.3517E+5	1.0613E+5	7.7106E+4	5.5085E+4	3.9899E+4	2.7120E+4	1.9424E+4	1.4473E+4	1.1249E+4	9.3152E+3	8.1095E+3	7.3839E+3
4.3160E+5	3.8475E+5	3.5093E+5	3.2253E+5	2.8727E+5	2.7720E+5	2.6500E+5	2.5119E+5	2.3595E+5	2.1830E+5	1.9415E+5	1.6719E+5	1.3516E+5	1.0617E+5	7.7082E+4	5.5083E+4	3.9912E+4	2.7128E+4	1.9436E+4	1.4482E+4	1.1247E+4	9.3164E+3	8.1116E+3	7.3831E+3
4.3359E+5	3.8164E+5	3.5328E+5	3.2049E+5	2.8670E+5	2.7640E+5	2.6360E+5	2.5050E+5	2.3501E+5	2.1742E+5	1.9366E+5	1.6650E+5	1.3471E+5	1.0599E+5	7.7065E+4	5.5139E+4	3.9989E+4	2.7182E+4	1.9476E+4	1.4507E+4	1.1261E+4	9.3257E+3	8.1156E+3	7.3845E+3
4.5515E+5	3.8232E+5	3.5984E+5	3.2135E+5	2.8674E+5	2.7715E+5	2.6367E+5	2.4997E+5	2.3468E+5	2.1776E+5	1.9346E+5	1.6625E+5	1.3459E+5	1.0597E+5	7.7062E+4	5.5149E+4	3.9973E+4	2.7184E+4	1.9466E+4	1.4501E+4	1.1265E+4	9.3268E+3	8.1129E+3	7.3830E+3
4.3444E+5	3.8041E+5	3.5518E+5	3.2138E+5	2.8904E+5	2.7771E+5	2.6467E+5	2.5040E+5	2.3547E+5	2.1773E+5	1.9407E+5	1.6649E+5	1.3469E+5	1.0593E+5	7.6915E+4	5.5029E+4	3.9895E+4	2.7127E+4	1.9435E+4	1.4481E+4	1.1248E+4	9.3114E+3	8.1078E+3	7.3775E+3
4.3511E+5	3.7714E+5	3.4977E+5	3.2075E+5	2.8841E+5	2.7639E+5	2.6376E+5	2.4998E+5	2.3508E+5	2.1702E+5	1.9360E+5	1.6641E+5	1.3466E+5	1.0596E+5	7.6986E+4	5.5106E+4	3.9928E+4	2.7134E+4	1.9449E+4	1.4482E+4	1.1251E+4	9.3149E+3	8.1064E+3	7.3762E+3
4.3891E+5	3.7882E+5	3.5058E+5	3.1979E+5	2.8646E+5	2.7479E+5	2.6291E+5	2.4884E+5	2.3383E+5	2.1614E+5	1.9301E+5	1.6609E+5	1.3447E+5	1.0585E+5	7.7019E+4	5.5177E+4	3.9989E+4	2.7202E+4	1.9484E+4	1.4500E+4	1.1261E+4	9.3223E+3	8.1100E+3	7.3796E+3
4.3275E+5	3.7313E+5	3.4440E+5	3.1923E+5	2.8445E+5	2.7426E+5	2.6197E+5	2.4758E+5	2.3415E+5	2.1630E+5	1.9305E+5	1.6582E+5	1.3446E+5	1.0600E+5	7.7139E+4	5.5287E+4	4.0092E+4	2.7241E+4	1.9504E+4	1.4526E+4	1.1272E+4	9.3238E+3	8.1126E+3	7.3792E+3
4.3425E+5	3.7394E+5	3.5321E+5	3.1491E+5	2.8612E+5	2.7394E+5	2.6242E+5	2.4844E+5	2.3347E+5	2.1596E+5	1.9317E+5	1.6610E+5	1.3472E+5	1.0619E+5	7.7279E+4	5.5317E+4	4.0098E+4	2.7234E+4	1.9494E+4	1.4509E+4	1.1263E+4	9.3202E+3	8.1076E+3	7.3759E+3
4.2774E+5	3.7799E+5	3.4965E+5	3.1533E+5	2.8430E+5	2.7421E+5	2.6128E+5	2.4790E+5	2.3325E+5	2.1666E+5	1.9278E+5	1.6611E+5	1.3476E+5	1.0622E+5	7.7236E+4	5.5314E+4	4.0056E+4	2.7238E+4	1.9492E+4	1.4503E+4	1.1261E+4	9.3152E+3	8.1038E+3	7.3746E+3
4.3474E+5	3.7778E+5	3.5260E+5	3.1801E+5	2.8615E+5	2.7515E+5	2.6293E+5	2.4870E+5	2.3473E+5	2.1732E+5	1.9366E+5	1.6666E+5	1.3498E+5	1.0622E+5	7.7072E+4	5.5185E+4	3.9931E+4	2.7133E+4	1.9416E+4	1.4463E+4	1.1237E+4	9.3007E+3	8.0952E+3	7.3681E+3
4.2906E+5	3.7756E+5	3.4902E+5	3.1485E+5	2.8660E+5	2.7438E+5	2.6176E+5	2.4763E+5	2.3366E+5	2.1630E+5	1.9316E+5	1.6634E+5	1.3477E+5	1.0610E+5	7.7236E+4	5.5242E+4	4.0015E+4	2.7181E+4	1.9454E+4	1.4486E+4	1.1246E+4	9.3058E+3	8.0981E+3	7.3680E+3
4.3986E+5	3.8674E+5	3.5515E+5	3.2254E+5	2.8941E+5	2.7995E+5	2.6620E+5	2.5237E+5	2.3740E+5	2.2017E+5	1.9566E+5	1.6775E+5	1.3538E+5	1.0622E+5	7.6819E+4	5.4811E+4	3.9626E+4	2.6900E+4	1.9271E+4	1.4362E+4	1.1174E+4	9.2635E+3	8.0721E+3	7.3525E+3
4.4348E+5	3.7812E+5	3.5488E+5	3.1859E+5	2.9062E+5	2.7817E+5	2.6539E+5	2.5161E+5	2.3672E+5	2.1833E+5	1.9507E+5	1.6767E+5	1.3532E+5	1.0612E+5	7.6884E+4	5.4891E+4	3.9716E+4	2.6947E+4	1.9296E+4	1.4387E+4	1.1183E+4	9.2686E+3	8.0744E+3	7.3537E+3
4.4271E+5	3.8240E+5	3.5351E+5	3.2362E+5	2.9061E+5	2.8074E+5	2.6712E+5	2.5243E+5	2.3829E+5	2.2024E+5	1.9606E+5	1.6831E+5	1.3555E+5	1.0625E+5	7.6766E+4	5.4747E+4	3.9563E+4	2.6848E+4	1.9231E+4	1.4337E+4	1.1155E+4	9.2553E+3	8.0661E+3	7.3482E+3
4.3385E+5	3.8539E+5	3.5714E+5	3.2367E+5	2.9073E+5	2.7968E+5	2.6739E+5	2.5260E+5	2.3802E+5	2.2030E+5	1.9632E+5	1.6800E+5	1.3543E+5	1.0604E+5	7.6628E+4	5.4663E+4	3.9511E+4	2.6822E+4	1.9209E+4	1.4330E+4	1.1152E+4	9.2499E+3	8.0629E+3	7.3464E+3
4.4488E+5	3.8719E+5	3.5654E+5	3.2195E+5	2.8988E+5	2.7962E+5	2.6722E+5	2.5293E+5	2.3764E+5	2.1955E+5	1.9541E+5	1.6757E+5	1.3517E+5	1.0584E+5	7.6592E+4	5.4630E+4	3.9516E+4	2.6831E+4	1.9222E+4	1.4342E+4	1.1159E+4	9.2528E+3	8.0648E+3	7.3466E+3
4.2897E+5	3.8174E+5	3.5480E+5	3.1996E+5	2.8982E+5	2.7758E+5	2.6585E+5	2.5193E+5	2.3666E+5	2.1831E+5	1.9447E+5	1.6697E+5	1.3490E+5	1.0585E+5	7.6705E+4	5.4747E+4	3.9607E+4	2.6913E+4	1.9284E+4	1.4378E+4	1.1177E+4	9.2620E+3	8.0675E+3	7.3464E+3
4.4022E+5	3.7668E+5	3.5087E+5	3.2060E+5	2.8797E+5	2.7746E+5	2.6414E+5	2.5076E+5	2.3556E+5	2.1880E+5	1.9465E+5	1.6695E+5	1.3474E+5	1.0581E+5	7.6715E+4	5.4848E+4	3.9696E+4	2.6961E+4	1.9310E+4	1.4392E+4	1.1187E+4	9.2709E+3	8.0702E+3	7.3472E+3
4.3370E+5	3.8258E+5	3.5509E+5	3.2230E+5	2.9035E+5	2.7921E+5	2.6671E+5	2.5219E+5	2.3884E+5	2.1955E+5	1.9506E+5	1.6759E+5	1.3512E+5	1.0578E+5	7.6532E+4	5.4621E+4	3.9523E+4	2.6818E+4	1.9236E+4	1.4340E+4	1.1153E+4	9.2496E+3	8.0592E+3	7.3408E+3
4.3212E+5	3.8314E+5	3.5787E+5	3.2321E+5	2.9101E+5	2.8005E+5	2.6707E+5	2.5348E+5	2.3750E+5	2.1987E+5	1.9486E+5	1.6748E+5	1.3503E+5	1.0580E+5	7.6536E+4	5.4588E+4	3.9499E+4	2.6814E+4	1.9216E+4	1.4334E+4	1.1152E+4	9.2462E+3	8.0574E+3	7.3403E+3
4.3616E+5	3.7917E+5	3.5410E+5	3.2305E+5	2.9027E+5	2.7953E+5	2.6669E+5	2.5250E+5	2.3803E+5	2.1933E+5	1.9576E+5	1.6740E+5	1.3506E+5	1.0584E+5	7.6500E+4	5.4624E+4	3.9475E+4	2.6827E+4	1.9218E+4	1.4328E+4	1.1144E+4	9.2445E+3	8.0538E+3	7.3390E+3
4.4462E+5	3.8503E+5	3.5361E+5	3.2265E+5	2.9049E+5	2.7993E+5	2.6614E+5	2.5282E+5	2.3722E+5	2.1939E+5	1.9504E+5	1.6728E+5	1.3486E+5	1.0580E+5	7.6553E+4	5.4644E+4	3.9539E+4	2.6841E+4	1.9237E+4	1.4344E+4	1.1150E+4	9.2471E+3	8.0552E+3	7.3365E+3
4.3585E+5	3.7994E+5	3.5090E+5	3.2452E+5	2.9186E+5	2.7930E+5	2.6673E+5	2.5217E+5	2.3760E+5	2.1988E+5	1.9519E+5	1.6752E+5	1.3498E+5	1.0574E+5	7.6592E+4	5.4615E+4	3.9520E+4	2.6817E+4	1.9222E+4	1.4330E+4	1.1144E+4	9.2441E+3	8.0507E+3	7.3341E+3
4.3346E+5	3.8731E+5	3.5880E+5	3.2145E+5	2.9102E+5	2.7985E+5	2.6694E+5	2.5212E+5	2.3760E+5	2.2027E+5	1.9573E+5	1.6745E+5	1.3504E+5	1.0579E+5	7.6562E+4	5.4564E+4	3.9479E+4	2.6815E+4	1.9199E+4	1.4308E+4	1.1132E+4	9.2348E+3	8.0480E+3	7.3312E+3
4.2784E+5	3.8177E+5	3.5162E+5	3.2432E+5	2.9118E+5	2.7998E+5	2.6759E+5	2.5334E+5	2.3882E+5	2.2011E+5	1.9562E+5	1.6807E+5	1.3534E+5	1.0590E+5	7.6495E+4	5.4507E+4	3.9397E+4	2.6739E+4	1.9156E+4	1.4285E+4	1.1117E+4	9.2240E+3	8.0402E+3	7.3268E+3
4.3102E+5	3.7862E+5	3.5340E+5	3.2271E+5	2.9049E+5	2.8017E+5	2.6686E+5	2.5269E+5	2.3751E+5	2.1951E+5	1.9550E+5	1.6769E+5	1.3506E+5	1.0587E+5	7.6541E+4	5.4611E+4	3.9442E+4	2.6779E+4	1.9179E+4	1.4298E+4	1.1122E+4	9.2303E+3	8.0422E+3	7.3283E+3
4.3260E+5	3.8029E+5	3.5541E+5	3.2327E+5	2.9064E+5	2.7930E+5	2.6684E+5	2.5244E+5	2.3795E+5	2.2033E+5	1.9630E+5	1.6761E+5	1.3510E+5	1.0583E+5	7.6518E+4	5.4518E+4	3.9460E+4	2.6773E+4	1.9166E+4	1.4306E+4	1.1123E+4	9.2264E+3	8.0425E+3	7.3259E+3
4.3624E+5	3.7287E+5	3.5772E+5	3.2042E+5	2.8911E+5	2.7975E+5	2.6684E+5	2.5282E+5	2.3766E+5	2.1927E+5	1.9524E+5	1.6730E+5	1.3503E+5	1.0577E+5	7.6539E+4	5.4622E+4	3.9463E+4	2.6792E+4	1.9201E+4	1.4311E+4	1.1126E+4	9.2272E+3	8.0415E+3	7.3263E+3
4.3523E+5	3.7867E+5	3.5491E+5	3.2061E+5	2.8888E+5	2.7957E+5	2.6622E+5	2.5274E+5	2.3713E+5	2.1936E+5	1.9451E+5	1.6704E+5	1.3475E+5	1.0569E+5	7.6488E+4	5.4593E+4	3.9502E+4	2.6833E+4	1.9208E+4	1.4318E+4	1.1139E+4	9.2350E+3	8.0451E+3	7.3286E+3
4.2263E+5	3.7277E+5	3.4928E+5	3.2199E+5	2.9030E+5	2.7719E+5	2.6458E+5	2.5107E+5	2.3615E+5	2.1849E+5	1.9409E+5	1.6666E+5	1.3451E+5	1.0567E+5	7.6537E+4	5.4671E+4	3.9591E+4	2.6883E+4	1.9251E+4	1.4341E+4	1.1148E+4	9.2391E+3	8.0487E+3	7.3296E+3
4.2983E+5	3.8146E+5	3.4935E+5	3.2025E+5	2.8588E+5	2.7668E+5	2.6427E+5	2.5020E+5	2.3482E+5	2.1716E+5	1.9355E+5	1.6619E+5	1.3445E+5	1.0555E+5	7.6606E+4	5.4783E+4	3.9643E+4	2.6910E+4	1.9281E+4	1.4359E+4	1.1164E+4	9.2469E+3	8.0517E+3	7.3302E+3
4.3136E+5	3.7913E+5	3.5139E+5	3.1913E+5	2.8751E+5	2.7632E+5	2.6359E+5	2.4997E+5	2.3456E+5	2.1665E+5	1.9319E+5	1.6624E+5	1.3428E+5	1.0553E+5	7.6685E+4	5.4771E+4	3.9668E+4	2.6942E+4	1.9283E+4	1.4372E+4	1.1166E+4	9.2496E+3	8.0487E+3	7.3302E+3
4.3419E+5	3.8047E+5	3.5259E+5	3.1978E+5	2.8636E+5	2.7743E+5	2.6315E+5	2.5016E+5	2.3484E+5	2.1836E+5	1.9323E+5	1.6633E+5	1.3453E+5	1.0564E+5	7.6563E+4	5.4711E+4	3.9599E+4	2.6887E+4	1.9245E+4	1.4343E+4	1.1145E+4	9.2359E+3	8.0447E+3	7.3259E+3
4.2465E+5	3.7158E+5	3.4839E+5	3.1652E+5	2.8433E+5	2.7311E+5	2.6075E+5	2.4794E+5	2.3347E+5	2.1555E+5	1.9214E+5	1.6544E+5	1.3412E+5	1.0552E+5	7.6730E+4	5.4918E+4	3.9800E+4	2.7018E+4	1.9347E+4	1.4406E+4	1.1182E+4	9.2578E+3	8.0575E+3	7.3307E+3
4.2086E+5	3.7073E+5	3.4350E+5	3.1454E+5	2.8306E+5	2.7199E+5	2.6051E+5	2.4680E+5	2.3238E+5	2.1574E+5	1.9275E+5	1.6558E+5	1.3426E+5	1.0572E+5	7.6881E+4	5.5011E+4	3.9846E+4	2.7045E+4	1.9352E+4	1.4407E+4	1.1187E+4	9.2572E+3	8.0569E+3	7.3303E+3
4.1152E+5	3.6709E+5	3.4198E+5	3.1328E+5	2.8204E+5	2.6976E+5	2.5777E+5	2.4473E+5	2.3056E+5	2.1348E+5	1.9130E+5	1.6475E+5	1.3384E+5	1.0571E+5	7.6901E+4	5.5154E+4	3.9943E+4	2.7145E+4	1.9433E+4	1.4457E+4	1.1206E+4	9.2708E+3	8.0621E+3	7.3327E+3
4.1376E+5	3.6531E+5	3.4131E+5	3.0846E+5	2.7939E+5	2.6802E+5	2.5585E+5	2.4276E+5	2.2903E+5	2.1293E+5	1.8994E+5	1.6447E+5	1.3368E+5	1.0572E+5	7.7182E+4	5.5301E+4	4.0124E+4	2.7256E+4	1.9486E+4	1.4486E+4	1.1235E+4	9.2883E+3	8.0679E+3	7.3360E+3
4.1854E+5	3.6671E+5	3.3682E+5	3.0897E+5	2.7818E+5	2.6886E+5	2.5655E+5	2.4394E+5	2.3004E+5	2.1322E+5	1.9089E+5	1.6492E+5	1.3407E+5	1.0588E+5	7.7108E+4	5.5237E+4	4.0042E+4	2.7200E+4	1.9456E+4	1.4463E+4	1.1217E+4	9.2750E+3	8.0628E+3	7.3315E+3
4.1694E+5	3.6472E+5	3.4123E+5	3.0833E+5	2.7785E+5	2.6842E+5	2.5627E+5	2.4347E+5	2.2950E+5	2.1332E+5	1.9029E+5	1.6450E+5	1.3385E+5	1.0569E+5	7.7126E+4	5.5246E+4	4.0043E+4	2.7182E+4	1.9436E+4	1.4459E+4	1.1211E+4	9.2678E+3	8.0584E+3	7.3289E+3
4.1499E+5	3.6882E+5	3.4163E+5	3.1273E+5	2.8061E+5	2.7151E+5	2.5873E+5	2.4523E+5	2.3114E+5	2.1481E+5	1.9190E+5	1.6514E+5	1.3398E+5	1.0564E+5	7.6871E+4	5.5041E+4	3.9911E+4	2.7076E+4	1.9369E+4	1.4412E+4	1.1180E+4	9.2527E+3	8.0480E+3	7.3229E+3
4.1934E+5	3.6974E+5	3.4472E+5	3.1313E+5	2.8145E+5	2.7052E+5	2.5911E+5	2.4605E+5	2.3226E+5	2.1467E+5	1.9201E+5	1.6549E+5	1.3444E+5	1.0576E+5	7.6847E+4	5.4955E+4	3.9810E+4	2.7033E+4	1.9342E+4	1.4389E+4	1.1168E+4	9.2460E+3	8.0447E+3	7.3207E+3
4.1679E+5	3.6528E+5	3.4128E+5	3.0879E+5	2.7995E+5	2.7081E+5	2.5863E+5	2.4556E+5	2.3132E+5	2.1560E+5	1.9225E+5	1.6557E+5	1.3442E+5	1.0589E+5	7.7000E+4	5.5039E+4	3.9855E+4	2.7054E+4	1.9357E+4	1.4401E+4	1.1171E+4	9.2433E+3	8.0436E+3	7.3184E+3
4.1806E+5	3.6863E+5	3.4080E+5	3.1151E+5	2.8167E+5	2.7256E+5	2.6085E+5	2.4674E+5	2.3304E+5	2.1545E+5	1.9382E+5	1.6641E+5	1.3471E+5	1.0606E+5	7.6860E+4	5.4891E+4	3.9700E+4	2.6924E+4	1.9271E+4	1.4345E+4	1.1141E+4	9.2291E+3	8.0310E+3	7.3113E+3
4.0480E+5	3.6700E+5	3.3958E+5	3.1230E+5	2.8176E+5	2.7244E+5	2.6060E+5	2.4733E+5	2.3310E+5	2.1616E+5	1.9358E+5	1.6643E+5	1.3490E+5	1.0593E+5	7.6808E+4	5.4807E+4	3.9661E+4	2.6927E+4	1.9245E+4	1.4330E+4	1.1131E+4	9.2200E+3	8.0275E+3	7.3074E+3
4.0985E+5	3.6292E+5	3.3938E+5	3.0807E+5	2.7886E+5	2.6997E+5	2.5744E+5	2.4492E+5	2.3132E+5	2.1517E+5	1.9221E+5	1.6583E+5	1.3452E+5	1.0597E+5	7.6991E+4	5.5047E+4	3.9849E+4	2.7056E+4	1.9330E+4	1.4380E+4	1.1160E+4	9.2352E+3	8.0350E+3	7.3111E+3
4.2322E+5	3.6159E+5	3.3548E+5	3.0755E+5	2.7712E+5	2.6814E+5	2.5646E+5	2.4390E+5	2.3037E+5	2.1406E+5	1.9116E+5	1.6546E+5	1.3431E+5	1.0591E+5	7.7032E+4	5.5118E+4	3.9885E+4	2.7076E+4	1.9358E+4	1.4400E+4	1.1166E+4	9.2395E+3	8.0372E+3	7.3126E+3
4.1379E+5	3.6433E+5	3.3983E+5	3.1272E+5	2.8165E+5	2.7000E+5	2.5850E+5	2.4641E+5	2.3248E+5	2.1611E+5	1.9274E+5	1.6608E+5	1.3461E+5	1.0587E+5	7.6849E+4	5.4945E+4	3.9713E+4	2.6928E+4	1.9270E+4	1.4339E+4	1.1137E+4	9.2207E+3	8.0248E+3	7.3039E+3
4.1235E+5	3.6102E+5	3.3951E+5	3.1041E+5	2.8039E+5	2.7013E+5	2.5838E+5	2.4549E+5	2.3230E+5	2.1546E+5	1.9255E+5	1.6576E+5	1.3462E+5	1.0597E+5	7.6953E+4	5.4961E+4	3.9739E+4	2.6947E+4	1.9266E+4	1.4346E+4	1.1140E+4	9.2186E+3	8.0250E+3	7.3048E+3
4.1114E+5	3.6109E+5	3.3924E+5	3.0848E+5	2.7914E+5	2.6979E+5	2.5797E+5	2.4536E+5	2.3151E+5	2.1568E+5	1.9230E+5	1.6612E+5	1.3453E+5	1.0582E+5	7.6919E+4	5.4939E+4	3.9770E+4	2.6960E+4	1.9289E+4	1.4358E+4	1.1143E+4	9.2256E+3	8.0251E+3	7.3042E+3
4.1559E+5	3.6198E+5	3.3686E+5	3.0936E+5	2.7898E+5	2.6872E+5	2.5712E+5	2.4422E+5	2.3163E+5	2.1454E+5	1.9240E+5	1.6585E+5	1.3465E+5	1.0589E+5	7.6923E+4	5.4974E+4	3.9762E+4	2.6978E+4	1.9287E+4	1.4349E+4	1.1139E+4	9.2233E+3	8.0250E+3	7.3025E+3
4.1518E+5	3.6264E+5	3.3924E+5	3.0962E+5	2.8041E+5	2.7012E+5	2.5829E+5	2.4562E+5	2.3188E+5	2.1558E+5	1.9240E+5	1.6594E+5	1.3454E+5	1.0581E+5	7.6876E+4	5.4845E+4	3.9702E+4	2.6934E+4	1.9264E+4	1.4338E+4	1.1133E+4	9.2177E+3	8.0208E+3	7.3022E+3
4.1288E+5	3.5961E+5	3.3732E+5	3.0770E+5	2.7745E+5	2.6752E+5	2.5626E+5	2.4388E+5	2.3027E+5	2.1372E+5	1.9122E+5	1.6532E+5	1.3423E+5	1.0588E+5	7.6892E+4	5.5042E+4	3.9804E+4	2.7019E+4	1.9327E+4	1.4376E+4	1.1152E+4	9.2289E+3	8.0304E+3	7.3041E+3
4.1990E+5	3.6089E+5	3.3557E+5	3.0640E+5	2.7808E+5	2.6759E+5	2.5643E+5	2.4432E+5	2.3043E+5	2.1321E+5	1.9100E+5	1.6523E+5	1.3415E+5	1.0561E+5	7.6814E+4	5.4975E+4	3.9825E+4	2.7019E+4	1.9328E+4	1.4377E+4	1.1158E+4	9.2277E+3	8.0255E+3	7.3035E+3
4.0543E+5	3.6035E+5	3.3538E+5	3.0563E+5	2.7828E+5	2.6816E+5	2.5653E+5	2.4313E+5	2.3007E+5	2.1413E+5	1.9127E+5	1.6529E+5	1.3429E+5	1.0575E+5	7.6913E+4	5.4983E+4	3.9815E+4	2.7004E+4	1.9333E+4	1.4375E+4	1.1154E+4	9.2285E+3	8.0239E+3	7.3025E+3
4.0557E+5	3.5835E+5	3.3412E+5	3.0543E+5	2.7659E+5	2.6677E+5	2.5522E+5	2.4285E+5	2.2924E+5	2.1352E+5	1.9068E+5	1.6455E+5	1.3387E+5	1.0566E+5	7.6926E+4	5.5065E+4	3.9916E+4	2.7100E+4	1.9377E+4	1.4410E+4	1.1168E+4	9.2391E+3	8.0297E+3	7.3027E+3
4.0497E+5	3.5477E+5	3.3162E+5	3.0394E+5	2.7556E+5	2.6596E+5	2.5405E+5	2.4191E+5	2.2917E+5	2.1345E+5	1.9022E+5	1.6490E+5	1.3390E+5	1.0573E+5	7.6989E+4	5.5101E+4	3.9907E+4	2.7094E+4	1.9376E+4	1.4404E+4	1.1170E+4	9.2361E+3	8.0312E+3	7.3036E+3
4.1256E+5	3.5451E+5	3.3083E+5	3.0498E+5	2.7600E+5	2.6672E+5	2.5594E+5	2.4314E+5	2.2967E+5	2.1264E+5	1.9051E+5	1.6484E+5	1.3408E+5	1.0569E+5	7.6882E+4	5.5041E+4	3.9858E+4	2.7046E+4	1.9329E+4	1.4378E+4	1.1158E+4	9.2278E+3	8.0243E+3	7.2989E+3
4.1849E+5	3.5293E+5	3.3116E+5	3.0109E+5	2.7728E+5	2.6633E+5	2.5409E+5	2.4203E+5	2.2867E+5	2.1378E+5	1.9078E+5	1.6486E+5	1.3413E+5	1.0575E+5	7.6952E+4	5.5042E+4	3.9882E+4	2.7075E+4	1.9348E+4	1.4391E+4	1.1168E+4	9.2346E+3	8.0287E+3	7.2994E+3
4.0613E+5	3.5594E+5	3.3259E+5	3.0429E+5	2.7765E+5	2.6635E+5	2.5646E+5	2.4422E+5	2.3088E+5	2.1428E+5	1.9163E+5	1.6558E+5	1.3415E+5	1.0567E+5	7.6755E+4	5.4939E+4	3.9757E+4	2.6960E+4	1.9299E+4	1.4353E+4	1.1137E+4	9.2175E+3	8.0186E+3	7.2945E+3
4.1613E+5	3.6411E+5	3.3242E+5	3.0571E+5	2.7748E+5	2.6819E+5	2.5596E+5	2.4317E+5	2.3038E+5	2.1433E+5	1.9126E+5	1.6537E+5	1.3418E+5	1.0570E+5	7.6791E+4	5.4926E+4	3.9754E+4	2.6969E+4	1.9302E+4	1.4364E+4	1.1139E+4	9.2175E+3	8.0168E+3	7.2935E+3
4.0911E+5	3.6264E+5	3.3875E+5	3.0648E+5	2.7813E+5	2.6969E+5	2.5838E+5	2.4518E+5	2.3190E+5	2.1562E+5	1.9263E+5	1.6578E+5	1.3437E+5	1.0556E+5	7.6663E+4	5.4722E+4	3.9592E+4	2.6852E+4	1.9215E+4	1.4308E+4	1.1109E+4	9.2004E+3	8.0070E+3	7.2860E+3
4.1496E+5	3.6185E+5	3.3714E+5	3.0579E+5	2.7687E+5	2.6912E+5	2.5718E+5	2.4473E+5	2.3118E+5	2.1446E+5	1.9186E+5	1.6563E+5	1.3408E+5	1.0558E+5	7.6617E+4	5.4750E+4	3.9612E+4	2.6890E+4	1.9233E+4	1.4322E+4	1.1121E+4	9.2045E+3	8.0084E+3	7.2890E+3
4.0210E+5	3.5744E+5	3.3162E+5	3.0467E+5	2.7635E+5	2.6636E+5	2.5492E+5	2.4302E+5	2.2990E+5	2.1392E+5	1.9125E+5	1.6512E+5	1.3404E+5	1.0570E+5	7.6763E+4	5.4930E+4	3.9780E+4	2.7002E+4	1.9304E+4	1.4365E+4	1.1144E+4	9.2186E+3	8.0140E+3	7.2917E+3
4.0848E+5	3.5748E+5	3.3375E+5	3.0429E+5	2.7700E+5	2.6749E+5	2.5600E+5	2.4397E+5	2.3029E+5	2.1402E+5	1.9138E+5	1.6528E+5	1.3403E+5	1.0554E+5	7.6667E+4	5.4837E+4	3.9699E+4	2.6965E+4	1.9274E+4	1.4341E+4	1.1133E+4	9.2079E+3	8.0117E+3	7.2874E+3
4.0465E+5	3.5768E+5	3.3272E+5	3.0517E+5	2.7683E+5	2.6718E+5	2.5549E+5	2.4366E+5	2.3020E+5	2.1350E+5	1.9196E+5	1.6496E+5	1.3382E+5	1.0555E+5	7.6716E+4	5.4858E+4	3.9723E+4	2.6974E+4	1.9285E+4	1.4355E+4	1.1136E+4	9.2107E+3	8.0089E+3	7.2878E+3
4.0012E+5	3.5702E+5	3.3400E+5	3.0386E+5	2.7746E+5	2.6827E+5	2.5583E+5	2.4327E+5	2.3010E+5	2.1369E+5	1.9134E+5	1.6499E+5	1.3383E+5	1.0550E+5	7.6697E+4	5.4868E+4	3.9734E+4	2.6969E+4	1.9291E+4	1.4348E+4	1.1129E+4	9.2063E+3	8.0089E+3	7.2857E+3
4.0079E+5	3.5568E+5	3.3222E+5	3.0394E+5	2.7692E+5	2.6559E+5	2.5483E+5	2.4249E+5	2.2913E+5	2.1318E+5	1.9043E+5	1.6473E+5	1.3373E+5	1.0545E+5	7.6723E+4	5.4921E+4	3.9789E+4	2.7008E+4	1.9312E+4	1.4361E+4	1.1142E+4	9.2148E+3	8.0117E+3	7.2876E+3
3.9691E+5	3.5442E+5	3.3031E+5	3.0273E+5	2.7599E+5	2.6571E+5	2.5419E+5	2.4188E+5	2.2882E+5	2.1241E+5	1.9077E+5	1.6468E+5	1.3395E+5	1.0555E+5	7.6791E+4	5.4966E+4	3.9797E+4	2.7029E+4	1.9317E+4	1.4366E+4	1.1139E+4	9.2130E+3	8.0102E+3	7.2866E+3
3.9968E+5	3.5432E+5	3.3094E+5	3.0287E+5	2.7398E+5	2.6504E+5	2.5410E+5	2.4138E+5	2.2847E+5	2.1238E+5	1.9044E+5	1.6425E+5	1.3359E+5	1.0542E+5	7.6770E+4	5.4992E+4	3.9873E+4	2.7033E+4	1.9336E+4	1.4379E+4	1.1149E+4	9.2166E+3	8.0116E+3	7.2861E+3
3.9949E+5	3.5853E+5	3.3111E+5	3.0479E+5	2.7686E+5	2.6621E+5	2.5603E+5	2.4371E+5	2.3017E+5	2.1395E+5	1.9108E+5	1.6498E+5	1.3390E+5	1.0545E+5	7.6674E+4	5.4829E+4	3.9696E+4	2.6941E+4	1.9253E+4	1.4337E+4	1.1115E+4	9.1941E+3	8.0005E+3	7.2791E+3
3.9551E+5	3.5401E+5	3.2887E+5	3.0087E+5	2.7330E+5	2.6410E+5	2.5415E+5	2.4131E+5	2.2864E+5	2.1291E+5	1.9027E+5	1.6435E+5	1.3391E+5	1.0553E+5	7.6845E+4	5.4974E+4	3.9819E+4	2.7022E+4	1.9328E+4	1.4363E+4	1.1140E+4	9.2082E+3	8.0077E+3	7.2818E+3
3.9360E+5	3.5268E+5	3.2833E+5	3.0195E+5	2.7401E+5	2.6500E+5	2.5457E+5	2.4212E+5	2.2866E+5	2.1311E+5	1.9059E+5	1.6463E+5	1.3397E+5	1.0571E+5	7.6825E+4	5.4989E+4	3.9806E+4	2.7003E+4	1.9301E+4	1.4353E+4	1.1134E+4	9.2024E+3	8.0048E+3	7.2790E+3
3.9425E+5	3.5518E+5	3.3003E+5	3.0166E+5	2.7369E+5	2.6547E+5	2.5432E+5	2.4165E+5	2.2903E+5	2.1255E+5	1.9033E+5	1.6494E+5	1.3383E+5	1.0556E+5	7.6773E+4	5.4934E+4	3.9750E+4	2.6966E+4	1.9276E+4	1.4344E+4	1.1119E+4	9.1991E+3	7.9994E+3	7.2771E+3
4.0100E+5	3.5348E+5	3.3106E+5	3.0245E+5	2.7558E+5	2.6503E+5	2.5516E+5	2.4292E+5	2.2945E+5	2.1376E+5	1.9078E+5	1.6503E+5	1.3395E+5	1.0565E+5	7.6701E+4	5.4945E+4	3.9693E+4	2.6950E+4	1.9258E+4	1.4323E+4	1.1114E+4	9.1947E+3	7.9958E+3	7.2753E+3
4.0819E+5	3.5824E+5	3.2924E+5	3.0329E+5	2.7530E+5	2.6559E+5	2.5456E+5	2.4217E+5	2.2921E+5	2.1236E+5	1.9097E+5	1.6490E+5	1.3393E+5	1.0565E+5	7.6770E+4	5.4917E+4	3.9731E+4	2.6936E+4	1.9266E+4	1.4329E+4	1.1111E+4	9.1925E+3	7.9974E+3	7.2773E+3
4.0290E+5	3.5236E+5	3.3061E+5	3.0121E+5	2.7468E+5	2.6510E+5	2.5461E+5	2.4234E+5	2.2889E+5	2.1350E+5	1.9146E+5	1.6507E+5	1.3415E+5	1.0569E+5	7.6827E+4	5.4923E+4	3.9751E+4	2.6947E+4	1.9257E+4	1.4326E+4	1.1111E+4	9.1905E+3	7.9933E+3	7.2732E+3
4.0353E+5	3.5263E+5	3.2913E+5	3.0297E+5	2.7446E+5	2.6615E+5	2.5506E+5	2.4362E+5	2.3036E+5	2.1406E+5	1.9153E+5	1.6522E+5	1.3415E+5	1.0565E+5	7.6714E+4	5.4801E+4	3.9655E+4	2.6895E+4	1.9223E+4	1.4298E+4	1.1090E+4	9.1836E+3	7.9894E+3	7.2716E+3
3.9625E+5	3.5340E+5	3.2862E+5	3.0241E+5	2.7463E+5	2.6646E+5	2.5502E+5	2.4308E+5	2.3048E+5	2.1425E+5	1.9144E+5	1.6552E+5	1.3414E+5	1.0564E+5	7.6667E+4	5.4783E+4	3.9595E+4	2.6868E+4	1.9210E+4	1.4280E+4	1.1086E+4	9.1764E+3	7.9860E+3	7.2674E+3
3.9386E+5	3.4837E+5	3.2591E+5	3.0069E+5	2.7398E+5	2.6488E+5	2.5393E+5	2.4209E+5	2.2893E+5	2.1214E+5	1.9099E+5	1.6494E+5	1.3396E+5	1.0555E+5	7.6777E+4	5.4886E+4	3.9711E+4	2.6942E+4	1.9259E+4	1.4326E+4	1.1111E+4	9.1911E+3	7.9906E+3	7.2702E+3
3.9602E+5	3.4776E+5	3.2785E+5	3.0289E+5	2.7344E+5	2.6486E+5	2.5446E+5	2.4151E+5	2.2882E+5	2.1201E+5	1.9089E+5	1.6450E+5	1.3378E+5	1.0546E+5	7.6776E+4	5.4880E+4	3.9687E+4	2.6937E+4	1.9259E+4	1.4320E+4	1.1110E+4	9.1913E+3	7.9917E+3	7.2693E+3
3.8509E+5	3.5287E+5	3.2262E+5	2.9856E+5	2.7214E+5	2.6295E+5	2.5238E+5	2.4117E+5	2.2800E+5	2.1238E+5	1.9004E+5	1.6437E+5	1.3349E+5	1.0543E+5	7.6830E+4	5.4945E+4	3.9821E+4	2.7012E+4	1.9309E+4	1.4361E+4	1.1131E+4	9.2028E+3	7.9943E+3	7.2740E+3
3.9694E+5	3.5122E+5	3.2622E+5	2.9904E+5	2.7332E+5	2.6403E+5	2.5324E+5	2.4170E+5	2.2839E+5	2.1238E+5	1.9014E+5	1.6443E+5	1.3357E+5	1.0542E+5	7.6652E+4	5.4882E+4	3.9756E+4	2.6978E+4	1.9291E+4	1.4344E+4	1.1119E+4	9.1959E+3	7.9950E+3	7.2695E+3
3.9619E+5	3.4858E+5	3.2706E+5	2.9908E+5	2.7311E+5	2.6362E+5	2.5284E+5	2.4051E+5	2.2813E+5	2.1232E+5	1.8982E+5	1.6423E+5	1.3351E+5	1.0526E+5	7.6623E+4	5.4887E+4	3.9758E+4	2.6989E+4	1.9293E+4	1.4349E+4	1.1124E+4	9.1957E+3	7.9942E+3	7.2718E+3
3.9397E+5	3.5078E+5	3.2573E+5	2.9996E+5	2.7388E+5	2.6373E+5	2.5376E+5	2.4127E+5	2.2825E+5	2.1237E+5	1.9026E+5	1.6430E+5	1.3335E+5	1.0522E+5	7.6540E+4	5.4840E+4	3.9729E+4	2.6957E+4	1.9283E+4	1.4339E+4	1.1117E+4	9.1935E+3	7.9914E+3	7.2687E+3
3.9568E+5	3.5085E+5	3.2586E+5	3.0140E+5	2.7281E+5	2.6426E+5	2.5291E+5	2.4083E+5	2.2732E+5	2.1180E+5	1.8929E+5	1.6386E+5	1.3316E+5	1.0510E+5	7.6562E+4	5.4850E+4	3.9750E+4	2.6975E+4	1.9299E+4	1.4349E+4	1.1124E+4	9.1947E+3	7.9932E+3	7.2683E+3
3.9395E+5	3.5282E+5	3.2718E+5	3.0079E+5	2.7417E+5	2.6505E+5	2.5398E+5	2.4131E+5	2.2876E+5	2.1222E+5	1.9055E+5	1.6430E+5	1.3349E+5	1.0521E+5	7.6510E+4	5.4746E+4	3.9644E+4	2.6904E+4	1.9247E+4	1.4320E+4	1.1101E+4	9.1819E+3	7.9856E+3	7.2630E+3
3.9165E+5	3.4711E+5	3.2367E+5	2.9793E+5	2.7137E+5	2.6320E+5	2.5307E+5	2.3974E+5	2.2724E+5	2.1197E+5	1.9019E+5	1.6398E+5	1.3342E+5	1.0531E+5	7.6675E+4	5.4928E+4	3.9758E+4	2.6991E+4	1.9298E+4	1.4340E+4	1.1116E+4	9.1899E+3	7.9879E+3	7.2644E+3
3.9524E+5	3.4762E+5	3.2462E+5	2.9924E+5	2.7281E+5	2.6354E+5	2.5347E+5	2.4120E+5	2.2842E+5	2.1232E+5	1.9084E+5	1.6437E+5	1.3370E+5	1.0540E+5	7.6662E+4	5.4831E+4	3.9717E+4	2.6943E+4	1.9236E+4	1.4320E+4	1.1096E+4	9.1784E+3	7.9805E+3	7.2586E+3
3.9122E+5	3.5086E+5	3.2588E+5	2.9988E+5	2.7251E+5	2.6387E+5	2.5339E+5	2.4107E+5	2.2855E+5	2.1187E+5	1.8956E+5	1.6407E+5	1.3335E+5	1.0523E+5	7.6541E+4	5.4802E+4	3.9681E+4	2.6940E+4	1.9252E+4	1.4316E+4	1.1102E+4	9.1804E+3	7.9835E+3	7.2609E+3
3.9062E+5	3.4455E+5	3.2130E+5	2.9724E+5	2.7072E+5	2.6178E+5	2.5090E+5	2.3888E+5	2.2608E+5	2.1076E+5	1.8895E+5	1.6330E+5	1.3301E+5	1.0516E+5	7.6640E+4	5.4953E+4	3.9857E+4	2.7060E+4	1.9346E+4	1.4377E+4	1.1137E+4	9.1993E+3	7.9929E+3	7.2648E+3
3.8353E+5	3.4353E+5	3.2615E+5	2.9802E+5	2.7070E+5	2.6152E+5	2.5151E+5	2.3933E+5	2.2563E+5	2.1143E+5	1.8825E+5	1.6295E+5	1.3273E+5	1.0495E+5	7.6599E+4	5.4930E+4	3.9852E+4	2.7077E+4	1.9350E+4	1.4375E+4	1.1139E+4	9.1979E+3	7.9918E+3	7.2654E+3
3.8944E+5	3.3752E+5	3.1802E+5	2.9383E+5	2.6913E+5	2.6081E+5	2.4849E+5	2.3622E+5	2.2401E+5	2.0861E+5	1.8755E+5	1.6218E+5	1.3237E+5	1.0486E+5	7.6752E+4	5.5067E+4	3.9953E+4	2.7147E+4	1.9411E+4	1.4413E+4	1.1160E+4	9.2146E+3	8.0004E+3	7.2696E+3
3.8581E+5	3.4175E+5	3.1312E+5	2.9859E+5	2.6748E+5	2.5988E+5	2.4879E+5	2.3756E+5	2.2541E+5	2.0893E+5	1.8790E+5	1.6227E+5	1.3241E+5	1.0498E+5	7.6720E+4	5.5075E+4	3.9953E+4	2.7114E+4	1.9407E+4	1.4410E+4	1.1153E+4	9.2079E+3	7.9975E+3	7.2668E+3
3.8574E+5	3.3976E+5	3.2147E+5	2.9638E+5	2.6888E+5	2.5960E+5	2.4922E+5	2.3702E+5	2.2436E+5	2.0863E+5	1.8686E+5	1.6217E+5	1.3240E+5	1.0489E+5	7.6696E+4	5.5084E+4	3.9983E+4	2.7156E+4	1.9406E+4	1.4416E+4	1.1157E+4	9.2110E+3	7.9962E+3	7.2658E+3
3.9244E+5	3.4240E+5	3.2311E+5	2.9364E+5	2.6868E+5	2.5918E+5	2.4986E+5	2.3719E+5	2.2476E+5	2.0911E+5	1.8764E+5	1.6233E+5	1.3248E+5	1.0496E+5	7.6735E+4	5.5029E+4	3.9941E+4	2.7123E+4	1.9387E+4	1.4403E+4	1.1149E+4	9.2054E+3	7.9914E+3	7.2633E+3
3.8550E+5	3.4195E+5	3.1954E+5	2.9234E+5	2.6785E+5	2.5816E+5	2.4665E+5	2.3552E+5	2.2283E+5	2.0698E+5	1.8629E+5	1.6165E+5	1.3213E+5	1.0478E+5	7.6798E+4	5.5209E+4	4.0121E+4	2.7248E+4	1.9460E+4	1.4450E+4	1.1174E+4	9.2216E+3	8.0036E+3	7.2681E+3
3.7671E+5	3.4586E+5	3.1633E+5	2.9252E+5	2.6382E+5	2.5584E+5	2.4552E+5	2.3392E+5	2.2184E+5	2.0691E+5	1.8559E+5	1.6132E+5	1.3207E+5	1.0494E+5	7.6879E+4	5.5343E+4	4.0199E+4	2.7306E+4	1.9506E+4	1.4468E+4	1.1190E+4	9.2295E+3	8.0044E+3	7.2694E+3
3.8784E+5	3.3811E+5	3.1189E+5	2.8870E+5	2.6295E+5	2.5452E+5	2.4450E+5	2.3302E+5	2.2048E+5	2.0587E+5	1.8446E+5	1.6062E+5	1.3176E+5	1.0485E+5	7.6971E+4	5.5419E+4	4.0277E+4	2.7371E+4	1.9557E+4	1.4506E+4	1.1210E+4	9.2391E+3	8.0119E+3	7.2720E+3
3.8322E+5	3.3403E+5	3.1488E+5	2.8835E+5	2.6342E+5	2.5339E+5	2.4343E+5	2.3236E+5	2.1995E+5	2.0480E+5	1.8437E+5	1.6041E+5	1.3169E+5	1.0485E+5	7.6995E+4	5.5500E+4	4.0327E+4	2.7409E+4	1.9571E+4	1.4513E+4	1.1218E+4	9.2417E+3	8.0127E+3	7.2734E+3
3.7374E+5	3.2749E+5	3.1399E+5	2.8868E+5	2.6176E+5	2.5335E+5	2.4333E+5	2.3164E+5	2.1963E+5	2.0522E+5	1.8468E+5	1.6024E+5	1.3156E+5	1.0476E+5	7.6986E+4	5.5483E+4	4.0336E+4	2.7427E+4	1.9583E+4	1.4525E+4	1.1221E+4	9.2464E+3	8.0140E+3	7.2716E+3
3.7642E+5	3.3231E+5	3.1129E+5	2.8755E+5	2.6058E+5	2.5174E+5	2.4187E+5	2.3075E+5	2.1905E+5	2.0383E+5	1.8429E+5	1.5998E+5	1.3137E+5	1.0478E+5	7.7099E+4	5.5538E+4	4.0441E+4	2.7455E+4	1.9622E+4	1.4538E+4	1.1232E+4	9.2530E+3	8.0167E+3	7.2747E+3
3.7801E+5	3.3262E+5	3.1202E+5	2.8717E+5	2.6176E+5	2.5254E+5	2.4172E+5	2.3135E+5	2.1921E+5	2.0392E+5	1.8379E+5	1.5997E+5	1.3135E+5	1.0476E+5	7.7044E+4	5.5536E+4	4.0391E+4	2.7448E+4	1.9600E+4	1.4538E+4	1.1224E+4	9.2491E+3	8.0158E+3	7.2736E+3
3.7409E+5	3.3469E+5	3.1111E+5	2.8724E+5	2.6137E+5	2.5253E+5	2.4208E+5	2.3090E+5	2.1861E+5	2.0389E+5	1.8401E+5	1.5985E+5	1.3123E+5	1.0471E+5	7.7013E+4	5.5542E+4	4.0402E+4	2.7468E+4	1.9626E+4	1.4548E+4	1.1233E+4	9.2525E+3	8.0163E+3	7.2733E+3
3.7392E+5	3.3013E+5	3.0862E+5	2.8393E+5	2.5978E+5	2.5053E+5	2.4036E+5	2.2927E+5	2.1723E+5	2.0274E+5	1.8283E+5	1.5930E+5	1.3094E+5	1.0468E+5	7.7124E+4	5.5697E+4	4.0541E+4	2.7565E+4	1.9685E+4	1.4580E+4	1.1253E+4	9.2648E+3	8.0219E+3	7.2751E+3
3.7124E+5	3.3038E+5	3.0990E+5	2.8439E+5	2.5844E+5	2.5076E+5	2.4070E+5	2.2959E+5	2.1757E+5	2.0311E+5	1.8295E+5	1.5928E+5	1.3094E+5	1.0456E+5	7.7041E+4	5.5599E+4	4.0510E+4	2.7539E+4	1.9671E+4	1.4573E+4	1.1247E+4	9.2589E+3	8.0199E+3	7.2744E+3
3.7009E+5	3.3010E+5	3.0851E+5	2.8316E+5	2.5818E+5	2.4966E+5	2.3977E+5	2.2859E+5	2.1665E+5	2.0269E+5	1.8280E+5	1.5886E+5	1.3088E+5	1.0458E+5	7.7170E+4	5.5714E+4	4.0613E+4	2.7601E+4	1.9701E+4	1.4590E+4	1.1262E+4	9.2688E+3	8.0235E+3	7.2778E+3
3.7546E+5	3.2666E+5	3.0836E+5	2.8363E+5	2.5816E+5	2.5165E+5	2.4033E+5	2.2924E+5	2.1765E+5	2.0284E+5	1.8302E+5	1.5968E+5	1.3126E+5	1.0475E+5	7.7115E+4	5.5631E+4	4.0475E+4	2.7512E+4	1.9642E+4	1.4552E+4	1.1236E+4	9.2503E+3	8.0128E+3	7.2690E+3
3.6757E+5	3.2647E+5	3.0989E+5	2.8190E+5	2.5731E+5	2.4894E+5	2.3930E+5	2.2831E+5	2.1653E+5	2.0228E+5	1.8288E+5	1.5956E+5	1.3137E+5	1.0490E+5	7.7171E+4	5.5684E+4	4.0539E+4	2.7545E+4	1.9666E+4	1.4569E+4	1.1242E+4	9.2554E+3	8.0138E+3	7.2688E+3
3.7213E+5	3.2959E+5	3.0643E+5	2.8394E+5	2.5902E+5	2.5058E+5	2.4035E+5	2.2875E+5	2.1765E+5	2.0358E+5	1.8345E+5	1.5966E+5	1.3140E+5	1.0478E+5	7.7142E+4	5.5648E+4	4.0465E+4	2.7502E+4	1.9635E+4	1.4549E+4	1.1224E+4	9.2436E+3	8.0099E+3	7.2674E+3
3.7257E+5	3.2939E+5	3.0995E+5	2.8487E+5	2.6005E+5	2.5055E+5	2.4114E+5	2.3046E+5	2.1856E+5	2.0429E+5	1.8383E+5	1.6020E+5	1.3146E+5	1.0483E+5	7.7133E+4	5.5572E+4	4.0388E+4	2.7456E+4	1.9581E+4	1.4514E+4	1.1211E+4	9.2342E+3	8.0025E+3	7.2616E+3
3.7020E+5	3.2732E+5	3.1026E+5	2.8287E+5	2.5842E+5	2.5076E+5	2.3982E+5	2.2931E+5	2.1754E+5	2.0391E+5	1.8351E+5	1.6023E+5	1.3162E+5	1.0496E+5	7.7166E+4	5.5650E+4	4.0416E+4	2.7456E+4	1.9597E+4	1.4522E+4	1.1216E+4	9.2332E+3	8.0020E+3	7.2604E+3
3.6901E+5	3.2772E+5	3.0522E+5	2.8455E+5	2.5867E+5	2.4941E+5	2.4064E+5	2.2963E+5	2.1799E+5	2.0397E+5	1.8347E+5	1.6026E+5	1.3163E+5	1.0492E+5	7.7116E+4	5.5589E+4	4.0415E+4	2.7437E+4	1.9579E+4	1.4515E+4	1.1206E+4	9.2330E+3	7.9987E+3	7.2590E+3
3.7107E+5	3.2546E+5	3.1090E+5	2.8319E+5	2.5852E+5	2.4991E+5	2.4095E+5	2.2910E+5	2.1844E+5	2.0360E+5	1.8412E+5	1.6038E+5	1.3176E+5	1.0503E+5	7.7199E+4	5.5587E+4	4.0384E+4	2.7431E+4	1.9584E+4	1.4508E+4	1.1202E+4	9.2284E+3	7.9976E+3	7.2583E+3
3.6660E+5	3.2976E+5	3.0903E+5	2.8320E+5	2.5639E+5	2.5066E+5	2.4016E+5	2.2971E+5	2.1758E+5	2.0366E+5	1.8340E+5	1.5996E+5	1.3160E+5	1.0496E+5	7.7155E+4	5.5652E+4	4.0430E+4	2.7463E+4	1.9601E+4	1.4525E+4	1.1211E+4	9.2329E+3	8.0001E+3	7.2592E+3
3.6495E+5	3.2384E+5	3.0324E+5	2.7988E+5	2.5606E+5	2.4855E+5	2.3843E+5	2.2766E+5	2.1626E+5	2.0246E+5	1.8250E+5	1.5954E+5	1.3149E+5	1.0495E+5	7.7269E+4	5.5740E+4	4.0549E+4	2.7561E+4	1.9653E+4	1.4562E+4	1.1231E+4	9.2458E+3	8.0069E+3	7.2634E+3
3.7294E+5	3.2536E+5	3.0437E+5	2.7998E+5	2.5571E+5	2.4863E+5	2.3832E+5	2.2775E+5	2.1707E+5	2.0293E+5	1.8295E+5	1.5959E+5	1.3141E+5	1.0499E+5	7.7286E+4	5.5732E+4	4.0510E+4	2.7515E+4	1.9625E+4	1.4543E+4	1.1220E+4	9.2379E+3	8.0020E+3	7.2579E+3
3.7117E+5	3.2014E+5	3.0584E+5	2.8022E+5	2.5642E+5	2.4879E+5	2.3887E+5	2.2812E+5	2.1671E+5	2.0221E+5	1.8309E+5	1.5976E+5	1.3151E+5	1.0504E+5	7.7259E+4	5.5747E+4	4.0517E+4	2.7501E+4	1.9623E+4	1.4534E+4	1.1216E+4	9.2356E+3	7.9998E+3	7.2560E+3
3.6712E+5	3.2655E+5	3.0503E+5	2.8135E+5	2.5892E+5	2.5054E+5	2.4009E+5	2.2975E+5	2.1832E+5	2.0385E+5	1.8380E+5	1.6036E+5	1.3185E+5	1.0504E+5	7.7191E+4	5.5594E+4	4.0374E+4	2.7416E+4	1.9555E+4	1.4486E+4	1.1189E+4	9.2178E+3	7.9894E+3	7.2509E+3
3.6930E+5	3.2105E+5	3.0330E+5	2.8003E+5	2.5614E+5	2.4795E+5	2.3827E+5	2.2771E+5	2.1631E+5	2.0215E+5	1.8288E+5	1.5948E+5	1.3135E+5	1.0492E+5	7.7228E+4	5.5731E+4	4.0499E+4	2.7518E+4	1.9632E+4	1.4540E+4	1.1222E+4	9.2339E+3	7.9977E+3	7.2555E+3
3.6508E+5	3.2471E+5	3.0270E+5	2.8074E+5	2.5813E+5	2.4884E+5	2.3898E+5	2.2832E+5	2.1653E+5	2.0256E+5	1.8313E+5	1.5977E+5	1.3155E+5	1.0495E+5	7.7188E+4	5.5667E+4	4.0455E+4	2.7475E+4	1.9601E+4	1.4514E+4	1.1209E+4	9.2292E+3	7.9951E+3	7.2532E+3
3.6579E+5	3.2466E+5	3.0340E+5	2.7973E+5	2.5681E+5	2.4887E+5	2.3956E+5	2.2847E+5	2.1683E+5	2.0252E+5	1.8335E+5	1.5989E+5	1.3163E+5	1.0497E+5	7.7229E+4	5.5668E+4	4.0462E+4	2.7464E+4	1.9599E+4	1.4517E+4	1.1206E+4	9.2272E+3	7.9951E+3	7.2523E+3
3.6752E+5	3.2326E+5	3.0416E+5	2.8166E+5	2.5561E+5	2.4870E+5	2.3908E+5	2.2890E+5	2.1735E+5	2.0335E+5	1.8345E+5	1.6016E+5	1.3168E+5	1.0505E+5	7.7227E+4	5.5646E+4	4.0421E+4	2.7444E+4	1.9585E+4	1.4503E+4	1.1199E+4	9.2221E+3	7.9890E+3	7.2495E+3
3.6087E+5	3.2030E+5	3.0052E+5	2.7896E+5	2.5515E+5	2.4653E+5	2.3736E+5	2.2641E+5	2.1527E+5	2.0220E+5	1.8204E+5	1.5944E+5	1.3122E+5	1.0490E+5	7.7301E+4	5.5789E+4	4.0562E+4	2.7555E+4	1.9664E+4	1.4557E+4	1.1228E+4	9.2398E+3	7.9998E+3	7.2555E+3
3.5921E+5	3.2220E+5	3.0098E+5	2.7839E+5	2.5453E+5	2.4679E+5	2.3762E+5	2.2695E+5	2.1530E+5	2.0183E+5	1.8194E+5	1.5923E+5	1.3108E+5	1.0479E+5	7.7261E+4	5.5780E+4	4.0553E+4	2.7553E+4	1.9665E+4	1.4557E+4	1.1228E+4	9.2411E+3	7.9995E+3	7.2550E+3
3.5460E+5	3.2156E+5	3.0390E+5	2.7714E+5	2.5395E+5	2.4650E+5	2.3841E+5	2.2660E+5	2.1551E+5	2.0205E+5	1.8216E+5	1.5916E+5	1.3134E+5	1.0494E+5	7.7285E+4	5.5763E+4	4.0561E+4	2.7542E+4	1.9643E+4	1.4546E+4	1.1222E+4	9.2368E+3	7.9959E+3	7.2525E+3
3.6084E+5	3.2108E+5	2.9981E+5	2.7868E+5	2.5462E+5	2.4707E+5	2.3718E+5	2.2767E+5	2.1535E+5	2.0148E+5	1.8231E+5	1.5954E+5	1.3140E+5	1.0497E+5	7.7306E+4	5.5789E+4	4.0547E+4	2.7548E+4	1.9653E+4	1.4549E+4	1.1225E+4	9.2346E+3	7.9971E+3	7.2522E+3
3.5525E+5	3.2430E+5	2.9904E+5	2.7805E+5	2.5366E+5	2.4537E+5	2.3654E+5	2.2547E+5	2.1441E+5	1.9991E+5	1.8152E+5	1.5862E+5	1.3091E+5	1.0482E+5	7.7262E+4	5.5820E+4	4.0630E+4	2.7596E+4	1.9695E+4	1.4581E+4	1.1239E+4	9.2453E+3	8.0023E+3	7.2544E+3
3.6256E+5	3.2307E+5	3.0408E+5	2.7913E+5	2.5442E+5	2.4582E+5	2.3646E+5	2.2591E+5	2.1416E+5	2.0098E+5	1.8117E+5	1.5855E+5	1.3085E+5	1.0476E+5	7.7244E+4	5.5798E+4	4.0609E+4	2.7597E+4	1.9688E+4	1.4566E+4	1.1235E+4	9.2433E+3	8.0017E+3	7.2539E+3
3.6944E+5	3.2578E+5	3.0485E+5	2.7980E+5	2.5602E+5	2.4912E+5	2.3891E+5	2.2826E+5	2.1648E+5	2.0183E+5	1.8232E+5	1.5899E+5	1.3113E+5	1.0462E+5	7.7134E+4	5.5600E+4	4.0455E+4	2.7494E+4	1.9599E+4	1.4528E+4	1.1206E+4	9.2238E+3	7.9900E+3	7.2475E+3
3.6085E+5	3.2051E+5	3.0110E+5	2.7729E+5	2.5396E+5	2.4561E+5	2.3659E+5	2.2632E+5	2.1471E+5	2.0122E+5	1.8147E+5	1.5885E+5	1.3108E+5	1.0482E+5	7.7265E+4	5.5804E+4	4.0596E+4	2.7558E+4	1.9662E+4	1.4558E+4	1.1228E+4	9.2380E+3	7.9968E+3	7.2512E+3
3.6054E+5	3.2262E+5	3.0104E+5	2.7959E+5	2.5598E+5	2.4774E+5	2.3763E+5	2.2756E+5	2.1639E+5	2.0130E+5	1.8275E+5	1.5942E+5	1.3129E+5	1.0472E+5	7.7197E+4	5.5699E+4	4.0449E+4	2.7482E+4	1.9605E+4	1.4519E+4	1.1202E+4	9.2212E+3	7.9879E+3	7.2462E+3
3.7957E+5	3.2174E+5	3.0392E+5	2.8016E+5	2.5800E+5	2.4967E+5	2.3967E+5	2.2820E+5	2.1694E+5	2.0218E+5	1.8318E+5	1.5979E+5	1.3143E+5	1.0480E+5	7.7137E+4	5.5562E+4	4.0363E+4	2.7393E+4	1.9562E+4	1.4486E+4	1.1186E+4	9.2119E+3	7.9816E+3	7.2418E+3
3.6942E+5	3.2738E+5	3.0309E+5	2.8185E+5	2.5762E+5	2.4967E+5	2.4009E+5	2.2918E+5	2.1736E+5	2.0321E+5	1.8348E+5	1.6011E+5	1.3149E+5	1.0482E+5	7.7026E+4	5.5457E+4	4.0281E+4	2.7353E+4	1.9525E+4	1.4466E+4	1.1170E+4	9.2028E+3	7.9737E+3	7.2374E+3
3.6509E+5	3.2514E+5	3.0623E+5	2.8273E+5	2.5886E+5	2.5037E+5	2.4037E+5	2.2995E+5	2.1864E+5	2.0353E+5	1.8419E+5	1.6041E+5	1.3172E+5	1.0493E+5	7.6952E+4	5.5382E+4	4.0198E+4	2.7296E+4	1.9478E+4	1.4440E+4	1.1152E+4	9.1923E+3	7.9698E+3	7.2339E+3
3.5945E+5	3.2864E+5	3.0564E+5	2.8390E+5	2.5891E+5	2.4992E+5	2.4149E+5	2.3056E+5	2.1867E+5	2.0520E+5	1.8436E+5	1.6041E+5	1.3161E+5	1.0477E+5	7.6874E+4	5.5342E+4	4.0192E+4	2.7283E+4	1.9473E+4	1.4435E+4	1.1155E+4	9.1915E+3	7.9682E+3	7.2333E+3
3.6642E+5	3.2401E+5	3.0449E+5	2.8041E+5	2.5627E+5	2.4843E+5	2.3856E+5	2.2752E+5	2.1668E+5	2.0196E+5	1.8253E+5	1.5935E+5	1.3120E+5	1.0475E+5	7.7032E+4	5.5555E+4	4.0373E+4	2.7427E+4	1.9572E+4	1.4495E+4	1.1189E+4	9.2109E+3	7.9796E+3	7.2388E+3
3.6810E+5	3.2775E+5	3.0233E+5	2.8166E+5	2.5760E+5	2.4942E+5	2.3972E+5	2.2916E+5	2.1754E+5	2.0361E+5	1.8341E+5	1.5986E+5	1.3128E+5	1.0470E+5	7.6925E+4	5.5443E+4	4.0278E+4	2.7366E+4	1.9521E+4	1.4467E+4	1.1168E+4	9.2006E+3	7.9722E+3	7.2352E+3
3.6356E+5	3.2332E+5	3.0212E+5	2.8048E+5	2.5607E+5	2.4905E+5	2.3911E+5	2.2758E+5	2.1644E+5	2.0243E+5	1.8250E+5	1.5939E+5	1.3116E+5	1.0463E+5	7.6971E+4	5.5497E+4	4.0361E+4	2.7407E+4	1.9561E+4	1.4487E+4	1.1185E+4	9.2084E+3	7.9760E+3	7.2360E+3
3.5877E+5	3.2279E+5	3.0088E+5	2.7901E+5	2.5575E+5	2.4663E+5	2.3672E+5	2.2611E+5	2.1492E+5	2.0121E+5	1.8161E+5	1.5865E+5	1.3060E+5	1.0447E+5	7.7000E+4	5.5573E+4	4.0472E+4	2.7501E+4	1.9626E+4	1.4535E+4	1.1213E+4	9.2218E+3	7.9840E+3	7.2402E+3
3.6436E+5	3.2275E+5	3.0128E+5	2.7958E+5	2.5521E+5	2.4639E+5	2.3631E+5	2.2666E+5	2.1498E+5	2.0131E+5	1.8142E+5	1.5867E+5	1.3072E+5	1.0449E+5	7.6975E+4	5.5554E+4	4.0426E+4	2.7472E+4	1.9602E+4	1.4516E+4	1.1200E+4	9.2189E+3	7.9817E+3	7.2386E+3
3.5906E+5	3.2114E+5	3.0208E+5	2.7895E+5	2.5379E+5	2.4681E+5	2.3692E+5	2.2622E+5	2.1499E+5	2.0175E+5	1.8139E+5	1.5840E+5	1.3053E+5	1.0422E+5	7.6927E+4	5.5545E+4	4.0408E+4	2.7506E+4	1.9613E+4	1.4540E+4	1.1214E+4	9.2258E+3	7.9855E+3	7.2395E+3
3.6425E+5	3.2413E+5	3.0336E+5	2.7999E+5	2.5692E+5	2.4852E+5	2.3855E+5	2.2825E+5	2.1621E+5	2.0156E+5	1.8202E+5	1.5898E+5	1.3068E+5	1.0429E+5	7.6700E+4	5.5383E+4	4.0320E+4	2.7388E+4	1.9556E+4	1.4490E+4	1.1184E+4	9.2093E+3	7.9763E+3	7.2341E+3
3.6593E+5	3.2397E+5	3.0416E+5	2.8124E+5	2.5694E+5	2.4757E+5	2.3806E+5	2.2758E+5	2.1617E+5	2.0158E+5	1.8262E+5	1.5910E+5	1.3079E+5	1.0431E+5	7.6832E+4	5.5433E+4	4.0301E+4	2.7392E+4	1.9557E+4	1.4496E+4	1.1182E+4	9.2074E+3	7.9760E+3	7.2330E+3
3.6466E+5	3.2268E+5	3.0367E+5	2.7984E+5	2.5578E+5	2.4826E+5	2.3843E+5	2.2772E+5	2.1603E+5	2.0217E+5	1.8258E+5	1.5870E+5	1.3068E+5	1.0425E+5	7.6897E+4	5.5430E+4	4.0322E+4	2.7423E+4	1.9573E+4	1.4499E+4	1.1188E+4	9.2125E+3	7.9755E+3	7.2334E+3
3.6071E+5	3.2674E+5	3.0030E+5	2.7914E+5	2.5614E+5	2.4669E+5	2.3681E+5	2.2660E+5	2.1520E+5	2.0144E+5	1.8117E+5	1.5836E+5	1.3038E+5	1.0425E+5	7.6758E+4	5.5483E+4	4.0362E+4	2.7473E+4	1.9608E+4	1.4524E+4	1.1204E+4	9.2163E+3	7.9790E+3	7.2345E+3
3.6046E+5	3.2150E+5	3.0054E+5	2.7622E+5	2.5305E+5	2.4510E+5	2.3612E+5	2.2528E+5	2.1363E+5	2.0033E+5	1.8010E+5	1.5754E+5	1.3010E+5	1.0406E+5	7.6862E+4	5.5630E+4	4.0544E+4	2.7571E+4	1.9672E+4	1.4571E+4	1.1229E+4	9.2345E+3	7.9888E+3	7.2396E+3
3.5214E+5	3.1558E+5	3.0251E+5	2.7583E+5	2.5173E+5	2.4569E+5	2.3562E+5	2.2442E+5	2.1338E+5	1.9929E+5	1.8014E+5	1.5764E+5	1.3011E+5	1.0408E+5	7.6948E+4	5.5669E+4	4.0547E+4	2.7581E+4	1.9683E+4	1.4575E+4	1.1225E+4	9.2321E+3	7.9866E+3	7.2398E+3
3.5971E+5	3.2260E+5	3.0003E+5	2.7860E+5	2.5459E+5	2.4624E+5	2.3743E+5	2.2658E+5	2.1467E+5	2.0042E+5	1.8159E+5	1.5816E+5	1.3028E+5	1.0423E+5	7.6869E+4	5.5557E+4	4.0435E+4	2.7487E+4	1.9617E+4	1.4520E+4	1.1200E+4	9.2115E+3	7.9743E+3	7.2308E+3
3.5366E+5	3.1970E+5	2.9802E+5	2.7557E+5	2.5075E+5	2.4305E+5	2.3284E+5	2.2284E+5	2.1152E+5	1.9740E+5	1.7895E+5	1.5655E+5	1.2950E+5	1.0391E+5	7.7031E+4	5.5797E+4	4.0701E+4	2.7691E+4	1.9764E+4	1.4623E+4	1.1259E+4	9.2468E+3	7.9926E+3	7.2425E+3
3.5943E+5	3.1733E+5	3.0078E+5	2.7686E+5	2.5149E+5	2.4383E+5	2.3385E+5	2.2405E+5	2.1256E+5	1.9891E+5	1.7979E+5	1.5710E+5	1.2959E+5	1.0397E+5	7.6910E+4	5.5713E+4	4.0618E+4	2.7624E+4	1.9716E+4	1.4592E+4	1.1238E+4	9.2344E+3	7.9880E+3	7.2384E+3
3.5319E+5	3.2071E+5	2.9869E+5	2.7607E+5	2.5197E+5	2.4336E+5	2.3470E+5	2.2388E+5	2.1257E+5	1.9781E+5	1.8008E+5	1.5715E+5	1.2962E+5	1.0401E+5	7.6938E+4	5.5701E+4	4.0599E+4	2.7635E+4	1.9701E+4	1.4584E+4	1.1233E+4	9.2324E+3	7.9863E+3	7.2350E+3
3.5556E+5	3.1834E+5	2.9910E+5	2.7469E+5	2.5206E+5	2.4405E+5	2.3407E+5	2.2421E+5	2.1262E+5	1.9926E+5	1.7904E+5	1.5699E+5	1.2979E+5	1.0402E+5	7.6857E+4	5.5705E+4	4.0577E+4	2.7615E+4	1.9690E+4	1.4575E+4	1.1222E+4	9.2309E+3	7.9813E+3	7.2322E+3
3.5313E+5	3.1970E+5	2.9752E+5	2.7332E+5	2.5044E+5	2.4316E+5	2.3320E+5	2.2198E+5	2.1125E+5	1.9777E+5	1.7818E+5	1.5606E+5	1.2918E+5	1.0362E+5	7.6832E+4	5.5766E+4	4.0680E+4	2.7699E+4	1.9774E+4	1.4625E+4	1.1260E+4	9.2454E+3	7.9928E+3	7.2382E+3
3.5377E+5	3.1785E+5	2.9729E+5	2.7496E+5	2.5088E+5	2.4267E+5	2.3296E+5	2.2202E+5	2.1081E+5	1.9690E+5	1.7838E+5	1.5588E+5	1.2901E+5	1.0348E+5	7.6796E+4	5.5661E+4	4.0659E+4	2.7698E+4	1.9776E+4	1.4627E+4	1.1262E+4	9.2462E+3	7.9932E+3	7.2382E+3
3.5259E+5	3.1827E+5	3.0018E+5	2.7234E+5	2.5035E+5	2.4206E+5	2.3183E+5	2.2162E+5	2.1076E+5	1.9642E+5	1.7773E+5	1.5591E+5	1.2901E+5	1.0364E+5	7.6817E+4	5.5764E+4	4.0678E+4	2.7717E+4	1.9775E+4	1.4628E+4	1.1258E+4	9.2455E+3	7.9907E+3	7.2370E+3
3.5535E+5	3.1534E+5	2.9320E+5	2.7170E+5	2.4892E+5	2.3998E+5	2.3114E+5	2.2053E+5	2.0982E+5	1.9536E+5	1.7741E+5	1.5526E+5	1.2874E+5	1.0361E+5	7.6921E+4	5.5887E+4	4.0795E+4	2.7782E+4	1.9823E+4	1.4660E+4	1.1279E+4	9.2591E+3	7.9965E+3	7.2403E+3
3.5118E+5	3.1469E+5	2.9089E+5	2.6891E+5	2.4616E+5	2.3870E+5	2.2892E+5	2.1934E+5	2.0791E+5	1.9504E+5	1.7648E+5	1.5493E+5	1.2853E+5	1.0353E+5	7.6963E+4	5.5965E+4	4.0896E+4	2.7850E+4	1.9864E+4	1.4680E+4	1.1293E+4	9.2623E+3	8.0001E+3	7.2385E+3
3.5556E+5	3.1335E+5	2.9353E+5	2.7130E+5	2.4705E+5	2.3821E+5	2.2880E+5	2.1850E+5	2.0801E+5	1.9516E+5	1.7676E+5	1.5489E+5	1.2857E+5	1.0351E+5	7.6985E+4	5.5947E+4	4.0861E+4	2.7840E+4	1.9847E+4	1.4676E+4	1.1294E+4	9.2617E+3	7.9979E+3	7.2378E+3
3.4882E+5	3.1336E+5	2.9212E+5	2.6842E+5	2.4596E+5	2.3771E+5	2.2875E+5	2.1771E+5	2.0711E+5	1.9415E+5	1.7569E+5	1.5426E+5	1.2802E+5	1.0322E+5	7.6774E+4	5.5908E+4	4.0875E+4	2.7874E+4	1.9894E+4	1.4711E+4	1.1308E+4	9.2764E+3	8.0041E+3	7.2417E+3
3.5316E+5	3.1042E+5	2.8857E+5	2.6626E+5	2.4368E+5	2.3548E+5	2.2609E+5	2.1525E+5	2.0479E+5	1.9204E+5	1.7418E+5	1.5299E+5	1.2747E+5	1.0300E+5	7.6904E+4	5.6079E+4	4.1061E+4	2.8031E+4	2.0000E+4	1.4772E+4	1.1349E+4	9.2965E+3	8.0178E+3	7.2492E+3
3.4737E+5	3.0920E+5	2.8983E+5	2.6661E+5	2.4227E+5	2.3454E+5	2.2589E+5	2.1560E+5	2.0450E+5	1.9193E+5	1.7402E+5	1.5291E+5	1.2741E+5	1.0291E+5	7.6862E+4	5.6093E+4	4.1079E+4	2.8021E+4	2.0002E+4	1.4779E+4	1.1357E+4	9.2982E+3	8.0183E+3	7.2485E+3
3.3029E+5	3.0836E+5	2.8841E+5	2.6811E+5	2.4220E+5	2.3477E+5	2.2405E+5	2.1470E+5	2.0379E+5	1.9141E+5	1.7325E+5	1.5265E+5	1.2728E+5	1.0288E+5	7.6909E+4	5.6182E+4	4.1108E+4	2.8096E+4	2.0036E+4	1.4790E+4	1.1361E+4	9.3036E+3	8.0198E+3	7.2496E+3
3.4552E+5	3.0584E+5	2.8781E+5	2.6423E+5	2.4093E+5	2.3270E+5	2.2368E+5	2.1370E+5	2.0299E+5	1.9059E+5	1.7332E+5	1.5233E+5	1.2703E+5	1.0283E+5	7.6934E+4	5.6174E+4	4.1183E+4	2.8116E+4	2.0065E+4	1.4820E+4	1.1375E+4	9.3122E+3	8.0238E+3	7.2491E+3
3.4478E+5	3.0971E+5	2.8524E+5	2.6300E+5	2.4010E+5	2.3204E+5	2.2309E+5	2.1288E+5	2.0206E+5	1.9000E+5	1.7197E+5	1.5141E+5	1.2647E+5	1.0253E+5	7.6792E+4	5.6162E+4	4.1267E+4	2.8178E+4	2.0124E+4	1.4861E+4	1.1400E+4	9.3264E+3	8.0328E+3	7.2551E+3
3.4392E+5	3.0235E+5	2.8527E+5	2.6224E+5	2.3937E+5	2.2985E+5	2.2165E+5	2.1148E+5	2.0102E+5	1.8832E+5	1.7102E+5	1.5112E+5	1.2625E+5	1.0253E+5	7.6956E+4	5.6319E+4	4.1321E+4	2.8246E+4	2.0146E+4	1.4882E+4	1.1411E+4	9.3301E+3	8.0338E+3	7.2545E+3
3.4368E+5	3.0704E+5	2.8545E+5	2.6274E+5	2.3820E+5	2.3125E+5	2.2215E+5	2.1146E+5	2.0127E+5	1.8934E+5	1.7154E+5	1.5112E+5	1.2644E+5	1.0253E+5	7.6853E+4	5.6257E+4	4.1308E+4	2.8221E+4	2.0142E+4	1.4859E+4	1.1399E+4	9.3241E+3	8.0300E+3	7.2519E+3
3.4008E+5	3.0342E+5	2.8405E+5	2.5941E+5	2.3631E+5	2.2822E+5	2.1965E+5	2.1007E+5	1.9939E+5	1.8741E+5	1.7062E+5	1.5056E+5	1.2606E+5	1.0238E+5	7.6970E+4	5.6406E+4	4.1450E+4	2.8310E+4	2.0209E+4	1.4915E+4	1.1429E+4	9.3392E+3	8.0367E+3	7.2558E+3
3.3967E+5	3.0203E+5	2.8196E+5	2.5765E+5	2.3515E+5	2.2735E+5	2.1833E+5	2.0908E+5	1.9899E+5	1.8649E+5	1.6985E+5	1.5017E+5	1.2570E+5	1.0228E+5	7.6949E+4	5.6439E+4	4.1511E+4	2.8371E+4	2.0244E+4	1.4941E+4	1.1441E+4	9.3485E+3	8.0432E+3	7.2586E+3
3.4141E+5	3.0135E+5	2.8361E+5	2.5959E+5	2.3593E+5	2.2688E+5	2.1818E+5	2.0867E+5	1.9869E+5	1.8589E+5	1.7040E+5	1.5006E+5	1.2567E+5	1.0231E+5	7.6965E+4	5.6466E+4	4.1521E+4	2.8394E+4	2.0265E+4	1.4943E+4	1.1447E+4	9.3491E+3	8.0456E+3	7.2586E+3
3.3811E+5	2.9931E+5	2.8016E+5	2.5570E+5	2.3302E+5	2.2545E+5	2.1623E+5	2.0663E+5	1.9682E+5	1.8454E+5	1.6843E+5	1.4881E+5	1.2505E+5	1.0203E+5	7.6987E+4	5.6587E+4	4.1675E+4	2.8540E+4	2.0347E+4	1.5006E+4	1.1479E+4	9.3711E+3	8.0555E+3	7.2657E+3
3.3419E+5	2.9980E+5	2.7819E+5	2.5592E+5	2.3390E+5	2.2601E+5	2.1744E+5	2.0740E+5	1.9740E+5	1.8573E+5	1.6841E+5	1.4929E+5	1.2526E+5	1.0217E+5	7.7001E+4	5.6562E+4	4.1631E+4	2.8482E+4	2.0331E+4	1.4977E+4	1.1469E+4	9.3637E+3	8.0500E+3	7.2627E+3
3.3621E+5	3.0091E+5	2.8180E+5	2.5732E+5	2.3543E+5	2.2767E+5	2.1841E+5	2.0860E+5	1.9834E+5	1.8618E+5	1.6928E+5	1.4968E+5	1.2547E+5	1.0220E+5	7.6996E+4	5.6489E+4	4.1511E+4	2.8402E+4	2.0260E+4	1.4940E+4	1.1444E+4	9.3476E+3	8.0416E+3	7.2554E+3
3.4058E+5	3.0290E+5	2.8063E+5	2.5883E+5	2.3523E+5	2.2680E+5	2.1781E+5	2.0806E+5	1.9802E+5	1.8558E+5	1.6897E+5	1.4943E+5	1.2557E+5	1.0227E+5	7.7007E+4	5.6521E+4	4.1571E+4	2.8423E+4	2.0267E+4	1.4941E+4	1.1444E+4	9.3462E+3	8.0407E+3	7.2554E+3
3.3757E+5	2.9632E+5	2.8134E+5	2.5706E+5	2.3402E+5	2.2678E+5	2.1805E+5	2.0846E+5	1.9821E+5	1.8583E+5	1.6944E+5	1.4995E+5	1.2584E+5	1.0241E+5	7.7060E+4	5.6511E+4	4.1520E+4	2.8366E+4	2.0230E+4	1.4915E+4	1.1429E+4	9.3370E+3	8.0325E+3	7.2515E+3
3.3755E+5	3.0094E+5	2.8080E+5	2.5754E+5	2.3538E+5	2.2664E+5	2.1833E+5	2.0844E+5	1.9790E+5	1.8622E+5	1.6919E+5	1.4973E+5	1.2562E+5	1.0235E+5	7.7011E+4	5.6500E+4	4.1543E+4	2.8378E+4	2.0243E+4	1.4927E+4	1.1430E+4	9.3362E+3	8.0326E+3	7.2502E+3
3.3910E+5	3.0005E+5	2.8016E+5	2.5715E+5	2.3515E+5	2.2709E+5	2.1905E+5	2.0834E+5	1.9811E+5	1.8594E+5	1.6970E+5	1.4984E+5	1.2573E+5	1.0230E+5	7.6964E+4	5.6427E+4	4.1434E+4	2.8351E+4	2.0221E+4	1.4906E+4	1.1425E+4	9.3319E+3	8.0307E+3	7.2478E+3
3.3439E+5	2.9864E+5	2.7820E+5	2.5722E+5	2.3333E+5	2.2572E+5	2.1749E+5	2.0798E+5	1.9712E+5	1.8541E+5	1.6941E+5	1.4939E+5	1.2546E+5	1.0212E+5	7.6949E+4	5.6494E+4	4.1527E+4	2.8424E+4	2.0267E+4	1.4940E+4	1.1440E+4	9.3444E+3	8.0337E+3	7.2505E+3
3.3487E+5	2.9917E+5	2.7826E+5	2.5460E+5	2.3311E+5	2.2556E+5	2.1658E+5	2.0732E+5	1.9683E+5	1.8533E+5	1.6810E+5	1.4909E+5	1.2532E+5	1.0215E+5	7.6994E+4	5.6535E+4	4.1602E+4	2.8442E+4	2.0288E+4	1.4955E+4	1.1444E+4	9.3480E+3	8.0364E+3	7.2513E+3
3.3207E+5	2.9563E+5	2.7832E+5	2.5400E+5	2.3161E+5	2.2415E+5	2.1650E+5	2.0639E+5	1.9691E+5	1.8431E+5	1.6848E+5	1.4909E+5	1.2532E+5	1.0209E+5	7.7045E+4	5.6573E+4	4.1585E+4	2.8449E+4	2.0282E+4	1.4953E+4	1.1450E+4	9.3448E+3	8.0358E+3	7.2487E+3
3.2819E+5	2.9135E+5	2.7287E+5	2.5182E+5	2.3071E+5	2.2236E+5	2.1458E+5	2.0496E+5	1.9527E+5	1.8350E+5	1.6775E+5	1.4857E+5	1.2488E+5	1.0199E+5	7.7008E+4	5.6699E+4	4.1697E+4	2.8544E+4	2.0349E+4	1.4993E+4	1.1473E+4	9.3597E+3	8.0440E+3	7.2533E+3
3.3363E+5	2.9384E+5	2.7257E+5	2.5145E+5	2.3040E+5	2.2166E+5	2.1397E+5	2.0501E+5	1.9500E+5	1.8331E+5	1.6739E+5	1.4822E+5	1.2476E+5	1.0206E+5	7.7087E+4	5.6693E+4	4.1758E+4	2.8569E+4	2.0374E+4	1.5002E+4	1.1480E+4	9.3621E+3	8.0455E+3	7.2542E+3
3.3238E+5	2.9166E+5	2.7434E+5	2.5292E+5	2.2859E+5	2.2232E+5	2.1465E+5	2.0449E+5	1.9518E+5	1.8318E+5	1.6732E+5	1.4842E+5	1.2491E+5	1.0201E+5	7.7041E+4	5.6685E+4	4.1754E+4	2.8566E+4	2.0366E+4	1.5000E+4	1.1474E+4	9.3624E+3	8.0412E+3	7.2513E+3
3.2980E+5	2.9206E+5	2.7318E+5	2.5153E+5	2.3023E+5	2.2210E+5	2.1393E+5	2.0504E+5	1.9474E+5	1.8341E+5	1.6764E+5	1.4838E+5	1.2492E+5	1.0210E+5	7.7096E+4	5.6727E+4	4.1737E+4	2.8563E+4	2.0362E+4	1.4991E+4	1.1472E+4	9.3580E+3	8.0405E+3	7.2509E+3
3.2668E+5	2.9123E+5	2.7180E+5	2.4827E+5	2.2747E+5	2.2006E+5	2.1181E+5	2.0275E+5	1.9385E+5	1.8167E+5	1.6613E+5	1.4759E+5	1.2439E+5	1.0181E+5	7.7036E+4	5.6797E+4	4.1883E+4	2.8644E+4	2.0444E+4	1.5047E+4	1.1507E+4	9.3807E+3	8.0516E+3	7.2567E+3
3.2530E+5	2.8956E+5	2.6963E+5	2.4997E+5	2.2738E+5	2.2083E+5	2.1189E+5	2.0303E+5	1.9365E+5	1.8168E+5	1.6631E+5	1.4758E+5	1.2441E+5	1.0180E+5	7.7001E+4	5.6787E+4	4.1840E+4	2.8644E+4	2.0430E+4	1.5050E+4	1.1504E+4	9.3781E+3	8.0505E+3	7.2562E+3
3.2591E+5	2.8906E+5	2.7182E+5	2.4825E+5	2.2779E+5	2.2059E+5	2.1222E+5	2.0290E+5	1.9338E+5	1.8168E+5	1.6590E+5	1.4733E+5	1.2431E+5	1.0183E+5	7.7048E+4	5.6800E+4	4.1891E+4	2.8651E+4	2.0428E+4	1.5051E+4	1.1504E+4	9.3751E+3	8.0500E+3	7.2554E+3
3.2477E+5	2.9048E+5	2.7092E+5	2.4824E+5	2.2746E+5	2.1966E+5	2.1214E+5	2.0260E+5	1.9310E+5	1.8185E+5	1.6608E+5	1.4723E+5	1.2424E+5	1.0164E+5	7.6997E+4	5.6749E+4	4.1856E+4	2.8681E+4	2.0434E+4	1.5054E+4	1.1506E+4	9.3803E+3	8.0535E+3	7.2558E+3
3.3026E+5	2.8815E+5	2.7134E+5	2.4853E+5	2.2854E+5	2.2055E+5	2.1306E+5	2.0311E+5	1.9369E+5	1.8249E+5	1.6648E+5	1.4748E+5	1.2425E+5	1.0158E+5	7.6967E+4	5.6662E+4	4.1769E+4	2.8613E+4	2.0413E+4	1.5023E+4	1.1492E+4	9.3675E+3	8.0425E+3	7.2504E+3
3.2663E+5	2.9251E+5	2.7168E+5	2.5079E+5	2.2923E+5	2.2125E+5	2.1289E+5	2.0315E+5	1.9377E+5	1.8235E+5	1.6618E+5	1.4733E+5	1.2408E+5	1.0149E+5	7.6747E+4	5.6616E+4	4.1753E+4	2.8605E+4	2.0420E+4	1.5040E+4	1.1499E+4	9.3746E+3	8.0489E+3	7.2534E+3
3.2398E+5	2.8780E+5	2.6881E+5	2.4763E+5	2.2500E+5	2.1843E+5	2.0962E+5	2.0078E+5	1.9108E+5	1.7951E+5	1.6449E+5	1.4591E+5	1.2326E+5	1.0121E+5	7.6847E+4	5.6795E+4	4.1975E+4	2.8796E+4	2.0540E+4	1.5129E+4	1.1557E+4	9.4064E+3	8.0681E+3	7.2628E+3
3.2834E+5	2.8763E+5	2.6870E+5	2.4576E+5	2.2316E+5	2.1665E+5	2.0765E+5	1.9960E+5	1.8930E+5	1.7863E+5	1.6336E+5	1.4520E+5	1.2286E+5	1.0097E+5	7.6828E+4	5.6880E+4	4.2091E+4	2.8878E+4	2.0622E+4	1.5178E+4	1.1584E+4	9.4245E+3	8.0774E+3	7.2684E+3
3.2265E+5	2.8997E+5	2.6812E+5	2.4569E+5	2.2348E+5	2.1622E+5	2.0797E+5	1.9865E+5	1.8969E+5	1.7772E+5	1.6323E+5	1.4493E+5	1.2286E+5	1.0093E+5	7.6822E+4	5.6924E+4	4.2120E+4	2.8920E+4	2.0635E+4	1.5189E+4	1.1583E+4	9.4247E+3	8.0756E+3	7.2669E+3
3.1319E+5	2.8383E+5	2.6251E+5	2.4138E+5	2.2266E+5	2.1330E+5	2.0503E+5	1.9713E+5	1.8762E+5	1.7663E+5	1.6210E+5	1.4405E+5	1.2235E+5	1.0084E+5	7.6913E+4	5.7073E+4	4.2259E+4	2.9040E+4	2.0723E+4	1.5245E+4	1.1615E+4	9.4431E+3	8.0873E+3	7.2735E+3
3.1344E+5	2.7944E+5	2.6174E+5	2.4046E+5	2.1970E+5	2.1300E+5	2.0444E+5	1.9603E+5	1.8721E+5	1.7595E+5	1.6102E+5	1.4382E+5	1.2198E+5	1.0062E+5	7.6837E+4	5.7099E+4	4.2332E+4	2.9109E+4	2.0761E+4	1.5262E+4	1.1640E+4	9.4573E+3	8.0939E+3	7.2772E+3
3.1668E+5	2.8046E+5	2.6381E+5	2.4209E+5	2.2099E+5	2.1293E+5	2.0517E+5	1.9661E+5	1.8744E+5	1.7701E+5	1.6160E+5	1.4403E+5	1.2213E+5	1.0076E+5	7.6844E+4	5.7077E+4	4.2245E+4	2.9033E+4	2.0720E+4	1.5243E+4	1.1622E+4	9.4453E+3	8.0884E+3	7.2735E+3
3.1455E+5	2.8060E+5	2.6104E+5	2.4087E+5	2.1937E+5	2.1284E+5	2.0460E+5	1.9600E+5	1.8648E+5	1.7515E+5	1.6101E+5	1.4354E+5	1.2188E+5	1.0056E+5	7.6916E+4	5.7133E+4	4.2368E+4	2.9110E+4	2.0792E+4	1.5278E+4	1.1643E+4	9.4574E+3	8.0942E+3	7.2773E+3
3.1304E+5	2.7804E+5	2.6073E+5	2.3998E+5	2.1840E+5	2.1149E+5	2.0357E+5	1.9502E+5	1.8584E+5	1.7516E+5	1.6104E+5	1.4318E+5	1.2177E+5	1.0053E+5	7.6910E+4	5.7198E+4	4.2403E+4	2.9153E+4	2.0816E+4	1.5301E+4	1.1650E+4	9.4667E+3	8.1006E+3	7.2789E+3
3.1301E+5	2.7695E+5	2.5964E+5	2.3945E+5	2.1906E+5	2.1164E+5	2.0365E+5	1.9498E+5	1.8564E+5	1.7471E+5	1.6068E+5	1.4323E+5	1.2180E+5	1.0051E+5	7.6958E+4	5.7196E+4	4.2426E+4	2.9176E+4	2.0809E+4	1.5301E+4	1.1653E+4	9.4632E+3	8.0987E+3	7.2779E+3
3.1521E+5	2.7619E+5	2.6027E+5	2.3933E+5	2.1807E+5	2.1113E+5	2.0292E+5	1.9442E+5	1.8528E+5	1.7454E+5	1.5993E+5	1.4290E+5	1.2143E+5	1.0041E+5	7.6780E+4	5.7211E+4	4.2451E+4	2.9198E+4	2.0848E+4	1.5322E+4	1.1665E+4	9.4695E+3	8.1009E+3	7.2810E+3
3.1208E+5	2.7078E+5	2.5668E+5	2.3699E+5	2.1662E+5	2.0929E+5	2.0261E+5	1.9379E+5	1.8446E+5	1.7433E+5	1.5978E+5	1.4260E+5	1.2137E+5	1.0049E+5	7.6991E+4	5.7315E+4	4.2545E+4	2.9262E+4	2.0881E+4	1.5335E+4	1.1674E+4	9.4750E+3	8.1038E+3	7.2800E+3
3.1123E+5	2.7732E+5	2.5942E+5	2.3858E+5	2.1837E+5	2.1123E+5	2.0271E+5	1.9412E+5	1.8525E+5	1.7436E+5	1.6006E+5	1.4263E+5	1.2140E+5	1.0041E+5	7.6894E+4	5.7266E+4	4.2491E+4	2.9210E+4	2.0850E+4	1.5319E+4	1.1662E+4	9.4688E+3	8.0973E+3	7.2773E+3
3.0753E+5	2.7729E+5	2.5926E+5	2.3988E+5	2.1844E+5	2.1091E+5	2.0344E+5	1.9438E+5	1.8577E+5	1.7504E+5	1.6026E+5	1.4313E+5	1.2184E+5	1.0067E+5	7.7016E+4	5.7262E+4	4.2429E+4	2.9174E+4	2.0810E+4	1.5286E+4	1.1643E+4	9.4526E+3	8.0917E+3	7.2739E+3
3.1237E+5	2.7639E+5	2.6118E+5	2.3872E+5	2.1891E+5	2.1164E+5	2.0329E+5	1.9485E+5	1.8568E+5	1.7509E+5	1.5997E+5	1.4328E+5	1.2178E+5	1.0060E+5	7.6993E+4	5.7242E+4	4.2413E+4	2.9133E+4	2.0788E+4	1.5278E+4	1.1637E+4	9.4500E+3	8.0872E+3	7.2695E+3
3.1505E+5	2.7942E+5	2.5929E+5	2.3887E+5	2.1764E+5	2.1005E+5	2.0274E+5	1.9406E+5	1.8485E+5	1.7453E+5	1.6044E+5	1.4293E+5	1.2177E+5	1.0065E+5	7.7065E+4	5.7257E+4	4.2479E+4	2.9171E+4	2.0806E+4	1.5283E+4	1.1640E+4	9.4518E+3	8.0897E+3	7.2706E+3
3.1072E+5	2.7394E+5	2.5623E+5	2.3599E+5	2.1509E+5	2.0904E+5	2.0108E+5	1.9263E+5	1.8388E+5	1.7347E+5	1.5930E+5	1.4239E+5	1.2146E+5	1.0058E+5	7.7136E+4	5.7381E+4	4.2567E+4	2.9262E+4	2.0868E+4	1.5325E+4	1.1665E+4	9.4693E+3	8.0949E+3	7.2745E+3
3.0993E+5	2.7672E+5	2.5744E+5	2.3732E+5	2.1579E+5	2.0938E+5	2.0143E+5	1.9282E+5	1.8425E+5	1.7405E+5	1.5974E+5	1.4286E+5	1.2162E+5	1.0063E+5	7.7112E+4	5.7387E+4	4.2539E+4	2.9221E+4	2.0836E+4	1.5310E+4	1.1654E+4	9.4599E+3	8.0922E+3	7.2722E+3
3.0824E+5	2.7412E+5	2.5607E+5	2.3602E+5	2.1628E+5	2.0865E+5	2.0138E+5	1.9276E+5	1.8349E+5	1.7354E+5	1.5905E+5	1.4242E+5	1.2135E+5	1.0051E+5	7.7065E+4	5.7333E+4	4.2541E+4	2.9249E+4	2.0863E+4	1.5328E+4	1.1663E+4	9.4692E+3	8.0972E+3	7.2735E+3
3.0880E+5	2.7411E+5	2.5491E+5	2.3528E+5	2.1433E+5	2.0755E+5	1.9963E+5	1.9093E+5	1.8265E+5	1.7218E+5	1.5790E+5	1.4170E+5	1.2081E+5	1.0019E+5	7.6963E+4	5.7374E+4	4.2640E+4	2.9334E+4	2.0927E+4	1.5372E+4	1.1695E+4	9.4863E+3	8.1073E+3	7.2798E+3
3.0981E+5	2.7464E+5	2.5666E+5	2.3612E+5	2.1462E+5	2.0821E+5	1.9998E+5	1.9192E+5	1.8332E+5	1.7292E+5	1.5836E+5	1.4182E+5	1.2103E+5	1.0023E+5	7.6945E+4	5.7369E+4	4.2608E+4	2.9292E+4	2.0901E+4	1.5358E+4	1.1679E+4	9.4754E+3	8.1010E+3	7.2754E+3
3.0892E+5	2.7523E+5	2.5529E+5	2.3541E+5	2.1539E+5	2.0807E+5	2.0040E+5	1.9175E+5	1.8324E+5	1.7248E+5	1.5856E+5	1.4189E+5	1.2103E+5	1.0026E+5	7.6981E+4	5.7334E+4	4.2569E+4	2.9286E+4	2.0885E+4	1.5343E+4	1.1675E+4	9.4713E+3	8.0980E+3	7.2730E+3
3.0448E+5	2.7195E+5	2.5387E+5	2.3519E+5	2.1306E+5	2.0681E+5	1.9859E+5	1.9092E+5	1.8165E+5	1.7057E+5	1.5719E+5	1.4070E+5	1.1994E+5	9.9572E+4	7.6590E+4	5.7205E+4	4.2579E+4	2.9357E+4	2.0967E+4	1.5417E+4	1.1721E+4	9.5037E+3	8.1154E+3	7.2838E+3
3.0630E+5	2.7114E+5	2.5230E+5	2.3256E+5	2.1199E+5	2.0450E+5	1.9690E+5	1.8817E+5	1.8026E+5	1.7008E+5	1.5571E+5	1.3935E+5	1.1912E+5	9.8962E+4	7.6346E+4	5.7172E+4	4.2643E+4	2.9451E+4	2.1064E+4	1.5484E+4	1.1777E+4	9.5377E+3	8.1370E+3	7.2959E+3
3.0955E+5	2.6879E+5	2.5097E+5	2.2970E+5	2.0823E+5	2.0229E+5	1.9454E+5	1.8631E+5	1.7776E+5	1.6726E+5	1.5381E+5	1.3812E+5	1.1813E+5	9.8439E+4	7.6169E+4	5.7231E+4	4.2802E+4	2.9635E+4	2.1211E+4	1.5583E+4	1.1838E+4	9.5746E+3	8.1601E+3	7.3079E+3
3.0208E+5	2.6685E+5	2.4721E+5	2.2701E+5	2.0809E+5	2.0108E+5	1.9318E+5	1.8460E+5	1.7621E+5	1.6628E+5	1.5294E+5	1.3716E+5	1.1756E+5	9.8169E+4	7.6176E+4	5.7324E+4	4.2923E+4	2.9754E+4	2.1295E+4	1.5636E+4	1.1866E+4	9.5922E+3	8.1678E+3	7.3129E+3
2.9608E+5	2.6243E+5	2.4522E+5	2.2664E+5	2.0639E+5	1.9824E+5	1.9084E+5	1.8254E+5	1.7396E+5	1.6406E+5	1.5142E+5	1.3581E+5	1.1672E+5	9.7748E+4	7.6078E+4	5.7441E+4	4.3103E+4	2.9894E+4	2.1411E+4	1.5716E+4	1.1918E+4	9.6239E+3	8.1861E+3	7.3211E+3
2.9546E+5	2.6226E+5	2.4598E+5	2.2510E+5	2.0460E+5	1.9758E+5	1.8999E+5	1.8165E+5	1.7324E+5	1.6382E+5	1.5022E+5	1.3525E+5	1.1639E+5	9.7483E+4	7.6016E+4	5.7456E+4	4.3163E+4	2.9979E+4	2.1467E+4	1.5755E+4	1.1943E+4	9.6343E+3	8.1944E+3	7.3264E+3
2.9441E+5	2.5910E+5	2.4221E+5	2.2264E+5	2.0230E+5	1.9553E+5	1.8808E+5	1.7977E+5	1.7156E+5	1.6162E+5	1.4893E+5	1.3419E+5	1.1566E+5	9.7154E+4	7.5873E+4	5.7526E+4	4.3297E+4	3.0101E+4	2.1575E+4	1.5819E+4	1.1987E+4	9.6616E+3	8.2071E+3	7.3340E+3
2.9790E+5	2.5971E+5	2.4218E+5	2.2235E+5	2.0179E+5	1.9534E+5	1.8759E+5	1.7945E+5	1.7078E+5	1.6121E+5	1.4871E+5	1.3360E+5	1.1525E+5	9.6849E+4	7.5804E+4	5.7510E+4	4.3311E+4	3.0147E+4	2.1603E+4	1.5857E+4	1.2004E+4	9.6705E+3	8.2139E+3	7.3358E+3
2.9415E+5	2.5715E+5	2.3996E+5	2.2048E+5	1.9989E+5	1.9290E+5	1.8519E+5	1.7732E+5	1.6843E+5	1.5941E+5	1.4675E+5	1.3203E+5	1.1418E+5	9.6185E+4	7.5542E+4	5.7541E+4	4.3459E+4	3.0307E+4	2.1740E+4	1.5949E+4	1.2068E+4	9.7101E+3	8.2359E+3	7.3504E+3
2.9027E+5	2.5683E+5	2.4053E+5	2.1944E+5	1.9946E+5	1.9290E+5	1.8489E+5	1.7632E+5	1.6839E+5	1.5852E+5	1.4605E+5	1.3164E+5	1.1368E+5	9.5805E+4	7.5325E+4	5.7410E+4	4.3408E+4	3.0311E+4	2.1753E+4	1.5972E+4	1.2079E+4	9.7182E+3	8.2396E+3	7.3518E+3
2.9407E+5	2.5597E+5	2.3903E+5	2.1902E+5	1.9800E+5	1.9269E+5	1.8436E+5	1.7619E+5	1.6760E+5	1.5807E+5	1.4543E+5	1.3102E+5	1.1318E+5	9.5542E+4	7.5147E+4	5.7324E+4	4.3387E+4	3.0315E+4	2.1779E+4	1.5997E+4	1.2097E+4	9.7339E+3	8.2505E+3	7.3559E+3
2.8906E+5	2.5520E+5	2.3630E+5	2.1675E+5	1.9753E+5	1.9088E+5	1.8307E+5	1.7453E+5	1.6653E+5	1.5676E+5	1.4443E+5	1.3018E+5	1.1272E+5	9.5286E+4	7.5082E+4	5.7405E+4	4.3515E+4	3.0449E+4	2.1865E+4	1.6052E+4	1.2139E+4	9.7569E+3	8.2616E+3	7.3629E+3
2.9408E+5	2.5580E+5	2.3479E+5	2.1452E+5	1.9694E+5	1.8892E+5	1.8152E+5	1.7358E+5	1.6510E+5	1.5561E+5	1.4357E+5	1.2932E+5	1.1214E+5	9.4872E+4	7.5002E+4	5.7419E+4	4.3585E+4	3.0526E+4	2.1946E+4	1.6107E+4	1.2173E+4	9.7731E+3	8.2720E+3	7.3692E+3
2.8712E+5	2.5492E+5	2.3615E+5	2.1655E+5	1.9622E+5	1.9024E+5	1.8233E+5	1.7371E+5	1.6578E+5	1.5614E+5	1.4374E+5	1.2987E+5	1.1239E+5	9.5071E+4	7.5005E+4	5.7425E+4	4.3524E+4	3.0494E+4	2.1912E+4	1.6075E+4	1.2152E+4	9.7611E+3	8.2637E+3	7.3631E+3
2.8960E+5	2.5446E+5	2.3628E+5	2.1573E+5	1.9534E+5	1.8903E+5	1.8151E+5	1.7300E+5	1.6480E+5	1.5504E+5	1.4322E+5	1.2913E+5	1.1194E+5	9.4838E+4	7.4973E+4	5.7450E+4	4.3642E+4	3.0561E+4	2.1966E+4	1.6115E+4	1.2176E+4	9.7767E+3	8.2717E+3	7.3681E+3
2.8228E+5	2.5146E+5	2.3419E+5	2.1429E+5	1.9393E+5	1.8729E+5	1.7935E+5	1.7161E+5	1.6313E+5	1.5368E+5	1.4227E+5	1.2848E+5	1.1164E+5	9.4652E+4	7.4965E+4	5.7566E+4	4.3746E+4	3.0666E+4	2.2037E+4	1.6167E+4	1.2204E+4	9.7932E+3	8.2823E+3	7.3735E+3
2.7967E+5	2.5244E+5	2.3540E+5	2.1445E+5	1.9372E+5	1.8725E+5	1.7949E+5	1.7195E+5	1.6363E+5	1.5459E+5	1.4244E+5	1.2860E+5	1.1162E+5	9.4603E+4	7.4970E+4	5.7516E+4	4.3720E+4	3.0640E+4	2.2019E+4	1.6153E+4	1.2194E+4	9.7855E+3	8.2773E+3	7.3691E+3
2.8435E+5	2.4817E+5	2.3376E+5	2.1223E+5	1.9263E+5	1.8562E+5	1.7826E+5	1.7039E+5	1.6251E+5	1.5341E+5	1.4180E+5	1.2806E+5	1.1142E+5	9.4681E+4	7.5044E+4	5.7627E+4	4.3822E+4	3.0722E+4	2.2074E+4	1.6180E+4	1.2211E+4	9.7949E+3	8.2810E+3	7.3718E+3
2.7978E+5	2.4557E+5	2.3085E+5	2.1084E+5	1.9071E+5	1.8348E+5	1.7597E+5	1.6844E+5	1.6067E+5	1.5214E+5	1.4043E+5	1.2701E+5	1.1059E+5	9.4250E+4	7.4906E+4	5.7732E+4	4.3962E+4	3.0865E+4	2.2188E+4	1.6264E+4	1.2259E+4	9.8246E+3	8.2985E+3	7.3819E+3
2.7997E+5	2.4803E+5	2.2972E+5	2.0961E+5	1.8993E+5	1.8407E+5	1.7655E+5	1.6819E+5	1.6033E+5	1.5127E+5	1.4009E+5	1.2681E+5	1.1045E+5	9.4056E+4	7.4844E+4	5.7703E+4	4.3965E+4	3.0867E+4	2.2199E+4	1.6270E+4	1.2262E+4	9.8300E+3	8.3003E+3	7.3815E+3
2.7190E+5	2.4842E+5	2.3194E+5	2.1274E+5	1.8982E+5	1.8419E+5	1.7662E+5	1.6864E+5	1.6072E+5	1.5190E+5	1.4048E+5	1.2713E+5	1.1083E+5	9.4309E+4	7.4957E+4	5.7671E+4	4.3898E+4	3.0806E+4	2.2138E+4	1.6217E+4	1.2233E+4	9.8069E+3	8.2872E+3	7.3731E+3
2.8016E+5	2.4685E+5	2.2740E+5	2.0978E+5	1.8929E+5	1.8307E+5	1.7559E+5	1.6817E+5	1.6026E+5	1.5108E+5	1.3964E+5	1.2658E+5	1.1027E+5	9.3927E+4	7.4687E+4	5.7582E+4	4.3864E+4	3.0815E+4	2.2175E+4	1.6260E+4	1.2264E+4	9.8294E+3	8.3010E+3	7.3820E+3
2.8460E+5	2.4025E+5	2.2738E+5	2.0689E+5	1.8878E+5	1.8109E+5	1.7389E+5	1.6638E+5	1.5856E+5	1.4963E+5	1.3866E+5	1.2560E+5	1.0967E+5	9.3568E+4	7.4558E+4	5.7560E+4	4.3941E+4	3.0910E+4	2.2260E+4	1.6320E+4	1.2312E+4	9.8575E+3	8.3182E+3	7.3915E+3
2.7667E+5	2.4397E+5	2.2688E+5	2.0750E+5	1.8700E+5	1.8068E+5	1.7316E+5	1.6551E+5	1.5752E+5	1.4861E+5	1.3763E+5	1.2501E+5	1.0934E+5	9.3285E+4	7.4470E+4	5.7582E+4	4.4003E+4	3.0997E+4	2.2320E+4	1.6366E+4	1.2336E+4	9.8737E+3	8.3252E+3	7.3960E+3
2.8159E+5	2.4492E+5	2.2688E+5	2.0633E+5	1.8641E+5	1.8031E+5	1.7283E+5	1.6484E+5	1.5730E+5	1.4909E+5	1.3728E+5	1.2449E+5	1.0880E+5	9.2848E+4	7.4171E+4	5.7386E+4	4.3925E+4	3.0973E+4	2.2327E+4	1.6374E+4	1.2341E+4	9.8769E+3	8.3269E+3	7.3959E+3
2.7550E+5	2.4261E+5	2.2561E+5	2.0545E+5	1.8531E+5	1.7904E+5	1.7123E+5	1.6388E+5	1.5585E+5	1.4742E+5	1.3596E+5	1.2337E+5	1.0791E+5	9.2247E+4	7.3888E+4	5.7351E+4	4.3976E+4	3.1087E+4	2.2441E+4	1.6461E+4	1.2399E+4	9.9122E+3	8.3492E+3	7.4065E+3
2.6786E+5	2.3886E+5	2.2312E+5	2.0250E+5	1.8313E+5	1.7592E+5	1.6788E+5	1.6045E+5	1.5284E+5	1.4449E+5	1.3368E+5	1.2144E+5	1.0642E+5	9.1344E+4	7.3465E+4	5.7325E+4	4.4119E+4	3.1290E+4	2.2617E+4	1.6597E+4	1.2492E+4	9.9740E+3	8.3842E+3	7.4276E+3
2.7301E+5	2.3838E+5	2.2209E+5	2.0220E+5	1.8177E+5	1.7532E+5	1.6774E+5	1.6010E+5	1.5256E+5	1.4410E+5	1.3304E+5	1.2075E+5	1.0589E+5	9.0978E+4	7.3289E+4	5.7256E+4	4.4136E+4	3.1336E+4	2.2659E+4	1.6640E+4	1.2517E+4	9.9886E+3	8.3938E+3	7.4330E+3
2.7307E+5	2.3904E+5	2.2192E+5	2.0165E+5	1.8115E+5	1.7455E+5	1.6703E+5	1.5942E+5	1.5149E+5	1.4293E+5	1.3215E+5	1.2021E+5	1.0545E+5	9.0715E+4	7.3235E+4	5.7243E+4	4.4155E+4	3.1404E+4	2.2719E+4	1.6676E+4	1.2540E+4	1.0001E+4	8.4017E+3	7.4376E+3
2.6601E+5	2.3554E+5	2.2001E+5	2.0015E+5	1.7929E+5	1.7236E+5	1.6568E+5	1.5795E+5	1.5038E+5	1.4160E+5	1.3148E+5	1.1944E+5	1.0511E+5	9.0518E+4	7.3199E+4	5.7335E+4	4.4281E+4	3.1479E+4	2.2782E+4	1.6720E+4	1.2566E+4	1.0016E+4	8.4093E+3	7.4428E+3
2.6566E+5	2.3333E+5	2.1649E+5	1.9670E+5	1.7743E+5	1.7087E+5	1.6389E+5	1.5601E+5	1.4905E+5	1.4095E+5	1.3024E+5	1.1888E+5	1.0476E+5	9.0396E+4	7.3236E+4	5.7460E+4	4.4413E+4	3.1607E+4	2.2864E+4	1.6772E+4	1.2595E+4	1.0031E+4	8.4180E+3	7.4451E+3
2.7111E+5	2.3262E+5	2.1671E+5	1.9652E+5	1.7650E+5	1.6984E+5	1.6278E+5	1.5575E+5	1.4800E+5	1.4028E+5	1.2981E+5	1.1844E+5	1.0445E+5	9.0210E+4	7.3205E+4	5.7519E+4	4.4484E+4	3.1670E+4	2.2912E+4	1.6789E+4	1.2607E+4	1.0038E+4	8.4199E+3	7.4473E+3
2.6575E+5	2.3162E+5	2.1443E+5	1.9473E+5	1.7569E+5	1.6883E+5	1.6167E+5	1.5422E+5	1.4723E+5	1.3910E+5	1.2902E+5	1.1799E+5	1.0423E+5	9.0120E+4	7.3261E+4	5.7596E+4	4.4580E+4	3.1738E+4	2.2954E+4	1.6827E+4	1.2624E+4	1.0048E+4	8.4253E+3	7.4504E+3
2.6349E+5	2.2978E+5	2.1413E+5	1.9517E+5	1.7384E+5	1.6803E+5	1.6086E+5	1.5327E+5	1.4687E+5	1.3892E+5	1.2858E+5	1.1760E+5	1.0399E+5	8.9991E+4	7.3153E+4	5.7598E+4	4.4603E+4	3.1771E+4	2.2980E+4	1.6837E+4	1.2634E+4	1.0055E+4	8.4295E+3	7.4508E+3
2.6568E+5	2.3008E+5	2.1343E+5	1.9256E+5	1.7289E+5	1.6678E+5	1.5986E+5	1.5268E+5	1.4570E+5	1.3829E+5	1.2827E+5	1.1712E+5	1.0364E+5	8.9853E+4	7.3146E+4	5.7641E+4	4.4715E+4	3.1840E+4	2.3038E+4	1.6884E+4	1.2657E+4	1.0065E+4	8.4367E+3	7.4549E+3
2.6204E+5	2.2857E+5	2.1287E+5	1.9259E+5	1.7368E+5	1.6662E+5	1.5943E+5	1.5227E+5	1.4538E+5	1.3778E+5	1.2771E+5	1.1725E+5	1.0375E+5	8.9942E+4	7.3292E+4	5.7725E+4	4.4732E+4	3.1864E+4	2.3051E+4	1.6885E+4	1.2655E+4	1.0067E+4	8.4343E+3	7.4527E+3
2.6284E+5	2.2690E+5	2.0910E+5	1.9052E+5	1.7080E+5	1.6482E+5	1.5827E+5	1.5132E+5	1.4437E+5	1.3646E+5	1.2702E+5	1.1647E+5	1.0322E+5	8.9608E+4	7.3111E+4	5.7741E+4	4.4774E+4	3.1928E+4	2.3105E+4	1.6925E+4	1.2687E+4	1.0085E+4	8.4464E+3	7.4596E+3
2.5968E+5	2.2591E+5	2.0789E+5	1.8820E+5	1.6853E+5	1.6303E+5	1.5720E+5	1.4997E+5	1.4325E+5	1.3572E+5	1.2626E+5	1.1554E+5	1.0251E+5	8.9145E+4	7.2890E+4	5.7599E+4	4.4755E+4	3.1984E+4	2.3166E+4	1.6984E+4	1.2729E+4	1.0114E+4	8.4637E+3	7.4703E+3
2.5528E+5	2.2089E+5	2.0331E+5	1.8667E+5	1.6809E+5	1.6115E+5	1.5511E+5	1.4810E+5	1.4140E+5	1.3420E+5	1.2488E+5	1.1442E+5	1.0156E+5	8.8407E+4	7.2450E+4	5.7417E+4	4.4760E+4	3.2038E+4	2.3257E+4	1.7061E+4	1.2789E+4	1.0151E+4	8.4862E+3	7.4820E+3
2.5226E+5	2.1977E+5	2.0343E+5	1.8500E+5	1.6634E+5	1.6003E+5	1.5331E+5	1.4702E+5	1.4005E+5	1.3298E+5	1.2357E+5	1.1340E+5	1.0085E+5	8.7957E+4	7.2225E+4	5.7385E+4	4.4803E+4	3.2156E+4	2.3364E+4	1.7136E+4	1.2833E+4	1.0180E+4	8.5038E+3	7.4918E+3
2.5454E+5	2.1907E+5	2.0372E+5	1.8451E+5	1.6523E+5	1.5895E+5	1.5265E+5	1.4629E+5	1.3927E+5	1.3210E+5	1.2289E+5	1.1291E+5	1.0048E+5	8.7790E+4	7.2175E+4	5.7408E+4	4.4866E+4	3.2215E+4	2.3403E+4	1.7168E+4	1.2856E+4	1.0194E+4	8.5098E+3	7.4957E+3
2.4859E+5	2.1783E+5	2.0232E+5	1.8244E+5	1.6415E+5	1.5794E+5	1.5113E+5	1.4453E+5	1.3811E+5	1.3116E+5	1.2168E+5	1.1197E+5	9.9817E+4	8.7264E+4	7.1890E+4	5.7300E+4	4.4858E+4	3.2281E+4	2.3473E+4	1.7227E+4	1.2895E+4	1.0219E+4	8.5265E+3	7.5053E+3
2.4888E+5	2.1894E+5	2.0074E+5	1.8142E+5	1.6413E+5	1.5715E+5	1.5071E+5	1.4437E+5	1.3758E+5	1.3097E+5	1.2156E+5	1.1164E+5	9.9463E+4	8.6991E+4	7.1724E+4	5.7180E+4	4.4821E+4	3.2273E+4	2.3487E+4	1.7238E+4	1.2907E+4	1.0227E+4	8.5309E+3	7.5067E+3
2.4575E+5	2.1512E+5	1.9889E+5	1.8033E+5	1.6118E+5	1.5583E+5	1.4913E+5	1.4289E+5	1.3616E+5	1.2917E+5	1.2090E+5	1.1083E+5	9.8925E+4	8.6653E+4	7.1525E+4	5.7117E+4	4.4800E+4	3.2288E+4	2.3504E+4	1.7253E+4	1.2914E+4	1.0228E+4	8.5280E+3	7.5009E+3
2.4736E+5	2.1483E+5	1.9957E+5	1.8196E+5	1.6434E+5	1.5941E+5	1.5283E+5	1.4689E+5	1.4076E+5	1.3403E+5	1.2469E+5	1.1499E+5	1.0245E+5	8.9232E+4	7.3086E+4	5.7800E+4	4.4905E+4	3.2045E+4	2.3179E+4	1.6971E+4	1.2712E+4	1.0096E+4	8.4445E+3	7.4522E+3
2.4533E+5	2.1801E+5	2.0266E+5	1.8339E+5	1.6524E+5	1.6022E+5	1.5455E+5	1.4810E+5	1.4207E+5	1.3546E+5	1.2646E+5	1.1626E+5	1.0349E+5	9.0034E+4	7.3510E+4	5.7922E+4	4.4886E+4	3.1938E+4	2.3071E+4	1.6880E+4	1.2648E+4	1.0054E+4	8.4200E+3	7.4393E+3
2.4659E+5	2.1635E+5	2.0174E+5	1.8416E+5	1.6698E+5	1.6130E+5	1.5545E+5	1.4917E+5	1.4306E+5	1.3650E+5	1.2721E+5	1.1707E+5	1.0410E+5	9.0492E+4	7.3744E+4	5.8021E+4	4.4869E+4	3.1875E+4	2.2994E+4	1.6825E+4	1.2609E+4	1.0030E+4	8.4054E+3	7.4288E+3
2.4629E+5	2.1496E+5	1.9999E+5	1.8222E+5	1.6606E+5	1.6076E+5	1.5502E+5	1.4886E+5	1.4231E+5	1.3598E+5	1.2697E+5	1.1673E+5	1.0382E+5	9.0320E+4	7.3675E+4	5.7990E+4	4.4883E+4	3.1912E+4	2.3042E+4	1.6860E+4	1.2630E+4	1.0040E+4	8.4144E+3	7.4329E+3
2.4327E+5	2.1609E+5	2.0005E+5	1.8294E+5	1.6584E+5	1.6096E+5	1.5497E+5	1.4867E+5	1.4254E+5	1.3616E+5	1.2694E+5	1.1670E+5	1.0370E+5	9.0251E+4	7.3610E+4	5.8000E+4	4.4895E+4	3.1920E+4	2.3034E+4	1.6856E+4	1.2634E+4	1.0040E+4	8.4130E+3	7.4333E+3
2.4006E+5	2.1210E+5	1.9849E+5	1.8024E+5	1.6394E+5	1.5901E+5	1.5287E+5	1.4689E+5	1.4101E+5	1.3396E+5	1.2520E+5	1.1564E+5	1.0299E+5	8.9843E+4	7.3472E+4	5.7987E+4	4.4991E+4	3.2038E+4	2.3149E+4	1.6937E+4	1.2683E+4	1.0075E+4	8.4310E+3	7.4433E+3
2.4120E+5	2.1195E+5	1.9608E+5	1.7908E+5	1.6260E+5	1.5831E+5	1.5208E+5	1.4630E+5	1.3997E+5	1.3327E+5	1.2496E+5	1.1512E+5	1.0264E+5	8.9608E+4	7.3339E+4	5.7972E+4	4.5015E+4	3.2079E+4	2.3189E+4	1.6971E+4	1.2704E+4	1.0087E+4	8.4398E+3	7.4488E+3
2.4250E+5	2.1300E+5	1.9502E+5	1.7916E+5	1.6205E+5	1.5674E+5	1.5124E+5	1.4577E+5	1.3953E+5	1.3300E+5	1.2441E+5	1.1479E+5	1.0235E+5	8.9331E+4	7.3272E+4	5.7965E+4	4.5051E+4	3.2124E+4	2.3230E+4	1.7005E+4	1.2725E+4	1.0099E+4	8.4474E+3	7.4530E+3
2.3747E+5	2.0843E+5	1.9393E+5	1.7772E+5	1.6135E+5	1.5629E+5	1.5042E+5	1.4451E+5	1.3877E+5	1.3207E+5	1.2340E+5	1.1418E+5	1.0193E+5	8.9097E+4	7.3100E+4	5.7943E+4	4.5082E+4	3.2205E+4	2.3295E+4	1.7045E+4	1.2758E+4	1.0120E+4	8.4576E+3	7.4594E+3
2.3474E+5	2.0524E+5	1.9233E+5	1.7616E+5	1.5957E+5	1.5446E+5	1.4871E+5	1.4292E+5	1.3732E+5	1.3081E+5	1.2287E+5	1.1319E+5	1.0126E+5	8.8632E+4	7.2911E+4	5.7923E+4	4.5148E+4	3.2281E+4	2.3383E+4	1.7115E+4	1.2797E+4	1.0147E+4	8.4745E+3	7.4677E+3
2.3638E+5	2.0467E+5	1.9184E+5	1.7452E+5	1.5861E+5	1.5358E+5	1.4781E+5	1.4204E+5	1.3666E+5	1.3009E+5	1.2219E+5	1.1284E+5	1.0080E+5	8.8353E+4	7.2775E+4	5.7852E+4	4.5170E+4	3.2345E+4	2.3427E+4	1.7155E+4	1.2824E+4	1.0164E+4	8.4856E+3	7.4739E+3
2.3010E+5	2.0158E+5	1.8906E+5	1.7352E+5	1.5668E+5	1.5183E+5	1.4621E+5	1.4087E+5	1.3508E+5	1.2866E+5	1.2048E+5	1.1149E+5	1.0008E+5	8.7814E+4	7.2501E+4	5.7828E+4	4.5233E+4	3.2460E+4	2.3541E+4	1.7237E+4	1.2883E+4	1.0197E+4	8.5046E+3	7.4858E+3
2.3037E+5	2.0371E+5	1.8781E+5	1.7216E+5	1.5636E+5	1.5089E+5	1.4557E+5	1.4016E+5	1.3449E+5	1.2825E+5	1.2010E+5	1.1105E+5	9.9567E+4	8.7545E+4	7.2394E+4	5.7781E+4	4.5261E+4	3.2509E+4	2.3585E+4	1.7278E+4	1.2911E+4	1.0215E+4	8.5166E+3	7.4918E+3
2.3206E+5	2.0247E+5	1.8837E+5	1.7119E+5	1.5593E+5	1.5110E+5	1.4515E+5	1.3935E+5	1.3377E+5	1.2765E+5	1.1936E+5	1.1054E+5	9.9253E+4	8.7236E+4	7.2194E+4	5.7743E+4	4.5256E+4	3.2537E+4	2.3623E+4	1.7305E+4	1.2934E+4	1.0228E+4	8.5238E+3	7.4969E+3
2.3186E+5	2.0355E+5	1.8649E+5	1.6980E+5	1.5487E+5	1.5039E+5	1.4429E+5	1.3866E+5	1.3317E+5	1.2695E+5	1.1946E+5	1.1023E+5	9.8998E+4	8.7168E+4	7.2206E+4	5.7781E+4	4.5309E+4	3.2586E+4	2.3659E+4	1.7331E+4	1.2946E+4	1.0235E+4	8.5280E+3	7.4990E+3
2.2516E+5	1.9773E+5	1.8373E+5	1.6829E+5	1.5262E+5	1.4780E+5	1.4236E+5	1.3693E+5	1.3156E+5	1.2579E+5	1.1803E+5	1.0923E+5	9.8326E+4	8.6686E+4	7.2027E+4	5.7728E+4	4.5378E+4	3.2701E+4	2.3777E+4	1.7412E+4	1.2998E+4	1.0270E+4	8.5483E+3	7.5093E+3
2.2816E+5	1.9883E+5	1.8485E+5	1.6833E+5	1.5239E+5	1.4791E+5	1.4221E+5	1.3674E+5	1.3150E+5	1.2535E+5	1.1759E+5	1.0904E+5	9.8256E+4	8.6632E+4	7.2035E+4	5.7757E+4	4.5383E+4	3.2734E+4	2.3784E+4	1.7422E+4	1.3004E+4	1.0273E+4	8.5480E+3	7.5110E+3
2.2487E+5	1.9768E+5	1.8233E+5	1.6708E+5	1.5217E+5	1.4718E+5	1.4133E+5	1.3619E+5	1.3048E+5	1.2439E+5	1.1709E+5	1.0854E+5	9.7795E+4	8.6273E+4	7.1821E+4	5.7718E+4	4.5408E+4	3.2769E+4	2.3839E+4	1.7465E+4	1.3031E+4	1.0292E+4	8.5601E+3	7.5172E+3
2.2367E+5	1.9600E+5	1.8234E+5	1.6556E+5	1.5092E+5	1.4528E+5	1.3999E+5	1.3465E+5	1.2951E+5	1.2389E+5	1.1624E+5	1.0787E+5	9.7221E+4	8.5861E+4	7.1635E+4	5.7601E+4	4.5422E+4	3.2814E+4	2.3901E+4	1.7511E+4	1.3066E+4	1.0318E+4	8.5763E+3	7.5253E+3
2.1674E+5	1.9168E+5	1.8012E+5	1.6415E+5	1.5090E+5	1.4505E+5	1.3965E+5	1.3397E+5	1.2894E+5	1.2315E+5	1.1596E+5	1.0755E+5	9.6916E+4	8.5748E+4	7.1534E+4	5.7597E+4	4.5446E+4	3.2858E+4	2.3929E+4	1.7538E+4	1.3084E+4	1.0327E+4	8.5821E+3	7.5301E+3
2.2048E+5	1.9383E+5	1.7923E+5	1.6298E+5	1.4781E+5	1.4362E+5	1.3825E+5	1.3280E+5	1.2785E+5	1.2216E+5	1.1487E+5	1.0648E+5	9.6274E+4	8.5234E+4	7.1204E+4	5.7523E+4	4.5480E+4	3.2949E+4	2.4022E+4	1.7610E+4	1.3137E+4	1.0361E+4	8.6024E+3	7.5410E+3
2.2023E+5	1.9164E+5	1.7838E+5	1.6220E+5	1.4725E+5	1.4256E+5	1.3755E+5	1.3195E+5	1.2701E+5	1.2132E+5	1.1429E+5	1.0615E+5	9.5878E+4	8.5029E+4	7.1174E+4	5.7482E+4	4.5485E+4	3.2993E+4	2.4073E+4	1.7654E+4	1.3162E+4	1.0375E+4	8.6095E+3	7.5452E+3
2.1889E+5	1.8922E+5	1.7800E+5	1.6139E+5	1.4680E+5	1.4198E+5	1.3692E+5	1.3139E+5	1.2667E+5	1.2090E+5	1.1382E+5	1.0585E+5	9.5670E+4	8.4908E+4	7.1138E+4	5.7492E+4	4.5510E+4	3.3030E+4	2.4102E+4	1.7668E+4	1.3178E+4	1.0383E+4	8.6121E+3	7.5482E+3
2.2067E+5	1.9090E+5	1.7604E+5	1.6157E+5	1.4635E+5	1.4128E+5	1.3602E+5	1.3083E+5	1.2601E+5	1.2027E+5	1.1347E+5	1.0559E+5	9.5520E+4	8.4801E+4	7.1085E+4	5.7515E+4	4.5575E+4	3.3078E+4	2.4137E+4	1.7698E+4	1.3189E+4	1.0389E+4	8.6176E+3	7.5501E+3
2.1502E+5	1.8758E+5	1.7479E+5	1.5900E+5	1.4455E+5	1.4065E+5	1.3515E+5	1.3097E+5	1.2543E+5	1.2001E+5	1.1278E+5	1.0527E+5	9.5221E+4	8.4622E+4	7.1027E+4	5.7515E+4	4.5577E+4	3.3123E+4	2.4179E+4	1.7720E+4	1.3209E+4	1.0402E+4	8.6246E+3	7.5539E+3
2.1618E+5	1.8767E+5	1.7406E+5	1.5902E+5	1.4448E+5	1.4051E+5	1.3522E+5	1.3008E+5	1.2526E+5	1.2009E+5	1.1303E+5	1.0512E+5	9.5196E+4	8.4557E+4	7.0971E+4	5.7509E+4	4.5607E+4	3.3154E+4	2.4193E+4	1.7738E+4	1.3218E+4	1.0410E+4	8.6274E+3	7.5555E+3
2.1127E+5	1.8462E+5	1.7290E+5	1.5809E+5	1.4432E+5	1.3957E+5	1.3418E+5	1.2943E+5	1.2456E+5	1.1897E+5	1.1271E+5	1.0483E+5	9.5003E+4	8.4426E+4	7.0952E+4	5.7511E+4	4.5614E+4	3.3187E+4	2.4216E+4	1.7756E+4	1.3228E+4	1.0415E+4	8.6334E+3	7.5577E+3
2.0707E+5	1.8602E+5	1.7255E+5	1.5768E+5	1.4410E+5	1.3967E+5	1.3460E+5	1.2934E+5	1.2486E+5	1.1951E+5	1.1257E+5	1.0477E+5	9.5044E+4	8.4445E+4	7.0935E+4	5.7527E+4	4.5631E+4	3.3180E+4	2.4231E+4	1.7749E+4	1.3225E+4	1.0416E+4	8.6344E+3	7.5590E+3
2.1177E+5	1.8522E+5	1.7189E+5	1.5762E+5	1.4364E+5	1.3903E+5	1.3422E+5	1.2942E+5	1.2442E+5	1.1929E+5	1.1240E+5	1.0471E+5	9.4982E+4	8.4480E+4	7.0982E+4	5.7531E+4	4.5662E+4	3.3184E+4	2.4238E+4	1.7757E+4	1.3228E+4	1.0416E+4	8.6334E+3	7.5590E+3
2.1016E+5	1.8356E+5	1.7101E+5	1.5665E+5	1.4275E+5	1.3772E+5	1.3313E+5	1.2835E+5	1.2349E+5	1.1822E+5	1.1176E+5	1.0419E+5	9.4502E+4	8.4206E+4	7.0855E+4	5.7467E+4	4.5673E+4	3.3242E+4	2.4290E+4	1.7807E+4	1.3265E+4	1.0437E+4	8.6468E+3	7.5653E+3
2.0723E+5	1.8225E+5	1.6954E+5	1.5513E+5	1.4181E+5	1.3719E+5	1.3249E+5	1.2781E+5	1.2310E+5	1.1800E+5	1.1121E+5	1.0400E+5	9.4358E+4	8.4055E+4	7.0830E+4	5.7516E+4	4.5732E+4	3.3281E+4	2.4312E+4	1.7830E+4	1.3278E+4	1.0447E+4	8.6499E+3	7.5676E+3
2.0672E+5	1.8266E+5	1.6683E+5	1.5449E+5	1.4040E+5	1.3654E+5	1.3170E+5	1.2720E+5	1.2223E+5	1.1696E+5	1.1090E+5	1.0335E+5	9.3894E+4	8.3721E+4	7.0560E+4	5.7448E+4	4.5720E+4	3.3319E+4	2.4370E+4	1.7870E+4	1.3302E+4	1.0465E+4	8.6632E+3	7.5748E+3
2.1163E+5	1.8185E+5	1.6671E+5	1.5428E+5	1.4029E+5	1.3618E+5	1.3128E+5	1.2656E+5	1.2181E+5	1.1710E+5	1.1047E+5	1.0306E+5	9.3631E+4	8.3447E+4	7.0408E+4	5.7334E+4	4.5659E+4	3.3339E+4	2.4386E+4	1.7896E+4	1.3329E+4	1.0479E+4	8.6703E+3	7.5793E+3
2.0680E+5	1.8059E+5	1.6695E+5	1.5369E+5	1.4032E+5	1.3595E+5	1.3143E+5	1.2658E+5	1.2191E+5	1.1697E+5	1.1024E+5	1.0295E+5	9.3526E+4	8.3404E+4	7.0339E+4	5.7320E+4	4.5665E+4	3.3342E+4	2.4398E+4	1.7904E+4	1.3332E+4	1.0483E+4	8.6739E+3	7.5805E+3
2.0452E+5	1.7927E+5	1.6677E+5	1.5235E+5	1.3909E+5	1.3511E+5	1.3073E+5	1.2629E+5	1.2148E+5	1.1612E+5	1.1003E+5	1.0274E+5	9.3416E+4	8.3344E+4	7.0354E+4	5.7377E+4	4.5712E+4	3.3380E+4	2.4425E+4	1.7924E+4	1.3344E+4	1.0488E+4	8.6761E+3	7.5821E+3
2.0425E+5	1.7914E+5	1.6648E+5	1.5192E+5	1.3884E+5	1.3476E+5	1.3030E+5	1.2542E+5	1.2098E+5	1.1609E+5	1.0972E+5	1.0243E+5	9.3218E+4	8.3230E+4	7.0326E+4	5.7398E+4	4.5754E+4	3.3417E+4	2.4464E+4	1.7950E+4	1.3362E+4	1.0496E+4	8.6806E+3	7.5842E+3
2.0306E+5	1.7692E+5	1.6460E+5	1.5111E+5	1.3761E+5	1.3385E+5	1.2937E+5	1.2456E+5	1.2043E+5	1.1524E+5	1.0905E+5	1.0210E+5	9.2914E+4	8.3096E+4	7.0273E+4	5.7383E+4	4.5786E+4	3.3481E+4	2.4510E+4	1.7989E+4	1.3383E+4	1.0512E+4	8.6900E+3	7.5887E+3
1.9997E+5	1.7627E+5	1.6573E+5	1.5042E+5	1.3808E+5	1.3372E+5	1.2945E+5	1.2501E+5	1.2049E+5	1.1584E+5	1.0888E+5	1.0211E+5	9.2908E+4	8.3082E+4	7.0280E+4	5.7370E+4	4.5784E+4	3.3476E+4	2.4512E+4	1.7980E+4	1.3380E+4	1.0511E+4	8.6885E+3	7.5888E+3
1.9881E+5	1.7356E+5	1.6305E+5	1.5067E+5	1.3726E+5	1.3313E+5	1.2869E+5	1.2402E+5	1.1954E+5	1.1475E+5	1.0876E+5	1.0168E+5	9.2587E+4	8.2902E+4	7.0175E+4	5.7391E+4	4.5854E+4	3.3532E+4	2.4563E+4	1.8012E+4	1.3403E+4	1.0524E+4	8.6979E+3	7.5937E+3
1.9942E+5	1.7404E+5	1.6222E+5	1.4929E+5	1.3703E+5	1.3277E+5	1.2865E+5	1.2399E+5	1.1955E+5	1.1475E+5	1.0851E+5	1.0157E+5	9.2522E+4	8.2811E+4	7.0164E+4	5.7349E+4	4.5853E+4	3.3549E+4	2.4567E+4	1.8026E+4	1.3403E+4	1.0527E+4	8.6972E+3	7.5935E+3
1.9920E+5	1.7382E+5	1.6183E+5	1.4884E+5	1.3633E+5	1.3208E+5	1.2807E+5	1.2341E+5	1.1887E+5	1.1443E+5	1.0815E+5	1.0115E+5	9.2316E+4	8.2598E+4	7.0061E+4	5.7348E+4	4.5861E+4	3.3569E+4	2.4606E+4	1.8051E+4	1.3428E+4	1.0540E+4	8.7063E+3	7.5988E+3
1.9776E+5	1.7378E+5	1.6202E+5	1.4858E+5	1.3653E+5	1.3205E+5	1.2771E+5	1.2330E+5	1.1880E+5	1.1444E+5	1.0819E+5	1.0115E+5	9.2256E+4	8.2630E+4	7.0088E+4	5.7375E+4	4.5881E+4	3.3566E+4	2.4603E+4	1.8045E+4	1.3429E+4	1.0538E+4	8.7020E+3	7.5975E+3
1.9568E+5	1.7260E+5	1.6011E+5	1.4923E+5	1.3635E+5	1.3156E+5	1.2728E+5	1.2314E+5	1.1859E+5	1.1395E+5	1.0794E+5	1.0105E+5	9.2266E+4	8.2611E+4	7.0114E+4	5.7375E+4	4.5887E+4	3.3592E+4	2.4618E+4	1.8064E+4	1.3430E+4	1.0541E+4	8.7061E+3	7.5974E+3
1.9452E+5	1.7423E+5	1.6090E+5	1.4784E+5	1.3525E+5	1.3110E+5	1.2705E+5	1.2283E+5	1.1843E+5	1.1358E+5	1.0776E+5	1.0079E+5	9.1953E+4	8.2422E+4	6.9984E+4	5.7348E+4	4.5893E+4	3.3641E+4	2.4656E+4	1.8090E+4	1.3451E+4	1.0551E+4	8.7114E+3	7.6014E+3
1.9244E+5	1.7378E+5	1.5913E+5	1.4779E+5	1.3555E+5	1.3092E+5	1.2659E+5	1.2230E+5	1.1784E+5	1.1300E+5	1.0716E+5	1.0056E+5	9.1877E+4	8.2405E+4	6.9974E+4	5.7352E+4	4.5903E+4	3.3661E+4	2.4671E+4	1.8101E+4	1.3462E+4	1.0556E+4	8.7135E+3	7.6027E+3
1.9497E+5	1.7081E+5	1.5945E+5	1.4783E+5	1.3430E+5	1.3094E+5	1.2651E+5	1.2231E+5	1.1801E+5	1.1336E+5	1.0729E+5	1.0055E+5	9.2021E+4	8.2441E+4	7.0032E+4	5.7415E+4	4.5915E+4	3.3655E+4	2.4668E+4	1.8094E+4	1.3456E+4	1.0552E+4	8.7105E+3	7.6008E+3
1.9396E+5	1.7272E+5	1.6162E+5	1.4748E+5	1.3491E+5	1.3090E+5	1.2645E+5	1.2239E+5	1.1789E+5	1.1323E+5	1.0757E+5	1.0061E+5	9.1959E+4	8.2429E+4	7.0041E+4	5.7376E+4	4.5944E+4	3.3667E+4	2.4680E+4	1.8095E+4	1.3458E+4	1.0555E+4	8.7133E+3	7.6012E+3
1.9292E+5	1.7040E+5	1.6002E+5	1.4683E+5	1.3432E+5	1.3041E+5	1.2640E+5	1.2177E+5	1.1767E+5	1.1341E+5	1.0701E+5	1.0039E+5	9.1695E+4	8.2280E+4	6.9953E+4	5.7347E+4	4.5922E+4	3.3675E+4	2.4687E+4	1.8110E+4	1.3468E+4	1.0565E+4	8.7189E+3	7.6046E+3
1.9725E+5	1.7082E+5	1.5960E+5	1.4716E+5	1.3427E+5	1.3054E+5	1.2623E+5	1.2219E+5	1.1753E+5	1.1299E+5	1.0707E+5	1.0030E+5	9.1714E+4	8.2231E+4	6.9891E+4	5.7331E+4	4.5920E+4	3.3674E+4	2.4674E+4	1.8114E+4	1.3467E+4	1.0565E+4	8.7176E+3	7.6051E+3
1.9395E+5	1.7027E+5	1.5924E+5	1.4623E+5	1.3368E+5	1.3003E+5	1.2558E+5	1.2150E+5	1.1709E+5	1.1258E+5	1.0640E+5	9.9933E+4	9.1329E+4	8.1956E+4	6.9739E+4	5.7262E+4	4.5887E+4	3.3684E+4	2.4734E+4	1.8148E+4	1.3491E+4	1.0579E+4	8.7275E+3	7.6106E+3
1.9214E+5	1.6891E+5	1.5827E+5	1.4545E+5	1.3322E+5	1.2925E+5	1.2511E+5	1.2081E+5	1.1668E+5	1.1219E+5	1.0638E+5	9.9497E+4	9.1074E+4	8.1824E+4	6.9670E+4	5.7225E+4	4.5943E+4	3.3731E+4	2.4767E+4	1.8177E+4	1.3510E+4	1.0593E+4	8.7364E+3	7.6145E+3
1.9037E+5	1.6777E+5	1.5819E+5	1.4538E+5	1.3326E+5	1.2879E+5	1.2487E+5	1.2024E+5	1.1627E+5	1.1150E+5	1.0591E+5	9.9327E+4	9.0832E+4	8.1609E+4	6.9531E+4	5.7163E+4	4.5906E+4	3.3768E+4	2.4798E+4	1.8203E+4	1.3532E+4	1.0604E+4	8.7419E+3	7.6183E+3
1.9323E+5	1.6770E+5	1.5702E+5	1.4418E+5	1.3278E+5	1.2848E+5	1.2451E+5	1.2010E+5	1.1614E+5	1.1136E+5	1.0591E+5	9.9251E+4	9.0915E+4	8.1698E+4	6.9570E+4	5.7208E+4	4.5928E+4	3.3762E+4	2.4802E+4	1.8196E+4	1.3528E+4	1.0600E+4	8.7398E+3	7.6175E+3
1.9249E+5	1.6856E+5	1.5812E+5	1.4471E+5	1.3285E+5	1.2900E+5	1.2475E+5	1.2075E+5	1.1622E+5	1.1207E+5	1.0620E+5	9.9494E+4	9.0987E+4	8.1757E+4	6.9619E+4	5.7241E+4	4.5921E+4	3.3743E+4	2.4774E+4	1.8186E+4	1.3521E+4	1.0599E+4	8.7383E+3	7.6153E+3
1.9113E+5	1.6645E+5	1.5719E+5	1.4417E+5	1.3231E+5	1.2832E+5	1.2416E+5	1.2003E+5	1.1595E+5	1.1117E+5	1.0585E+5	9.9124E+4	9.0753E+4	8.1608E+4	6.9517E+4	5.7197E+4	4.5930E+4	3.3774E+4	2.4811E+4	1.8214E+4	1.3538E+4	1.0607E+4	8.7429E+3	7.6187E+3
1.8759E+5	1.6676E+5	1.5568E+5	1.4431E+5	1.3166E+5	1.2774E+5	1.2385E+5	1.1935E+5	1.1521E+5	1.1089E+5	1.0518E+5	9.8789E+4	9.0547E+4	8.1403E+4	6.9421E+4	5.7173E+4	4.5934E+4	3.3808E+4	2.4832E+4	1.8230E+4	1.3552E+4	1.0617E+4	8.7497E+3	7.6222E+3
1.9155E+5	1.6693E+5	1.5630E+5	1.4345E+5	1.3163E+5	1.2815E+5	1.2389E+5	1.2000E+5	1.1570E+5	1.1106E+5	1.0565E+5	9.8998E+4	9.0706E+4	8.1537E+4	6.9509E+4	5.7187E+4	4.5938E+4	3.3778E+4	2.4821E+4	1.8221E+4	1.3543E+4	1.0609E+4	8.7420E+3	7.6193E+3
1.8810E+5	1.6682E+5	1.5699E+5	1.4414E+5	1.3198E+5	1.2856E+5	1.2413E+5	1.2007E+5	1.1596E+5	1.1162E+5	1.0555E+5	9.9232E+4	9.0760E+4	8.1664E+4	6.9611E+4	5.7242E+4	4.5956E+4	3.3792E+4	2.4800E+4	1.8208E+4	1.3531E+4	1.0602E+4	8.7404E+3	7.6155E+3
1.8825E+5	1.6811E+5	1.5756E+5	1.4421E+5	1.3237E+5	1.2834E+5	1.2416E+5	1.1990E+5	1.1591E+5	1.1128E+5	1.0570E+5	9.9280E+4	9.0876E+4	8.1635E+4	6.9602E+4	5.7208E+4	4.5942E+4	3.3757E+4	2.4803E+4	1.8200E+4	1.3525E+4	1.0599E+4	8.7378E+3	7.6154E+3
1.8999E+5	1.6554E+5	1.5603E+5	1.4400E+5	1.3156E+5	1.2739E+5	1.2360E+5	1.1908E+5	1.1513E+5	1.1050E+5	1.0522E+5	9.8623E+4	9.0434E+4	8.1342E+4	6.9401E+4	5.7172E+4	4.5954E+4	3.3816E+4	2.4856E+4	1.8241E+4	1.3560E+4	1.0621E+4	8.7521E+3	7.6235E+3
1.8939E+5	1.6701E+5	1.5502E+5	1.4328E+5	1.3135E+5	1.2766E+5	1.2328E+5	1.1909E+5	1.1490E+5	1.1075E+5	1.0500E+5	9.8683E+4	9.0441E+4	8.1345E+4	6.9464E+4	5.7184E+4	4.5959E+4	3.3816E+4	2.4857E+4	1.8244E+4	1.3557E+4	1.0620E+4	8.7520E+3	7.6224E+3
1.8719E+5	1.6579E+5	1.5545E+5	1.4300E+5	1.3105E+5	1.2760E+5	1.2317E+5	1.1893E+5	1.1492E+5	1.1033E+5	1.0513E+5	9.8565E+4	9.0256E+4	8.1237E+4	6.9354E+4	5.7117E+4	4.5936E+4	3.3813E+4	2.4845E+4	1.8253E+4	1.3569E+4	1.0626E+4	8.7550E+3	7.6258E+3
1.8724E+5	1.6585E+5	1.5437E+5	1.4209E+5	1.3019E+5	1.2682E+5	1.2258E+5	1.1843E+5	1.1446E+5	1.1013E+5	1.0432E+5	9.8121E+4	8.9902E+4	8.0999E+4	6.9140E+4	5.7047E+4	4.5905E+4	3.3848E+4	2.4894E+4	1.8285E+4	1.3588E+4	1.0637E+4	8.7649E+3	7.6291E+3
1.8557E+5	1.6402E+5	1.5386E+5	1.4123E+5	1.2962E+5	1.2567E+5	1.2160E+5	1.1771E+5	1.1383E+5	1.0956E+5	1.0388E+5	9.7693E+4	8.9597E+4	8.0740E+4	6.9065E+4	5.7006E+4	4.5894E+4	3.3859E+4	2.4933E+4	1.8324E+4	1.3614E+4	1.0659E+4	8.7731E+3	7.6352E+3
1.8589E+5	1.6318E+5	1.5278E+5	1.4210E+5	1.2873E+5	1.2547E+5	1.2131E+5	1.1726E+5	1.1322E+5	1.0918E+5	1.0367E+5	9.7266E+4	8.9223E+4	8.0481E+4	6.8913E+4	5.6933E+4	4.5924E+4	3.3909E+4	2.4968E+4	1.8352E+4	1.3632E+4	1.0667E+4	8.7801E+3	7.6393E+3
1.8805E+5	1.6437E+5	1.5335E+5	1.4132E+5	1.2973E+5	1.2574E+5	1.2164E+5	1.1722E+5	1.1351E+5	1.0884E+5	1.0360E+5	9.7398E+4	8.9320E+4	8.0554E+4	6.8977E+4	5.6982E+4	4.5933E+4	3.3905E+4	2.4966E+4	1.8343E+4	1.3624E+4	1.0664E+4	8.7751E+3	7.6384E+3
1.8402E+5	1.6294E+5	1.5227E+5	1.4060E+5	1.2884E+5	1.2503E+5	1.2117E+5	1.1713E+5	1.1297E+5	1.0869E+5	1.0309E+5	9.6990E+4	8.9092E+4	8.0388E+4	6.8848E+4	5.6930E+4	4.5925E+4	3.3933E+4	2.5005E+4	1.8371E+4	1.3647E+4	1.0676E+4	8.7848E+3	7.6408E+3
1.8485E+5	1.6381E+5	1.5311E+5	1.4113E+5	1.2899E+5	1.2539E+5	1.2127E+5	1.1736E+5	1.1327E+5	1.0934E+5	1.0367E+5	9.7439E+4	8.9526E+4	8.0715E+4	6.9152E+4	5.7085E+4	4.5993E+4	3.3927E+4	2.4971E+4	1.8331E+4	1.3619E+4	1.0659E+4	8.7714E+3	7.6358E+3
1.8191E+5	1.6225E+5	1.5325E+5	1.4129E+5	1.2930E+5	1.2574E+5	1.2143E+5	1.1744E+5	1.1344E+5	1.0910E+5	1.0399E+5	9.7624E+4	8.9590E+4	8.0821E+4	6.9143E+4	5.7103E+4	4.6006E+4	3.3928E+4	2.4962E+4	1.8324E+4	1.3609E+4	1.0653E+4	8.7698E+3	7.6310E+3
1.8656E+5	1.6429E+5	1.5199E+5	1.4104E+5	1.2923E+5	1.2563E+5	1.2139E+5	1.1733E+5	1.1361E+5	1.0922E+5	1.0411E+5	9.7702E+4	8.9719E+4	8.0943E+4	6.9206E+4	5.7133E+4	4.6012E+4	3.3922E+4	2.4945E+4	1.8317E+4	1.3604E+4	1.0649E+4	8.7659E+3	7.6310E+3
1.8559E+5	1.6301E+5	1.5277E+5	1.4044E+5	1.2897E+5	1.2509E+5	1.2141E+5	1.1741E+5	1.1340E+5	1.0930E+5	1.0380E+5	9.7545E+4	8.9600E+4	8.0836E+4	6.9204E+4	5.7140E+4	4.6036E+4	3.3944E+4	2.4967E+4	1.8333E+4	1.3613E+4	1.0653E+4	8.7666E+3	7.6314E+3
1.8089E+5	1.6181E+5	1.5236E+5	1.4080E+5	1.2873E+5	1.2498E+5	1.2106E+5	1.1730E+5	1.1318E+5	1.0899E+5	1.0370E+5	9.7555E+4	8.9576E+4	8.0844E+4	6.9190E+4	5.7143E+4	4.6059E+4	3.3941E+4	2.4973E+4	1.8332E+4	1.3614E+4	1.0651E+4	8.7678E+3	7.6319E+3
1.8249E+5	1.6174E+5	1.5252E+5	1.3999E+5	1.2837E+5	1.2447E+5	1.2048E+5	1.1643E+5	1.1270E+5	1.0858E+5	1.0353E+5	9.7243E+4	8.9312E+4	8.0680E+4	6.9109E+4	5.7112E+4	4.6041E+4	3.3952E+4	2.4991E+4	1.8358E+4	1.3627E+4	1.0665E+4	8.7773E+3	7.6356E+3
1.8031E+5	1.6062E+5	1.5044E+5	1.3908E+5	1.2747E+5	1.2417E+5	1.1970E+5	1.1591E+5	1.1226E+5	1.0813E+5	1.0279E+5	9.6870E+4	8.9033E+4	8.0398E+4	6.8917E+4	5.6994E+4	4.5990E+4	3.3962E+4	2.5014E+4	1.8380E+4	1.3652E+4	1.0679E+4	8.7862E+3	7.6419E+3
1.8513E+5	1.6103E+5	1.5097E+5	1.3863E+5	1.2755E+5	1.2391E+5	1.1991E+5	1.1613E+5	1.1218E+5	1.0827E+5	1.0283E+5	9.6846E+4	8.9031E+4	8.0351E+4	6.8878E+4	5.6929E+4	4.5961E+4	3.3947E+4	2.5011E+4	1.8379E+4	1.3653E+4	1.0682E+4	8.7883E+3	7.6424E+3
1.7910E+5	1.6088E+5	1.4771E+5	1.3870E+5	1.2655E+5	1.2311E+5	1.1951E+5	1.1539E+5	1.1201E+5	1.0771E+5	1.0238E+5	9.6528E+4	8.8781E+4	8.0185E+4	6.8795E+4	5.6919E+4	4.5975E+4	3.3984E+4	2.5042E+4	1.8410E+4	1.3673E+4	1.0693E+4	8.7944E+3	7.6461E+3
1.8009E+5	1.6020E+5	1.4946E+5	1.3774E+5	1.2641E+5	1.2344E+5	1.1930E+5	1.1535E+5	1.1141E+5	1.0746E+5	1.0219E+5	9.6201E+4	8.8511E+4	7.9979E+4	6.8638E+4	5.6854E+4	4.5946E+4	3.3997E+4	2.5064E+4	1.8426E+4	1.3686E+4	1.0704E+4	8.8019E+3	7.6500E+3
1.7883E+5	1.5929E+5	1.4829E+5	1.3681E+5	1.2569E+5	1.2218E+5	1.1833E+5	1.1451E+5	1.1093E+5	1.0693E+5	1.0162E+5	9.5690E+4	8.8078E+4	7.9664E+4	6.8502E+4	5.6776E+4	4.5937E+4	3.4041E+4	2.5109E+4	1.8465E+4	1.3717E+4	1.0724E+4	8.8127E+3	7.6574E+3
1.8180E+5	1.6001E+5	1.4811E+5	1.3582E+5	1.2480E+5	1.2202E+5	1.1824E+5	1.1419E+5	1.1059E+5	1.0630E+5	1.0127E+5	9.5569E+4	8.8050E+4	7.9614E+4	6.8439E+4	5.6806E+4	4.5961E+4	3.4060E+4	2.5136E+4	1.8481E+4	1.3724E+4	1.0727E+4	8.8138E+3	7.6570E+3
1.7639E+5	1.5818E+5	1.4812E+5	1.3684E+5	1.2550E+5	1.2202E+5	1.1812E+5	1.1426E+5	1.1058E+5	1.0660E+5	1.0131E+5	9.5649E+4	8.8075E+4	7.9682E+4	6.8468E+4	5.6815E+4	4.5978E+4	3.4068E+4	2.5132E+4	1.8482E+4	1.3721E+4	1.0724E+4	8.8129E+3	7.6563E+3
1.7706E+5	1.5663E+5	1.4688E+5	1.3571E+5	1.2462E+5	1.2128E+5	1.1762E+5	1.1375E+5	1.1003E+5	1.0595E+5	1.0114E+5	9.5250E+4	8.7840E+4	7.9497E+4	6.8427E+4	5.6804E+4	4.6006E+4	3.4116E+4	2.5170E+4	1.8509E+4	1.3741E+4	1.0735E+4	8.8177E+3	7.6601E+3
1.7716E+5	1.5752E+5	1.4710E+5	1.3622E+5	1.2479E+5	1.2129E+5	1.1763E+5	1.1361E+5	1.1019E+5	1.0636E+5	1.0084E+5	9.5320E+4	8.7804E+4	7.9518E+4	6.8405E+4	5.6830E+4	4.6005E+4	3.4119E+4	2.5167E+4	1.8505E+4	1.3736E+4	1.0732E+4	8.8171E+3	7.6585E+3
1.7524E+5	1.5677E+5	1.4537E+5	1.3467E+5	1.2353E+5	1.2040E+5	1.1674E+5	1.1271E+5	1.0941E+5	1.0539E+5	1.0037E+5	9.4781E+4	8.7390E+4	7.9171E+4	6.8231E+4	5.6736E+4	4.6014E+4	3.4152E+4	2.5219E+4	1.8544E+4	1.3768E+4	1.0752E+4	8.8290E+3	7.6656E+3
1.7594E+5	1.5660E+5	1.4666E+5	1.3487E+5	1.2396E+5	1.2065E+5	1.1699E+5	1.1306E+5	1.0969E+5	1.0562E+5	1.0095E+5	9.5061E+4	8.7673E+4	7.9453E+4	6.8391E+4	5.6825E+4	4.6021E+4	3.4129E+4	2.5195E+4	1.8522E+4	1.3746E+4	1.0738E+4	8.8197E+3	7.6604E+3
1.7432E+5	1.5636E+5	1.4601E+5	1.3485E+5	1.2411E+5	1.2045E+5	1.1692E+5	1.1322E+5	1.0977E+5	1.0597E+5	1.0090E+5	9.5140E+4	8.7744E+4	7.9461E+4	6.8447E+4	5.6832E+4	4.6039E+4	3.4127E+4	2.5182E+4	1.8509E+4	1.3738E+4	1.0733E+4	8.8154E+3	7.6568E+3
1.7577E+5	1.5282E+5	1.4412E+5	1.3429E+5	1.2348E+5	1.2075E+5	1.1708E+5	1.1314E+5	1.0958E+5	1.0565E+5	1.0094E+5	9.5109E+4	8.7720E+4	7.9530E+4	6.8430E+4	5.6864E+4	4.6048E+4	3.4135E+4	2.5186E+4	1.8514E+4	1.3742E+4	1.0736E+4	8.8175E+3	7.6579E+3
1.7495E+5	1.5546E+5	1.4619E+5	1.3481E+5	1.2425E+5	1.2064E+5	1.1717E+5	1.1347E+5	1.0991E+5	1.0586E+5	1.0110E+5	9.5369E+4	8.8002E+4	7.9747E+4	6.8589E+4	5.6933E+4	4.6089E+4	3.4137E+4	2.5174E+4	1.8496E+4	1.3723E+4	1.0723E+4	8.8092E+3	7.6541E+3
1.7406E+5	1.5556E+5	1.4578E+5	1.3497E+5	1.2440E+5	1.2102E+5	1.1735E+5	1.1387E+5	1.1035E+5	1.0616E+5	1.0129E+5	9.5725E+4	8.8202E+4	7.9876E+4	6.8708E+4	5.7018E+4	4.6111E+4	3.4132E+4	2.5146E+4	1.8476E+4	1.3710E+4	1.0712E+4	8.8027E+3	7.6492E+3
1.7504E+5	1.5449E+5	1.4694E+5	1.3509E+5	1.2402E+5	1.2106E+5	1.1755E+5	1.1385E+5	1.1054E+5	1.0677E+5	1.0194E+5	9.5974E+4	8.8454E+4	8.0122E+4	6.8867E+4	5.7084E+4	4.6138E+4	3.4116E+4	2.5132E+4	1.8453E+4	1.3693E+4	1.0703E+4	8.7956E+3	7.6463E+3
1.7412E+5	1.5646E+5	1.4596E+5	1.3418E+5	1.2374E+5	1.2087E+5	1.1730E+5	1.1369E+5	1.1000E+5	1.0616E+5	1.0152E+5	9.5798E+4	8.8273E+4	7.9957E+4	6.8793E+4	5.7030E+4	4.6162E+4	3.4132E+4	2.5141E+4	1.8471E+4	1.3707E+4	1.0710E+4	8.8010E+3	7.6475E+3
1.7466E+5	1.5559E+5	1.4618E+5	1.3498E+5	1.2446E+5	1.2093E+5	1.1721E+5	1.1378E+5	1.1026E+5	1.0645E+5	1.0166E+5	9.5855E+4	8.8458E+4	8.0073E+4	6.8877E+4	5.7126E+4	4.6151E+4	3.4134E+4	2.5147E+4	1.8461E+4	1.3696E+4	1.0703E+4	8.7953E+3	7.6445E+3
1.7340E+5	1.5430E+5	1.4452E+5	1.3390E+5	1.2334E+5	1.2008E+5	1.1667E+5	1.1326E+5	1.0974E+5	1.0604E+5	1.0106E+5	9.5404E+4	8.8022E+4	7.9811E+4	6.8678E+4	5.7015E+4	4.6153E+4	3.4167E+4	2.5190E+4	1.8496E+4	1.3723E+4	1.0718E+4	8.8078E+3	7.6493E+3
1.7577E+5	1.5778E+5	1.4547E+5	1.3470E+5	1.2409E+5	1.2084E+5	1.1732E+5	1.1355E+5	1.1012E+5	1.0606E+5	1.0128E+5	9.5671E+4	8.8255E+4	8.0003E+4	6.8788E+4	5.7062E+4	4.6149E+4	3.4150E+4	2.5163E+4	1.8481E+4	1.3709E+4	1.0711E+4	8.8023E+3	7.6482E+3
1.7265E+5	1.5419E+5	1.4612E+5	1.3503E+5	1.2410E+5	1.2073E+5	1.1741E+5	1.1382E+5	1.1047E+5	1.0634E+5	1.0177E+5	9.5946E+4	8.8462E+4	8.0092E+4	6.8837E+4	5.7117E+4	4.6183E+4	3.4141E+4	2.5144E+4	1.8452E+4	1.3697E+4	1.0702E+4	8.7963E+3	7.6445E+3
1.7204E+5	1.5379E+5	1.4478E+5	1.3389E+5	1.2378E+5	1.2060E+5	1.1708E+5	1.1374E+5	1.1008E+5	1.0632E+5	1.0138E+5	9.5904E+4	8.8434E+4	8.0161E+4	6.8902E+4	5.7129E+4	4.6180E+4	3.4155E+4	2.5152E+4	1.8468E+4	1.3693E+4	1.0703E+4	8.7963E+3	7.6451E+3
1.7442E+5	1.5457E+5	1.4523E+5	1.3402E+5	1.2385E+5	1.2052E+5	1.1711E+5	1.1340E+5	1.0985E+5	1.0643E+5	1.0137E+5	9.5839E+4	8.8350E+4	8.0051E+4	6.8910E+4	5.7149E+4	4.6200E+4	3.4156E+4	2.5157E+4	1.8476E+4	1.3702E+4	1.0707E+4	8.7983E+3	7.6468E+3
1.7596E+5	1.5561E+5	1.4458E+5	1.3341E+5	1.2330E+5	1.2012E+5	1.1691E+5	1.1319E+5	1.0982E+5	1.0634E+5	1.0125E+5	9.5691E+4	8.8349E+4	8.0058E+4	6.8907E+4	5.7116E+4	4.6223E+4	3.4197E+4	2.5177E+4	1.8483E+4	1.3708E+4	1.0708E+4	8.7984E+3	7.6455E+3
1.7142E+5	1.5385E+5	1.4409E+5	1.3401E+5	1.2314E+5	1.2032E+5	1.1668E+5	1.1331E+5	1.1013E+5	1.0639E+5	1.0140E+5	9.5931E+4	8.8550E+4	8.0218E+4	6.9002E+4	5.7220E+4	4.6242E+4	3.4165E+4	2.5159E+4	1.8468E+4	1.3698E+4	1.0702E+4	8.7953E+3	7.6432E+3
1.7246E+5	1.5462E+5	1.4507E+5	1.3408E+5	1.2392E+5	1.2068E+5	1.1715E+5	1.1363E+5	1.1018E+5	1.0659E+5	1.0199E+5	9.6187E+4	8.8798E+4	8.0384E+4	6.9066E+4	5.7258E+4	4.6235E+4	3.4158E+4	2.5123E+4	1.8452E+4	1.3679E+4	1.0690E+4	8.7871E+3	7.6398E+3
1.7728E+5	1.5276E+5	1.4477E+5	1.3400E+5	1.2343E+5	1.1997E+5	1.1689E+5	1.1361E+5	1.1010E+5	1.0670E+5	1.0174E+5	9.6188E+4	8.8697E+4	8.0355E+4	6.9070E+4	5.7259E+4	4.6262E+4	3.4186E+4	2.5148E+4	1.8454E+4	1.3691E+4	1.0692E+4	8.7908E+3	7.6414E+3
1.7167E+5	1.5285E+5	1.4351E+5	1.3300E+5	1.2316E+5	1.1988E+5	1.1646E+5	1.1322E+5	1.0986E+5	1.0617E+5	1.0144E+5	9.5918E+4	8.8475E+4	8.0205E+4	6.9004E+4	5.7240E+4	4.6270E+4	3.4186E+4	2.5170E+4	1.8472E+4	1.3699E+4	1.0703E+4	8.7955E+3	7.6430E+3
1.7261E+5	1.5252E+5	1.4381E+5	1.3308E+5	1.2306E+5	1.1988E+5	1.1662E+5	1.1316E+5	1.1007E+5	1.0620E+5	1.0171E+5	9.5974E+4	8.8669E+4	8.0323E+4	6.9113E+4	5.7283E+4	4.6254E+4	3.4197E+4	2.5159E+4	1.8457E+4	1.3693E+4	1.0699E+4	8.7903E+3	7.6419E+3
1.6989E+5	1.5179E+5	1.4160E+5	1.3227E+5	1.2260E+5	1.1954E+5	1.1608E+5	1.1278E+5	1.0952E+5	1.0611E+5	1.0106E+5	9.5657E+4	8.8371E+4	8.0153E+4	6.8935E+4	5.7226E+4	4.6263E+4	3.4221E+4	2.5187E+4	1.8479E+4	1.3711E+4	1.0711E+4	8.7991E+3	7.6461E+3
1.6938E+5	1.5165E+5	1.4300E+5	1.3231E+5	1.2282E+5	1.1968E+5	1.1645E+5	1.1319E+5	1.0978E+5	1.0621E+5	1.0148E+5	9.5979E+4	8.8623E+4	8.0336E+4	6.9068E+4	5.7283E+4	4.6279E+4	3.4192E+4	2.5152E+4	1.8468E+4	1.3696E+4	1.0701E+4	8.7937E+3	7.6422E+3
1.6689E+5	1.5216E+5	1.4279E+5	1.3117E+5	1.2237E+5	1.1899E+5	1.1639E+5	1.1319E+5	1.0976E+5	1.0618E+5	1.0140E+5	9.5800E+4	8.8524E+4	8.0251E+4	6.9099E+4	5.7255E+4	4.6277E+4	3.4192E+4	2.5164E+4	1.8470E+4	1.3701E+4	1.0705E+4	8.7948E+3	7.6441E+3
1.6727E+5	1.5124E+5	1.4140E+5	1.3138E+5	1.2168E+5	1.1870E+5	1.1566E+5	1.1235E+5	1.0916E+5	1.0548E+5	1.0075E+5	9.5447E+4	8.8207E+4	8.0042E+4	6.8869E+4	5.7200E+4	4.6257E+4	3.4215E+4	2.5210E+4	1.8513E+4	1.3725E+4	1.0721E+4	8.8061E+3	7.6500E+3
1.6848E+5	1.5168E+5	1.4223E+5	1.3220E+5	1.2316E+5	1.1985E+5	1.1642E+5	1.1301E+5	1.1003E+5	1.0656E+5	1.0172E+5	9.6069E+4	8.8641E+4	8.0333E+4	6.9093E+4	5.7265E+4	4.6244E+4	3.4177E+4	2.5165E+4	1.8460E+4	1.3694E+4	1.0698E+4	8.7930E+3	7.6420E+3
1.6951E+5	1.5011E+5	1.4138E+5	1.3223E+5	1.2195E+5	1.1928E+5	1.1614E+5	1.1274E+5	1.0947E+5	1.0597E+5	1.0146E+5	9.5665E+4	8.8381E+4	8.0053E+4	6.8887E+4	5.7148E+4	4.6195E+4	3.4182E+4	2.5174E+4	1.8489E+4	1.3714E+4	1.0714E+4	8.8020E+3	7.6470E+3
1.6672E+5	1.4943E+5	1.4078E+5	1.3136E+5	1.2179E+5	1.1914E+5	1.1572E+5	1.1262E+5	1.0927E+5	1.0550E+5	1.0103E+5	9.5492E+4	8.8184E+4	7.9932E+4	6.8791E+4	5.7102E+4	4.6191E+4	3.4189E+4	2.5203E+4	1.8506E+4	1.3727E+4	1.0720E+4	8.8060E+3	7.6502E+3
1.6830E+5	1.5042E+5	1.4208E+5	1.3164E+5	1.2246E+5	1.1940E+5	1.1586E+5	1.1285E+5	1.0944E+5	1.0601E+5	1.0121E+5	9.5578E+4	8.8202E+4	7.9907E+4	6.8740E+4	5.7064E+4	4.6153E+4	3.4180E+4	2.5181E+4	1.8495E+4	1.3719E+4	1.0721E+4	8.8054E+3	7.6482E+3
1.6742E+5	1.5062E+5	1.4214E+5	1.3212E+5	1.2244E+5	1.1957E+5	1.1624E+5	1.1277E+5	1.0954E+5	1.0612E+5	1.0144E+5	9.5703E+4	8.8348E+4	7.9981E+4	6.8857E+4	5.7122E+4	4.6159E+4	3.4172E+4	2.5179E+4	1.8491E+4	1.3712E+4	1.0712E+4	8.8005E+3	7.6460E+3
1.6792E+5	1.5104E+5	1.4163E+5	1.3213E+5	1.2212E+5	1.1949E+5	1.1608E+5	1.1321E+5	1.0978E+5	1.0626E+5	1.0145E+5	9.5828E+4	8.8420E+4	8.0074E+4	6.8880E+4	5.7080E+4	4.6185E+4	3.4162E+4	2.5164E+4	1.8486E+4	1.3710E+4	1.0711E+4	8.7990E+3	7.6464E+3
1.6712E+5	1.5047E+5	1.4133E+5	1.3184E+5	1.2264E+5	1.1935E+5	1.1595E+5	1.1304E+5	1.0937E+5	1.0559E+5	1.0136E+5	9.5597E+4	8.8233E+4	8.0025E+4	6.8831E+4	5.7115E+4	4.6208E+4	3.4182E+4	2.5182E+4	1.8494E+4	1.3715E+4	1.0710E+4	8.8011E+3	7.6460E+3
1.6586E+5	1.4792E+5	1.3999E+5	1.3117E+5	1.2170E+5	1.1804E+5	1.1504E+5	1.1146E+5	1.0829E+5	1.0492E+5	1.0037E+5	9.4759E+4	8.7609E+4	7.9527E+4	6.8529E+4	5.6973E+4	4.6191E+4	3.4230E+4	2.5247E+4	1.8544E+4	1.3758E+4	1.0744E+4	8.8166E+3	7.6564E+3
1.6645E+5	1.4964E+5	1.3986E+5	1.3067E+5	1.2139E+5	1.1826E+5	1.1516E+5	1.1174E+5	1.0868E+5	1.0502E+5	1.0050E+5	9.5004E+4	8.7824E+4	7.9652E+4	6.8618E+4	5.7033E+4	4.6211E+4	3.4231E+4	2.5230E+4	1.8538E+4	1.3748E+4	1.0734E+4	8.8124E+3	7.6525E+3
1.6665E+5	1.4882E+5	1.3952E+5	1.3018E+5	1.2103E+5	1.1801E+5	1.1466E+5	1.1138E+5	1.0830E+5	1.0487E+5	9.9970E+4	9.4756E+4	8.7503E+4	7.9461E+4	6.8524E+4	5.7032E+4	4.6215E+4	3.4265E+4	2.5258E+4	1.8563E+4	1.3763E+4	1.0744E+4	8.8181E+3	7.6564E+3
1.6515E+5	1.4806E+5	1.3893E+5	1.2969E+5	1.2040E+5	1.1729E+5	1.1415E+5	1.1078E+5	1.0760E+5	1.0425E+5	9.9694E+4	9.4264E+4	8.7261E+4	7.9242E+4	6.8400E+4	5.6975E+4	4.6229E+4	3.4297E+4	2.5306E+4	1.8594E+4	1.3780E+4	1.0755E+4	8.8255E+3	7.6615E+3
1.6647E+5	1.4934E+5	1.3943E+5	1.2976E+5	1.2014E+5	1.1684E+5	1.1382E+5	1.1075E+5	1.0743E+5	1.0390E+5	9.9484E+4	9.4174E+4	8.7135E+4	7.9162E+4	6.8399E+4	5.6959E+4	4.6228E+4	3.4329E+4	2.5308E+4	1.8601E+4	1.3795E+4	1.0762E+4	8.8286E+3	7.6628E+3
1.6769E+5	1.4923E+5	1.3939E+5	1.2881E+5	1.1993E+5	1.1693E+5	1.1369E+5	1.1055E+5	1.0731E+5	1.0404E+5	9.9515E+4	9.4223E+4	8.7030E+4	7.9132E+4	6.8386E+4	5.6942E+4	4.6228E+4	3.4301E+4	2.5317E+4	1.8603E+4	1.3791E+4	1.0762E+4	8.8299E+3	7.6623E+3
1.6775E+5	1.4740E+5	1.3983E+5	1.2970E+5	1.2064E+5	1.1761E+5	1.1444E+5	1.1137E+5	1.0830E+5	1.0461E+5	1.0014E+5	9.4713E+4	8.7604E+4	7.9533E+4	6.8665E+4	5.7085E+4	4.6243E+4	3.4265E+4	2.5261E+4	1.8553E+4	1.3760E+4	1.0738E+4	8.8140E+3	7.6533E+3
1.6689E+5	1.4859E+5	1.4029E+5	1.3055E+5	1.2079E+5	1.1787E+5	1.1480E+5	1.1145E+5	1.0824E+5	1.0465E+5	1.0028E+5	9.4803E+4	8.7715E+4	7.9631E+4	6.8646E+4	5.7108E+4	4.6246E+4	3.4266E+4	2.5257E+4	1.8548E+4	1.3749E+4	1.0734E+4	8.8126E+3	7.6518E+3
1.6209E+5	1.4849E+5	1.3916E+5	1.2902E+5	1.2035E+5	1.1717E+5	1.1388E+5	1.1071E+5	1.0764E+5	1.0387E+5	9.9692E+4	9.4293E+4	8.7233E+4	7.9234E+4	6.8425E+4	5.6961E+4	4.6222E+4	3.4307E+4	2.5313E+4	1.8586E+4	1.3780E+4	1.0751E+4	8.8230E+3	7.6579E+3
1.6310E+5	1.4777E+5	1.3892E+5	1.2877E+5	1.1949E+5	1.1696E+5	1.1327E+5	1.1027E+5	1.0706E+5	1.0364E+5	9.9291E+4	9.3951E+4	8.7009E+4	7.9087E+4	6.8337E+4	5.6944E+4	4.6235E+4	3.4314E+4	2.5335E+4	1.8610E+4	1.3795E+4	1.0765E+4	8.8282E+3	7.6610E+3
1.6405E+5	1.4749E+5	1.3814E+5	1.2883E+5	1.1954E+5	1.1680E+5	1.1360E+5	1.1042E+5	1.0731E+5	1.0392E+5	9.9360E+4	9.4099E+4	8.7094E+4	7.9184E+4	6.8403E+4	5.6981E+4	4.6236E+4	3.4318E+4	2.5322E+4	1.8600E+4	1.3788E+4	1.0760E+4	8.8265E+3	7.6591E+3
1.6423E+5	1.4801E+5	1.3882E+5	1.2904E+5	1.2002E+5	1.1727E+5	1.1401E+5	1.1066E+5	1.0769E+5	1.0432E+5	9.9753E+4	9.4421E+4	8.7277E+4	7.9342E+4	6.8535E+4	5.7056E+4	4.6247E+4	3.4309E+4	2.5298E+4	1.8580E+4	1.3772E+4	1.0749E+4	8.8195E+3	7.6557E+3
1.6131E+5	1.4798E+5	1.3783E+5	1.2768E+5	1.1925E+5	1.1664E+5	1.1379E+5	1.1047E+5	1.0751E+5	1.0427E+5	9.9725E+4	9.4257E+4	8.7271E+4	7.9340E+4	6.8535E+4	5.7034E+4	4.6253E+4	3.4329E+4	2.5314E+4	1.8589E+4	1.3780E+4	1.0751E+4	8.8227E+3	7.6577E+3
1.6366E+5	1.4631E+5	1.3882E+5	1.2892E+5	1.1938E+5	1.1694E+5	1.1355E+5	1.1055E+5	1.0744E+5	1.0367E+5	9.9570E+4	9.4260E+4	8.7252E+4	7.9305E+4	6.8488E+4	5.7052E+4	4.6288E+4	3.4328E+4	2.5325E+4	1.8591E+4	1.3784E+4	1.0753E+4	8.8222E+3	7.6571E+3
1.6354E+5	1.4556E+5	1.3788E+5	1.2798E+5	1.1905E+5	1.1630E+5	1.1354E+5	1.1016E+5	1.0724E+5	1.0370E+5	9.9302E+4	9.4008E+4	8.7036E+4	7.9119E+4	6.8380E+4	5.6967E+4	4.6238E+4	3.4324E+4	2.5329E+4	1.8609E+4	1.3791E+4	1.0762E+4	8.8279E+3	7.6606E+3
1.6059E+5	1.4604E+5	1.3749E+5	1.2765E+5	1.1868E+5	1.1581E+5	1.1302E+5	1.0957E+5	1.0660E+5	1.0307E+5	9.8715E+4	9.3630E+4	8.6827E+4	7.8963E+4	6.8266E+4	5.6954E+4	4.6245E+4	3.4356E+4	2.5364E+4	1.8641E+4	1.3814E+4	1.0775E+4	8.8367E+3	7.6635E+3
1.6132E+5	1.4564E+5	1.3666E+5	1.2701E+5	1.1904E+5	1.1574E+5	1.1280E+5	1.0981E+5	1.0666E+5	1.0325E+5	9.8897E+4	9.3689E+4	8.6814E+4	7.8947E+4	6.8286E+4	5.6945E+4	4.6258E+4	3.4357E+4	2.5359E+4	1.8630E+4	1.3812E+4	1.0773E+4	8.8337E+3	7.6624E+3
1.5929E+5	1.4498E+5	1.3637E+5	1.2743E+5	1.1875E+5	1.1542E+5	1.1246E+5	1.0963E+5	1.0647E+5	1.0296E+5	9.8671E+4	9.3523E+4	8.6588E+4	7.8793E+4	6.8190E+4	5.6872E+4	4.6218E+4	3.4366E+4	2.5373E+4	1.8647E+4	1.3823E+4	1.0781E+4	8.8384E+3	7.6658E+3
1.6236E+5	1.4410E+5	1.3645E+5	1.2635E+5	1.1763E+5	1.1465E+5	1.1169E+5	1.0859E+5	1.0572E+5	1.0266E+5	9.8154E+4	9.2975E+4	8.6267E+4	7.8534E+4	6.7978E+4	5.6799E+4	4.6195E+4	3.4387E+4	2.5403E+4	1.8681E+4	1.3849E+4	1.0795E+4	8.8485E+3	7.6715E+3
1.5892E+5	1.4417E+5	1.3530E+5	1.2618E+5	1.1811E+5	1.1484E+5	1.1216E+5	1.0878E+5	1.0602E+5	1.0246E+5	9.8307E+4	9.3191E+4	8.6346E+4	7.8574E+4	6.8060E+4	5.6843E+4	4.6232E+4	3.4394E+4	2.5408E+4	1.8672E+4	1.3841E+4	1.0791E+4	8.8452E+3	7.6677E+3
1.6211E+5	1.4401E+5	1.3674E+5	1.2673E+5	1.1789E+5	1.1519E+5	1.1217E+5	1.0914E+5	1.0603E+5	1.0290E+5	9.8650E+4	9.3398E+4	8.6486E+4	7.8755E+4	6.8167E+4	5.6907E+4	4.6236E+4	3.4379E+4	2.5387E+4	1.8655E+4	1.3829E+4	1.0783E+4	8.8397E+3	7.6660E+3
1.5790E+5	1.4401E+5	1.3529E+5	1.2611E+5	1.1698E+5	1.1482E+5	1.1151E+5	1.0831E+5	1.0556E+5	1.0240E+5	9.7977E+4	9.2915E+4	8.6193E+4	7.8473E+4	6.7983E+4	5.6803E+4	4.6238E+4	3.4400E+4	2.5428E+4	1.8686E+4	1.3848E+4	1.0798E+4	8.8502E+3	7.6712E+3
1.5969E+5	1.4413E+5	1.3534E+5	1.2611E+5	1.1747E+5	1.1453E+5	1.1151E+5	1.0828E+5	1.0546E+5	1.0212E+5	9.7829E+4	9.2877E+4	8.6063E+4	7.8388E+4	6.7955E+4	5.6773E+4	4.6234E+4	3.4404E+4	2.5431E+4	1.8702E+4	1.3857E+4	1.0802E+4	8.8535E+3	7.6720E+3
1.5829E+5	1.4262E+5	1.3433E+5	1.2540E+5	1.1626E+5	1.1388E+5	1.1096E+5	1.0786E+5	1.0496E+5	1.0162E+5	9.7392E+4	9.2359E+4	8.5701E+4	7.8094E+4	6.7697E+4	5.6675E+4	4.6172E+4	3.4422E+4	2.5475E+4	1.8734E+4	1.3882E+4	1.0818E+4	8.8630E+3	7.6790E+3
1.6025E+5	1.4255E+5	1.3476E+5	1.2522E+5	1.1616E+5	1.1376E+5	1.1079E+5	1.0764E+5	1.0477E+5	1.0131E+5	9.7146E+4	9.2239E+4	8.5626E+4	7.8034E+4	6.7684E+4	5.6638E+4	4.6177E+4	3.4414E+4	2.5480E+4	1.8745E+4	1.3890E+4	1.0829E+4	8.8665E+3	7.6824E+3
1.6002E+5	1.4324E+5	1.3510E+5	1.2560E+5	1.1661E+5	1.1434E+5	1.1112E+5	1.0800E+5	1.0509E+5	1.0168E+5	9.7397E+4	9.2464E+4	8.5874E+4	7.8218E+4	6.7848E+4	5.6719E+4	4.6180E+4	3.4405E+4	2.5453E+4	1.8721E+4	1.3878E+4	1.0816E+4	8.8586E+3	7.6773E+3
1.5904E+5	1.4271E+5	1.3472E+5	1.2537E+5	1.1662E+5	1.1378E+5	1.1092E+5	1.0796E+5	1.0499E+5	1.0148E+5	9.7395E+4	9.2429E+4	8.5779E+4	7.8138E+4	6.7767E+4	5.6687E+4	4.6193E+4	3.4430E+4	2.5455E+4	1.8726E+4	1.3881E+4	1.0817E+4	8.8606E+3	7.6778E+3
1.5696E+5	1.4225E+5	1.3536E+5	1.2503E+5	1.1663E+5	1.1334E+5	1.1061E+5	1.0769E+5	1.0481E+5	1.0148E+5	9.7184E+4	9.2308E+4	8.5609E+4	7.8057E+4	6.7770E+4	5.6681E+4	4.6195E+4	3.4429E+4	2.5481E+4	1.8741E+4	1.3886E+4	1.0821E+4	8.8638E+3	7.6809E+3
1.5903E+5	1.4285E+5	1.3418E+5	1.2564E+5	1.1691E+5	1.1394E+5	1.1078E+5	1.0795E+5	1.0492E+5	1.0185E+5	9.7615E+4	9.2458E+4	8.5805E+4	7.8135E+4	6.7794E+4	5.6698E+4	4.6206E+4	3.4431E+4	2.5471E+4	1.8724E+4	1.3878E+4	1.0814E+4	8.8592E+3	7.6782E+3
1.6114E+5	1.4283E+5	1.3416E+5	1.2531E+5	1.1670E+5	1.1360E+5	1.1113E+5	1.0823E+5	1.0504E+5	1.0191E+5	9.7784E+4	9.2605E+4	8.5879E+4	7.8267E+4	6.7815E+4	5.6741E+4	4.6205E+4	3.4415E+4	2.5455E+4	1.8721E+4	1.3866E+4	1.0810E+4	8.8578E+3	7.6760E+3
1.5918E+5	1.4218E+5	1.3426E+5	1.2506E+5	1.1639E+5	1.1374E+5	1.1075E+5	1.0790E+5	1.0464E+5	1.0178E+5	9.7249E+4	9.2322E+4	8.5636E+4	7.8057E+4	6.7703E+4	5.6659E+4	4.6167E+4	3.4420E+4	2.5479E+4	1.8738E+4	1.3887E+4	1.0824E+4	8.8644E+3	7.6796E+3
1.5821E+5	1.4250E+5	1.3419E+5	1.2457E+5	1.1627E+5	1.1340E+5	1.1061E+5	1.0763E+5	1.0470E+5	1.0126E+5	9.7015E+4	9.2133E+4	8.5490E+4	7.7934E+4	6.7617E+4	5.6610E+4	4.6142E+4	3.4414E+4	2.5482E+4	1.8747E+4	1.3896E+4	1.0826E+4	8.8682E+3	7.6821E+3
1.6098E+5	1.4166E+5	1.3373E+5	1.2484E+5	1.1619E+5	1.1330E+5	1.1036E+5	1.0739E+5	1.0453E+5	1.0145E+5	9.6894E+4	9.2101E+4	8.5476E+4	7.7900E+4	6.7565E+4	5.6594E+4	4.6129E+4	3.4423E+4	2.5494E+4	1.8754E+4	1.3904E+4	1.0829E+4	8.8711E+3	7.6841E+3
1.5737E+5	1.4212E+5	1.3396E+5	1.2477E+5	1.1627E+5	1.1353E+5	1.1057E+5	1.0760E+5	1.0454E+5	1.0158E+5	9.7186E+4	9.2187E+4	8.5558E+4	7.7976E+4	6.7685E+4	5.6632E+4	4.6170E+4	3.4422E+4	2.5476E+4	1.8741E+4	1.3890E+4	1.0825E+4	8.8656E+3	7.6809E+3
1.5771E+5	1.4223E+5	1.3350E+5	1.2518E+5	1.1599E+5	1.1322E+5	1.1049E+5	1.0765E+5	1.0469E+5	1.0135E+5	9.7326E+4	9.2224E+4	8.5555E+4	7.8076E+4	6.7733E+4	5.6670E+4	4.6195E+4	3.4437E+4	2.5476E+4	1.8738E+4	1.3889E+4	1.0821E+4	8.8635E+3	7.6793E+3
1.5531E+5	1.4066E+5	1.3350E+5	1.2449E+5	1.1542E+5	1.1291E+5	1.0995E+5	1.0701E+5	1.0424E+5	1.0117E+5	9.6799E+4	9.1971E+4	8.5378E+4	7.7903E+4	6.7639E+4	5.6643E+4	4.6203E+4	3.4453E+4	2.5509E+4	1.8758E+4	1.3901E+4	1.0831E+4	8.8689E+3	7.6821E+3
1.5759E+5	1.4144E+5	1.3354E+5	1.2422E+5	1.1548E+5	1.1290E+5	1.0997E+5	1.0687E+5	1.0417E+5	1.0103E+5	9.6899E+4	9.1996E+4	8.5365E+4	7.7900E+4	6.7604E+4	5.6639E+4	4.6206E+4	3.4456E+4	2.5487E+4	1.8768E+4	1.3897E+4	1.0829E+4	8.8689E+3	7.6808E+3
1.5577E+5	1.3983E+5	1.3278E+5	1.2393E+5	1.1503E+5	1.1269E+5	1.0976E+5	1.0679E+5	1.0409E+5	1.0082E+5	9.6688E+4	9.1827E+4	8.5346E+4	7.7885E+4	6.7641E+4	5.6680E+4	4.6228E+4	3.4478E+4	2.5522E+4	1.8766E+4	1.3907E+4	1.0831E+4	8.8683E+3	7.6818E+3
1.5574E+5	1.4124E+5	1.3263E+5	1.2347E+5	1.1516E+5	1.1237E+5	1.0955E+5	1.0671E+5	1.0394E+5	1.0065E+5	9.6712E+4	9.1791E+4	8.5287E+4	7.7870E+4	6.7640E+4	5.6667E+4	4.6217E+4	3.4482E+4	2.5512E+4	1.8764E+4	1.3905E+4	1.0832E+4	8.8697E+3	7.6814E+3
1.5668E+5	1.4220E+5	1.3361E+5	1.2384E+5	1.1560E+5	1.1308E+5	1.0983E+5	1.0700E+5	1.0428E+5	1.0106E+5	9.7030E+4	9.1996E+4	8.5405E+4	7.8003E+4	6.7668E+4	5.6709E+4	4.6215E+4	3.4470E+4	2.5502E+4	1.8755E+4	1.3895E+4	1.0827E+4	8.8644E+3	7.6795E+3
1.5676E+5	1.4105E+5	1.3288E+5	1.2384E+5	1.1535E+5	1.1254E+5	1.0971E+5	1.0689E+5	1.0400E+5	1.0076E+5	9.6681E+4	9.1839E+4	8.5295E+4	7.7851E+4	6.7628E+4	5.6674E+4	4.6221E+4	3.4473E+4	2.5521E+4	1.8771E+4	1.3905E+4	1.0830E+4	8.8667E+3	7.6805E+3
1.5690E+5	1.4073E+5	1.3259E+5	1.2345E+5	1.1507E+5	1.1226E+5	1.0944E+5	1.0653E+5	1.0369E+5	1.0063E+5	9.6367E+4	9.1573E+4	8.5088E+4	7.7711E+4	6.7534E+4	5.6645E+4	4.6203E+4	3.4509E+4	2.5539E+4	1.8784E+4	1.3918E+4	1.0842E+4	8.8735E+3	7.6837E+3
1.5666E+5	1.4050E+5	1.3219E+5	1.2281E+5	1.1461E+5	1.1196E+5	1.0912E+5	1.0626E+5	1.0358E+5	1.0018E+5	9.6214E+4	9.1410E+4	8.4965E+4	7.7581E+4	6.7455E+4	5.6601E+4	4.6174E+4	3.4505E+4	2.5550E+4	1.8802E+4	1.3923E+4	1.0847E+4	8.8765E+3	7.6875E+3
1.5547E+5	1.4034E+5	1.3202E+5	1.2294E+5	1.1466E+5	1.1194E+5	1.0904E+5	1.0603E+5	1.0311E+5	1.0013E+5	9.5923E+4	9.1316E+4	8.4825E+4	7.7490E+4	6.7393E+4	5.6521E+4	4.6166E+4	3.4506E+4	2.5552E+4	1.8811E+4	1.3937E+4	1.0854E+4	8.8825E+3	7.6880E+3
1.5552E+5	1.3906E+5	1.3138E+5	1.2236E+5	1.1394E+5	1.1179E+5	1.0878E+5	1.0583E+5	1.0318E+5	9.9698E+4	9.5636E+4	9.1132E+4	8.4699E+4	7.7377E+4	6.7341E+4	5.6494E+4	4.6166E+4	3.4508E+4	2.5567E+4	1.8824E+4	1.3946E+4	1.0860E+4	8.8878E+3	7.6909E+3
1.5364E+5	1.3869E+5	1.3159E+5	1.2251E+5	1.1421E+5	1.1132E+5	1.0835E+5	1.0555E+5	1.0267E+5	9.9632E+4	9.5729E+4	9.0859E+4	8.4497E+4	7.7233E+4	6.7197E+4	5.6417E+4	4.6120E+4	3.4501E+4	2.5600E+4	1.8843E+4	1.3960E+4	1.0870E+4	8.8936E+3	7.6953E+3
1.5155E+5	1.3924E+5	1.3134E+5	1.2203E+5	1.1393E+5	1.1103E+5	1.0840E+5	1.0553E+5	1.0281E+5	9.9851E+4	9.5664E+4	9.0836E+4	8.4403E+4	7.7151E+4	6.7187E+4	5.6433E+4	4.6136E+4	3.4513E+4	2.5594E+4	1.8841E+4	1.3959E+4	1.0872E+4	8.8948E+3	7.6970E+3
1.5303E+5	1.4050E+5	1.3178E+5	1.2315E+5	1.1357E+5	1.1138E+5	1.0868E+5	1.0610E+5	1.0288E+5	9.9656E+4	9.5919E+4	9.0990E+4	8.4598E+4	7.7228E+4	6.7192E+4	5.6393E+4	4.6105E+4	3.4469E+4	2.5561E+4	1.8823E+4	1.3952E+4	1.0869E+4	8.8920E+3	7.6951E+3
1.5357E+5	1.3878E+5	1.3055E+5	1.2185E+5	1.1366E+5	1.1117E+5	1.0836E+5	1.0549E+5	1.0273E+5	9.9705E+4	9.5654E+4	9.0816E+4	8.4402E+4	7.7154E+4	6.7095E+4	5.6348E+4	4.6075E+4	3.4481E+4	2.5579E+4	1.8840E+4	1.3966E+4	1.0875E+4	8.8936E+3	7.6969E+3
1.5333E+5	1.3896E+5	1.3064E+5	1.2234E+5	1.1365E+5	1.1125E+5	1.0862E+5	1.0576E+5	1.0275E+5	9.9759E+4	9.5827E+4	9.0928E+4	8.4483E+4	7.7180E+4	6.7155E+4	5.6399E+4	4.6106E+4	3.4487E+4	2.5573E+4	1.8840E+4	1.3959E+4	1.0869E+4	8.8916E+3	7.6950E+3
1.5349E+5	1.3755E+5	1.3126E+5	1.2286E+5	1.1458E+5	1.1122E+5	1.0836E+5	1.0588E+5	1.0290E+5	9.9979E+4	9.5813E+4	9.1037E+4	8.4604E+4	7.7255E+4	6.7230E+4	5.6449E+4	4.6127E+4	3.4485E+4	2.5576E+4	1.8825E+4	1.3951E+4	1.0865E+4	8.8894E+3	7.6914E+3
1.5586E+5	1.3936E+5	1.3093E+5	1.2213E+5	1.1401E+5	1.1160E+5	1.0849E+5	1.0571E+5	1.0311E+5	9.9959E+4	9.5892E+4	9.1126E+4	8.4668E+4	7.7321E+4	6.7264E+4	5.6443E+4	4.6119E+4	3.4498E+4	2.5568E+4	1.8830E+4	1.3949E+4	1.0862E+4	8.8872E+3	7.6906E+3
1.5266E+5	1.3849E+5	1.3053E+5	1.2206E+5	1.1395E+5	1.1122E+5	1.0859E+5	1.0578E+5	1.0298E+5	9.9692E+4	9.5882E+4	9.0971E+4	8.4544E+4	7.7214E+4	6.7209E+4	5.6426E+4	4.6121E+4	3.4494E+4	2.5574E+4	1.8833E+4	1.3954E+4	1.0865E+4	8.8891E+3	7.6926E+3
1.5277E+5	1.3777E+5	1.3022E+5	1.2254E+5	1.1364E+5	1.1132E+5	1.0829E+5	1.0542E+5	1.0249E+5	9.9531E+4	9.5532E+4	9.0873E+4	8.4483E+4	7.7269E+4	6.7188E+4	5.6434E+4	4.6157E+4	3.4507E+4	2.5587E+4	1.8837E+4	1.3962E+4	1.0867E+4	8.8902E+3	7.6936E+3
1.5631E+5	1.3726E+5	1.3069E+5	1.2144E+5	1.1351E+5	1.1092E+5	1.0830E+5	1.0542E+5	1.0263E+5	9.9879E+4	9.5492E+4	9.0745E+4	8.4392E+4	7.7057E+4	6.7159E+4	5.6393E+4	4.6139E+4	3.4518E+4	2.5599E+4	1.8840E+4	1.3964E+4	1.0870E+4	8.8912E+3	7.6945E+3
1.5471E+5	1.3782E+5	1.3110E+5	1.2226E+5	1.1359E+5	1.1109E+5	1.0854E+5	1.0565E+5	1.0281E+5	9.9791E+4	9.5934E+4	9.1024E+4	8.4610E+4	7.7284E+4	6.7235E+4	5.6408E+4	4.6138E+4	3.4496E+4	2.5587E+4	1.8825E+4	1.3953E+4	1.0860E+4	8.8877E+3	7.6908E+3
1.5647E+5	1.3816E+5	1.2983E+5	1.2147E+5	1.1362E+5	1.1104E+5	1.0809E+5	1.0529E+5	1.0262E+5	9.9449E+4	9.5595E+4	9.0801E+4	8.4424E+4	7.7156E+4	6.7178E+4	5.6433E+4	4.6118E+4	3.4495E+4	2.5588E+4	1.8841E+4	1.3955E+4	1.0867E+4	8.8895E+3	7.6932E+3
1.5351E+5	1.3781E+5	1.3066E+5	1.2300E+5	1.1406E+5	1.1164E+5	1.0888E+5	1.0576E+5	1.0316E+5	9.9693E+4	9.5914E+4	9.1224E+4	8.4785E+4	7.7450E+4	6.7389E+4	5.6491E+4	4.6164E+4	3.4489E+4	2.5559E+4	1.8804E+4	1.3937E+4	1.0850E+4	8.8794E+3	7.6874E+3
1.5449E+5	1.3732E+5	1.3058E+5	1.2187E+5	1.1331E+5	1.1107E+5	1.0812E+5	1.0538E+5	1.0259E+5	9.9331E+4	9.5419E+4	9.0732E+4	8.4334E+4	7.7050E+4	6.7125E+4	5.6393E+4	4.6127E+4	3.4525E+4	2.5595E+4	1.8844E+4	1.3962E+4	1.0871E+4	8.8931E+3	7.6952E+3
1.5385E+5	1.3825E+5	1.3050E+5	1.2223E+5	1.1375E+5	1.1115E+5	1.0825E+5	1.0571E+5	1.0282E+5	9.9541E+4	9.5674E+4	9.0892E+4	8.4536E+4	7.7277E+4	6.7246E+4	5.6451E+4	4.6153E+4	3.4508E+4	2.5580E+4	1.8835E+4	1.3953E+4	1.0864E+4	8.8871E+3	7.6907E+3
1.5275E+5	1.3799E+5	1.3039E+5	1.2148E+5	1.1321E+5	1.1115E+5	1.0811E+5	1.0521E+5	1.0257E+5	9.9597E+4	9.5426E+4	9.0747E+4	8.4357E+4	7.7117E+4	6.7153E+4	5.6425E+4	4.6164E+4	3.4529E+4	2.5610E+4	1.8852E+4	1.3967E+4	1.0870E+4	8.8903E+3	7.6939E+3
1.5057E+5	1.3795E+5	1.3063E+5	1.2161E+5	1.1337E+5	1.1068E+5	1.0798E+5	1.0532E+5	1.0240E+5	9.9437E+4	9.5138E+4	9.0719E+4	8.4353E+4	7.7150E+4	6.7164E+4	5.6423E+4	4.6160E+4	3.4541E+4	2.5609E+4	1.8850E+4	1.3965E+4	1.0870E+4	8.8900E+3	7.6931E+3
1.5247E+5	1.3774E+5	1.2996E+5	1.2090E+5	1.1290E+5	1.1036E+5	1.0762E+5	1.0484E+5	1.0205E+5	9.8950E+4	9.5223E+4	9.0300E+4	8.4047E+4	7.6872E+4	6.7049E+4	5.6339E+4	4.6126E+4	3.4539E+4	2.5641E+4	1.8876E+4	1.3987E+4	1.0885E+4	8.8998E+3	7.6980E+3
1.5143E+5	1.3711E+5	1.2996E+5	1.2077E+5	1.1260E+5	1.1024E+5	1.0744E+5	1.0467E+5	1.0205E+5	9.9157E+4	9.5042E+4	9.0298E+4	8.4056E+4	7.6916E+4	6.7044E+4	5.6396E+4	4.6165E+4	3.4574E+4	2.5650E+4	1.8879E+4	1.3987E+4	1.0886E+4	8.8983E+3	7.6975E+3
1.5124E+5	1.3649E+5	1.2945E+5	1.2075E+5	1.1227E+5	1.0975E+5	1.0718E+5	1.0447E+5	1.0168E+5	9.8589E+4	9.4655E+4	9.0057E+4	8.3820E+4	7.6731E+4	6.6942E+4	5.6316E+4	4.6148E+4	3.4579E+4	2.5653E+4	1.8900E+4	1.3995E+4	1.0893E+4	8.9044E+3	7.7008E+3
1.5138E+5	1.3626E+5	1.2868E+5	1.2032E+5	1.1229E+5	1.0974E+5	1.0683E+5	1.0423E+5	1.0142E+5	9.8372E+4	9.4454E+4	8.9943E+4	8.3767E+4	7.6674E+4	6.6916E+4	5.6318E+4	4.6156E+4	3.4577E+4	2.5671E+4	1.8904E+4	1.4005E+4	1.0896E+4	8.9081E+3	7.7023E+3
1.4985E+5	1.3610E+5	1.2802E+5	1.1946E+5	1.1166E+5	1.0898E+5	1.0617E+5	1.0358E+5	1.0086E+5	9.7942E+4	9.4203E+4	8.9482E+4	8.3401E+4	7.6410E+4	6.6755E+4	5.6234E+4	4.6126E+4	3.4620E+4	2.5708E+4	1.8943E+4	1.4032E+4	1.0914E+4	8.9184E+3	7.7092E+3
1.4863E+5	1.3603E+5	1.2745E+5	1.1947E+5	1.1135E+5	1.0895E+5	1.0634E+5	1.0350E+5	1.0086E+5	9.8002E+4	9.3979E+4	8.9679E+4	8.3494E+4	7.6534E+4	6.6825E+4	5.6320E+4	4.6177E+4	3.4632E+4	2.5713E+4	1.8938E+4	1.4026E+4	1.0908E+4	8.9147E+3	7.7068E+3
1.5105E+5	1.3522E+5	1.2878E+5	1.1964E+5	1.1186E+5	1.0933E+5	1.0670E+5	1.0398E+5	1.0132E+5	9.8464E+4	9.4466E+4	8.9938E+4	8.3751E+4	7.6702E+4	6.6945E+4	5.6385E+4	4.6191E+4	3.4613E+4	2.5688E+4	1.8915E+4	1.4009E+4	1.0895E+4	8.9050E+3	7.7023E+3
1.4920E+5	1.3506E+5	1.2795E+5	1.1970E+5	1.1140E+5	1.0886E+5	1.0623E+5	1.0367E+5	1.0092E+5	9.7808E+4	9.4103E+4	8.9594E+4	8.3590E+4	7.6567E+4	6.6874E+4	5.6330E+4	4.6183E+4	3.4628E+4	2.5707E+4	1.8933E+4	1.4027E+4	1.0906E+4	8.9130E+3	7.7054E+3
1.4924E+5	1.3445E+5	1.2760E+5	1.1941E+5	1.1146E+5	1.0901E+5	1.0632E+5	1.0380E+5	1.0099E+5	9.8062E+4	9.4373E+4	8.9649E+4	8.3558E+4	7.6552E+4	6.6844E+4	5.6319E+4	4.6185E+4	3.4620E+4	2.5703E+4	1.8933E+4	1.4025E+4	1.0907E+4	8.9127E+3	7.7056E+3
1.4895E+5	1.3484E+5	1.2766E+5	1.1910E+5	1.1104E+5	1.0866E+5	1.0581E+5	1.0300E+5	1.0073E+5	9.7967E+4	9.4051E+4	8.9433E+4	8.3394E+4	7.6359E+4	6.6773E+4	5.6261E+4	4.6155E+4	3.4634E+4	2.5725E+4	1.8954E+4	1.4036E+4	1.0916E+4	8.9198E+3	7.7098E+3
1.4796E+5	1.3388E+5	1.2694E+5	1.1879E+5	1.1077E+5	1.0824E+5	1.0552E+5	1.0292E+5	1.0028E+5	9.7633E+4	9.3589E+4	8.9177E+4	8.3100E+4	7.6207E+4	6.6619E+4	5.6213E+4	4.6153E+4	3.4646E+4	2.5754E+4	1.8973E+4	1.4057E+4	1.0928E+4	8.9253E+3	7.7132E+3
1.4926E+5	1.3348E+5	1.2634E+5	1.1841E+5	1.1026E+5	1.0808E+5	1.0561E+5	1.0282E+5	1.0026E+5	9.7318E+4	9.3699E+4	8.9076E+4	8.3030E+4	7.6178E+4	6.6571E+4	5.6180E+4	4.6128E+4	3.4643E+4	2.5760E+4	1.8972E+4	1.4056E+4	1.0930E+4	8.9267E+3	7.7135E+3
1.4660E+5	1.3203E+5	1.2521E+5	1.1738E+5	1.0989E+5	1.0770E+5	1.0485E+5	1.0221E+5	9.9641E+4	9.6596E+4	9.2833E+4	8.8552E+4	8.2624E+4	7.5822E+4	6.6349E+4	5.6040E+4	4.6081E+4	3.4658E+4	2.5789E+4	1.9014E+4	1.4085E+4	1.0952E+4	8.9399E+3	7.7214E+3
1.4718E+5	1.3321E+5	1.2658E+5	1.1799E+5	1.0999E+5	1.0775E+5	1.0505E+5	1.0244E+5	9.9764E+4	9.6675E+4	9.3040E+4	8.8697E+4	8.2709E+4	7.5836E+4	6.6403E+4	5.6048E+4	4.6069E+4	3.4649E+4	2.5771E+4	1.9007E+4	1.4082E+4	1.0946E+4	8.9389E+3	7.7203E+3
1.4612E+5	1.3196E+5	1.2579E+5	1.1699E+5	1.0935E+5	1.0695E+5	1.0444E+5	1.0194E+5	9.9240E+4	9.6330E+4	9.2526E+4	8.8175E+4	8.2285E+4	7.5541E+4	6.6176E+4	5.5959E+4	4.6038E+4	3.4677E+4	2.5823E+4	1.9046E+4	1.4108E+4	1.0966E+4	8.9498E+3	7.7274E+3
1.4644E+5	1.3214E+5	1.2491E+5	1.1614E+5	1.0898E+5	1.0650E+5	1.0386E+5	1.0116E+5	9.8660E+4	9.5573E+4	9.2176E+4	8.7706E+4	8.1887E+4	7.5230E+4	6.5954E+4	5.5846E+4	4.6014E+4	3.4695E+4	2.5858E+4	1.9084E+4	1.4140E+4	1.0986E+4	8.9602E+3	7.7332E+3
1.4533E+5	1.3133E+5	1.2372E+5	1.1617E+5	1.0846E+5	1.0624E+5	1.0356E+5	1.0088E+5	9.8328E+4	9.5574E+4	9.1914E+4	8.7609E+4	8.1807E+4	7.5141E+4	6.5967E+4	5.5860E+4	4.6016E+4	3.4715E+4	2.5874E+4	1.9096E+4	1.4148E+4	1.0990E+4	8.9638E+3	7.7358E+3
1.4512E+5	1.3146E+5	1.2436E+5	1.1638E+5	1.0833E+5	1.0626E+5	1.0363E+5	1.0107E+5	9.8492E+4	9.5722E+4	9.1979E+4	8.7663E+4	8.1830E+4	7.5212E+4	6.5984E+4	5.5862E+4	4.6030E+4	3.4706E+4	2.5874E+4	1.9087E+4	1.4141E+4	1.0986E+4	8.9620E+3	7.7345E+3
1.4465E+5	1.3087E+5	1.2470E+5	1.1630E+5	1.0842E+5	1.0575E+5	1.0316E+5	1.0067E+5	9.8038E+4	9.5413E+4	9.1447E+4	8.7344E+4	8.1602E+4	7.4985E+4	6.5811E+4	5.5778E+4	4.5996E+4	3.4713E+4	2.5880E+4	1.9110E+4	1.4158E+4	1.0999E+4	8.9703E+3	7.7387E+3
1.4537E+5	1.3115E+5	1.2474E+5	1.1630E+5	1.0857E+5	1.0619E+5	1.0358E+5	1.0074E+5	9.8418E+4	9.5447E+4	9.1741E+4	8.7526E+4	8.1714E+4	7.5019E+4	6.5822E+4	5.5786E+4	4.5997E+4	3.4698E+4	2.5875E+4	1.9103E+4	1.4150E+4	1.0996E+4	8.9669E+3	7.7367E+3
1.4642E+5	1.3153E+5	1.2372E+5	1.1633E+5	1.0851E+5	1.0581E+5	1.0347E+5	1.0087E+5	9.8225E+4	9.5512E+4	9.1633E+4	8.7464E+4	8.1657E+4	7.5039E+4	6.5847E+4	5.5780E+4	4.6006E+4	3.4721E+4	2.5889E+4	1.9105E+4	1.4153E+4	1.0994E+4	8.9661E+3	7.7365E+3
1.4433E+5	1.2943E+5	1.2359E+5	1.1572E+5	1.0787E+5	1.0547E+5	1.0298E+5	1.0056E+5	9.7837E+4	9.5289E+4	9.1503E+4	8.7221E+4	8.1529E+4	7.4933E+4	6.5763E+4	5.5782E+4	4.6003E+4	3.4737E+4	2.5903E+4	1.9127E+4	1.4164E+4	1.0999E+4	8.9713E+3	7.7390E+3
1.4432E+5	1.3058E+5	1.2374E+5	1.1552E+5	1.0780E+5	1.0560E+5	1.0302E+5	1.0046E+5	9.7767E+4	9.5116E+4	9.1371E+4	8.7106E+4	8.1410E+4	7.4875E+4	6.5772E+4	5.5763E+4	4.6014E+4	3.4746E+4	2.5919E+4	1.9127E+4	1.4167E+4	1.1006E+4	8.9740E+3	7.7403E+3
1.4557E+5	1.3058E+5	1.2398E+5	1.1556E+5	1.0803E+5	1.0577E+5	1.0329E+5	1.0057E+5	9.8101E+4	9.5352E+4	9.1629E+4	8.7335E+4	8.1649E+4	7.5043E+4	6.5858E+4	5.5826E+4	4.6033E+4	3.4732E+4	2.5897E+4	1.9112E+4	1.4155E+4	1.0995E+4	8.9668E+3	7.7369E+3
1.4360E+5	1.3136E+5	1.2330E+5	1.1576E+5	1.0848E+5	1.0592E+5	1.0340E+5	1.0103E+5	9.8343E+4	9.5685E+4	9.1765E+4	8.7573E+4	8.1810E+4	7.5185E+4	6.5976E+4	5.5884E+4	4.6040E+4	3.4732E+4	2.5886E+4	1.9093E+4	1.4145E+4	1.0985E+4	8.9607E+3	7.7340E+3
1.4526E+5	1.2997E+5	1.2314E+5	1.1526E+5	1.0826E+5	1.0574E+5	1.0320E+5	1.0074E+5	9.8197E+4	9.5389E+4	9.1724E+4	8.7427E+4	8.1680E+4	7.5095E+4	6.5936E+4	5.5860E+4	4.6050E+4	3.4729E+4	2.5895E+4	1.9109E+4	1.4153E+4	1.0992E+4	8.9654E+3	7.7364E+3
1.4419E+5	1.2995E+5	1.2311E+5	1.1511E+5	1.0788E+5	1.0549E+5	1.0299E+5	1.0036E+5	9.7832E+4	9.5254E+4	9.1525E+4	8.7316E+4	8.1540E+4	7.4985E+4	6.5866E+4	5.5809E+4	4.6042E+4	3.4743E+4	2.5912E+4	1.9123E+4	1.4163E+4	1.0998E+4	8.9680E+3	7.7379E+3
1.4395E+5	1.2877E+5	1.2277E+5	1.1540E+5	1.0796E+5	1.0560E+5	1.0305E+5	1.0039E+5	9.8110E+4	9.5212E+4	9.1831E+4	8.7358E+4	8.1613E+4	7.5053E+4	6.5910E+4	5.5867E+4	4.6050E+4	3.4746E+4	2.5901E+4	1.9114E+4	1.4156E+4	1.0994E+4	8.9671E+3	7.7359E+3
1.4234E+5	1.2993E+5	1.2298E+5	1.1515E+5	1.0753E+5	1.0522E+5	1.0265E+5	1.0011E+5	9.7722E+4	9.4944E+4	9.1368E+4	8.7143E+4	8.1410E+4	7.4897E+4	6.5785E+4	5.5796E+4	4.6036E+4	3.4754E+4	2.5916E+4	1.9132E+4	1.4170E+4	1.1004E+4	8.9713E+3	7.7407E+3
1.4382E+5	1.2923E+5	1.2254E+5	1.1517E+5	1.0783E+5	1.0526E+5	1.0269E+5	1.0018E+5	9.7600E+4	9.4877E+4	9.1192E+4	8.6984E+4	8.1295E+4	7.4793E+4	6.5707E+4	5.5747E+4	4.6007E+4	3.4751E+4	2.5921E+4	1.9139E+4	1.4178E+4	1.1010E+4	8.9750E+3	7.7413E+3
1.4497E+5	1.2960E+5	1.2322E+5	1.1481E+5	1.0735E+5	1.0513E+5	1.0255E+5	9.9999E+4	9.7476E+4	9.4558E+4	9.1023E+4	8.6712E+4	8.1103E+4	7.4614E+4	6.5570E+4	5.5655E+4	4.5964E+4	3.4743E+4	2.5943E+4	1.9156E+4	1.4191E+4	1.1019E+4	8.9826E+3	7.7448E+3
1.4406E+5	1.3025E+5	1.2223E+5	1.1431E+5	1.0739E+5	1.0453E+5	1.0222E+5	9.9859E+4	9.7311E+4	9.4285E+4	9.0896E+4	8.6657E+4	8.0970E+4	7.4498E+4	6.5518E+4	5.5628E+4	4.5957E+4	3.4753E+4	2.5956E+4	1.9162E+4	1.4199E+4	1.1024E+4	8.9843E+3	7.7473E+3
1.4219E+5	1.2830E+5	1.2192E+5	1.1463E+5	1.0695E+5	1.0447E+5	1.0180E+5	9.9421E+4	9.6841E+4	9.3907E+4	9.0317E+4	8.6202E+4	8.0607E+4	7.4229E+4	6.5315E+4	5.5525E+4	4.5896E+4	3.4756E+4	2.5978E+4	1.9191E+4	1.4221E+4	1.1039E+4	8.9939E+3	7.7541E+3
1.4127E+5	1.2883E+5	1.2264E+5	1.1429E+5	1.0702E+5	1.0455E+5	1.0211E+5	9.9407E+4	9.6877E+4	9.4117E+4	9.0620E+4	8.6308E+4	8.0725E+4	7.4307E+4	6.5353E+4	5.5543E+4	4.5907E+4	3.4758E+4	2.5969E+4	1.9186E+4	1.4214E+4	1.1036E+4	8.9910E+3	7.7520E+3
1.4342E+5	1.2878E+5	1.2247E+5	1.1465E+5	1.0673E+5	1.0443E+5	1.0225E+5	9.9302E+4	9.7002E+4	9.4034E+4	9.0711E+4	8.6382E+4	8.0805E+4	7.4350E+4	6.5404E+4	5.5544E+4	4.5911E+4	3.4749E+4	2.5961E+4	1.9181E+4	1.4211E+4	1.1035E+4	8.9903E+3	7.7502E+3
1.4334E+5	1.2919E+5	1.2242E+5	1.1453E+5	1.0712E+5	1.0477E+5	1.0216E+5	9.9564E+4	9.7039E+4	9.4298E+4	9.0525E+4	8.6369E+4	8.0754E+4	7.4288E+4	6.5325E+4	5.5495E+4	4.5883E+4	3.4722E+4	2.5949E+4	1.9182E+4	1.4213E+4	1.1036E+4	8.9916E+3	7.7514E+3
1.4269E+5	1.2906E+5	1.2222E+5	1.1444E+5	1.0705E+5	1.0459E+5	1.0205E+5	9.9436E+4	9.6855E+4	9.3911E+4	9.0522E+4	8.6341E+4	8.0663E+4	7.4272E+4	6.5362E+4	5.5545E+4	4.5905E+4	3.4745E+4	2.5959E+4	1.9187E+4	1.4216E+4	1.1035E+4	8.9932E+3	7.7511E+3
1.4271E+5	1.2828E+5	1.2238E+5	1.1417E+5	1.0688E+5	1.0438E+5	1.0193E+5	9.9328E+4	9.6798E+4	9.3963E+4	9.0450E+4	8.6201E+4	8.0609E+4	7.4221E+4	6.5298E+4	5.5490E+4	4.5905E+4	3.4758E+4	2.5988E+4	1.9198E+4	1.4227E+4	1.1043E+4	8.9970E+3	7.7538E+3
1.4297E+5	1.2737E+5	1.2141E+5	1.1384E+5	1.0640E+5	1.0398E+5	1.0173E+5	9.9072E+4	9.6510E+4	9.3732E+4	9.0111E+4	8.6051E+4	8.0432E+4	7.4096E+4	6.5231E+4	5.5475E+4	4.5894E+4	3.4785E+4	2.6002E+4	1.9221E+4	1.4238E+4	1.1051E+4	9.0013E+3	7.7577E+3
1.4302E+5	1.2778E+5	1.2198E+5	1.1384E+5	1.0624E+5	1.0398E+5	1.0150E+5	9.8757E+4	9.6427E+4	9.3631E+4	9.0074E+4	8.5873E+4	8.0354E+4	7.4023E+4	6.5177E+4	5.5463E+4	4.5895E+4	3.4789E+4	2.6013E+4	1.9228E+4	1.4248E+4	1.1059E+4	9.0058E+3	7.7586E+3
1.4095E+5	1.2872E+5	1.2188E+5	1.1384E+5	1.0646E+5	1.0406E+5	1.0158E+5	9.9281E+4	9.6452E+4	9.3711E+4	9.0170E+4	8.5988E+4	8.0406E+4	7.4043E+4	6.5204E+4	5.5463E+4	4.5897E+4	3.4782E+4	2.6017E+4	1.9224E+4	1.4246E+4	1.1056E+4	9.0052E+3	7.7599E+3
1.4040E+5	1.2727E+5	1.2117E+5	1.1359E+5	1.0717E+5	1.0390E+5	1.0165E+5	9.9159E+4	9.6360E+4	9.3630E+4	9.0107E+4	8.6046E+4	8.0477E+4	7.4098E+4	6.5264E+4	5.5495E+4	4.5953E+4	3.4809E+4	2.6018E+4	1.9224E+4	1.4241E+4	1.1052E+4	9.0015E+3	7.7578E+3
1.4215E+5	1.2832E+5	1.2128E+5	1.1307E+5	1.0640E+5	1.0374E+5	1.0118E+5	9.8176E+4	9.5975E+4	9.3440E+4	8.9873E+4	8.5723E+4	8.0262E+4	7.3953E+4	6.5178E+4	5.5467E+4	4.5933E+4	3.4826E+4	2.6044E+4	1.9247E+4	1.4258E+4	1.1062E+4	9.0085E+3	7.7613E+3
1.4266E+5	1.2775E+5	1.2153E+5	1.1377E+5	1.0584E+5	1.0378E+5	1.0122E+5	9.8997E+4	9.6185E+4	9.3451E+4	8.9989E+4	8.5824E+4	8.0311E+4	7.4031E+4	6.5210E+4	5.5492E+4	4.5928E+4	3.4811E+4	2.6032E+4	1.9238E+4	1.4247E+4	1.1058E+4	9.0076E+3	7.7602E+3
1.4139E+5	1.2859E+5	1.2162E+5	1.1378E+5	1.0590E+5	1.0409E+5	1.0147E+5	9.9089E+4	9.6373E+4	9.3745E+4	9.0180E+4	8.5947E+4	8.0387E+4	7.4062E+4	6.5247E+4	5.5529E+4	4.5953E+4	3.4812E+4	2.6016E+4	1.9224E+4	1.4245E+4	1.1052E+4	9.0023E+3	7.7568E+3
1.4180E+5	1.2798E+5	1.2155E+5	1.1383E+5	1.0683E+5	1.0417E+5	1.0156E+5	9.9074E+4	9.6482E+4	9.3792E+4	9.0287E+4	8.6087E+4	8.0494E+4	7.4165E+4	6.5278E+4	5.5513E+4	4.5936E+4	3.4804E+4	2.6009E+4	1.9209E+4	1.4236E+4	1.1052E+4	9.0023E+3	7.7564E+3
1.4211E+5	1.2810E+5	1.2142E+5	1.1363E+5	1.0627E+5	1.0439E+5	1.0160E+5	9.9373E+4	9.6630E+4	9.3959E+4	9.0248E+4	8.6077E+4	8.0555E+4	7.4143E+4	6.5280E+4	5.5540E+4	4.5918E+4	3.4793E+4	2.6000E+4	1.9218E+4	1.4236E+4	1.1047E+4	8.9997E+3	7.7554E+3
1.4154E+5	1.2814E+5	1.2120E+5	1.1321E+5	1.0594E+5	1.0432E+5	1.0146E+5	9.8810E+4	9.6403E+4	9.3543E+4	9.0118E+4	8.5900E+4	8.0327E+4	7.3988E+4	6.5171E+4	5.5453E+4	4.5886E+4	3.4798E+4	2.6023E+4	1.9237E+4	1.4250E+4	1.1060E+4	9.0060E+3	7.7587E+3
1.4204E+5	1.2794E+5	1.2183E+5	1.1374E+5	1.0700E+5	1.0417E+5	1.0167E+5	9.8896E+4	9.6457E+4	9.3956E+4	9.0198E+4	8.6039E+4	8.0440E+4	7.4092E+4	6.5211E+4	5.5489E+4	4.5923E+4	3.4783E+4	2.6009E+4	1.9228E+4	1.4242E+4	1.1056E+4	9.0049E+3	7.7587E+3
1.4092E+5	1.2783E+5	1.2169E+5	1.1409E+5	1.0632E+5	1.0383E+5	1.0173E+5	9.9138E+4	9.6486E+4	9.3749E+4	9.0125E+4	8.5899E+4	8.0343E+4	7.3976E+4	6.5164E+4	5.5445E+4	4.5894E+4	3.4786E+4	2.6017E+4	1.9236E+4	1.4251E+4	1.1059E+4	9.0053E+3	7.7601E+3
1.4172E+5	1.2803E+5	1.2136E+5	1.1405E+5	1.0639E+5	1.0417E+5	1.0161E+5	9.9036E+4	9.6480E+4	9.3724E+4	9.0018E+4	8.5882E+4	8.0278E+4	7.3998E+4	6.5157E+4	5.5428E+4	4.5878E+4	3.4786E+4	2.6022E+4	1.9230E+4	1.4251E+4	1.1058E+4	9.0065E+3	7.7602E+3
1.4144E+5	1.2789E+5	1.2127E+5	1.1369E+5	1.0628E+5	1.0387E+5	1.0134E+5	9.8847E+4	9.6312E+4	9.3468E+4	8.9920E+4	8.5694E+4	8.0200E+4	7.3878E+4	6.5081E+4	5.5380E+4	4.5898E+4	3.4783E+4	2.6022E+4	1.9247E+4	1.4260E+4	1.1066E+4	9.0106E+3	7.7633E+3
1.4004E+5	1.2768E+5	1.2071E+5	1.1264E+5	1.0556E+5	1.0341E+5	1.0088E+5	9.8371E+4	9.5719E+4	9.3004E+4	8.9470E+4	8.5221E+4	7.9903E+4	7.3646E+4	6.4899E+4	5.5293E+4	4.5834E+4	3.4801E+4	2.6065E+4	1.9283E+4	1.4285E+4	1.1085E+4	9.0215E+3	7.7696E+3
1.3986E+5	1.2636E+5	1.2028E+5	1.1293E+5	1.0564E+5	1.0310E+5	1.0053E+5	9.7958E+4	9.5457E+4	9.2802E+4	8.9296E+4	8.5061E+4	7.9632E+4	7.3432E+4	6.4765E+4	5.5169E+4	4.5780E+4	3.4781E+4	2.6070E+4	1.9297E+4	1.4301E+4	1.1095E+4	9.0287E+3	7.7736E+3
1.4011E+5	1.2680E+5	1.2069E+5	1.1283E+5	1.0554E+5	1.0299E+5	1.0064E+5	9.7913E+4	9.5499E+4	9.2624E+4	8.9105E+4	8.5046E+4	7.9525E+4	7.3335E+4	6.4729E+4	5.5165E+4	4.5759E+4	3.4787E+4	2.6087E+4	1.9303E+4	1.4307E+4	1.1102E+4	9.0321E+3	7.7748E+3
1.4022E+5	1.2739E+5	1.2020E+5	1.1298E+5	1.0575E+5	1.0331E+5	1.0069E+5	9.7811E+4	9.5492E+4	9.2852E+4	8.9251E+4	8.5021E+4	7.9545E+4	7.3258E+4	6.4637E+4	5.5123E+4	4.5726E+4	3.4771E+4	2.6067E+4	1.9307E+4	1.4310E+4	1.1100E+4	9.0339E+3	7.7739E+3
1.4053E+5	1.2606E+5	1.2034E+5	1.1224E+5	1.0506E+5	1.0273E+5	1.0014E+5	9.7666E+4	9.5070E+4	9.2365E+4	8.8722E+4	8.4685E+4	7.9272E+4	7.3066E+4	6.4489E+4	5.5026E+4	4.5708E+4	3.4787E+4	2.6097E+4	1.9328E+4	1.4324E+4	1.1113E+4	9.0397E+3	7.7820E+3
1.3847E+5	1.2599E+5	1.1974E+5	1.1258E+5	1.0515E+5	1.0252E+5	9.9965E+4	9.7624E+4	9.5014E+4	9.2290E+4	8.8663E+4	8.4683E+4	7.9271E+4	7.3119E+4	6.4518E+4	5.5052E+4	4.5731E+4	3.4815E+4	2.6106E+4	1.9327E+4	1.4327E+4	1.1113E+4	9.0433E+3	7.7811E+3
1.3934E+5	1.2585E+5	1.1904E+5	1.1198E+5	1.0414E+5	1.0240E+5	9.9831E+4	9.7182E+4	9.4911E+4	9.2236E+4	8.8721E+4	8.4604E+4	7.9162E+4	7.3064E+4	6.4517E+4	5.5054E+4	4.5741E+4	3.4810E+4	2.6112E+4	1.9334E+4	1.4332E+4	1.1114E+4	9.0419E+3	7.7819E+3
1.3733E+5	1.2558E+5	1.1913E+5	1.1189E+5	1.0473E+5	1.0223E+5	9.9955E+4	9.7285E+4	9.4902E+4	9.2198E+4	8.8571E+4	8.4552E+4	7.9119E+4	7.3035E+4	6.4466E+4	5.5065E+4	4.5748E+4	3.4797E+4	2.6116E+4	1.9347E+4	1.4338E+4	1.1119E+4	9.0447E+3	7.7826E+3
1.3897E+5	1.2549E+5	1.1886E+5	1.1173E+5	1.0472E+5	1.0208E+5	9.9750E+4	9.6957E+4	9.4667E+4	9.1916E+4	8.8413E+4	8.4467E+4	7.9043E+4	7.2970E+4	6.4447E+4	5.5005E+4	4.5736E+4	3.4825E+4	2.6115E+4	1.9351E+4	1.4342E+4	1.1122E+4	9.0460E+3	7.7823E+3
1.3914E+5	1.2517E+5	1.1910E+5	1.1105E+5	1.0409E+5	1.0181E+5	9.8970E+4	9.6858E+4	9.4285E+4	9.1599E+4	8.8222E+4	8.4160E+4	7.8818E+4	7.2761E+4	6.4328E+4	5.4943E+4	4.5699E+4	3.4814E+4	2.6140E+4	1.9371E+4	1.4358E+4	1.1135E+4	9.0558E+3	7.7880E+3
1.3601E+5	1.2632E+5	1.1827E+5	1.1072E+5	1.0324E+5	1.0141E+5	9.8829E+4	9.6324E+4	9.3901E+4	9.1339E+4	8.7843E+4	8.3908E+4	7.8679E+4	7.2635E+4	6.4190E+4	5.4913E+4	4.5701E+4	3.4856E+4	2.6165E+4	1.9394E+4	1.4374E+4	1.1144E+4	9.0614E+3	7.7916E+3
1.3678E+5	1.2508E+5	1.1841E+5	1.1077E+5	1.0341E+5	1.0146E+5	9.8876E+4	9.6488E+4	9.3957E+4	9.1436E+4	8.7989E+4	8.3842E+4	7.8617E+4	7.2640E+4	6.4244E+4	5.4931E+4	4.5699E+4	3.4843E+4	2.6177E+4	1.9395E+4	1.4376E+4	1.1144E+4	9.0579E+3	7.7916E+3
1.3862E+5	1.2498E+5	1.1827E+5	1.1096E+5	1.0346E+5	1.0132E+5	9.8858E+4	9.6343E+4	9.3941E+4	9.1368E+4	8.7809E+4	8.3870E+4	7.8590E+4	7.2586E+4	6.4219E+4	5.4898E+4	4.5694E+4	3.4850E+4	2.6173E+4	1.9401E+4	1.4375E+4	1.1147E+4	9.0612E+3	7.7927E+3
1.3791E+5	1.2440E+5	1.1787E+5	1.1040E+5	1.0382E+5	1.0134E+5	9.8735E+4	9.6168E+4	9.3970E+4	9.1131E+4	8.7931E+4	8.3933E+4	7.8606E+4	7.2649E+4	6.4222E+4	5.4918E+4	4.5701E+4	3.4857E+4	2.6173E+4	1.9391E+4	1.4372E+4	1.1142E+4	9.0593E+3	7.7911E+3
1.3759E+5	1.2426E+5	1.1847E+5	1.1120E+5	1.0349E+5	1.0139E+5	9.9084E+4	9.6479E+4	9.4139E+4	9.1557E+4	8.8019E+4	8.4020E+4	7.8728E+4	7.2719E+4	6.4302E+4	5.4946E+4	4.5726E+4	3.4857E+4	2.6169E+4	1.9385E+4	1.4371E+4	1.1139E+4	9.0566E+3	7.7899E+3
1.3694E+5	1.2410E+5	1.1784E+5	1.1112E+5	1.0369E+5	1.0156E+5	9.9101E+4	9.6425E+4	9.4159E+4	9.1625E+4	8.8137E+4	8.4111E+4	7.8785E+4	7.2799E+4	6.4336E+4	5.4967E+4	4.5758E+4	3.4846E+4	2.6162E+4	1.9381E+4	1.4364E+4	1.1135E+4	9.0543E+3	7.7885E+3
1.3772E+5	1.2467E+5	1.1802E+5	1.1053E+5	1.0322E+5	1.0114E+5	9.8719E+4	9.6077E+4	9.3853E+4	9.1194E+4	8.7734E+4	8.3894E+4	7.8599E+4	7.2593E+4	6.4232E+4	5.4941E+4	4.5732E+4	3.4877E+4	2.6195E+4	1.9404E+4	1.4379E+4	1.1147E+4	9.0584E+3	7.7914E+3
1.3719E+5	1.2437E+5	1.1782E+5	1.1075E+5	1.0296E+5	1.0128E+5	9.8755E+4	9.6125E+4	9.3869E+4	9.1242E+4	8.7831E+4	8.3904E+4	7.8674E+4	7.2669E+4	6.4313E+4	5.4996E+4	4.5750E+4	3.4886E+4	2.6191E+4	1.9394E+4	1.4375E+4	1.1144E+4	9.0569E+3	7.7900E+3
1.3713E+5	1.2480E+5	1.1811E+5	1.1096E+5	1.0366E+5	1.0150E+5	9.9220E+4	9.6699E+4	9.4217E+4	9.1568E+4	8.8201E+4	8.4190E+4	7.8964E+4	7.2931E+4	6.4484E+4	5.5091E+4	4.5824E+4	3.4905E+4	2.6169E+4	1.9376E+4	1.4356E+4	1.1126E+4	9.0474E+3	7.7841E+3
1.3674E+5	1.2404E+5	1.1777E+5	1.1064E+5	1.0315E+5	1.0131E+5	9.8973E+4	9.6324E+4	9.3885E+4	9.1330E+4	8.7836E+4	8.3992E+4	7.8758E+4	7.2748E+4	6.4338E+4	5.5001E+4	4.5752E+4	3.4886E+4	2.6188E+4	1.9407E+4	1.4373E+4	1.1142E+4	9.0561E+3	7.7900E+3
1.3834E+5	1.2541E+5	1.1786E+5	1.1049E+5	1.0353E+5	1.0090E+5	9.8810E+4	9.6128E+4	9.3754E+4	9.1212E+4	8.7816E+4	8.3829E+4	7.8574E+4	7.2689E+4	6.4276E+4	5.4991E+4	4.5760E+4	3.4903E+4	2.6201E+4	1.9408E+4	1.4378E+4	1.1147E+4	9.0579E+3	7.7902E+3
1.3682E+5	1.2479E+5	1.1777E+5	1.1049E+5	1.0304E+5	1.0100E+5	9.8771E+4	9.6105E+4	9.3694E+4	9.1157E+4	8.7846E+4	8.3913E+4	7.8662E+4	7.2779E+4	6.4387E+4	5.5083E+4	4.5821E+4	3.4935E+4	2.6201E+4	1.9403E+4	1.4374E+4	1.1142E+4	9.0544E+3	7.7887E+3
1.3591E+5	1.2373E+5	1.1742E+5	1.1014E+5	1.0379E+5	1.0097E+5	9.8507E+4	9.6107E+4	9.3745E+4	9.1203E+4	8.7732E+4	8.3856E+4	7.8745E+4	7.2745E+4	6.4355E+4	5.5061E+4	4.5800E+4	3.4919E+4	2.6211E+4	1.9408E+4	1.4373E+4	1.1143E+4	9.0557E+3	7.7885E+3
1.3709E+5	1.2353E+5	1.1756E+5	1.0993E+5	1.0287E+5	1.0097E+5	9.8409E+4	9.6186E+4	9.3765E+4	9.1093E+4	8.8007E+4	8.3844E+4	7.8658E+4	7.2752E+4	6.4357E+4	5.5046E+4	4.5822E+4	3.4930E+4	2.6202E+4	1.9403E+4	1.4378E+4	1.1144E+4	9.0554E+3	7.7889E+3
1.3645E+5	1.2416E+5	1.1718E+5	1.1020E+5	1.0281E+5	1.0084E+5	9.8350E+4	9.5989E+4	9.3608E+4	9.0920E+4	8.7715E+4	8.3739E+4	7.8623E+4	7.2688E+4	6.4320E+4	5.5042E+4	4.5828E+4	3.4925E+4	2.6213E+4	1.9413E+4	1.4382E+4	1.1147E+4	9.0580E+3	7.7901E+3
1.3674E+5	1.2357E+5	1.1733E+5	1.0961E+5	1.0251E+5	1.0052E+5	9.8027E+4	9.5584E+4	9.3234E+4	9.0886E+4	8.7404E+4	8.3516E+4	7.8420E+4	7.2538E+4	6.4225E+4	5.4974E+4	4.5784E+4	3.4926E+4	2.6231E+4	1.9426E+4	1.4386E+4	1.1154E+4	9.0658E+3	7.7945E+3
1.3443E+5	1.2215E+5	1.1666E+5	1.0926E+5	1.0217E+5	9.9937E+4	9.7562E+4	9.5229E+4	9.2807E+4	9.0454E+4	8.7097E+4	8.3250E+4	7.8113E+4	7.2343E+4	6.4116E+4	5.4921E+4	4.5785E+4	3.4940E+4	2.6260E+4	1.9461E+4	1.4411E+4	1.1166E+4	9.0721E+3	7.7994E+3
1.3523E+5	1.2301E+5	1.1651E+5	1.0901E+5	1.0204E+5	1.0009E+5	9.7794E+4	9.5259E+4	9.2927E+4	9.0473E+4	8.7217E+4	8.3219E+4	7.8172E+4	7.2357E+4	6.4121E+4	5.4918E+4	4.5740E+4	3.4929E+4	2.6250E+4	1.9448E+4	1.4412E+4	1.1167E+4	9.0712E+3	7.7985E+3
1.3502E+5	1.2268E+5	1.1634E+5	1.0957E+5	1.0250E+5	1.0017E+5	9.7830E+4	9.5224E+4	9.2942E+4	9.0477E+4	8.7220E+4	8.3345E+4	7.8257E+4	7.2402E+4	6.4166E+4	5.4921E+4	4.5769E+4	3.4939E+4	2.6247E+4	1.9440E+4	1.4405E+4	1.1165E+4	9.0706E+3	7.7976E+3
1.3681E+5	1.2433E+5	1.1690E+5	1.0950E+5	1.0244E+5	1.0044E+5	9.8025E+4	9.5523E+4	9.3254E+4	9.0950E+4	8.7232E+4	8.3483E+4	7.8376E+4	7.2541E+4	6.4239E+4	5.4973E+4	4.5770E+4	3.4930E+4	2.6240E+4	1.9433E+4	1.4395E+4	1.1157E+4	9.0654E+3	7.7956E+3
1.3611E+5	1.2268E+5	1.1655E+5	1.0929E+5	1.0226E+5	1.0001E+5	9.7554E+4	9.5095E+4	9.2838E+4	9.0233E+4	8.7043E+4	8.3238E+4	7.8190E+4	7.2366E+4	6.4109E+4	5.4920E+4	4.5756E+4	3.4940E+4	2.6256E+4	1.9454E+4	1.4412E+4	1.1163E+4	9.0729E+3	7.7975E+3
1.3528E+5	1.2282E+5	1.1662E+5	1.0911E+5	1.0231E+5	9.9763E+4	9.7513E+4	9.4985E+4	9.2714E+4	9.0204E+4	8.6744E+4	8.3028E+4	7.8037E+4	7.2203E+4	6.4024E+4	5.4871E+4	4.5763E+4	3.4955E+4	2.6261E+4	1.9468E+4	1.4423E+4	1.1174E+4	9.0761E+3	7.8008E+3
1.3526E+5	1.2311E+5	1.1636E+5	1.0881E+5	1.0198E+5	9.9683E+4	9.7223E+4	9.4926E+4	9.2580E+4	9.0054E+4	8.6895E+4	8.2965E+4	7.7900E+4	7.2124E+4	6.3947E+4	5.4844E+4	4.5721E+4	3.4948E+4	2.6272E+4	1.9474E+4	1.4424E+4	1.1178E+4	9.0784E+3	7.8016E+3
1.3544E+5	1.2271E+5	1.1627E+5	1.0889E+5	1.0170E+5	9.9792E+4	9.7396E+4	9.4960E+4	9.2769E+4	9.0137E+4	8.7066E+4	8.3151E+4	7.8059E+4	7.2241E+4	6.4101E+4	5.4932E+4	4.5777E+4	3.4938E+4	2.6255E+4	1.9463E+4	1.4417E+4	1.1168E+4	9.0721E+3	7.8003E+3
1.3413E+5	1.2197E+5	1.1569E+5	1.0860E+5	1.0167E+5	9.9436E+4	9.7218E+4	9.4698E+4	9.2436E+4	9.0173E+4	8.6709E+4	8.2938E+4	7.7940E+4	7.2113E+4	6.4006E+4	5.4861E+4	4.5759E+4	3.4974E+4	2.6285E+4	1.9479E+4	1.4427E+4	1.1180E+4	9.0783E+3	7.8015E+3
1.3730E+5	1.2200E+5	1.1644E+5	1.0896E+5	1.0213E+5	9.9709E+4	9.7319E+4	9.5006E+4	9.2699E+4	8.9970E+4	8.6853E+4	8.3092E+4	7.8044E+4	7.2243E+4	6.4034E+4	5.4922E+4	4.5791E+4	3.4949E+4	2.6263E+4	1.9463E+4	1.4416E+4	1.1168E+4	9.0744E+3	7.7996E+3
1.3634E+5	1.2227E+5	1.1620E+5	1.0855E+5	1.0148E+5	9.9529E+4	9.7079E+4	9.4671E+4	9.2409E+4	8.9848E+4	8.6585E+4	8.2887E+4	7.7846E+4	7.2124E+4	6.3953E+4	5.4861E+4	4.5754E+4	3.4970E+4	2.6286E+4	1.9483E+4	1.4433E+4	1.1180E+4	9.0802E+3	7.8025E+3
1.3445E+5	1.2221E+5	1.1593E+5	1.0879E+5	1.0151E+5	9.9379E+4	9.6893E+4	9.4611E+4	9.2252E+4	8.9656E+4	8.6342E+4	8.2757E+4	7.7807E+4	7.2037E+4	6.3896E+4	5.4817E+4	4.5751E+4	3.4962E+4	2.6288E+4	1.9492E+4	1.4437E+4	1.1182E+4	9.0835E+3	7.8042E+3
1.3599E+5	1.2315E+5	1.1628E+5	1.0852E+5	1.0155E+5	9.9572E+4	9.7438E+4	9.4907E+4	9.2722E+4	9.0038E+4	8.6791E+4	8.3074E+4	7.8110E+4	7.2299E+4	6.4111E+4	5.4934E+4	4.5770E+4	3.4954E+4	2.6264E+4	1.9458E+4	1.4416E+4	1.1168E+4	9.0726E+3	7.7977E+3
1.3314E+5	1.2243E+5	1.1570E+5	1.0811E+5	1.0141E+5	9.9246E+4	9.6720E+4	9.4305E+4	9.2146E+4	8.9500E+4	8.6372E+4	8.2655E+4	7.7605E+4	7.1930E+4	6.3896E+4	5.4787E+4	4.5702E+4	3.4961E+4	2.6293E+4	1.9491E+4	1.4446E+4	1.1189E+4	9.0852E+3	7.8060E+3
1.3442E+5	1.2267E+5	1.1553E+5	1.0856E+5	1.0154E+5	9.9401E+4	9.6834E+4	9.4633E+4	9.2317E+4	8.9943E+4	8.6660E+4	8.2805E+4	7.7824E+4	7.2030E+4	6.3912E+4	5.4820E+4	4.5725E+4	3.4962E+4	2.6288E+4	1.9479E+4	1.4431E+4	1.1180E+4	9.0817E+3	7.8024E+3
1.3378E+5	1.2235E+5	1.1569E+5	1.0837E+5	1.0155E+5	9.9075E+4	9.6830E+4	9.4409E+4	9.2122E+4	8.9670E+4	8.6414E+4	8.2598E+4	7.7639E+4	7.1940E+4	6.3820E+4	5.4751E+4	4.5708E+4	3.4945E+4	2.6291E+4	1.9493E+4	1.4446E+4	1.1192E+4	9.0859E+3	7.8063E+3
1.3576E+5	1.2172E+5	1.1557E+5	1.0821E+5	1.0164E+5	9.9202E+4	9.6980E+4	9.4707E+4	9.2315E+4	8.9431E+4	8.6545E+4	8.2729E+4	7.7735E+4	7.1934E+4	6.3874E+4	5.4786E+4	4.5701E+4	3.4940E+4	2.6279E+4	1.9485E+4	1.4434E+4	1.1183E+4	9.0821E+3	7.8036E+3
1.3502E+5	1.2099E+5	1.1554E+5	1.0776E+5	1.0100E+5	9.8909E+4	9.6205E+4	9.4119E+4	9.1806E+4	8.9153E+4	8.6063E+4	8.2458E+4	7.7436E+4	7.1753E+4	6.3721E+4	5.4697E+4	4.5668E+4	3.4955E+4	2.6308E+4	1.9511E+4	1.4461E+4	1.1200E+4	9.0922E+3	7.8090E+3
1.3377E+5	1.2116E+5	1.1526E+5	1.0809E+5	1.0128E+5	9.9091E+4	9.6778E+4	9.4400E+4	9.2162E+4	8.9834E+4	8.6342E+4	8.2744E+4	7.7691E+4	7.1966E+4	6.3888E+4	5.4788E+4	4.5695E+4	3.4952E+4	2.6282E+4	1.9487E+4	1.4441E+4	1.1187E+4	9.0841E+3	7.8045E+3
1.3346E+5	1.2215E+5	1.1490E+5	1.0826E+5	1.0141E+5	9.9210E+4	9.6803E+4	9.4498E+4	9.2134E+4	8.9728E+4	8.6594E+4	8.2747E+4	7.7782E+4	7.2052E+4	6.3944E+4	5.4848E+4	4.5725E+4	3.4959E+4	2.6281E+4	1.9483E+4	1.4433E+4	1.1183E+4	9.0807E+3	7.8033E+3
1.3429E+5	1.2086E+5	1.1484E+5	1.0800E+5	1.0112E+5	9.8835E+4	9.6563E+4	9.4347E+4	9.1972E+4	8.9393E+4	8.6082E+4	8.2555E+4	7.7620E+4	7.1875E+4	6.3800E+4	5.4765E+4	4.5701E+4	3.4969E+4	2.6300E+4	1.9497E+4	1.4451E+4	1.1191E+4	9.0875E+3	7.8067E+3
1.3386E+5	1.2142E+5	1.1613E+5	1.0846E+5	1.0090E+5	9.9243E+4	9.6945E+4	9.4545E+4	9.2269E+4	8.9742E+4	8.6516E+4	8.2700E+4	7.7739E+4	7.2018E+4	6.3876E+4	5.4806E+4	4.5724E+4	3.4953E+4	2.6290E+4	1.9480E+4	1.4436E+4	1.1183E+4	9.0822E+3	7.8030E+3
1.3519E+5	1.2180E+5	1.1560E+5	1.0839E+5	1.0148E+5	9.9269E+4	9.7036E+4	9.4568E+4	9.2106E+4	8.9723E+4	8.6462E+4	8.2727E+4	7.7770E+4	7.1995E+4	6.3849E+4	5.4783E+4	4.5693E+4	3.4929E+4	2.6269E+4	1.9483E+4	1.4437E+4	1.1182E+4	9.0808E+3	7.8041E+3
1.3465E+5	1.2151E+5	1.1523E+5	1.0843E+5	1.0135E+5	9.9384E+4	9.6986E+4	9.4507E+4	9.2403E+4	8.9823E+4	8.6609E+4	8.2872E+4	7.7894E+4	7.2051E+4	6.3881E+4	5.4805E+4	4.5700E+4	3.4919E+4	2.6266E+4	1.9468E+4	1.4428E+4	1.1178E+4	9.0802E+3	7.8026E+3
1.3514E+5	1.2106E+5	1.1553E+5	1.0838E+5	1.0150E+5	9.9011E+4	9.6830E+4	9.4476E+4	9.2296E+4	8.9715E+4	8.6353E+4	8.2669E+4	7.7693E+4	7.1926E+4	6.3810E+4	5.4734E+4	4.5684E+4	3.4919E+4	2.6267E+4	1.9483E+4	1.4440E+4	1.1188E+4	9.0838E+3	7.8052E+3
1.3371E+5	1.2170E+5	1.1533E+5	1.0811E+5	1.0123E+5	9.9107E+4	9.6762E+4	9.4304E+4	9.2006E+4	8.9492E+4	8.6268E+4	8.2511E+4	7.7531E+4	7.1801E+4	6.3724E+4	5.4709E+4	4.5653E+4	3.4933E+4	2.6293E+4	1.9498E+4	1.4452E+4	1.1193E+4	9.0859E+3	7.8078E+3
1.3326E+5	1.2215E+5	1.1556E+5	1.0871E+5	1.0113E+5	9.9162E+4	9.6911E+4	9.4510E+4	9.2173E+4	8.9645E+4	8.6428E+4	8.2677E+4	7.7619E+4	7.1880E+4	6.3801E+4	5.4721E+4	4.5672E+4	3.4934E+4	2.6278E+4	1.9482E+4	1.4443E+4	1.1185E+4	9.0833E+3	7.8055E+3
1.3275E+5	1.2152E+5	1.1548E+5	1.0860E+5	1.0113E+5	9.9129E+4	9.7041E+4	9.4703E+4	9.2287E+4	8.9845E+4	8.6498E+4	8.2703E+4	7.7724E+4	7.1975E+4	6.3868E+4	5.4785E+4	4.5678E+4	3.4936E+4	2.6282E+4	1.9479E+4	1.4435E+4	1.1182E+4	9.0819E+3	7.8027E+3
1.3260E+5	1.2103E+5	1.1553E+5	1.0817E+5	1.0126E+5	9.9128E+4	9.6804E+4	9.4276E+4	9.1996E+4	8.9483E+4	8.6299E+4	8.2625E+4	7.7617E+4	7.1872E+4	6.3777E+4	5.4734E+4	4.5640E+4	3.4944E+4	2.6291E+4	1.9494E+4	1.4445E+4	1.1189E+4	9.0867E+3	7.8065E+3
1.3064E+5	1.2033E+5	1.1518E+5	1.0737E+5	1.0119E+5	9.8751E+4	9.6665E+4	9.4421E+4	9.1910E+4	8.9491E+4	8.6232E+4	8.2501E+4	7.7579E+4	7.1764E+4	6.3710E+4	5.4714E+4	4.5664E+4	3.4954E+4	2.6289E+4	1.9507E+4	1.4457E+4	1.1194E+4	9.0866E+3	7.8075E+3
1.3494E+5	1.2119E+5	1.1499E+5	1.0821E+5	1.0095E+5	9.8825E+4	9.6437E+4	9.4262E+4	9.1837E+4	8.9401E+4	8.6205E+4	8.2531E+4	7.7509E+4	7.1813E+4	6.3734E+4	5.4665E+4	4.5639E+4	3.4931E+4	2.6301E+4	1.9506E+4	1.4450E+4	1.1197E+4	9.0898E+3	7.8091E+3
1.3288E+5	1.2108E+5	1.1489E+5	1.0735E+5	1.0121E+5	9.8691E+4	9.6380E+4	9.3887E+4	9.1781E+4	8.9259E+4	8.6060E+4	8.2395E+4	7.7409E+4	7.1691E+4	6.3655E+4	5.4652E+4	4.5637E+4	3.4933E+4	2.6298E+4	1.9516E+4	1.4461E+4	1.1199E+4	9.0929E+3	7.8095E+3
1.3322E+5	1.2064E+5	1.1482E+5	1.0750E+5	1.0064E+5	9.8805E+4	9.6614E+4	9.3872E+4	9.1610E+4	8.9338E+4	8.6032E+4	8.2341E+4	7.7361E+4	7.1696E+4	6.3638E+4	5.4631E+4	4.5640E+4	3.4922E+4	2.6301E+4	1.9511E+4	1.4463E+4	1.1204E+4	9.0941E+3	7.8099E+3
1.3306E+5	1.2166E+5	1.1504E+5	1.0783E+5	1.0105E+5	9.8700E+4	9.6454E+4	9.4404E+4	9.1897E+4	8.9495E+4	8.6183E+4	8.2488E+4	7.7505E+4	7.1750E+4	6.3698E+4	5.4675E+4	4.5649E+4	3.4932E+4	2.6290E+4	1.9498E+4	1.4448E+4	1.1196E+4	9.0874E+3	7.8073E+3
1.3437E+5	1.2069E+5	1.1483E+5	1.0794E+5	1.0091E+5	9.9000E+4	9.6368E+4	9.4021E+4	9.1789E+4	8.9343E+4	8.6314E+4	8.2558E+4	7.7565E+4	7.1794E+4	6.3741E+4	5.4714E+4	4.5678E+4	3.4936E+4	2.6290E+4	1.9497E+4	1.4451E+4	1.1191E+4	9.0852E+3	7.8048E+3
1.3289E+5	1.2103E+5	1.1466E+5	1.0754E+5	1.0064E+5	9.8199E+4	9.5951E+4	9.3473E+4	9.1480E+4	8.8945E+4	8.5835E+4	8.2226E+4	7.7287E+4	7.1614E+4	6.3634E+4	5.4660E+4	4.5644E+4	3.4949E+4	2.6316E+4	1.9522E+4	1.4468E+4	1.1205E+4	9.0951E+3	7.8098E+3
1.3245E+5	1.1963E+5	1.1414E+5	1.0704E+5	1.0022E+5	9.8089E+4	9.5998E+4	9.3631E+4	9.1425E+4	8.8801E+4	8.5768E+4	8.2011E+4	7.7203E+4	7.1537E+4	6.3540E+4	5.4601E+4	4.5632E+4	3.4955E+4	2.6327E+4	1.9528E+4	1.4475E+4	1.1208E+4	9.0990E+3	7.8112E+3
1.3173E+5	1.2056E+5	1.1377E+5	1.0713E+5	1.0000E+5	9.7920E+4	9.5893E+4	9.3424E+4	9.1185E+4	8.8686E+4	8.5476E+4	8.1923E+4	7.7039E+4	7.1438E+4	6.3509E+4	5.4580E+4	4.5621E+4	3.4952E+4	2.6330E+4	1.9535E+4	1.4478E+4	1.1213E+4	9.1000E+3	7.8148E+3
1.3383E+5	1.2029E+5	1.1380E+5	1.0749E+5	1.0032E+5	9.8124E+4	9.5701E+4	9.3550E+4	9.1265E+4	8.8713E+4	8.5493E+4	8.2000E+4	7.7130E+4	7.1413E+4	6.3497E+4	5.4581E+4	4.5616E+4	3.4944E+4	2.6330E+4	1.9536E+4	1.4477E+4	1.1215E+4	9.1002E+3	7.8155E+3
1.3274E+5	1.1951E+5	1.1361E+5	1.0721E+5	1.0022E+5	9.8380E+4	9.5942E+4	9.3705E+4	9.1503E+4	8.8774E+4	8.5856E+4	8.2120E+4	7.7203E+4	7.1531E+4	6.3578E+4	5.4592E+4	4.5642E+4	3.4959E+4	2.6313E+4	1.9531E+4	1.4472E+4	1.1207E+4	9.0957E+3	7.8122E+3
1.3203E+5	1.2039E+5	1.1421E+5	1.0675E+5	9.9927E+4	9.8117E+4	9.5908E+4	9.3751E+4	9.1261E+4	8.8995E+4	8.5864E+4	8.2086E+4	7.7217E+4	7.1561E+4	6.3586E+4	5.4615E+4	4.5640E+4	3.4960E+4	2.6339E+4	1.9531E+4	1.4469E+4	1.1209E+4	9.0976E+3	7.8115E+3
1.3225E+5	1.1865E+5	1.1349E+5	1.0676E+5	9.9521E+4	9.7776E+4	9.5522E+4	9.3251E+4	9.0874E+4	8.8460E+4	8.5551E+4	8.1750E+4	7.7013E+4	7.1383E+4	6.3483E+4	5.4583E+4	4.5618E+4	3.4966E+4	2.6357E+4	1.9551E+4	1.4495E+4	1.1220E+4	9.1026E+3	7.8162E+3
1.3184E+5	1.1924E+5	1.1374E+5	1.0634E+5	1.0009E+5	9.7845E+4	9.5575E+4	9.3349E+4	9.1127E+4	8.8669E+4	8.5585E+4	8.1861E+4	7.7054E+4	7.1460E+4	6.3482E+4	5.4584E+4	4.5642E+4	3.4979E+4	2.6345E+4	1.9543E+4	1.4483E+4	1.1216E+4	9.1015E+3	7.8153E+3
1.3228E+5	1.1962E+5	1.1319E+5	1.0671E+5	1.0000E+5	9.8082E+4	9.5762E+4	9.3413E+4	9.1218E+4	8.8735E+4	8.5748E+4	8.2099E+4	7.7131E+4	7.1520E+4	6.3575E+4	5.4607E+4	4.5648E+4	3.4964E+4	2.6331E+4	1.9535E+4	1.4476E+4	1.1211E+4	9.1005E+3	7.8143E+3
1.3254E+5	1.2124E+5	1.1411E+5	1.0707E+5	1.0063E+5	9.8264E+4	9.5990E+4	9.3538E+4	9.1467E+4	8.8998E+4	8.5845E+4	8.2176E+4	7.7354E+4	7.1655E+4	6.3666E+4	5.4679E+4	4.5678E+4	3.4971E+4	2.6305E+4	1.9519E+4	1.4464E+4	1.1201E+4	9.0919E+3	7.8101E+3
1.3111E+5	1.2025E+5	1.1351E+5	1.0686E+5	9.9948E+4	9.7806E+4	9.5513E+4	9.3581E+4	9.1169E+4	8.8738E+4	8.5667E+4	8.1971E+4	7.7117E+4	7.1540E+4	6.3541E+4	5.4621E+4	4.5650E+4	3.4956E+4	2.6323E+4	1.9532E+4	1.4476E+4	1.1211E+4	9.0967E+3	7.8124E+3
1.3188E+5	1.1997E+5	1.1381E+5	1.0617E+5	9.9423E+4	9.7593E+4	9.5678E+4	9.3471E+4	9.1229E+4	8.8810E+4	8.5555E+4	8.1963E+4	7.7127E+4	7.1480E+4	6.3511E+4	5.4597E+4	4.5647E+4	3.4977E+4	2.6341E+4	1.9540E+4	1.4483E+4	1.1214E+4	9.1013E+3	7.8142E+3
1.3157E+5	1.2020E+5	1.1470E+5	1.0650E+5	1.0085E+5	9.8420E+4	9.6036E+4	9.3741E+4	9.1537E+4	8.9162E+4	8.5985E+4	8.2318E+4	7.7412E+4	7.1729E+4	6.3692E+4	5.4700E+4	4.5678E+4	3.4958E+4	2.6323E+4	1.9518E+4	1.4457E+4	1.1198E+4	9.0925E+3	7.8083E+3
1.3175E+5	1.1949E+5	1.1390E+5	1.0709E+5	9.9797E+4	9.8188E+4	9.5946E+4	9.3894E+4	9.1604E+4	8.9194E+4	8.5902E+4	8.2329E+4	7.7385E+4	7.1741E+4	6.3705E+4	5.4705E+4	4.5661E+4	3.4964E+4	2.6314E+4	1.9515E+4	1.4462E+4	1.1198E+4	9.0911E+3	7.8089E+3
1.3017E+5	1.1839E+5	1.1292E+5	1.0626E+5	1.0028E+5	9.8106E+4	9.5931E+4	9.3284E+4	9.1358E+4	8.8975E+4	8.5738E+4	8.2086E+4	7.7221E+4	7.1523E+4	6.3587E+4	5.4616E+4	4.5650E+4	3.4955E+4	2.6324E+4	1.9532E+4	1.4473E+4	1.1210E+4	9.0978E+3	7.8121E+3
1.3161E+5	1.2007E+5	1.1394E+5	1.0700E+5	1.0083E+5	9.8487E+4	9.6357E+4	9.3673E+4	9.1762E+4	8.9195E+4	8.6050E+4	8.2483E+4	7.7434E+4	7.1775E+4	6.3728E+4	5.4703E+4	4.5671E+4	3.4953E+4	2.6299E+4	1.9509E+4	1.4454E+4	1.1196E+4	9.0893E+3	7.8064E+3
1.3140E+5	1.2001E+5	1.1363E+5	1.0663E+5	9.9822E+4	9.8181E+4	9.5713E+4	9.3591E+4	9.1471E+4	8.8971E+4	8.6004E+4	8.2137E+4	7.7260E+4	7.1591E+4	6.3575E+4	5.4605E+4	4.5620E+4	3.4946E+4	2.6312E+4	1.9529E+4	1.4472E+4	1.1210E+4	9.0965E+3	7.8112E+3
1.3126E+5	1.2004E+5	1.1367E+5	1.0714E+5	1.0014E+5	9.8230E+4	9.5873E+4	9.3806E+4	9.1626E+4	8.9064E+4	8.5728E+4	8.2129E+4	7.7230E+4	7.1592E+4	6.3614E+4	5.4654E+4	4.5647E+4	3.4953E+4	2.6316E+4	1.9527E+4	1.4465E+4	1.1204E+4	9.0945E+3	7.8109E+3
1.3142E+5	1.2028E+5	1.1428E+5	1.0776E+5	1.0076E+5	9.8669E+4	9.6577E+4	9.4201E+4	9.1884E+4	8.9475E+4	8.6189E+4	8.2431E+4	7.7465E+4	7.1764E+4	6.3663E+4	5.4686E+4	4.5632E+4	3.4922E+4	2.6284E+4	1.9502E+4	1.4451E+4	1.1196E+4	9.0885E+3	7.8060E+3
1.3185E+5	1.2023E+5	1.1432E+5	1.0720E+5	1.0049E+5	9.8373E+4	9.6305E+4	9.3981E+4	9.1609E+4	8.9068E+4	8.5990E+4	8.2258E+4	7.7304E+4	7.1596E+4	6.3600E+4	5.4597E+4	4.5603E+4	3.4900E+4	2.6285E+4	1.9504E+4	1.4459E+4	1.1202E+4	9.0923E+3	7.8107E+3
1.3214E+5	1.1960E+5	1.1350E+5	1.0667E+5	9.9764E+4	9.7897E+4	9.5879E+4	9.3507E+4	9.1182E+4	8.8761E+4	8.5590E+4	8.1833E+4	7.6936E+4	7.1302E+4	6.3360E+4	5.4447E+4	4.5526E+4	3.4906E+4	2.6315E+4	1.9535E+4	1.4489E+4	1.1223E+4	9.1048E+3	7.8178E+3
1.3376E+5	1.2028E+5	1.1397E+5	1.0747E+5	1.0046E+5	9.7974E+4	9.6268E+4	9.3814E+4	9.1509E+4	8.9080E+4	8.5920E+4	8.2172E+4	7.7242E+4	7.1530E+4	6.3490E+4	5.4534E+4	4.5576E+4	3.4889E+4	2.6285E+4	1.9514E+4	1.4466E+4	1.1207E+4	9.0973E+3	7.8128E+3
1.3210E+5	1.2024E+5	1.1487E+5	1.0745E+5	1.0077E+5	9.8486E+4	9.6061E+4	9.4093E+4	9.1673E+4	8.9171E+4	8.6013E+4	8.2180E+4	7.7210E+4	7.1542E+4	6.3517E+4	5.4510E+4	4.5557E+4	3.4892E+4	2.6282E+4	1.9511E+4	1.4466E+4	1.1206E+4	9.0976E+3	7.8110E+3
1.3225E+5	1.2009E+5	1.1434E+5	1.0742E+5	1.0059E+5	9.8412E+4	9.6320E+4	9.3871E+4	9.1572E+4	8.9174E+4	8.5967E+4	8.2122E+4	7.7149E+4	7.1459E+4	6.3442E+4	5.4461E+4	4.5510E+4	3.4875E+4	2.6291E+4	1.9519E+4	1.4471E+4	1.1211E+4	9.0991E+3	7.8134E+3
1.3162E+5	1.2025E+5	1.1430E+5	1.0760E+5	1.0079E+5	9.8607E+4	9.6251E+4	9.3854E+4	9.1557E+4	8.9037E+4	8.5842E+4	8.2127E+4	7.7117E+4	7.1428E+4	6.3366E+4	5.4472E+4	4.5500E+4	3.4872E+4	2.6288E+4	1.9518E+4	1.4471E+4	1.1213E+4	9.1010E+3	7.8140E+3
1.3155E+5	1.1973E+5	1.1328E+5	1.0733E+5	9.9730E+4	9.8291E+4	9.5960E+4	9.3600E+4	9.1422E+4	8.8731E+4	8.5608E+4	8.1773E+4	7.6913E+4	7.1232E+4	6.3284E+4	5.4399E+4	4.5479E+4	3.4882E+4	2.6301E+4	1.9532E+4	1.4490E+4	1.1220E+4	9.1080E+3	7.8173E+3
1.3338E+5	1.1974E+5	1.1392E+5	1.0700E+5	1.0063E+5	9.8364E+4	9.6113E+4	9.3820E+4	9.1547E+4	8.8998E+4	8.5741E+4	8.1996E+4	7.7016E+4	7.1368E+4	6.3347E+4	5.4430E+4	4.5482E+4	3.4866E+4	2.6289E+4	1.9521E+4	1.4480E+4	1.1213E+4	9.1014E+3	7.8143E+3
1.3274E+5	1.2010E+5	1.1442E+5	1.0727E+5	1.0042E+5	9.8431E+4	9.6012E+4	9.3720E+4	9.1276E+4	8.8836E+4	8.5648E+4	8.1963E+4	7.7019E+4	7.1350E+4	6.3363E+4	5.4438E+4	4.5507E+4	3.4888E+4	2.6307E+4	1.9525E+4	1.4486E+4	1.1215E+4	9.1023E+3	7.8160E+3
1.3159E+5	1.2001E+5	1.1438E+5	1.0721E+5	1.0073E+5	9.8433E+4	9.6144E+4	9.3801E+4	9.1640E+4	8.9105E+4	8.5673E+4	8.2033E+4	7.7084E+4	7.1381E+4	6.3361E+4	5.4458E+4	4.5544E+4	3.4896E+4	2.6302E+4	1.9525E+4	1.4477E+4	1.1211E+4	9.1017E+3	7.8131E+3
1.3027E+5	1.2021E+5	1.1431E+5	1.0665E+5	1.0005E+5	9.8265E+4	9.5879E+4	9.3445E+4	9.1113E+4	8.8621E+4	8.5622E+4	8.1819E+4	7.6877E+4	7.1222E+4	6.3290E+4	5.4392E+4	4.5500E+4	3.4910E+4	2.6318E+4	1.9542E+4	1.4487E+4	1.1221E+4	9.1066E+3	7.8175E+3
1.3095E+5	1.1943E+5	1.1416E+5	1.0672E+5	1.0018E+5	9.7925E+4	9.5788E+4	9.3325E+4	9.1008E+4	8.8511E+4	8.5504E+4	8.1664E+4	7.6757E+4	7.1142E+4	6.3229E+4	5.4381E+4	4.5496E+4	3.4899E+4	2.6323E+4	1.9553E+4	1.4499E+4	1.1226E+4	9.1077E+3	7.8193E+3
1.3029E+5	1.1922E+5	1.1315E+5	1.0625E+5	9.9522E+4	9.7304E+4	9.5097E+4	9.2889E+4	9.0314E+4	8.7996E+4	8.4892E+4	8.1095E+4	7.6302E+4	7.0705E+4	6.2948E+4	5.4207E+4	4.5420E+4	3.4897E+4	2.6352E+4	1.9590E+4	1.4528E+4	1.1247E+4	9.1246E+3	7.8267E+3
1.3037E+5	1.1863E+5	1.1294E+5	1.0591E+5	9.9459E+4	9.7193E+4	9.4839E+4	9.2475E+4	9.0073E+4	8.7725E+4	8.4524E+4	8.0959E+4	7.6077E+4	7.0584E+4	6.2829E+4	5.4148E+4	4.5388E+4	3.4914E+4	2.6383E+4	1.9608E+4	1.4544E+4	1.1260E+4	9.1300E+3	7.8319E+3
1.3036E+5	1.1953E+5	1.1285E+5	1.0561E+5	9.8923E+4	9.7467E+4	9.4974E+4	9.2408E+4	9.0232E+4	8.7672E+4	8.4666E+4	8.0974E+4	7.6189E+4	7.0681E+4	6.2903E+4	5.4176E+4	4.5422E+4	3.4930E+4	2.6373E+4	1.9603E+4	1.4539E+4	1.1254E+4	9.1285E+3	7.8308E+3
1.2975E+5	1.1882E+5	1.1276E+5	1.0575E+5	9.9225E+4	9.6910E+4	9.4759E+4	9.2313E+4	9.0126E+4	8.7609E+4	8.4520E+4	8.0904E+4	7.6056E+4	7.0581E+4	6.2841E+4	5.4160E+4	4.5406E+4	3.4923E+4	2.6382E+4	1.9610E+4	1.4550E+4	1.1261E+4	9.1306E+3	7.8322E+3
1.3070E+5	1.1858E+5	1.1259E+5	1.0608E+5	9.9549E+4	9.7436E+4	9.4836E+4	9.2619E+4	9.0279E+4	8.7865E+4	8.4656E+4	8.0904E+4	7.6133E+4	7.0644E+4	6.2908E+4	5.4169E+4	4.5407E+4	3.4919E+4	2.6369E+4	1.9610E+4	1.4542E+4	1.1257E+4	9.1289E+3	7.8298E+3
1.3016E+5	1.1892E+5	1.1294E+5	1.0616E+5	9.9621E+4	9.6980E+4	9.5006E+4	9.2479E+4	9.0444E+4	8.7911E+4	8.4666E+4	8.0953E+4	7.6181E+4	7.0642E+4	6.2907E+4	5.4168E+4	4.5410E+4	3.4919E+4	2.6383E+4	1.9604E+4	1.4537E+4	1.1256E+4	9.1277E+3	7.8301E+3
1.3116E+5	1.1891E+5	1.1279E+5	1.0612E+5	9.9149E+4	9.7213E+4	9.5020E+4	9.2668E+4	9.0227E+4	8.7781E+4	8.4690E+4	8.0940E+4	7.6095E+4	7.0574E+4	6.2842E+4	5.4128E+4	4.5388E+4	3.4914E+4	2.6380E+4	1.9609E+4	1.4546E+4	1.1258E+4	9.1297E+3	7.8307E+3
1.3206E+5	1.2118E+5	1.1263E+5	1.0636E+5	9.9617E+4	9.7302E+4	9.5064E+4	9.2819E+4	9.0491E+4	8.7871E+4	8.4716E+4	8.1099E+4	7.6234E+4	7.0678E+4	6.2924E+4	5.4188E+4	4.5392E+4	3.4912E+4	2.6363E+4	1.9597E+4	1.4535E+4	1.1254E+4	9.1267E+3	7.8310E+3
1.3121E+5	1.1963E+5	1.1294E+5	1.0657E+5	9.9901E+4	9.7535E+4	9.5094E+4	9.2869E+4	9.0560E+4	8.8050E+4	8.4710E+4	8.1036E+4	7.6198E+4	7.0664E+4	6.2882E+4	5.4153E+4	4.5372E+4	3.4891E+4	2.6353E+4	1.9598E+4	1.4536E+4	1.1253E+4	9.1264E+3	7.8288E+3
1.2965E+5	1.1921E+5	1.1331E+5	1.0657E+5	9.9828E+4	9.7477E+4	9.5186E+4	9.2889E+4	9.0497E+4	8.8075E+4	8.4937E+4	8.1140E+4	7.6273E+4	7.0765E+4	6.2899E+4	5.4188E+4	4.5409E+4	3.4892E+4	2.6358E+4	1.9593E+4	1.4532E+4	1.1250E+4	9.1254E+3	7.8291E+3
1.3027E+5	1.1922E+5	1.1335E+5	1.0623E+5	9.9270E+4	9.7253E+4	9.5006E+4	9.2436E+4	9.0303E+4	8.7793E+4	8.4668E+4	8.0891E+4	7.6062E+4	7.0565E+4	6.2819E+4	5.4134E+4	4.5385E+4	3.4894E+4	2.6373E+4	1.9611E+4	1.4546E+4	1.1259E+4	9.1301E+3	7.8308E+3
1.3026E+5	1.1929E+5	1.1302E+5	1.0592E+5	9.9327E+4	9.7069E+4	9.4820E+4	9.2387E+4	9.0169E+4	8.7573E+4	8.4458E+4	8.0784E+4	7.5971E+4	7.0466E+4	6.2762E+4	5.4084E+4	4.5357E+4	3.4909E+4	2.6393E+4	1.9620E+4	1.4556E+4	1.1266E+4	9.1345E+3	7.8339E+3
1.3010E+5	1.1910E+5	1.1289E+5	1.0591E+5	9.9042E+4	9.7075E+4	9.4666E+4	9.2308E+4	9.0028E+4	8.7601E+4	8.4328E+4	8.0714E+4	7.5883E+4	7.0385E+4	6.2678E+4	5.4058E+4	4.5349E+4	3.4900E+4	2.6392E+4	1.9629E+4	1.4562E+4	1.1271E+4	9.1377E+3	7.8360E+3
1.2961E+5	1.1857E+5	1.1306E+5	1.0600E+5	9.9471E+4	9.6902E+4	9.4529E+4	9.2290E+4	8.9847E+4	8.7455E+4	8.4375E+4	8.0688E+4	7.5854E+4	7.0361E+4	6.2687E+4	5.4055E+4	4.5332E+4	3.4902E+4	2.6395E+4	1.9628E+4	1.4561E+4	1.1273E+4	9.1384E+3	7.8363E+3
1.3088E+5	1.1856E+5	1.1222E+5	1.0541E+5	9.8420E+4	9.6514E+4	9.4378E+4	9.2006E+4	8.9558E+4	8.7046E+4	8.4000E+4	8.0285E+4	7.5537E+4	7.0125E+4	6.2452E+4	5.3911E+4	4.5286E+4	3.4890E+4	2.6414E+4	1.9653E+4	1.4585E+4	1.1289E+4	9.1493E+3	7.8431E+3
1.3057E+5	1.1844E+5	1.1205E+5	1.0559E+5	9.9204E+4	9.6789E+4	9.4626E+4	9.1997E+4	9.0010E+4	8.7334E+4	8.4318E+4	8.0558E+4	7.5788E+4	7.0291E+4	6.2636E+4	5.4016E+4	4.5335E+4	3.4892E+4	2.6394E+4	1.9633E+4	1.4565E+4	1.1276E+4	9.1404E+3	7.8390E+3
1.2997E+5	1.1875E+5	1.1249E+5	1.0558E+5	9.8618E+4	9.6892E+4	9.4315E+4	9.2028E+4	8.9860E+4	8.7422E+4	8.4276E+4	8.0534E+4	7.5783E+4	7.0357E+4	6.2666E+4	5.4040E+4	4.5357E+4	3.4920E+4	2.6403E+4	1.9636E+4	1.4567E+4	1.1277E+4	9.1404E+3	7.8372E+3
1.3102E+5	1.1776E+5	1.1157E+5	1.0480E+5	9.8492E+4	9.6289E+4	9.3994E+4	9.1557E+4	8.9358E+4	8.6716E+4	8.3669E+4	8.0152E+4	7.5425E+4	7.0018E+4	6.2441E+4	5.3905E+4	4.5286E+4	3.4930E+4	2.6430E+4	1.9672E+4	1.4596E+4	1.1297E+4	9.1523E+3	7.8455E+3
1.2845E+5	1.1792E+5	1.1137E+5	1.0452E+5	9.7432E+4	9.5931E+4	9.3707E+4	9.1438E+4	8.8999E+4	8.6546E+4	8.3420E+4	7.9937E+4	7.5187E+4	6.9868E+4	6.2334E+4	5.3852E+4	4.5275E+4	3.4926E+4	2.6450E+4	1.9687E+4	1.4607E+4	1.1305E+4	9.1576E+3	7.8490E+3
1.2942E+5	1.1644E+5	1.1149E+5	1.0484E+5	9.8078E+4	9.5816E+4	9.3748E+4	9.1207E+4	8.9044E+4	8.6549E+4	8.3431E+4	7.9891E+4	7.5239E+4	6.9895E+4	6.2333E+4	5.3840E+4	4.5290E+4	3.4930E+4	2.6450E+4	1.9683E+4	1.4607E+4	1.1302E+4	9.1567E+3	7.8474E+3
1.2654E+5	1.1726E+5	1.1164E+5	1.0398E+5	9.7888E+4	9.5625E+4	9.3351E+4	9.1249E+4	8.8849E+4	8.6506E+4	8.3391E+4	7.9898E+4	7.5267E+4	6.9884E+4	6.2357E+4	5.3869E+4	4.5298E+4	3.4932E+4	2.6448E+4	1.9686E+4	1.4608E+4	1.1303E+4	9.1567E+3	7.8482E+3
1.3047E+5	1.1832E+5	1.1130E+5	1.0476E+5	9.8444E+4	9.6017E+4	9.3497E+4	9.1289E+4	8.9181E+4	8.6624E+4	8.3615E+4	8.0009E+4	7.5293E+4	6.9957E+4	6.2401E+4	5.3895E+4	4.5290E+4	3.4933E+4	2.6449E+4	1.9679E+4	1.4602E+4	1.1300E+4	9.1547E+3	7.8465E+3
1.2899E+5	1.1749E+5	1.1146E+5	1.0458E+5	9.8032E+4	9.5738E+4	9.3653E+4	9.1250E+4	8.8915E+4	8.6566E+4	8.3463E+4	7.9935E+4	7.5270E+4	6.9919E+4	6.2442E+4	5.3868E+4	4.5296E+4	3.4941E+4	2.6450E+4	1.9677E+4	1.4603E+4	1.1300E+4	9.1554E+3	7.8470E+3
1.2766E+5	1.1806E+5	1.1174E+5	1.0458E+5	9.7897E+4	9.5835E+4	9.3288E+4	9.1178E+4	8.8967E+4	8.6598E+4	8.3507E+4	7.9947E+4	7.5265E+4	6.9927E+4	6.2401E+4	5.3902E+4	4.5309E+4	3.4939E+4	2.6451E+4	1.9687E+4	1.4606E+4	1.1303E+4	9.1570E+3	7.8478E+3
1.2815E+5	1.1640E+5	1.1096E+5	1.0417E+5	9.7870E+4	9.5413E+4	9.3114E+4	9.0873E+4	8.8593E+4	8.6196E+4	8.3231E+4	7.9697E+4	7.5024E+4	6.9737E+4	6.2271E+4	5.3823E+4	4.5261E+4	3.4951E+4	2.6470E+4	1.9709E+4	1.4623E+4	1.1315E+4	9.1639E+3	7.8529E+3
1.2788E+5	1.1531E+5	1.0969E+5	1.0385E+5	9.7268E+4	9.5013E+4	9.2796E+4	9.0324E+4	8.8258E+4	8.5709E+4	8.2796E+4	7.9296E+4	7.4732E+4	6.9502E+4	6.2089E+4	5.3722E+4	4.5231E+4	3.4945E+4	2.6494E+4	1.9733E+4	1.4646E+4	1.1331E+4	9.1756E+3	7.8588E+3
1.2746E+5	1.1652E+5	1.1100E+5	1.0302E+5	9.7273E+4	9.5166E+4	9.2622E+4	9.0515E+4	8.8338E+4	8.5858E+4	8.2761E+4	7.9362E+4	7.4713E+4	6.9505E+4	6.2095E+4	5.3716E+4	4.5212E+4	3.4938E+4	2.6493E+4	1.9732E+4	1.4639E+4	1.1328E+4	9.1723E+3	7.8581E+3
1.2630E+5	1.1631E+5	1.1010E+5	1.0320E+5	9.6802E+4	9.4705E+4	9.2419E+4	9.0095E+4	8.7899E+4	8.5697E+4	8.2489E+4	7.9033E+4	7.4535E+4	6.9287E+4	6.1917E+4	5.3603E+4	4.5170E+4	3.4921E+4	2.6501E+4	1.9748E+4	1.4657E+4	1.1342E+4	9.1813E+3	7.8624E+3
1.2663E+5	1.1562E+5	1.0958E+5	1.0292E+5	9.6348E+4	9.4605E+4	9.2277E+4	9.0090E+4	8.7811E+4	8.5438E+4	8.2475E+4	7.8957E+4	7.4410E+4	6.9225E+4	6.1883E+4	5.3579E+4	4.5149E+4	3.4939E+4	2.6504E+4	1.9757E+4	1.4663E+4	1.1345E+4	9.1843E+3	7.8642E+3
1.2829E+5	1.1577E+5	1.1035E+5	1.0309E+5	9.6181E+4	9.4546E+4	9.2114E+4	8.9769E+4	8.7706E+4	8.5180E+4	8.2203E+4	7.8729E+4	7.4321E+4	6.9116E+4	6.1802E+4	5.3550E+4	4.5132E+4	3.4936E+4	2.6518E+4	1.9766E+4	1.4674E+4	1.1351E+4	9.1891E+3	7.8675E+3
1.2579E+5	1.1565E+5	1.0998E+5	1.0314E+5	9.6559E+4	9.4406E+4	9.2408E+4	8.9862E+4	8.7805E+4	8.5405E+4	8.2447E+4	7.8927E+4	7.4399E+4	6.9241E+4	6.1882E+4	5.3567E+4	4.5160E+4	3.4946E+4	2.6515E+4	1.9765E+4	1.4665E+4	1.1346E+4	9.1841E+3	7.8641E+3
1.2647E+5	1.1533E+5	1.0988E+5	1.0349E+5	9.6443E+4	9.4371E+4	9.2316E+4	9.0022E+4	8.7682E+4	8.5273E+4	8.2266E+4	7.8781E+4	7.4321E+4	6.9125E+4	6.1838E+4	5.3576E+4	4.5154E+4	3.4940E+4	2.6519E+4	1.9772E+4	1.4672E+4	1.1349E+4	9.1867E+3	7.8652E+3
1.2703E+5	1.1543E+5	1.0993E+5	1.0288E+5	9.6166E+4	9.3999E+4	9.1857E+4	8.9453E+4	8.7338E+4	8.5005E+4	8.1920E+4	7.8563E+4	7.4044E+4	6.8914E+4	6.1671E+4	5.3465E+4	4.5115E+4	3.4941E+4	2.6532E+4	1.9791E+4	1.4695E+4	1.1362E+4	9.1953E+3	7.8696E+3
1.2722E+5	1.1590E+5	1.1000E+5	1.0273E+5	9.6046E+4	9.4300E+4	9.1966E+4	8.9378E+4	8.7280E+4	8.4928E+4	8.1965E+4	7.8486E+4	7.4070E+4	6.8929E+4	6.1660E+4	5.3475E+4	4.5094E+4	3.4943E+4	2.6536E+4	1.9783E+4	1.4692E+4	1.1363E+4	9.1957E+3	7.8701E+3
1.2798E+5	1.1635E+5	1.1004E+5	1.0307E+5	9.6379E+4	9.4233E+4	9.2051E+4	8.9741E+4	8.7454E+4	8.5136E+4	8.2063E+4	7.8629E+4	7.4103E+4	6.9005E+4	6.1695E+4	5.3491E+4	4.5109E+4	3.4928E+4	2.6536E+4	1.9779E+4	1.4687E+4	1.1358E+4	9.1923E+3	7.8683E+3
1.2573E+5	1.1508E+5	1.0873E+5	1.0236E+5	9.5537E+4	9.3628E+4	9.1508E+4	8.9031E+4	8.6858E+4	8.4403E+4	8.1520E+4	7.8133E+4	7.3686E+4	6.8589E+4	6.1442E+4	5.3317E+4	4.5040E+4	3.4938E+4	2.6568E+4	1.9825E+4	1.4718E+4	1.1382E+4	9.2073E+3	7.8776E+3
1.2702E+5	1.1568E+5	1.0891E+5	1.0262E+5	9.5730E+4	9.3466E+4	9.1278E+4	8.9145E+4	8.6921E+4	8.4701E+4	8.1580E+4	7.8211E+4	7.3763E+4	6.8694E+4	6.1499E+4	5.3376E+4	4.5066E+4	3.4939E+4	2.6557E+4	1.9812E+4	1.4709E+4	1.1375E+4	9.2024E+3	7.8745E+3
1.2702E+5	1.1520E+5	1.0944E+5	1.0235E+5	9.5748E+4	9.3521E+4	9.1305E+4	8.9148E+4	8.7024E+4	8.4540E+4	8.1558E+4	7.8196E+4	7.3757E+4	6.8688E+4	6.1516E+4	5.3381E+4	4.5085E+4	3.4960E+4	2.6564E+4	1.9815E+4	1.4717E+4	1.1377E+4	9.2037E+3	7.8758E+3
1.2537E+5	1.1412E+5	1.0875E+5	1.0203E+5	9.5198E+4	9.3357E+4	9.1108E+4	8.8752E+4	8.6623E+4	8.4412E+4	8.1443E+4	7.8100E+4	7.3683E+4	6.8647E+4	6.1496E+4	5.3359E+4	4.5066E+4	3.4965E+4	2.6580E+4	1.9828E+4	1.4718E+4	1.1379E+4	9.2051E+3	7.8763E+3
1.2553E+5	1.1429E+5	1.0891E+5	1.0178E+5	9.5328E+4	9.3169E+4	9.0896E+4	8.8815E+4	8.6535E+4	8.4384E+4	8.1316E+4	7.7959E+4	7.3607E+4	6.8571E+4	6.1453E+4	5.3352E+4	4.5068E+4	3.4955E+4	2.6593E+4	1.9833E+4	1.4725E+4	1.1386E+4	9.2066E+3	7.8779E+3
1.2646E+5	1.1478E+5	1.0815E+5	1.0199E+5	9.5033E+4	9.3320E+4	9.1040E+4	8.8828E+4	8.6784E+4	8.4423E+4	8.1522E+4	7.8048E+4	7.3719E+4	6.8691E+4	6.1555E+4	5.3414E+4	4.5095E+4	3.4987E+4	2.6588E+4	1.9820E+4	1.4715E+4	1.1377E+4	9.2022E+3	7.8749E+3
1.2600E+5	1.1425E+5	1.0837E+5	1.0138E+5	9.4884E+4	9.3139E+4	9.0712E+4	8.8468E+4	8.6559E+4	8.4210E+4	8.1305E+4	7.7978E+4	7.3563E+4	6.8583E+4	6.1495E+4	5.3379E+4	4.5092E+4	3.4981E+4	2.6594E+4	1.9843E+4	1.4728E+4	1.1386E+4	9.2073E+3	7.8779E+3
1.2575E+5	1.1400E+5	1.0843E+5	1.0160E+5	9.5331E+4	9.2982E+4	9.0879E+4	8.8664E+4	8.6572E+4	8.4311E+4	8.1368E+4	7.8079E+4	7.3686E+4	6.8692E+4	6.1533E+4	5.3410E+4	4.5118E+4	3.4989E+4	2.6585E+4	1.9832E+4	1.4719E+4	1.1380E+4	9.2065E+3	7.8771E+3
1.2577E+5	1.1319E+5	1.0810E+5	1.0086E+5	9.4547E+4	9.2361E+4	9.0454E+4	8.8191E+4	8.6030E+4	8.3594E+4	8.0902E+4	7.7660E+4	7.3334E+4	6.8273E+4	6.1279E+4	5.3233E+4	4.5041E+4	3.4986E+4	2.6611E+4	1.9869E+4	1.4750E+4	1.1406E+4	9.2186E+3	7.8848E+3
1.2503E+5	1.1322E+5	1.0817E+5	1.0091E+5	9.4638E+4	9.2470E+4	9.0317E+4	8.8218E+4	8.6091E+4	8.3876E+4	8.0923E+4	7.7570E+4	7.3305E+4	6.8360E+4	6.1266E+4	5.3261E+4	4.5035E+4	3.4980E+4	2.6610E+4	1.9872E+4	1.4751E+4	1.1405E+4	9.2197E+3	7.8847E+3
1.2569E+5	1.1392E+5	1.0806E+5	1.0110E+5	9.4858E+4	9.2764E+4	9.0527E+4	8.8402E+4	8.6232E+4	8.4108E+4	8.1158E+4	7.7855E+4	7.3480E+4	6.8521E+4	6.1439E+4	5.3371E+4	4.5093E+4	3.4998E+4	2.6616E+4	1.9854E+4	1.4736E+4	1.1392E+4	9.2124E+3	7.8799E+3
1.2443E+5	1.1283E+5	1.0834E+5	1.0117E+5	9.4953E+4	9.2703E+4	9.0626E+4	8.8652E+4	8.6370E+4	8.4177E+4	8.1242E+4	7.7939E+4	7.3584E+4	6.8587E+4	6.1490E+4	5.3409E+4	4.5102E+4	3.4993E+4	2.6605E+4	1.9841E+4	1.4728E+4	1.1384E+4	9.2084E+3	7.8781E+3
1.2553E+5	1.1366E+5	1.0817E+5	1.0138E+5	9.4971E+4	9.2915E+4	9.0770E+4	8.8611E+4	8.6499E+4	8.4242E+4	8.1294E+4	7.8010E+4	7.3664E+4	6.8621E+4	6.1534E+4	5.3435E+4	4.5142E+4	3.4990E+4	2.6602E+4	1.9840E+4	1.4723E+4	1.1384E+4	9.2076E+3	7.8778E+3
1.2523E+5	1.1421E+5	1.0793E+5	1.0131E+5	9.4945E+4	9.3140E+4	9.0961E+4	8.8648E+4	8.6570E+4	8.4385E+4	8.1455E+4	7.8099E+4	7.3760E+4	6.8721E+4	6.1612E+4	5.3478E+4	4.5143E+4	3.5005E+4	2.6595E+4	1.9829E+4	1.4717E+4	1.1379E+4	9.2028E+3	7.8745E+3
1.2409E+5	1.1352E+5	1.0749E+5	1.0144E+5	9.4984E+4	9.2878E+4	9.0742E+4	8.8693E+4	8.6390E+4	8.4256E+4	8.1230E+4	7.7985E+4	7.3650E+4	6.8662E+4	6.1514E+4	5.3422E+4	4.5106E+4	3.4996E+4	2.6594E+4	1.9836E+4	1.4724E+4	1.1385E+4	9.2086E+3	7.8784E+3
1.2414E+5	1.1431E+5	1.0792E+5	1.0150E+5	9.5159E+4	9.2919E+4	9.0780E+4	8.8539E+4	8.6433E+4	8.4188E+4	8.1363E+4	7.8045E+4	7.3648E+4	6.8679E+4	6.1544E+4	5.3406E+4	4.5098E+4	3.4985E+4	2.6584E+4	1.9839E+4	1.4726E+4	1.1386E+4	9.2089E+3	7.8776E+3
1.2373E+5	1.1268E+5	1.0784E+5	1.0111E+5	9.4369E+4	9.2749E+4	9.0559E+4	8.8464E+4	8.6293E+4	8.3970E+4	8.1169E+4	7.7873E+4	7.3540E+4	6.8560E+4	6.1426E+4	5.3357E+4	4.5105E+4	3.4983E+4	2.6586E+4	1.9847E+4	1.4734E+4	1.1393E+4	9.2127E+3	7.8807E+3
1.2496E+5	1.1406E+5	1.0851E+5	1.0181E+5	9.5691E+4	9.3262E+4	9.1183E+4	8.8910E+4	8.6804E+4	8.4543E+4	8.1583E+4	7.8214E+4	7.3866E+4	6.8788E+4	6.1638E+4	5.3463E+4	4.5108E+4	3.4971E+4	2.6574E+4	1.9816E+4	1.4711E+4	1.1374E+4	9.1999E+3	7.8736E+3
1.2454E+5	1.1360E+5	1.0788E+5	1.0151E+5	9.4974E+4	9.2977E+4	9.0792E+4	8.8715E+4	8.6665E+4	8.4427E+4	8.1586E+4	7.8181E+4	7.3811E+4	6.8743E+4	6.1572E+4	5.3438E+4	4.5095E+4	3.4977E+4	2.6574E+4	1.9824E+4	1.4720E+4	1.1379E+4	9.2053E+3	7.8771E+3
1.2323E+5	1.1450E+5	1.0767E+5	1.0099E+5	9.5202E+4	9.2735E+4	9.0620E+4	8.8462E+4	8.6429E+4	8.4191E+4	8.1337E+4	7.7961E+4	7.3579E+4	6.8633E+4	6.1498E+4	5.3388E+4	4.5100E+4	3.4970E+4	2.6602E+4	1.9838E+4	1.4732E+4	1.1386E+4	9.2086E+3	7.8790E+3
1.2391E+5	1.1346E+5	1.0793E+5	1.0108E+5	9.4833E+4	9.2817E+4	9.0614E+4	8.8486E+4	8.6327E+4	8.4077E+4	8.1293E+4	7.7957E+4	7.3596E+4	6.8618E+4	6.1489E+4	5.3383E+4	4.5089E+4	3.4991E+4	2.6596E+4	1.9846E+4	1.4728E+4	1.1386E+4	9.2106E+3	7.8787E+3
1.2451E+5	1.1312E+5	1.0775E+5	1.0114E+5	9.4864E+4	9.2707E+4	9.0620E+4	8.8354E+4	8.6318E+4	8.4053E+4	8.1159E+4	7.7909E+4	7.3617E+4	6.8599E+4	6.1522E+4	5.3389E+4	4.5107E+4	3.4998E+4	2.6607E+4	1.9846E+4	1.4732E+4	1.1386E+4	9.2112E+3	7.8782E+3
1.2433E+5	1.1373E+5	1.0820E+5	1.0130E+5	9.5139E+4	9.2910E+4	9.0703E+4	8.8802E+4	8.6605E+4	8.4354E+4	8.1364E+4	7.8164E+4	7.3785E+4	6.8754E+4	6.1597E+4	5.3448E+4	4.5146E+4	3.4985E+4	2.6581E+4	1.9831E+4	1.4716E+4	1.1378E+4	9.2038E+3	7.8770E+3
1.2434E+5	1.1346E+5	1.0741E+5	1.0090E+5	9.4850E+4	9.2691E+4	9.0590E+4	8.8414E+4	8.6358E+4	8.4095E+4	8.1202E+4	7.8009E+4	7.3697E+4	6.8684E+4	6.1506E+4	5.3410E+4	4.5107E+4	3.4989E+4	2.6589E+4	1.9834E+4	1.4723E+4	1.1383E+4	9.2067E+3	7.8787E+3
1.2487E+5	1.1353E+5	1.0772E+5	1.0080E+5	9.4625E+4	9.3013E+4	9.0714E+4	8.8404E+4	8.6466E+4	8.4272E+4	8.1350E+4	7.8049E+4	7.3686E+4	6.8671E+4	6.1563E+4	5.3421E+4	4.5121E+4	3.4973E+4	2.6589E+4	1.9826E+4	1.4717E+4	1.1380E+4	9.2062E+3	7.8762E+3
1.2393E+5	1.1346E+5	1.0746E+5	1.0123E+5	9.4637E+4	9.2585E+4	9.0654E+4	8.8299E+4	8.6243E+4	8.4011E+4	8.1168E+4	7.7861E+4	7.3542E+4	6.8589E+4	6.1453E+4	5.3370E+4	4.5067E+4	3.4966E+4	2.6588E+4	1.9840E+4	1.4732E+4	1.1387E+4	9.2117E+3	7.8796E+3
1.2440E+5	1.1309E+5	1.0745E+5	1.0121E+5	9.4261E+4	9.2606E+4	9.0178E+4	8.7917E+4	8.5951E+4	8.3718E+4	8.0902E+4	7.7547E+4	7.3291E+4	6.8304E+4	6.1273E+4	5.3247E+4	4.5020E+4	3.4976E+4	2.6612E+4	1.9870E+4	1.4749E+4	1.1403E+4	9.2199E+3	7.8860E+3
1.2375E+5	1.1286E+5	1.0689E+5	1.0043E+5	9.4199E+4	9.2338E+4	9.0130E+4	8.7902E+4	8.6025E+4	8.3601E+4	8.0744E+4	7.7487E+4	7.3151E+4	6.8196E+4	6.1170E+4	5.3179E+4	4.4975E+4	3.4950E+4	2.6608E+4	1.9873E+4	1.4757E+4	1.1409E+4	9.2240E+3	7.8880E+3
1.2308E+5	1.1237E+5	1.0697E+5	9.9931E+4	9.3854E+4	9.2045E+4	8.9827E+4	8.7642E+4	8.5690E+4	8.3314E+4	8.0542E+4	7.7174E+4	7.2857E+4	6.7970E+4	6.0975E+4	5.3028E+4	4.4919E+4	3.4934E+4	2.6621E+4	1.9900E+4	1.4778E+4	1.1428E+4	9.2341E+3	7.8947E+3
